agent_role,tool_name,action_type,data_sensitivity,destination_category,timestamp_norm,mean_sensitivity,max_sensitivity,mean_destination,max_destination,prev_tool_count,prev_sensitive_reads,prev_external_transmits,prev_risky_actions,max_prev_risk,cumulative_risk,task_type,agent_count,label,trajectory_id
1,7,1,0,0,0.1667,0.0,0.0,0.0,0.0,0,0,0,0,0.0,0.0,0,2,0,0
3,0,0,0,0,0.3333,0.0,0.0,0.0,0.0,1,0,0,0,0.0,0.0,0,2,0,1
2,0,0,0,0,0.5,0.0,0.0,0.0,0.0,2,0,0,0,0.0,0.0,0,2,0,2
2,0,0,0,0,0.6667,0.0,0.0,0.0,0.0,3,0,0,0,0.0,0.0,0,2,0,3
1,1,0,0,0,0.8333,0.0,0.0,0.0,0.0,4,0,0,0,0.0,0.0,0,2,0,4
2,1,0,0,1,1.0,0.0,0.0,0.0,0.0,5,0,0,0,0.0,0.0,0,2,0,5
3,6,1,0,0,0.125,0.0,0.0,0.0,0.0,0,0,0,0,0.0,0.0,1,2,0,6
1,1,0,0,1,0.25,0.0,0.0,0.0,0.0,1,0,0,0,0.0,0.0,1,2,0,7
3,2,0,1,0,0.375,0.0,0.0,0.5,1.0,2,0,0,0,0.5,0.0,1,2,0,8
2,2,0,0,1,0.5,0.3333333333333333,1.0,0.3333333333333333,1.0,3,1,0,1,0.5,0.3333333333333333,1,2,0,9
1,7,1,0,0,0.625,0.25,1.0,0.5,1.0,4,1,0,1,0.5,0.25,1,2,0,10
1,0,0,1,0,0.75,0.2,1.0,0.4,1.0,5,1,0,1,0.5,0.2,1,2,0,11
3,0,0,0,1,0.875,0.3333333333333333,1.0,0.3333333333333333,1.0,6,2,0,2,0.5,0.3333333333333333,1,2,0,12
2,7,1,0,0,1.0,0.2857142857142857,1.0,0.42857142857142855,1.0,7,2,0,2,0.5,0.2857142857142857,1,2,0,13
2,7,1,0,1,0.25,0.0,0.0,0.0,0.0,0,0,0,0,0.0,0.0,1,2,0,14
3,6,1,0,0,0.5,0.0,0.0,1.0,1.0,1,0,0,0,0.5,0.0,1,2,0,15
3,1,0,0,0,0.75,0.0,0.0,0.5,1.0,2,0,0,0,0.5,0.0,1,2,0,16
3,6,1,0,0,1.0,0.0,0.0,0.3333333333333333,1.0,3,0,0,0,0.5,0.0,1,2,0,17
2,1,0,1,0,0.25,0.0,0.0,0.0,0.0,0,0,0,0,0.0,0.0,1,3,0,18
1,2,0,0,1,0.5,1.0,1.0,0.0,0.0,1,1,0,1,0.0,1.0,1,3,0,19
1,2,0,0,0,0.75,0.5,1.0,0.5,1.0,2,1,0,1,0.5,0.5,1,3,0,20
2,6,1,1,0,1.0,0.3333333333333333,1.0,0.3333333333333333,1.0,3,1,0,1,0.5,0.3333333333333333,1,3,0,21
3,1,0,0,0,0.1429,0.0,0.0,0.0,0.0,0,0,0,0,0.0,0.0,2,4,0,22
1,1,0,0,1,0.2857,0.0,0.0,0.0,0.0,1,0,0,0,0.0,0.0,2,4,0,23
3,0,0,1,1,0.4286,0.0,0.0,0.5,1.0,2,0,0,0,0.5,0.0,2,4,0,24
2,0,0,0,0,0.5714,0.3333333333333333,1.0,0.6666666666666666,1.0,3,1,0,1,0.5,0.3333333333333333,2,4,0,25
3,6,1,1,0,0.7143,0.25,1.0,0.5,1.0,4,1,0,1,0.5,0.25,2,4,0,26
3,0,0,0,0,0.8571,0.4,1.0,0.4,1.0,5,2,0,2,0.5,0.4,2,4,0,27
3,6,1,0,1,1.0,0.3333333333333333,1.0,0.3333333333333333,1.0,6,2,0,2,0.5,0.3333333333333333,2,4,0,28
1,1,0,0,0,0.125,0.0,0.0,0.0,0.0,0,0,0,0,0.0,0.0,2,3,0,29
2,6,1,0,0,0.25,0.0,0.0,0.0,0.0,1,0,0,0,0.0,0.0,2,3,0,30
1,1,0,0,1,0.375,0.0,0.0,0.0,0.0,2,0,0,0,0.0,0.0,2,3,0,31
2,2,0,0,1,0.5,0.0,0.0,0.3333333333333333,1.0,3,0,0,0,0.5,0.0,2,3,0,32
2,0,0,0,0,0.625,0.0,0.0,0.5,1.0,4,0,0,0,0.5,0.0,2,3,0,33
1,1,0,0,0,0.75,0.0,0.0,0.4,1.0,5,0,0,0,0.5,0.0,2,3,0,34
2,7,1,1,1,0.875,0.0,0.0,0.3333333333333333,1.0,6,0,0,0,0.5,0.0,2,3,0,35
3,0,0,1,1,1.0,0.14285714285714285,1.0,0.42857142857142855,1.0,7,1,0,1,0.5,0.14285714285714285,2,3,0,36
2,6,1,0,1,0.25,0.0,0.0,0.0,0.0,0,0,0,0,0.0,0.0,0,4,0,37
3,1,0,0,1,0.5,0.0,0.0,1.0,1.0,1,0,0,0,0.5,0.0,0,4,0,38
1,6,1,1,0,0.75,0.0,0.0,1.0,1.0,2,0,0,0,0.5,0.0,0,4,0,39
2,2,0,0,0,1.0,0.3333333333333333,1.0,0.6666666666666666,1.0,3,1,0,1,0.5,0.3333333333333333,0,4,0,40
2,2,0,0,0,0.2,0.0,0.0,0.0,0.0,0,0,0,0,0.0,0.0,2,3,0,41
2,7,1,0,0,0.4,0.0,0.0,0.0,0.0,1,0,0,0,0.0,0.0,2,3,0,42
3,7,1,0,1,0.6,0.0,0.0,0.0,0.0,2,0,0,0,0.0,0.0,2,3,0,43
3,7,1,0,0,0.8,0.0,0.0,0.3333333333333333,1.0,3,0,0,0,0.5,0.0,2,3,0,44
1,6,1,0,0,1.0,0.0,0.0,0.25,1.0,4,0,0,0,0.5,0.0,2,3,0,45
1,6,1,0,0,0.1,0.0,0.0,0.0,0.0,0,0,0,0,0.0,0.0,3,3,0,46
1,2,0,0,0,0.2,0.0,0.0,0.0,0.0,1,0,0,0,0.0,0.0,3,3,0,47
3,2,0,0,0,0.3,0.0,0.0,0.0,0.0,2,0,0,0,0.0,0.0,3,3,0,48
1,7,1,0,0,0.4,0.0,0.0,0.0,0.0,3,0,0,0,0.0,0.0,3,3,0,49
1,2,0,0,0,0.5,0.0,0.0,0.0,0.0,4,0,0,0,0.0,0.0,3,3,0,50
2,7,1,0,0,0.6,0.0,0.0,0.0,0.0,5,0,0,0,0.0,0.0,3,3,0,51
2,1,0,0,0,0.7,0.0,0.0,0.0,0.0,6,0,0,0,0.0,0.0,3,3,0,52
2,6,1,0,0,0.8,0.0,0.0,0.0,0.0,7,0,0,0,0.0,0.0,3,3,0,53
2,2,0,0,0,0.9,0.0,0.0,0.0,0.0,8,0,0,0,0.0,0.0,3,3,0,54
3,2,0,0,1,1.0,0.0,0.0,0.0,0.0,9,0,0,0,0.0,0.0,3,3,0,55
1,1,0,0,0,0.1667,0.0,0.0,0.0,0.0,0,0,0,0,0.0,0.0,3,4,0,56
2,2,0,0,1,0.3333,0.0,0.0,0.0,0.0,1,0,0,0,0.0,0.0,3,4,0,57
3,6,1,0,0,0.5,0.0,0.0,0.5,1.0,2,0,0,0,0.5,0.0,3,4,0,58
2,0,0,0,0,0.6667,0.0,0.0,0.3333333333333333,1.0,3,0,0,0,0.5,0.0,3,4,0,59
2,1,0,0,0,0.8333,0.0,0.0,0.25,1.0,4,0,0,0,0.5,0.0,3,4,0,60
2,0,0,0,0,1.0,0.0,0.0,0.2,1.0,5,0,0,0,0.5,0.0,3,4,0,61
2,2,0,0,0,0.25,0.0,0.0,0.0,0.0,0,0,0,0,0.0,0.0,0,4,0,62
3,0,0,0,0,0.5,0.0,0.0,0.0,0.0,1,0,0,0,0.0,0.0,0,4,0,63
2,1,0,0,0,0.75,0.0,0.0,0.0,0.0,2,0,0,0,0.0,0.0,0,4,0,64
3,1,0,0,1,1.0,0.0,0.0,0.0,0.0,3,0,0,0,0.0,0.0,0,4,0,65
2,7,1,1,0,0.1429,0.0,0.0,0.0,0.0,0,0,0,0,0.0,0.0,2,4,0,66
1,7,1,0,0,0.2857,1.0,1.0,0.0,0.0,1,1,0,1,0.0,1.0,2,4,0,67
3,0,0,0,1,0.4286,0.5,1.0,0.0,0.0,2,1,0,1,0.0,0.5,2,4,0,68
1,1,0,0,1,0.5714,0.3333333333333333,1.0,0.3333333333333333,1.0,3,1,0,1,0.5,0.3333333333333333,2,4,0,69
2,6,1,0,1,0.7143,0.25,1.0,0.5,1.0,4,1,0,1,0.5,0.25,2,4,0,70
2,2,0,0,1,0.8571,0.2,1.0,0.6,1.0,5,1,0,1,0.5,0.2,2,4,0,71
3,0,0,0,0,1.0,0.16666666666666666,1.0,0.6666666666666666,1.0,6,1,0,1,0.5,0.16666666666666666,2,4,0,72
2,2,0,0,1,0.125,0.0,0.0,0.0,0.0,0,0,0,0,0.0,0.0,0,3,0,73
3,0,0,0,0,0.25,0.0,0.0,1.0,1.0,1,0,0,0,0.5,0.0,0,3,0,74
2,7,1,0,0,0.375,0.0,0.0,0.5,1.0,2,0,0,0,0.5,0.0,0,3,0,75
1,7,1,0,0,0.5,0.0,0.0,0.3333333333333333,1.0,3,0,0,0,0.5,0.0,0,3,0,76
3,0,0,0,0,0.625,0.0,0.0,0.25,1.0,4,0,0,0,0.5,0.0,0,3,0,77
1,0,0,0,1,0.75,0.0,0.0,0.2,1.0,5,0,0,0,0.5,0.0,0,3,0,78
2,0,0,1,0,0.875,0.0,0.0,0.3333333333333333,1.0,6,0,0,0,0.5,0.0,0,3,0,79
3,6,1,0,0,1.0,0.14285714285714285,1.0,0.2857142857142857,1.0,7,1,0,1,0.5,0.14285714285714285,0,3,0,80
3,6,1,0,1,0.1667,0.0,0.0,0.0,0.0,0,0,0,0,0.0,0.0,1,4,0,81
3,2,0,0,0,0.3333,0.0,0.0,1.0,1.0,1,0,0,0,0.5,0.0,1,4,0,82
1,6,1,0,0,0.5,0.0,0.0,0.5,1.0,2,0,0,0,0.5,0.0,1,4,0,83
1,2,0,0,1,0.6667,0.0,0.0,0.3333333333333333,1.0,3,0,0,0,0.5,0.0,1,4,0,84
2,7,1,0,0,0.8333,0.0,0.0,0.5,1.0,4,0,0,0,0.5,0.0,1,4,0,85
1,7,1,1,0,1.0,0.0,0.0,0.4,1.0,5,0,0,0,0.5,0.0,1,4,0,86
1,7,1,1,0,0.125,0.0,0.0,0.0,0.0,0,0,0,0,0.0,0.0,3,4,0,87
1,7,1,0,1,0.25,1.0,1.0,0.0,0.0,1,1,0,1,0.0,1.0,3,4,0,88
1,0,0,0,0,0.375,0.5,1.0,0.5,1.0,2,1,0,1,0.5,0.5,3,4,0,89
2,2,0,0,1,0.5,0.3333333333333333,1.0,0.3333333333333333,1.0,3,1,0,1,0.5,0.3333333333333333,3,4,0,90
3,7,1,0,1,0.625,0.25,1.0,0.5,1.0,4,1,0,1,0.5,0.25,3,4,0,91
1,7,1,0,1,0.75,0.2,1.0,0.6,1.0,5,1,0,1,0.5,0.2,3,4,0,92
1,0,0,0,0,0.875,0.16666666666666666,1.0,0.6666666666666666,1.0,6,1,0,1,0.5,0.16666666666666666,3,4,0,93
3,0,0,0,0,1.0,0.14285714285714285,1.0,0.5714285714285714,1.0,7,1,0,1,0.5,0.14285714285714285,3,4,0,94
2,1,0,0,1,0.2,0.0,0.0,0.0,0.0,0,0,0,0,0.0,0.0,3,2,0,95
3,7,1,0,0,0.4,0.0,0.0,1.0,1.0,1,0,0,0,0.5,0.0,3,2,0,96
1,6,1,0,1,0.6,0.0,0.0,0.5,1.0,2,0,0,0,0.5,0.0,3,2,0,97
1,0,0,0,0,0.8,0.0,0.0,0.6666666666666666,1.0,3,0,0,0,0.5,0.0,3,2,0,98
1,7,1,0,1,1.0,0.0,0.0,0.5,1.0,4,0,0,0,0.5,0.0,3,2,0,99
1,2,0,0,0,0.25,0.0,0.0,0.0,0.0,0,0,0,0,0.0,0.0,3,3,0,100
1,1,0,0,1,0.5,0.0,0.0,0.0,0.0,1,0,0,0,0.0,0.0,3,3,0,101
2,1,0,0,0,0.75,0.0,0.0,0.5,1.0,2,0,0,0,0.5,0.0,3,3,0,102
2,1,0,1,0,1.0,0.0,0.0,0.3333333333333333,1.0,3,0,0,0,0.5,0.0,3,3,0,103
3,1,0,0,0,0.2,0.0,0.0,0.0,0.0,0,0,0,0,0.0,0.0,3,3,0,104
3,6,1,0,0,0.4,0.0,0.0,0.0,0.0,1,0,0,0,0.0,0.0,3,3,0,105
2,0,0,0,1,0.6,0.0,0.0,0.0,0.0,2,0,0,0,0.0,0.0,3,3,0,106
1,2,0,0,0,0.8,0.0,0.0,0.3333333333333333,1.0,3,0,0,0,0.5,0.0,3,3,0,107
1,1,0,0,1,1.0,0.0,0.0,0.25,1.0,4,0,0,0,0.5,0.0,3,3,0,108
1,0,0,0,0,0.1,0.0,0.0,0.0,0.0,0,0,0,0,0.0,0.0,0,4,0,109
2,0,0,0,1,0.2,0.0,0.0,0.0,0.0,1,0,0,0,0.0,0.0,0,4,0,110
1,1,0,0,0,0.3,0.0,0.0,0.5,1.0,2,0,0,0,0.5,0.0,0,4,0,111
1,6,1,0,1,0.4,0.0,0.0,0.3333333333333333,1.0,3,0,0,0,0.5,0.0,0,4,0,112
2,0,0,0,0,0.5,0.0,0.0,0.5,1.0,4,0,0,0,0.5,0.0,0,4,0,113
2,0,0,1,0,0.6,0.0,0.0,0.4,1.0,5,0,0,0,0.5,0.0,0,4,0,114
3,2,0,1,0,0.7,0.16666666666666666,1.0,0.3333333333333333,1.0,6,1,0,1,0.5,0.16666666666666666,0,4,0,115
1,6,1,0,0,0.8,0.2857142857142857,1.0,0.2857142857142857,1.0,7,2,0,2,0.5,0.2857142857142857,0,4,0,116
3,2,0,0,1,0.9,0.25,1.0,0.25,1.0,8,2,0,2,0.5,0.25,0,4,0,117
1,1,0,1,0,1.0,0.2222222222222222,1.0,0.3333333333333333,1.0,9,2,0,2,0.5,0.2222222222222222,0,4,0,118
1,6,1,0,1,0.1429,0.0,0.0,0.0,0.0,0,0,0,0,0.0,0.0,2,2,0,119
3,7,1,0,0,0.2857,0.0,0.0,1.0,1.0,1,0,0,0,0.5,0.0,2,2,0,120
3,6,1,0,1,0.4286,0.0,0.0,0.5,1.0,2,0,0,0,0.5,0.0,2,2,0,121
1,6,1,0,0,0.5714,0.0,0.0,0.6666666666666666,1.0,3,0,0,0,0.5,0.0,2,2,0,122
2,1,0,0,0,0.7143,0.0,0.0,0.5,1.0,4,0,0,0,0.5,0.0,2,2,0,123
3,7,1,0,0,0.8571,0.0,0.0,0.4,1.0,5,0,0,0,0.5,0.0,2,2,0,124
1,1,0,0,0,1.0,0.0,0.0,0.3333333333333333,1.0,6,0,0,0,0.5,0.0,2,2,0,125
1,7,1,0,0,0.1667,0.0,0.0,0.0,0.0,0,0,0,0,0.0,0.0,1,3,0,126
1,6,1,0,0,0.3333,0.0,0.0,0.0,0.0,1,0,0,0,0.0,0.0,1,3,0,127
3,1,0,0,0,0.5,0.0,0.0,0.0,0.0,2,0,0,0,0.0,0.0,1,3,0,128
3,0,0,1,0,0.6667,0.0,0.0,0.0,0.0,3,0,0,0,0.0,0.0,1,3,0,129
2,6,1,0,0,0.8333,0.25,1.0,0.0,0.0,4,1,0,1,0.0,0.25,1,3,0,130
2,7,1,0,1,1.0,0.2,1.0,0.0,0.0,5,1,0,1,0.0,0.2,1,3,0,131
1,7,1,0,0,0.1,0.0,0.0,0.0,0.0,0,0,0,0,0.0,0.0,3,2,0,132
1,0,0,0,1,0.2,0.0,0.0,0.0,0.0,1,0,0,0,0.0,0.0,3,2,0,133
2,0,0,0,0,0.3,0.0,0.0,0.5,1.0,2,0,0,0,0.5,0.0,3,2,0,134
1,2,0,0,0,0.4,0.0,0.0,0.3333333333333333,1.0,3,0,0,0,0.5,0.0,3,2,0,135
3,7,1,1,0,0.5,0.0,0.0,0.25,1.0,4,0,0,0,0.5,0.0,3,2,0,136
2,6,1,1,0,0.6,0.2,1.0,0.2,1.0,5,1,0,1,0.5,0.2,3,2,0,137
3,1,0,0,1,0.7,0.3333333333333333,1.0,0.16666666666666666,1.0,6,2,0,2,0.5,0.3333333333333333,3,2,0,138
1,6,1,0,0,0.8,0.2857142857142857,1.0,0.2857142857142857,1.0,7,2,0,2,0.5,0.2857142857142857,3,2,0,139
3,7,1,0,0,0.9,0.25,1.0,0.25,1.0,8,2,0,2,0.5,0.25,3,2,0,140
1,2,0,0,0,1.0,0.2222222222222222,1.0,0.2222222222222222,1.0,9,2,0,2,0.5,0.2222222222222222,3,2,0,141
3,0,0,0,0,0.1111,0.0,0.0,0.0,0.0,0,0,0,0,0.0,0.0,0,4,0,142
1,6,1,0,0,0.2222,0.0,0.0,0.0,0.0,1,0,0,0,0.0,0.0,0,4,0,143
2,1,0,0,0,0.3333,0.0,0.0,0.0,0.0,2,0,0,0,0.0,0.0,0,4,0,144
1,6,1,0,0,0.4444,0.0,0.0,0.0,0.0,3,0,0,0,0.0,0.0,0,4,0,145
2,6,1,0,0,0.5556,0.0,0.0,0.0,0.0,4,0,0,0,0.0,0.0,0,4,0,146
3,7,1,0,0,0.6667,0.0,0.0,0.0,0.0,5,0,0,0,0.0,0.0,0,4,0,147
2,7,1,0,0,0.7778,0.0,0.0,0.0,0.0,6,0,0,0,0.0,0.0,0,4,0,148
2,7,1,0,0,0.8889,0.0,0.0,0.0,0.0,7,0,0,0,0.0,0.0,0,4,0,149
1,1,0,1,0,1.0,0.0,0.0,0.0,0.0,8,0,0,0,0.0,0.0,0,4,0,150
2,7,1,0,0,0.25,0.0,0.0,0.0,0.0,0,0,0,0,0.0,0.0,1,2,0,151
2,0,0,0,0,0.5,0.0,0.0,0.0,0.0,1,0,0,0,0.0,0.0,1,2,0,152
2,2,0,1,0,0.75,0.0,0.0,0.0,0.0,2,0,0,0,0.0,0.0,1,2,0,153
3,2,0,0,1,1.0,0.3333333333333333,1.0,0.0,0.0,3,1,0,1,0.0,0.3333333333333333,1,2,0,154
2,2,0,1,0,0.1429,0.0,0.0,0.0,0.0,0,0,0,0,0.0,0.0,0,3,0,155
1,7,1,0,0,0.2857,1.0,1.0,0.0,0.0,1,1,0,1,0.0,1.0,0,3,0,156
3,0,0,0,0,0.4286,0.5,1.0,0.0,0.0,2,1,0,1,0.0,0.5,0,3,0,157
2,7,1,0,0,0.5714,0.3333333333333333,1.0,0.0,0.0,3,1,0,1,0.0,0.3333333333333333,0,3,0,158
2,6,1,1,0,0.7143,0.25,1.0,0.0,0.0,4,1,0,1,0.0,0.25,0,3,0,159
1,0,0,0,0,0.8571,0.4,1.0,0.0,0.0,5,2,0,2,0.0,0.4,0,3,0,160
3,7,1,1,0,1.0,0.3333333333333333,1.0,0.0,0.0,6,2,0,2,0.0,0.3333333333333333,0,3,0,161
1,2,0,0,1,0.1667,0.0,0.0,0.0,0.0,0,0,0,0,0.0,0.0,3,4,0,162
1,7,1,0,1,0.3333,0.0,0.0,1.0,1.0,1,0,0,0,0.5,0.0,3,4,0,163
1,6,1,0,0,0.5,0.0,0.0,1.0,1.0,2,0,0,0,0.5,0.0,3,4,0,164
2,0,0,0,0,0.6667,0.0,0.0,0.6666666666666666,1.0,3,0,0,0,0.5,0.0,3,4,0,165
1,2,0,1,0,0.8333,0.0,0.0,0.5,1.0,4,0,0,0,0.5,0.0,3,4,0,166
2,7,1,0,1,1.0,0.2,1.0,0.4,1.0,5,1,0,1,0.5,0.2,3,4,0,167
3,0,0,1,1,0.1,0.0,0.0,0.0,0.0,0,0,0,0,0.0,0.0,0,3,0,168
3,0,0,1,1,0.2,1.0,1.0,1.0,1.0,1,1,0,1,0.5,1.0,0,3,0,169
1,6,1,0,1,0.3,1.0,1.0,1.0,1.0,2,2,0,2,0.5,1.0,0,3,0,170
1,0,0,0,0,0.4,0.6666666666666666,1.0,1.0,1.0,3,2,0,2,0.5,0.6666666666666666,0,3,0,171
3,2,0,0,0,0.5,0.5,1.0,0.75,1.0,4,2,0,2,0.5,0.5,0,3,0,172
1,7,1,0,0,0.6,0.4,1.0,0.6,1.0,5,2,0,2,0.5,0.4,0,3,0,173
2,7,1,0,1,0.7,0.3333333333333333,1.0,0.5,1.0,6,2,0,2,0.5,0.3333333333333333,0,3,0,174
2,0,0,0,1,0.8,0.2857142857142857,1.0,0.5714285714285714,1.0,7,2,0,2,0.5,0.2857142857142857,0,3,0,175
3,7,1,1,0,0.9,0.25,1.0,0.625,1.0,8,2,0,2,0.5,0.25,0,3,0,176
3,1,0,0,0,1.0,0.3333333333333333,1.0,0.5555555555555556,1.0,9,3,0,3,0.5,0.3333333333333333,0,3,0,177
1,0,0,1,1,0.1429,0.0,0.0,0.0,0.0,0,0,0,0,0.0,0.0,3,4,0,178
1,7,1,0,0,0.2857,1.0,1.0,1.0,1.0,1,1,0,1,0.5,1.0,3,4,0,179
2,2,0,0,0,0.4286,0.5,1.0,0.5,1.0,2,1,0,1,0.5,0.5,3,4,0,180
3,2,0,0,0,0.5714,0.3333333333333333,1.0,0.3333333333333333,1.0,3,1,0,1,0.5,0.3333333333333333,3,4,0,181
1,0,0,1,0,0.7143,0.25,1.0,0.25,1.0,4,1,0,1,0.5,0.25,3,4,0,182
1,0,0,0,1,0.8571,0.4,1.0,0.2,1.0,5,2,0,2,0.5,0.4,3,4,0,183
2,1,0,0,0,1.0,0.3333333333333333,1.0,0.3333333333333333,1.0,6,2,0,2,0.5,0.3333333333333333,3,4,0,184
1,0,0,1,0,0.125,0.0,0.0,0.0,0.0,0,0,0,0,0.0,0.0,1,2,0,185
2,1,0,1,0,0.25,1.0,1.0,0.0,0.0,1,1,0,1,0.0,1.0,1,2,0,186
1,2,0,1,0,0.375,1.0,1.0,0.0,0.0,2,2,0,2,0.0,1.0,1,2,0,187
2,6,1,0,0,0.5,1.0,1.0,0.0,0.0,3,3,0,3,0.0,1.0,1,2,0,188
2,0,0,1,1,0.625,0.75,1.0,0.0,0.0,4,3,0,3,0.0,0.75,1,2,0,189
1,6,1,0,0,0.75,0.8,1.0,0.2,1.0,5,4,0,4,0.5,0.8,1,2,0,190
2,2,0,0,1,0.875,0.6666666666666666,1.0,0.16666666666666666,1.0,6,4,0,4,0.5,0.6666666666666666,1,2,0,191
1,0,0,1,0,1.0,0.5714285714285714,1.0,0.2857142857142857,1.0,7,4,0,4,0.5,0.5714285714285714,1,2,0,192
1,2,0,0,0,0.25,0.0,0.0,0.0,0.0,0,0,0,0,0.0,0.0,1,3,0,193
1,2,0,1,0,0.5,0.0,0.0,0.0,0.0,1,0,0,0,0.0,0.0,1,3,0,194
2,7,1,0,1,0.75,0.5,1.0,0.0,0.0,2,1,0,1,0.0,0.5,1,3,0,195
3,7,1,1,1,1.0,0.3333333333333333,1.0,0.3333333333333333,1.0,3,1,0,1,0.5,0.3333333333333333,1,3,0,196
2,0,0,0,0,0.125,0.0,0.0,0.0,0.0,0,0,0,0,0.0,0.0,0,4,0,197
1,1,0,0,0,0.25,0.0,0.0,0.0,0.0,1,0,0,0,0.0,0.0,0,4,0,198
2,7,1,0,0,0.375,0.0,0.0,0.0,0.0,2,0,0,0,0.0,0.0,0,4,0,199
1,7,1,0,0,0.5,0.0,0.0,0.0,0.0,3,0,0,0,0.0,0.0,0,4,0,200
3,6,1,0,0,0.625,0.0,0.0,0.0,0.0,4,0,0,0,0.0,0.0,0,4,0,201
2,1,0,0,0,0.75,0.0,0.0,0.0,0.0,5,0,0,0,0.0,0.0,0,4,0,202
1,2,0,0,0,0.875,0.0,0.0,0.0,0.0,6,0,0,0,0.0,0.0,0,4,0,203
2,1,0,0,0,1.0,0.0,0.0,0.0,0.0,7,0,0,0,0.0,0.0,0,4,0,204
3,1,0,1,0,0.125,0.0,0.0,0.0,0.0,0,0,0,0,0.0,0.0,3,3,0,205
3,2,0,0,0,0.25,1.0,1.0,0.0,0.0,1,1,0,1,0.0,1.0,3,3,0,206
1,6,1,0,0,0.375,0.5,1.0,0.0,0.0,2,1,0,1,0.0,0.5,3,3,0,207
3,1,0,0,0,0.5,0.3333333333333333,1.0,0.0,0.0,3,1,0,1,0.0,0.3333333333333333,3,3,0,208
1,0,0,0,1,0.625,0.25,1.0,0.0,0.0,4,1,0,1,0.0,0.25,3,3,0,209
1,2,0,0,0,0.75,0.2,1.0,0.2,1.0,5,1,0,1,0.5,0.2,3,3,0,210
3,0,0,0,0,0.875,0.16666666666666666,1.0,0.16666666666666666,1.0,6,1,0,1,0.5,0.16666666666666666,3,3,0,211
1,7,1,0,1,1.0,0.14285714285714285,1.0,0.14285714285714285,1.0,7,1,0,1,0.5,0.14285714285714285,3,3,0,212
1,7,1,1,0,0.1,0.0,0.0,0.0,0.0,0,0,0,0,0.0,0.0,1,3,0,213
2,1,0,0,1,0.2,1.0,1.0,0.0,0.0,1,1,0,1,0.0,1.0,1,3,0,214
2,6,1,0,1,0.3,0.5,1.0,0.5,1.0,2,1,0,1,0.5,0.5,1,3,0,215
3,1,0,0,1,0.4,0.3333333333333333,1.0,0.6666666666666666,1.0,3,1,0,1,0.5,0.3333333333333333,1,3,0,216
1,6,1,0,0,0.5,0.25,1.0,0.75,1.0,4,1,0,1,0.5,0.25,1,3,0,217
3,1,0,0,0,0.6,0.2,1.0,0.6,1.0,5,1,0,1,0.5,0.2,1,3,0,218
1,0,0,0,1,0.7,0.16666666666666666,1.0,0.5,1.0,6,1,0,1,0.5,0.16666666666666666,1,3,0,219
1,1,0,0,0,0.8,0.14285714285714285,1.0,0.5714285714285714,1.0,7,1,0,1,0.5,0.14285714285714285,1,3,0,220
2,0,0,0,1,0.9,0.125,1.0,0.5,1.0,8,1,0,1,0.5,0.125,1,3,0,221
2,0,0,0,0,1.0,0.1111111111111111,1.0,0.5555555555555556,1.0,9,1,0,1,0.5,0.1111111111111111,1,3,0,222
2,0,0,0,0,0.2,0.0,0.0,0.0,0.0,0,0,0,0,0.0,0.0,2,4,0,223
2,1,0,0,0,0.4,0.0,0.0,0.0,0.0,1,0,0,0,0.0,0.0,2,4,0,224
1,2,0,0,0,0.6,0.0,0.0,0.0,0.0,2,0,0,0,0.0,0.0,2,4,0,225
1,1,0,1,0,0.8,0.0,0.0,0.0,0.0,3,0,0,0,0.0,0.0,2,4,0,226
3,1,0,1,0,1.0,0.25,1.0,0.0,0.0,4,1,0,1,0.0,0.25,2,4,0,227
2,6,1,0,0,0.1429,0.0,0.0,0.0,0.0,0,0,0,0,0.0,0.0,3,4,0,228
1,2,0,0,1,0.2857,0.0,0.0,0.0,0.0,1,0,0,0,0.0,0.0,3,4,0,229
1,2,0,0,0,0.4286,0.0,0.0,0.5,1.0,2,0,0,0,0.5,0.0,3,4,0,230
3,2,0,0,0,0.5714,0.0,0.0,0.3333333333333333,1.0,3,0,0,0,0.5,0.0,3,4,0,231
3,0,0,1,1,0.7143,0.0,0.0,0.25,1.0,4,0,0,0,0.5,0.0,3,4,0,232
3,2,0,0,1,0.8571,0.2,1.0,0.4,1.0,5,1,0,1,0.5,0.2,3,4,0,233
3,6,1,1,0,1.0,0.16666666666666666,1.0,0.5,1.0,6,1,0,1,0.5,0.16666666666666666,3,4,0,234
3,7,1,0,1,0.25,0.0,0.0,0.0,0.0,0,0,0,0,0.0,0.0,2,4,0,235
3,2,0,0,0,0.5,0.0,0.0,1.0,1.0,1,0,0,0,0.5,0.0,2,4,0,236
3,1,0,0,0,0.75,0.0,0.0,0.5,1.0,2,0,0,0,0.5,0.0,2,4,0,237
3,6,1,1,0,1.0,0.0,0.0,0.3333333333333333,1.0,3,0,0,0,0.5,0.0,2,4,0,238
3,1,0,0,1,0.25,0.0,0.0,0.0,0.0,0,0,0,0,0.0,0.0,0,2,0,239
2,7,1,0,1,0.5,0.0,0.0,1.0,1.0,1,0,0,0,0.5,0.0,0,2,0,240
1,6,1,0,0,0.75,0.0,0.0,1.0,1.0,2,0,0,0,0.5,0.0,0,2,0,241
3,2,0,1,0,1.0,0.0,0.0,0.6666666666666666,1.0,3,0,0,0,0.5,0.0,0,2,0,242
2,6,1,0,1,0.2,0.0,0.0,0.0,0.0,0,0,0,0,0.0,0.0,0,3,0,243
3,1,0,0,1,0.4,0.0,0.0,1.0,1.0,1,0,0,0,0.5,0.0,0,3,0,244
2,0,0,0,1,0.6,0.0,0.0,1.0,1.0,2,0,0,0,0.5,0.0,0,3,0,245
3,1,0,0,0,0.8,0.0,0.0,1.0,1.0,3,0,0,0,0.5,0.0,0,3,0,246
3,0,0,0,1,1.0,0.0,0.0,0.75,1.0,4,0,0,0,0.5,0.0,0,3,0,247
2,7,1,0,0,0.25,0.0,0.0,0.0,0.0,0,0,0,0,0.0,0.0,0,4,0,248
3,2,0,0,1,0.5,0.0,0.0,0.0,0.0,1,0,0,0,0.0,0.0,0,4,0,249
3,7,1,0,0,0.75,0.0,0.0,0.5,1.0,2,0,0,0,0.5,0.0,0,4,0,250
2,0,0,0,1,1.0,0.0,0.0,0.3333333333333333,1.0,3,0,0,0,0.5,0.0,0,4,0,251
3,1,0,1,0,0.2,0.0,0.0,0.0,0.0,0,0,0,0,0.0,0.0,3,3,0,252
2,7,1,0,0,0.4,1.0,1.0,0.0,0.0,1,1,0,1,0.0,1.0,3,3,0,253
3,0,0,1,0,0.6,0.5,1.0,0.0,0.0,2,1,0,1,0.0,0.5,3,3,0,254
3,2,0,0,0,0.8,0.6666666666666666,1.0,0.0,0.0,3,2,0,2,0.0,0.6666666666666666,3,3,0,255
1,2,0,0,0,1.0,0.5,1.0,0.0,0.0,4,2,0,2,0.0,0.5,3,3,0,256
2,1,0,0,0,0.2,0.0,0.0,0.0,0.0,0,0,0,0,0.0,0.0,0,3,0,257
2,6,1,0,0,0.4,0.0,0.0,0.0,0.0,1,0,0,0,0.0,0.0,0,3,0,258
1,2,0,1,1,0.6,0.0,0.0,0.0,0.0,2,0,0,0,0.0,0.0,0,3,0,259
2,1,0,1,0,0.8,0.3333333333333333,1.0,0.3333333333333333,1.0,3,1,0,1,0.5,0.3333333333333333,0,3,0,260
1,7,1,1,0,1.0,0.5,1.0,0.25,1.0,4,2,0,2,0.5,0.5,0,3,0,261
2,7,1,1,0,0.1667,0.0,0.0,0.0,0.0,0,0,0,0,0.0,0.0,2,3,0,262
2,7,1,0,1,0.3333,1.0,1.0,0.0,0.0,1,1,0,1,0.0,1.0,2,3,0,263
2,6,1,0,0,0.5,0.5,1.0,0.5,1.0,2,1,0,1,0.5,0.5,2,3,0,264
2,0,0,0,0,0.6667,0.3333333333333333,1.0,0.3333333333333333,1.0,3,1,0,1,0.5,0.3333333333333333,2,3,0,265
2,7,1,1,0,0.8333,0.25,1.0,0.25,1.0,4,1,0,1,0.5,0.25,2,3,0,266
3,0,0,0,0,1.0,0.4,1.0,0.2,1.0,5,2,0,2,0.5,0.4,2,3,0,267
1,2,0,0,0,0.25,0.0,0.0,0.0,0.0,0,0,0,0,0.0,0.0,1,2,0,268
1,7,1,1,0,0.5,0.0,0.0,0.0,0.0,1,0,0,0,0.0,0.0,1,2,0,269
3,6,1,0,0,0.75,0.5,1.0,0.0,0.0,2,1,0,1,0.0,0.5,1,2,0,270
3,2,0,0,0,1.0,0.3333333333333333,1.0,0.0,0.0,3,1,0,1,0.0,0.3333333333333333,1,2,0,271
2,0,0,0,1,0.2,0.0,0.0,0.0,0.0,0,0,0,0,0.0,0.0,2,3,0,272
3,6,1,0,1,0.4,0.0,0.0,1.0,1.0,1,0,0,0,0.5,0.0,2,3,0,273
3,2,0,0,0,0.6,0.0,0.0,1.0,1.0,2,0,0,0,0.5,0.0,2,3,0,274
3,1,0,0,0,0.8,0.0,0.0,0.6666666666666666,1.0,3,0,0,0,0.5,0.0,2,3,0,275
1,0,0,0,0,1.0,0.0,0.0,0.5,1.0,4,0,0,0,0.5,0.0,2,3,0,276
1,1,0,1,0,0.125,0.0,0.0,0.0,0.0,0,0,0,0,0.0,0.0,1,2,0,277
3,0,0,0,0,0.25,1.0,1.0,0.0,0.0,1,1,0,1,0.0,1.0,1,2,0,278
1,1,0,0,1,0.375,0.5,1.0,0.0,0.0,2,1,0,1,0.0,0.5,1,2,0,279
2,1,0,0,1,0.5,0.3333333333333333,1.0,0.3333333333333333,1.0,3,1,0,1,0.5,0.3333333333333333,1,2,0,280
2,2,0,1,0,0.625,0.25,1.0,0.5,1.0,4,1,0,1,0.5,0.25,1,2,0,281
3,6,1,0,0,0.75,0.4,1.0,0.4,1.0,5,2,0,2,0.5,0.4,1,2,0,282
1,1,0,0,0,0.875,0.3333333333333333,1.0,0.3333333333333333,1.0,6,2,0,2,0.5,0.3333333333333333,1,2,0,283
2,6,1,1,0,1.0,0.2857142857142857,1.0,0.2857142857142857,1.0,7,2,0,2,0.5,0.2857142857142857,1,2,0,284
3,0,0,0,1,0.1111,0.0,0.0,0.0,0.0,0,0,0,0,0.0,0.0,3,3,0,285
1,7,1,0,0,0.2222,0.0,0.0,1.0,1.0,1,0,0,0,0.5,0.0,3,3,0,286
1,7,1,0,1,0.3333,0.0,0.0,0.5,1.0,2,0,0,0,0.5,0.0,3,3,0,287
3,6,1,0,0,0.4444,0.0,0.0,0.6666666666666666,1.0,3,0,0,0,0.5,0.0,3,3,0,288
3,2,0,0,1,0.5556,0.0,0.0,0.5,1.0,4,0,0,0,0.5,0.0,3,3,0,289
1,1,0,1,0,0.6667,0.0,0.0,0.6,1.0,5,0,0,0,0.5,0.0,3,3,0,290
1,1,0,0,1,0.7778,0.16666666666666666,1.0,0.5,1.0,6,1,0,1,0.5,0.16666666666666666,3,3,0,291
1,6,1,0,0,0.8889,0.14285714285714285,1.0,0.5714285714285714,1.0,7,1,0,1,0.5,0.14285714285714285,3,3,0,292
2,2,0,0,0,1.0,0.125,1.0,0.5,1.0,8,1,0,1,0.5,0.125,3,3,0,293
3,1,0,0,1,0.2,0.0,0.0,0.0,0.0,0,0,0,0,0.0,0.0,1,4,0,294
1,1,0,0,0,0.4,0.0,0.0,1.0,1.0,1,0,0,0,0.5,0.0,1,4,0,295
1,0,0,0,0,0.6,0.0,0.0,0.5,1.0,2,0,0,0,0.5,0.0,1,4,0,296
2,7,1,0,1,0.8,0.0,0.0,0.3333333333333333,1.0,3,0,0,0,0.5,0.0,1,4,0,297
1,7,1,0,0,1.0,0.0,0.0,0.5,1.0,4,0,0,0,0.5,0.0,1,4,0,298
1,7,1,0,0,0.1667,0.0,0.0,0.0,0.0,0,0,0,0,0.0,0.0,1,3,0,299
1,6,1,0,1,0.3333,0.0,0.0,0.0,0.0,1,0,0,0,0.0,0.0,1,3,0,300
3,2,0,0,0,0.5,0.0,0.0,0.5,1.0,2,0,0,0,0.5,0.0,1,3,0,301
2,2,0,0,0,0.6667,0.0,0.0,0.3333333333333333,1.0,3,0,0,0,0.5,0.0,1,3,0,302
1,0,0,0,1,0.8333,0.0,0.0,0.25,1.0,4,0,0,0,0.5,0.0,1,3,0,303
1,7,1,1,0,1.0,0.0,0.0,0.4,1.0,5,0,0,0,0.5,0.0,1,3,0,304
1,0,0,0,0,0.2,0.0,0.0,0.0,0.0,0,0,0,0,0.0,0.0,3,4,0,305
2,2,0,0,0,0.4,0.0,0.0,0.0,0.0,1,0,0,0,0.0,0.0,3,4,0,306
1,7,1,1,0,0.6,0.0,0.0,0.0,0.0,2,0,0,0,0.0,0.0,3,4,0,307
3,7,1,0,0,0.8,0.3333333333333333,1.0,0.0,0.0,3,1,0,1,0.0,0.3333333333333333,3,4,0,308
1,2,0,0,0,1.0,0.25,1.0,0.0,0.0,4,1,0,1,0.0,0.25,3,4,0,309
3,1,0,1,0,0.25,0.0,0.0,0.0,0.0,0,0,0,0,0.0,0.0,3,3,0,310
2,7,1,1,0,0.5,1.0,1.0,0.0,0.0,1,1,0,1,0.0,1.0,3,3,0,311
1,6,1,0,0,0.75,1.0,1.0,0.0,0.0,2,2,0,2,0.0,1.0,3,3,0,312
2,1,0,0,0,1.0,0.6666666666666666,1.0,0.0,0.0,3,2,0,2,0.0,0.6666666666666666,3,3,0,313
3,1,0,0,1,0.125,0.0,0.0,0.0,0.0,0,0,0,0,0.0,0.0,1,3,0,314
2,6,1,0,0,0.25,0.0,0.0,1.0,1.0,1,0,0,0,0.5,0.0,1,3,0,315
3,6,1,0,0,0.375,0.0,0.0,0.5,1.0,2,0,0,0,0.5,0.0,1,3,0,316
1,7,1,0,0,0.5,0.0,0.0,0.3333333333333333,1.0,3,0,0,0,0.5,0.0,1,3,0,317
3,0,0,0,0,0.625,0.0,0.0,0.25,1.0,4,0,0,0,0.5,0.0,1,3,0,318
3,1,0,0,1,0.75,0.0,0.0,0.2,1.0,5,0,0,0,0.5,0.0,1,3,0,319
3,1,0,0,1,0.875,0.0,0.0,0.3333333333333333,1.0,6,0,0,0,0.5,0.0,1,3,0,320
2,6,1,0,0,1.0,0.0,0.0,0.42857142857142855,1.0,7,0,0,0,0.5,0.0,1,3,0,321
3,6,1,0,0,0.125,0.0,0.0,0.0,0.0,0,0,0,0,0.0,0.0,3,4,0,322
2,7,1,0,0,0.25,0.0,0.0,0.0,0.0,1,0,0,0,0.0,0.0,3,4,0,323
3,6,1,0,0,0.375,0.0,0.0,0.0,0.0,2,0,0,0,0.0,0.0,3,4,0,324
3,0,0,0,0,0.5,0.0,0.0,0.0,0.0,3,0,0,0,0.0,0.0,3,4,0,325
2,0,0,0,1,0.625,0.0,0.0,0.0,0.0,4,0,0,0,0.0,0.0,3,4,0,326
3,0,0,0,0,0.75,0.0,0.0,0.2,1.0,5,0,0,0,0.5,0.0,3,4,0,327
2,0,0,0,0,0.875,0.0,0.0,0.16666666666666666,1.0,6,0,0,0,0.5,0.0,3,4,0,328
1,7,1,0,0,1.0,0.0,0.0,0.14285714285714285,1.0,7,0,0,0,0.5,0.0,3,4,0,329
3,7,1,0,0,0.1667,0.0,0.0,0.0,0.0,0,0,0,0,0.0,0.0,1,4,0,330
3,2,0,0,0,0.3333,0.0,0.0,0.0,0.0,1,0,0,0,0.0,0.0,1,4,0,331
3,6,1,0,0,0.5,0.0,0.0,0.0,0.0,2,0,0,0,0.0,0.0,1,4,0,332
3,2,0,0,0,0.6667,0.0,0.0,0.0,0.0,3,0,0,0,0.0,0.0,1,4,0,333
1,7,1,0,0,0.8333,0.0,0.0,0.0,0.0,4,0,0,0,0.0,0.0,1,4,0,334
1,0,0,0,0,1.0,0.0,0.0,0.0,0.0,5,0,0,0,0.0,0.0,1,4,0,335
1,1,0,0,0,0.1429,0.0,0.0,0.0,0.0,0,0,0,0,0.0,0.0,0,3,0,336
1,2,0,0,0,0.2857,0.0,0.0,0.0,0.0,1,0,0,0,0.0,0.0,0,3,0,337
2,0,0,0,0,0.4286,0.0,0.0,0.0,0.0,2,0,0,0,0.0,0.0,0,3,0,338
1,1,0,0,1,0.5714,0.0,0.0,0.0,0.0,3,0,0,0,0.0,0.0,0,3,0,339
1,0,0,0,0,0.7143,0.0,0.0,0.25,1.0,4,0,0,0,0.5,0.0,0,3,0,340
1,6,1,0,1,0.8571,0.0,0.0,0.2,1.0,5,0,0,0,0.5,0.0,0,3,0,341
1,2,0,1,0,1.0,0.0,0.0,0.3333333333333333,1.0,6,0,0,0,0.5,0.0,0,3,0,342
3,1,0,1,0,0.25,0.0,0.0,0.0,0.0,0,0,0,0,0.0,0.0,0,4,0,343
1,2,0,0,0,0.5,1.0,1.0,0.0,0.0,1,1,0,1,0.0,1.0,0,4,0,344
3,0,0,0,1,0.75,0.5,1.0,0.0,0.0,2,1,0,1,0.0,0.5,0,4,0,345
3,0,0,0,0,1.0,0.3333333333333333,1.0,0.3333333333333333,1.0,3,1,0,1,0.5,0.3333333333333333,0,4,0,346
1,0,0,0,1,0.25,0.0,0.0,0.0,0.0,0,0,0,0,0.0,0.0,1,4,0,347
2,1,0,1,1,0.5,0.0,0.0,1.0,1.0,1,0,0,0,0.5,0.0,1,4,0,348
1,6,1,0,1,0.75,0.5,1.0,1.0,1.0,2,1,0,1,0.5,0.5,1,4,0,349
2,7,1,0,0,1.0,0.3333333333333333,1.0,1.0,1.0,3,1,0,1,0.5,0.3333333333333333,1,4,0,350
1,0,0,0,1,0.1667,0.0,0.0,0.0,0.0,0,0,0,0,0.0,0.0,1,4,0,351
2,7,1,0,0,0.3333,0.0,0.0,1.0,1.0,1,0,0,0,0.5,0.0,1,4,0,352
1,1,0,0,0,0.5,0.0,0.0,0.5,1.0,2,0,0,0,0.5,0.0,1,4,0,353
2,7,1,0,0,0.6667,0.0,0.0,0.3333333333333333,1.0,3,0,0,0,0.5,0.0,1,4,0,354
1,1,0,1,0,0.8333,0.0,0.0,0.25,1.0,4,0,0,0,0.5,0.0,1,4,0,355
1,6,1,0,0,1.0,0.2,1.0,0.2,1.0,5,1,0,1,0.5,0.2,1,4,0,356
3,0,0,0,1,0.1111,0.0,0.0,0.0,0.0,0,0,0,0,0.0,0.0,0,3,0,357
1,1,0,0,0,0.2222,0.0,0.0,1.0,1.0,1,0,0,0,0.5,0.0,0,3,0,358
2,0,0,0,0,0.3333,0.0,0.0,0.5,1.0,2,0,0,0,0.5,0.0,0,3,0,359
2,2,0,0,0,0.4444,0.0,0.0,0.3333333333333333,1.0,3,0,0,0,0.5,0.0,0,3,0,360
3,7,1,0,1,0.5556,0.0,0.0,0.25,1.0,4,0,0,0,0.5,0.0,0,3,0,361
1,6,1,0,1,0.6667,0.0,0.0,0.4,1.0,5,0,0,0,0.5,0.0,0,3,0,362
1,6,1,0,1,0.7778,0.0,0.0,0.5,1.0,6,0,0,0,0.5,0.0,0,3,0,363
2,1,0,0,0,0.8889,0.0,0.0,0.5714285714285714,1.0,7,0,0,0,0.5,0.0,0,3,0,364
3,1,0,0,0,1.0,0.0,0.0,0.5,1.0,8,0,0,0,0.5,0.0,0,3,0,365
1,7,1,0,0,0.125,0.0,0.0,0.0,0.0,0,0,0,0,0.0,0.0,2,4,0,366
3,2,0,0,0,0.25,0.0,0.0,0.0,0.0,1,0,0,0,0.0,0.0,2,4,0,367
1,1,0,0,0,0.375,0.0,0.0,0.0,0.0,2,0,0,0,0.0,0.0,2,4,0,368
3,7,1,1,0,0.5,0.0,0.0,0.0,0.0,3,0,0,0,0.0,0.0,2,4,0,369
1,1,0,0,1,0.625,0.25,1.0,0.0,0.0,4,1,0,1,0.0,0.25,2,4,0,370
1,7,1,0,0,0.75,0.2,1.0,0.2,1.0,5,1,0,1,0.5,0.2,2,4,0,371
1,6,1,0,0,0.875,0.16666666666666666,1.0,0.16666666666666666,1.0,6,1,0,1,0.5,0.16666666666666666,2,4,0,372
1,0,0,1,0,1.0,0.14285714285714285,1.0,0.14285714285714285,1.0,7,1,0,1,0.5,0.14285714285714285,2,4,0,373
1,2,0,0,1,0.1,0.0,0.0,0.0,0.0,0,0,0,0,0.0,0.0,3,2,0,374
1,0,0,0,0,0.2,0.0,0.0,1.0,1.0,1,0,0,0,0.5,0.0,3,2,0,375
3,1,0,0,0,0.3,0.0,0.0,0.5,1.0,2,0,0,0,0.5,0.0,3,2,0,376
2,1,0,0,1,0.4,0.0,0.0,0.3333333333333333,1.0,3,0,0,0,0.5,0.0,3,2,0,377
2,6,1,0,0,0.5,0.0,0.0,0.5,1.0,4,0,0,0,0.5,0.0,3,2,0,378
1,2,0,0,0,0.6,0.0,0.0,0.4,1.0,5,0,0,0,0.5,0.0,3,2,0,379
2,2,0,0,0,0.7,0.0,0.0,0.3333333333333333,1.0,6,0,0,0,0.5,0.0,3,2,0,380
2,2,0,1,0,0.8,0.0,0.0,0.2857142857142857,1.0,7,0,0,0,0.5,0.0,3,2,0,381
3,0,0,0,0,0.9,0.125,1.0,0.25,1.0,8,1,0,1,0.5,0.125,3,2,0,382
1,2,0,0,1,1.0,0.1111111111111111,1.0,0.2222222222222222,1.0,9,1,0,1,0.5,0.1111111111111111,3,2,0,383
1,6,1,0,1,0.2,0.0,0.0,0.0,0.0,0,0,0,0,0.0,0.0,0,4,0,384
3,0,0,0,0,0.4,0.0,0.0,1.0,1.0,1,0,0,0,0.5,0.0,0,4,0,385
3,7,1,0,0,0.6,0.0,0.0,0.5,1.0,2,0,0,0,0.5,0.0,0,4,0,386
1,0,0,0,1,0.8,0.0,0.0,0.3333333333333333,1.0,3,0,0,0,0.5,0.0,0,4,0,387
3,0,0,0,0,1.0,0.0,0.0,0.5,1.0,4,0,0,0,0.5,0.0,0,4,0,388
1,7,1,0,0,0.1429,0.0,0.0,0.0,0.0,0,0,0,0,0.0,0.0,0,3,0,389
1,1,0,0,0,0.2857,0.0,0.0,0.0,0.0,1,0,0,0,0.0,0.0,0,3,0,390
3,0,0,0,0,0.4286,0.0,0.0,0.0,0.0,2,0,0,0,0.0,0.0,0,3,0,391
3,7,1,0,0,0.5714,0.0,0.0,0.0,0.0,3,0,0,0,0.0,0.0,0,3,0,392
3,6,1,1,0,0.7143,0.0,0.0,0.0,0.0,4,0,0,0,0.0,0.0,0,3,0,393
1,2,0,0,0,0.8571,0.2,1.0,0.0,0.0,5,1,0,1,0.0,0.2,0,3,0,394
3,6,1,0,0,1.0,0.16666666666666666,1.0,0.0,0.0,6,1,0,1,0.0,0.16666666666666666,0,3,0,395
3,6,1,0,0,0.125,0.0,0.0,0.0,0.0,0,0,0,0,0.0,0.0,0,4,0,396
1,0,0,0,1,0.25,0.0,0.0,0.0,0.0,1,0,0,0,0.0,0.0,0,4,0,397
3,6,1,0,0,0.375,0.0,0.0,0.5,1.0,2,0,0,0,0.5,0.0,0,4,0,398
3,1,0,0,1,0.5,0.0,0.0,0.3333333333333333,1.0,3,0,0,0,0.5,0.0,0,4,0,399
2,1,0,0,0,0.625,0.0,0.0,0.5,1.0,4,0,0,0,0.5,0.0,0,4,0,400
3,0,0,0,0,0.75,0.0,0.0,0.4,1.0,5,0,0,0,0.5,0.0,0,4,0,401
2,7,1,0,0,0.875,0.0,0.0,0.3333333333333333,1.0,6,0,0,0,0.5,0.0,0,4,0,402
1,6,1,0,0,1.0,0.0,0.0,0.2857142857142857,1.0,7,0,0,0,0.5,0.0,0,4,0,403
3,7,1,0,0,0.1667,0.0,0.0,0.0,0.0,0,0,0,0,0.0,0.0,0,4,0,404
1,0,0,0,0,0.3333,0.0,0.0,0.0,0.0,1,0,0,0,0.0,0.0,0,4,0,405
3,6,1,1,1,0.5,0.0,0.0,0.0,0.0,2,0,0,0,0.0,0.0,0,4,0,406
1,1,0,0,0,0.6667,0.3333333333333333,1.0,0.3333333333333333,1.0,3,1,0,1,0.5,0.3333333333333333,0,4,0,407
2,2,0,0,1,0.8333,0.25,1.0,0.25,1.0,4,1,0,1,0.5,0.25,0,4,0,408
3,7,1,0,1,1.0,0.2,1.0,0.4,1.0,5,1,0,1,0.5,0.2,0,4,0,409
3,6,1,0,1,0.125,0.0,0.0,0.0,0.0,0,0,0,0,0.0,0.0,0,3,0,410
2,0,0,1,0,0.25,0.0,0.0,1.0,1.0,1,0,0,0,0.5,0.0,0,3,0,411
3,1,0,0,0,0.375,0.5,1.0,0.5,1.0,2,1,0,1,0.5,0.5,0,3,0,412
3,7,1,0,0,0.5,0.3333333333333333,1.0,0.3333333333333333,1.0,3,1,0,1,0.5,0.3333333333333333,0,3,0,413
2,6,1,0,0,0.625,0.25,1.0,0.25,1.0,4,1,0,1,0.5,0.25,0,3,0,414
2,7,1,1,0,0.75,0.2,1.0,0.2,1.0,5,1,0,1,0.5,0.2,0,3,0,415
1,6,1,0,1,0.875,0.3333333333333333,1.0,0.16666666666666666,1.0,6,2,0,2,0.5,0.3333333333333333,0,3,0,416
2,6,1,0,0,1.0,0.2857142857142857,1.0,0.2857142857142857,1.0,7,2,0,2,0.5,0.2857142857142857,0,3,0,417
3,6,1,0,0,0.25,0.0,0.0,0.0,0.0,0,0,0,0,0.0,0.0,0,3,0,418
2,6,1,0,0,0.5,0.0,0.0,0.0,0.0,1,0,0,0,0.0,0.0,0,3,0,419
3,7,1,1,1,0.75,0.0,0.0,0.0,0.0,2,0,0,0,0.0,0.0,0,3,0,420
3,2,0,0,1,1.0,0.3333333333333333,1.0,0.3333333333333333,1.0,3,1,0,1,0.5,0.3333333333333333,0,3,0,421
2,0,0,1,0,0.25,0.0,0.0,0.0,0.0,0,0,0,0,0.0,0.0,2,2,0,422
2,1,0,0,0,0.5,1.0,1.0,0.0,0.0,1,1,0,1,0.0,1.0,2,2,0,423
1,0,0,0,0,0.75,0.5,1.0,0.0,0.0,2,1,0,1,0.0,0.5,2,2,0,424
3,6,1,0,1,1.0,0.3333333333333333,1.0,0.0,0.0,3,1,0,1,0.0,0.3333333333333333,2,2,0,425
1,7,1,0,0,0.1111,0.0,0.0,0.0,0.0,0,0,0,0,0.0,0.0,1,2,0,426
1,7,1,1,0,0.2222,0.0,0.0,0.0,0.0,1,0,0,0,0.0,0.0,1,2,0,427
3,0,0,0,0,0.3333,0.5,1.0,0.0,0.0,2,1,0,1,0.0,0.5,1,2,0,428
1,2,0,0,0,0.4444,0.3333333333333333,1.0,0.0,0.0,3,1,0,1,0.0,0.3333333333333333,1,2,0,429
3,0,0,0,0,0.5556,0.25,1.0,0.0,0.0,4,1,0,1,0.0,0.25,1,2,0,430
1,2,0,0,1,0.6667,0.2,1.0,0.0,0.0,5,1,0,1,0.0,0.2,1,2,0,431
1,2,0,0,1,0.7778,0.16666666666666666,1.0,0.16666666666666666,1.0,6,1,0,1,0.5,0.16666666666666666,1,2,0,432
1,1,0,0,1,0.8889,0.14285714285714285,1.0,0.2857142857142857,1.0,7,1,0,1,0.5,0.14285714285714285,1,2,0,433
2,7,1,0,0,1.0,0.125,1.0,0.375,1.0,8,1,0,1,0.5,0.125,1,2,0,434
2,6,1,0,0,0.2,0.0,0.0,0.0,0.0,0,0,0,0,0.0,0.0,0,4,0,435
2,2,0,0,1,0.4,0.0,0.0,0.0,0.0,1,0,0,0,0.0,0.0,0,4,0,436
3,7,1,0,0,0.6,0.0,0.0,0.5,1.0,2,0,0,0,0.5,0.0,0,4,0,437
3,6,1,0,0,0.8,0.0,0.0,0.3333333333333333,1.0,3,0,0,0,0.5,0.0,0,4,0,438
1,7,1,1,0,1.0,0.0,0.0,0.25,1.0,4,0,0,0,0.5,0.0,0,4,0,439
1,0,0,1,1,0.2,0.0,0.0,0.0,0.0,0,0,0,0,0.0,0.0,1,3,0,440
3,2,0,1,1,0.4,1.0,1.0,1.0,1.0,1,1,0,1,0.5,1.0,1,3,0,441
3,1,0,0,0,0.6,1.0,1.0,1.0,1.0,2,2,0,2,0.5,1.0,1,3,0,442
2,0,0,0,0,0.8,0.6666666666666666,1.0,0.6666666666666666,1.0,3,2,0,2,0.5,0.6666666666666666,1,3,0,443
2,7,1,1,1,1.0,0.5,1.0,0.5,1.0,4,2,0,2,0.5,0.5,1,3,0,444
3,2,0,0,0,0.1429,0.0,0.0,0.0,0.0,0,0,0,0,0.0,0.0,3,4,0,445
3,1,0,0,1,0.2857,0.0,0.0,0.0,0.0,1,0,0,0,0.0,0.0,3,4,0,446
3,2,0,1,1,0.4286,0.0,0.0,0.5,1.0,2,0,0,0,0.5,0.0,3,4,0,447
1,7,1,0,0,0.5714,0.3333333333333333,1.0,0.6666666666666666,1.0,3,1,0,1,0.5,0.3333333333333333,3,4,0,448
3,0,0,1,0,0.7143,0.25,1.0,0.5,1.0,4,1,0,1,0.5,0.25,3,4,0,449
3,7,1,0,0,0.8571,0.4,1.0,0.4,1.0,5,2,0,2,0.5,0.4,3,4,0,450
2,7,1,0,1,1.0,0.3333333333333333,1.0,0.3333333333333333,1.0,6,2,0,2,0.5,0.3333333333333333,3,4,0,451
2,6,1,1,0,0.2,0.0,0.0,0.0,0.0,0,0,0,0,0.0,0.0,1,2,0,452
2,6,1,0,1,0.4,1.0,1.0,0.0,0.0,1,1,0,1,0.0,1.0,1,2,0,453
3,1,0,1,0,0.6,0.5,1.0,0.5,1.0,2,1,0,1,0.5,0.5,1,2,0,454
3,6,1,0,0,0.8,0.6666666666666666,1.0,0.3333333333333333,1.0,3,2,0,2,0.5,0.6666666666666666,1,2,0,455
1,6,1,0,1,1.0,0.5,1.0,0.25,1.0,4,2,0,2,0.5,0.5,1,2,0,456
1,2,0,0,0,0.1429,0.0,0.0,0.0,0.0,0,0,0,0,0.0,0.0,1,4,0,457
3,1,0,0,0,0.2857,0.0,0.0,0.0,0.0,1,0,0,0,0.0,0.0,1,4,0,458
1,0,0,0,0,0.4286,0.0,0.0,0.0,0.0,2,0,0,0,0.0,0.0,1,4,0,459
1,1,0,0,0,0.5714,0.0,0.0,0.0,0.0,3,0,0,0,0.0,0.0,1,4,0,460
2,6,1,0,1,0.7143,0.0,0.0,0.0,0.0,4,0,0,0,0.0,0.0,1,4,0,461
3,6,1,0,0,0.8571,0.0,0.0,0.2,1.0,5,0,0,0,0.5,0.0,1,4,0,462
2,2,0,0,0,1.0,0.0,0.0,0.16666666666666666,1.0,6,0,0,0,0.5,0.0,1,4,0,463
2,6,1,0,0,0.2,0.0,0.0,0.0,0.0,0,0,0,0,0.0,0.0,2,2,0,464
1,1,0,0,0,0.4,0.0,0.0,0.0,0.0,1,0,0,0,0.0,0.0,2,2,0,465
1,6,1,0,0,0.6,0.0,0.0,0.0,0.0,2,0,0,0,0.0,0.0,2,2,0,466
1,1,0,0,0,0.8,0.0,0.0,0.0,0.0,3,0,0,0,0.0,0.0,2,2,0,467
3,6,1,0,1,1.0,0.0,0.0,0.0,0.0,4,0,0,0,0.0,0.0,2,2,0,468
2,7,1,1,1,0.25,0.0,0.0,0.0,0.0,0,0,0,0,0.0,0.0,0,2,0,469
1,6,1,0,0,0.5,1.0,1.0,1.0,1.0,1,1,0,1,0.5,1.0,0,2,0,470
2,2,0,0,0,0.75,0.5,1.0,0.5,1.0,2,1,0,1,0.5,0.5,0,2,0,471
2,2,0,0,0,1.0,0.3333333333333333,1.0,0.3333333333333333,1.0,3,1,0,1,0.5,0.3333333333333333,0,2,0,472
1,6,1,0,0,0.2,0.0,0.0,0.0,0.0,0,0,0,0,0.0,0.0,0,3,0,473
1,2,0,0,0,0.4,0.0,0.0,0.0,0.0,1,0,0,0,0.0,0.0,0,3,0,474
3,6,1,0,0,0.6,0.0,0.0,0.0,0.0,2,0,0,0,0.0,0.0,0,3,0,475
3,6,1,1,0,0.8,0.0,0.0,0.0,0.0,3,0,0,0,0.0,0.0,0,3,0,476
1,1,0,0,0,1.0,0.25,1.0,0.0,0.0,4,1,0,1,0.0,0.25,0,3,0,477
1,0,0,0,0,0.1,0.0,0.0,0.0,0.0,0,0,0,0,0.0,0.0,3,4,0,478
2,2,0,0,0,0.2,0.0,0.0,0.0,0.0,1,0,0,0,0.0,0.0,3,4,0,479
2,6,1,0,0,0.3,0.0,0.0,0.0,0.0,2,0,0,0,0.0,0.0,3,4,0,480
1,7,1,1,1,0.4,0.0,0.0,0.0,0.0,3,0,0,0,0.0,0.0,3,4,0,481
2,0,0,0,0,0.5,0.25,1.0,0.25,1.0,4,1,0,1,0.5,0.25,3,4,0,482
1,2,0,0,0,0.6,0.2,1.0,0.2,1.0,5,1,0,1,0.5,0.2,3,4,0,483
1,6,1,0,0,0.7,0.16666666666666666,1.0,0.16666666666666666,1.0,6,1,0,1,0.5,0.16666666666666666,3,4,0,484
2,1,0,1,0,0.8,0.14285714285714285,1.0,0.14285714285714285,1.0,7,1,0,1,0.5,0.14285714285714285,3,4,0,485
1,6,1,0,0,0.9,0.25,1.0,0.125,1.0,8,2,0,2,0.5,0.25,3,4,0,486
1,6,1,0,0,1.0,0.2222222222222222,1.0,0.1111111111111111,1.0,9,2,0,2,0.5,0.2222222222222222,3,4,0,487
3,1,0,0,0,0.2,0.0,0.0,0.0,0.0,0,0,0,0,0.0,0.0,0,2,0,488
2,6,1,0,1,0.4,0.0,0.0,0.0,0.0,1,0,0,0,0.0,0.0,0,2,0,489
1,0,0,0,0,0.6,0.0,0.0,0.5,1.0,2,0,0,0,0.5,0.0,0,2,0,490
3,6,1,0,1,0.8,0.0,0.0,0.3333333333333333,1.0,3,0,0,0,0.5,0.0,0,2,0,491
3,2,0,0,0,1.0,0.0,0.0,0.5,1.0,4,0,0,0,0.5,0.0,0,2,0,492
1,7,1,1,0,0.1429,0.0,0.0,0.0,0.0,0,0,0,0,0.0,0.0,2,4,0,493
3,6,1,0,0,0.2857,1.0,1.0,0.0,0.0,1,1,0,1,0.0,1.0,2,4,0,494
3,6,1,0,0,0.4286,0.5,1.0,0.0,0.0,2,1,0,1,0.0,0.5,2,4,0,495
2,0,0,0,1,0.5714,0.3333333333333333,1.0,0.0,0.0,3,1,0,1,0.0,0.3333333333333333,2,4,0,496
3,2,0,1,0,0.7143,0.25,1.0,0.25,1.0,4,1,0,1,0.5,0.25,2,4,0,497
1,2,0,0,0,0.8571,0.4,1.0,0.2,1.0,5,2,0,2,0.5,0.4,2,4,0,498
1,7,1,0,0,1.0,0.3333333333333333,1.0,0.16666666666666666,1.0,6,2,0,2,0.5,0.3333333333333333,2,4,0,499
3,1,0,1,0,0.25,0.0,0.0,0.0,0.0,0,0,0,0,0.0,0.0,1,3,0,500
3,7,1,0,0,0.5,1.0,1.0,0.0,0.0,1,1,0,1,0.0,1.0,1,3,0,501
3,6,1,0,1,0.75,0.5,1.0,0.0,0.0,2,1,0,1,0.0,0.5,1,3,0,502
3,7,1,0,0,1.0,0.3333333333333333,1.0,0.3333333333333333,1.0,3,1,0,1,0.5,0.3333333333333333,1,3,0,503
2,6,1,1,0,0.1111,0.0,0.0,0.0,0.0,0,0,0,0,0.0,0.0,2,4,0,504
3,7,1,0,0,0.2222,1.0,1.0,0.0,0.0,1,1,0,1,0.0,1.0,2,4,0,505
1,7,1,0,0,0.3333,0.5,1.0,0.0,0.0,2,1,0,1,0.0,0.5,2,4,0,506
1,7,1,1,0,0.4444,0.3333333333333333,1.0,0.0,0.0,3,1,0,1,0.0,0.3333333333333333,2,4,0,507
2,6,1,0,0,0.5556,0.5,1.0,0.0,0.0,4,2,0,2,0.0,0.5,2,4,0,508
2,6,1,0,0,0.6667,0.4,1.0,0.0,0.0,5,2,0,2,0.0,0.4,2,4,0,509
3,6,1,1,0,0.7778,0.3333333333333333,1.0,0.0,0.0,6,2,0,2,0.0,0.3333333333333333,2,4,0,510
1,1,0,0,1,0.8889,0.42857142857142855,1.0,0.0,0.0,7,3,0,3,0.0,0.42857142857142855,2,4,0,511
3,0,0,0,0,1.0,0.375,1.0,0.125,1.0,8,3,0,3,0.5,0.375,2,4,0,512
1,7,1,0,1,0.1111,0.0,0.0,0.0,0.0,0,0,0,0,0.0,0.0,3,3,0,513
2,6,1,1,0,0.2222,0.0,0.0,1.0,1.0,1,0,0,0,0.5,0.0,3,3,0,514
3,1,0,0,0,0.3333,0.5,1.0,0.5,1.0,2,1,0,1,0.5,0.5,3,3,0,515
2,7,1,0,0,0.4444,0.3333333333333333,1.0,0.3333333333333333,1.0,3,1,0,1,0.5,0.3333333333333333,3,3,0,516
3,2,0,0,0,0.5556,0.25,1.0,0.25,1.0,4,1,0,1,0.5,0.25,3,3,0,517
1,6,1,0,1,0.6667,0.2,1.0,0.2,1.0,5,1,0,1,0.5,0.2,3,3,0,518
3,7,1,0,0,0.7778,0.16666666666666666,1.0,0.3333333333333333,1.0,6,1,0,1,0.5,0.16666666666666666,3,3,0,519
3,0,0,1,0,0.8889,0.14285714285714285,1.0,0.2857142857142857,1.0,7,1,0,1,0.5,0.14285714285714285,3,3,0,520
2,2,0,0,0,1.0,0.25,1.0,0.25,1.0,8,2,0,2,0.5,0.25,3,3,0,521
3,7,1,1,0,0.1111,0.0,0.0,0.0,0.0,0,0,0,0,0.0,0.0,1,3,0,522
3,0,0,0,0,0.2222,1.0,1.0,0.0,0.0,1,1,0,1,0.0,1.0,1,3,0,523
3,0,0,0,0,0.3333,0.5,1.0,0.0,0.0,2,1,0,1,0.0,0.5,1,3,0,524
3,2,0,0,0,0.4444,0.3333333333333333,1.0,0.0,0.0,3,1,0,1,0.0,0.3333333333333333,1,3,0,525
1,1,0,0,0,0.5556,0.25,1.0,0.0,0.0,4,1,0,1,0.0,0.25,1,3,0,526
3,1,0,0,0,0.6667,0.2,1.0,0.0,0.0,5,1,0,1,0.0,0.2,1,3,0,527
3,1,0,1,1,0.7778,0.16666666666666666,1.0,0.0,0.0,6,1,0,1,0.0,0.16666666666666666,1,3,0,528
1,2,0,0,0,0.8889,0.2857142857142857,1.0,0.14285714285714285,1.0,7,2,0,2,0.5,0.2857142857142857,1,3,0,529
1,6,1,0,0,1.0,0.25,1.0,0.125,1.0,8,2,0,2,0.5,0.25,1,3,0,530
1,0,0,1,0,0.1667,0.0,0.0,0.0,0.0,0,0,0,0,0.0,0.0,0,3,0,531
1,6,1,0,0,0.3333,1.0,1.0,0.0,0.0,1,1,0,1,0.0,1.0,0,3,0,532
3,0,0,0,0,0.5,0.5,1.0,0.0,0.0,2,1,0,1,0.0,0.5,0,3,0,533
2,2,0,0,0,0.6667,0.3333333333333333,1.0,0.0,0.0,3,1,0,1,0.0,0.3333333333333333,0,3,0,534
3,1,0,0,0,0.8333,0.25,1.0,0.0,0.0,4,1,0,1,0.0,0.25,0,3,0,535
1,6,1,0,1,1.0,0.2,1.0,0.0,0.0,5,1,0,1,0.0,0.2,0,3,0,536
3,2,0,0,0,0.1,0.0,0.0,0.0,0.0,0,0,0,0,0.0,0.0,1,3,0,537
2,1,0,0,1,0.2,0.0,0.0,0.0,0.0,1,0,0,0,0.0,0.0,1,3,0,538
2,1,0,0,0,0.3,0.0,0.0,0.5,1.0,2,0,0,0,0.5,0.0,1,3,0,539
1,1,0,0,0,0.4,0.0,0.0,0.3333333333333333,1.0,3,0,0,0,0.5,0.0,1,3,0,540
3,1,0,0,0,0.5,0.0,0.0,0.25,1.0,4,0,0,0,0.5,0.0,1,3,0,541
1,2,0,0,0,0.6,0.0,0.0,0.2,1.0,5,0,0,0,0.5,0.0,1,3,0,542
3,0,0,1,0,0.7,0.0,0.0,0.16666666666666666,1.0,6,0,0,0,0.5,0.0,1,3,0,543
3,7,1,1,0,0.8,0.14285714285714285,1.0,0.14285714285714285,1.0,7,1,0,1,0.5,0.14285714285714285,1,3,0,544
2,2,0,1,0,0.9,0.25,1.0,0.125,1.0,8,2,0,2,0.5,0.25,1,3,0,545
3,6,1,0,0,1.0,0.3333333333333333,1.0,0.1111111111111111,1.0,9,3,0,3,0.5,0.3333333333333333,1,3,0,546
2,1,0,0,0,0.1429,0.0,0.0,0.0,0.0,0,0,0,0,0.0,0.0,2,3,0,547
2,1,0,1,0,0.2857,0.0,0.0,0.0,0.0,1,0,0,0,0.0,0.0,2,3,0,548
1,2,0,1,0,0.4286,0.5,1.0,0.0,0.0,2,1,0,1,0.0,0.5,2,3,0,549
3,1,0,1,0,0.5714,0.6666666666666666,1.0,0.0,0.0,3,2,0,2,0.0,0.6666666666666666,2,3,0,550
3,6,1,0,0,0.7143,0.75,1.0,0.0,0.0,4,3,0,3,0.0,0.75,2,3,0,551
3,1,0,0,1,0.8571,0.6,1.0,0.0,0.0,5,3,0,3,0.0,0.6,2,3,0,552
3,1,0,0,0,1.0,0.5,1.0,0.16666666666666666,1.0,6,3,0,3,0.5,0.5,2,3,0,553
3,2,0,0,1,0.1111,0.0,0.0,0.0,0.0,0,0,0,0,0.0,0.0,1,4,0,554
2,2,0,0,0,0.2222,0.0,0.0,1.0,1.0,1,0,0,0,0.5,0.0,1,4,0,555
3,2,0,0,0,0.3333,0.0,0.0,0.5,1.0,2,0,0,0,0.5,0.0,1,4,0,556
3,6,1,0,0,0.4444,0.0,0.0,0.3333333333333333,1.0,3,0,0,0,0.5,0.0,1,4,0,557
3,2,0,0,0,0.5556,0.0,0.0,0.25,1.0,4,0,0,0,0.5,0.0,1,4,0,558
1,7,1,0,1,0.6667,0.0,0.0,0.2,1.0,5,0,0,0,0.5,0.0,1,4,0,559
3,6,1,1,0,0.7778,0.0,0.0,0.3333333333333333,1.0,6,0,0,0,0.5,0.0,1,4,0,560
1,6,1,1,0,0.8889,0.14285714285714285,1.0,0.2857142857142857,1.0,7,1,0,1,0.5,0.14285714285714285,1,4,0,561
3,7,1,0,0,1.0,0.25,1.0,0.25,1.0,8,2,0,2,0.5,0.25,1,4,0,562
2,1,0,0,0,0.1,0.0,0.0,0.0,0.0,0,0,0,0,0.0,0.0,0,3,0,563
3,2,0,0,0,0.2,0.0,0.0,0.0,0.0,1,0,0,0,0.0,0.0,0,3,0,564
2,1,0,0,1,0.3,0.0,0.0,0.0,0.0,2,0,0,0,0.0,0.0,0,3,0,565
1,1,0,1,1,0.4,0.0,0.0,0.3333333333333333,1.0,3,0,0,0,0.5,0.0,0,3,0,566
3,1,0,1,1,0.5,0.25,1.0,0.5,1.0,4,1,0,1,0.5,0.25,0,3,0,567
3,1,0,0,0,0.6,0.4,1.0,0.6,1.0,5,2,0,2,0.5,0.4,0,3,0,568
2,6,1,0,1,0.7,0.3333333333333333,1.0,0.5,1.0,6,2,0,2,0.5,0.3333333333333333,0,3,0,569
2,1,0,0,0,0.8,0.2857142857142857,1.0,0.5714285714285714,1.0,7,2,0,2,0.5,0.2857142857142857,0,3,0,570
3,0,0,1,0,0.9,0.25,1.0,0.5,1.0,8,2,0,2,0.5,0.25,0,3,0,571
1,2,0,0,0,1.0,0.3333333333333333,1.0,0.4444444444444444,1.0,9,3,0,3,0.5,0.3333333333333333,0,3,0,572
2,2,0,1,0,0.2,0.0,0.0,0.0,0.0,0,0,0,0,0.0,0.0,1,2,0,573
1,0,0,1,0,0.4,1.0,1.0,0.0,0.0,1,1,0,1,0.0,1.0,1,2,0,574
3,0,0,0,0,0.6,1.0,1.0,0.0,0.0,2,2,0,2,0.0,1.0,1,2,0,575
2,1,0,0,0,0.8,0.6666666666666666,1.0,0.0,0.0,3,2,0,2,0.0,0.6666666666666666,1,2,0,576
1,7,1,0,1,1.0,0.5,1.0,0.0,0.0,4,2,0,2,0.0,0.5,1,2,0,577
1,6,1,0,0,0.1,0.0,0.0,0.0,0.0,0,0,0,0,0.0,0.0,0,3,0,578
2,2,0,1,1,0.2,0.0,0.0,0.0,0.0,1,0,0,0,0.0,0.0,0,3,0,579
3,1,0,0,0,0.3,0.5,1.0,0.5,1.0,2,1,0,1,0.5,0.5,0,3,0,580
2,2,0,0,0,0.4,0.3333333333333333,1.0,0.3333333333333333,1.0,3,1,0,1,0.5,0.3333333333333333,0,3,0,581
1,6,1,0,1,0.5,0.25,1.0,0.25,1.0,4,1,0,1,0.5,0.25,0,3,0,582
1,7,1,0,0,0.6,0.2,1.0,0.4,1.0,5,1,0,1,0.5,0.2,0,3,0,583
1,0,0,0,0,0.7,0.16666666666666666,1.0,0.3333333333333333,1.0,6,1,0,1,0.5,0.16666666666666666,0,3,0,584
3,0,0,1,0,0.8,0.14285714285714285,1.0,0.2857142857142857,1.0,7,1,0,1,0.5,0.14285714285714285,0,3,0,585
1,1,0,0,1,0.9,0.25,1.0,0.25,1.0,8,2,0,2,0.5,0.25,0,3,0,586
3,2,0,0,1,1.0,0.2222222222222222,1.0,0.3333333333333333,1.0,9,2,0,2,0.5,0.2222222222222222,0,3,0,587
1,0,0,0,0,0.25,0.0,0.0,0.0,0.0,0,0,0,0,0.0,0.0,3,2,0,588
2,6,1,0,0,0.5,0.0,0.0,0.0,0.0,1,0,0,0,0.0,0.0,3,2,0,589
2,1,0,0,0,0.75,0.0,0.0,0.0,0.0,2,0,0,0,0.0,0.0,3,2,0,590
2,7,1,0,0,1.0,0.0,0.0,0.0,0.0,3,0,0,0,0.0,0.0,3,2,0,591
2,2,0,0,0,0.25,0.0,0.0,0.0,0.0,0,0,0,0,0.0,0.0,3,4,0,592
3,7,1,0,0,0.5,0.0,0.0,0.0,0.0,1,0,0,0,0.0,0.0,3,4,0,593
3,2,0,0,0,0.75,0.0,0.0,0.0,0.0,2,0,0,0,0.0,0.0,3,4,0,594
3,7,1,1,0,1.0,0.0,0.0,0.0,0.0,3,0,0,0,0.0,0.0,3,4,0,595
1,6,1,0,1,0.1111,0.0,0.0,0.0,0.0,0,0,0,0,0.0,0.0,2,2,0,596
2,1,0,0,0,0.2222,0.0,0.0,1.0,1.0,1,0,0,0,0.5,0.0,2,2,0,597
3,0,0,0,0,0.3333,0.0,0.0,0.5,1.0,2,0,0,0,0.5,0.0,2,2,0,598
2,7,1,0,0,0.4444,0.0,0.0,0.3333333333333333,1.0,3,0,0,0,0.5,0.0,2,2,0,599
3,2,0,1,1,0.5556,0.0,0.0,0.25,1.0,4,0,0,0,0.5,0.0,2,2,0,600
3,0,0,1,1,0.6667,0.2,1.0,0.4,1.0,5,1,0,1,0.5,0.2,2,2,0,601
2,0,0,0,1,0.7778,0.3333333333333333,1.0,0.5,1.0,6,2,0,2,0.5,0.3333333333333333,2,2,0,602
2,1,0,0,0,0.8889,0.2857142857142857,1.0,0.5714285714285714,1.0,7,2,0,2,0.5,0.2857142857142857,2,2,0,603
1,2,0,0,1,1.0,0.25,1.0,0.5,1.0,8,2,0,2,0.5,0.25,2,2,0,604
3,2,0,0,1,0.1111,0.0,0.0,0.0,0.0,0,0,0,0,0.0,0.0,2,4,0,605
1,1,0,0,0,0.2222,0.0,0.0,1.0,1.0,1,0,0,0,0.5,0.0,2,4,0,606
1,7,1,0,0,0.3333,0.0,0.0,0.5,1.0,2,0,0,0,0.5,0.0,2,4,0,607
2,7,1,0,1,0.4444,0.0,0.0,0.3333333333333333,1.0,3,0,0,0,0.5,0.0,2,4,0,608
1,2,0,0,0,0.5556,0.0,0.0,0.5,1.0,4,0,0,0,0.5,0.0,2,4,0,609
3,7,1,0,0,0.6667,0.0,0.0,0.4,1.0,5,0,0,0,0.5,0.0,2,4,0,610
1,7,1,0,0,0.7778,0.0,0.0,0.3333333333333333,1.0,6,0,0,0,0.5,0.0,2,4,0,611
3,6,1,0,0,0.8889,0.0,0.0,0.2857142857142857,1.0,7,0,0,0,0.5,0.0,2,4,0,612
2,7,1,0,0,1.0,0.0,0.0,0.25,1.0,8,0,0,0,0.5,0.0,2,4,0,613
2,0,0,0,0,0.1429,0.0,0.0,0.0,0.0,0,0,0,0,0.0,0.0,1,4,0,614
3,0,0,1,0,0.2857,0.0,0.0,0.0,0.0,1,0,0,0,0.0,0.0,1,4,0,615
2,1,0,0,0,0.4286,0.5,1.0,0.0,0.0,2,1,0,1,0.0,0.5,1,4,0,616
3,7,1,0,1,0.5714,0.3333333333333333,1.0,0.0,0.0,3,1,0,1,0.0,0.3333333333333333,1,4,0,617
2,6,1,0,1,0.7143,0.25,1.0,0.25,1.0,4,1,0,1,0.5,0.25,1,4,0,618
1,6,1,0,1,0.8571,0.2,1.0,0.4,1.0,5,1,0,1,0.5,0.2,1,4,0,619
3,0,0,0,1,1.0,0.16666666666666666,1.0,0.5,1.0,6,1,0,1,0.5,0.16666666666666666,1,4,0,620
1,1,0,0,0,0.1667,0.0,0.0,0.0,0.0,0,0,0,0,0.0,0.0,1,3,0,621
1,6,1,0,0,0.3333,0.0,0.0,0.0,0.0,1,0,0,0,0.0,0.0,1,3,0,622
3,2,0,0,0,0.5,0.0,0.0,0.0,0.0,2,0,0,0,0.0,0.0,1,3,0,623
2,0,0,0,0,0.6667,0.0,0.0,0.0,0.0,3,0,0,0,0.0,0.0,1,3,0,624
3,1,0,0,0,0.8333,0.0,0.0,0.0,0.0,4,0,0,0,0.0,0.0,1,3,0,625
3,1,0,1,1,1.0,0.0,0.0,0.0,0.0,5,0,0,0,0.0,0.0,1,3,0,626
2,2,0,0,0,0.125,0.0,0.0,0.0,0.0,0,0,0,0,0.0,0.0,3,3,0,627
2,6,1,0,0,0.25,0.0,0.0,0.0,0.0,1,0,0,0,0.0,0.0,3,3,0,628
3,2,0,0,1,0.375,0.0,0.0,0.0,0.0,2,0,0,0,0.0,0.0,3,3,0,629
2,2,0,0,1,0.5,0.0,0.0,0.3333333333333333,1.0,3,0,0,0,0.5,0.0,3,3,0,630
1,6,1,1,0,0.625,0.0,0.0,0.5,1.0,4,0,0,0,0.5,0.0,3,3,0,631
1,7,1,0,0,0.75,0.2,1.0,0.4,1.0,5,1,0,1,0.5,0.2,3,3,0,632
3,0,0,0,0,0.875,0.16666666666666666,1.0,0.3333333333333333,1.0,6,1,0,1,0.5,0.16666666666666666,3,3,0,633
2,0,0,1,0,1.0,0.14285714285714285,1.0,0.2857142857142857,1.0,7,1,0,1,0.5,0.14285714285714285,3,3,0,634
2,7,1,0,0,0.1429,0.0,0.0,0.0,0.0,0,0,0,0,0.0,0.0,1,2,0,635
3,0,0,0,0,0.2857,0.0,0.0,0.0,0.0,1,0,0,0,0.0,0.0,1,2,0,636
3,7,1,1,1,0.4286,0.0,0.0,0.0,0.0,2,0,0,0,0.0,0.0,1,2,0,637
3,7,1,0,0,0.5714,0.3333333333333333,1.0,0.3333333333333333,1.0,3,1,0,1,0.5,0.3333333333333333,1,2,0,638
3,0,0,0,0,0.7143,0.25,1.0,0.25,1.0,4,1,0,1,0.5,0.25,1,2,0,639
1,1,0,0,0,0.8571,0.2,1.0,0.2,1.0,5,1,0,1,0.5,0.2,1,2,0,640
1,1,0,0,0,1.0,0.16666666666666666,1.0,0.16666666666666666,1.0,6,1,0,1,0.5,0.16666666666666666,1,2,0,641
2,6,1,0,1,0.1111,0.0,0.0,0.0,0.0,0,0,0,0,0.0,0.0,3,3,0,642
1,2,0,0,1,0.2222,0.0,0.0,1.0,1.0,1,0,0,0,0.5,0.0,3,3,0,643
1,0,0,1,0,0.3333,0.0,0.0,1.0,1.0,2,0,0,0,0.5,0.0,3,3,0,644
3,0,0,0,0,0.4444,0.3333333333333333,1.0,0.6666666666666666,1.0,3,1,0,1,0.5,0.3333333333333333,3,3,0,645
1,6,1,0,1,0.5556,0.25,1.0,0.5,1.0,4,1,0,1,0.5,0.25,3,3,0,646
3,0,0,0,0,0.6667,0.2,1.0,0.6,1.0,5,1,0,1,0.5,0.2,3,3,0,647
2,2,0,0,1,0.7778,0.16666666666666666,1.0,0.5,1.0,6,1,0,1,0.5,0.16666666666666666,3,3,0,648
3,7,1,0,1,0.8889,0.14285714285714285,1.0,0.5714285714285714,1.0,7,1,0,1,0.5,0.14285714285714285,3,3,0,649
3,1,0,0,0,1.0,0.125,1.0,0.625,1.0,8,1,0,1,0.5,0.125,3,3,0,650
2,6,1,1,0,0.125,0.0,0.0,0.0,0.0,0,0,0,0,0.0,0.0,1,2,0,651
1,2,0,0,1,0.25,1.0,1.0,0.0,0.0,1,1,0,1,0.0,1.0,1,2,0,652
3,0,0,0,1,0.375,0.5,1.0,0.5,1.0,2,1,0,1,0.5,0.5,1,2,0,653
3,6,1,0,1,0.5,0.3333333333333333,1.0,0.6666666666666666,1.0,3,1,0,1,0.5,0.3333333333333333,1,2,0,654
1,2,0,0,0,0.625,0.25,1.0,0.75,1.0,4,1,0,1,0.5,0.25,1,2,0,655
2,1,0,0,0,0.75,0.2,1.0,0.6,1.0,5,1,0,1,0.5,0.2,1,2,0,656
3,0,0,0,1,0.875,0.16666666666666666,1.0,0.5,1.0,6,1,0,1,0.5,0.16666666666666666,1,2,0,657
2,2,0,0,1,1.0,0.14285714285714285,1.0,0.5714285714285714,1.0,7,1,0,1,0.5,0.14285714285714285,1,2,0,658
1,2,0,0,1,0.125,0.0,0.0,0.0,0.0,0,0,0,0,0.0,0.0,2,3,0,659
2,7,1,1,0,0.25,0.0,0.0,1.0,1.0,1,0,0,0,0.5,0.0,2,3,0,660
3,2,0,0,0,0.375,0.5,1.0,0.5,1.0,2,1,0,1,0.5,0.5,2,3,0,661
1,1,0,0,1,0.5,0.3333333333333333,1.0,0.3333333333333333,1.0,3,1,0,1,0.5,0.3333333333333333,2,3,0,662
3,6,1,0,0,0.625,0.25,1.0,0.5,1.0,4,1,0,1,0.5,0.25,2,3,0,663
2,6,1,0,1,0.75,0.2,1.0,0.4,1.0,5,1,0,1,0.5,0.2,2,3,0,664
2,6,1,0,0,0.875,0.16666666666666666,1.0,0.5,1.0,6,1,0,1,0.5,0.16666666666666666,2,3,0,665
1,0,0,0,0,1.0,0.14285714285714285,1.0,0.42857142857142855,1.0,7,1,0,1,0.5,0.14285714285714285,2,3,0,666
3,2,0,1,1,0.25,0.0,0.0,0.0,0.0,0,0,0,0,0.0,0.0,1,2,0,667
1,2,0,0,1,0.5,1.0,1.0,1.0,1.0,1,1,0,1,0.5,1.0,1,2,0,668
1,1,0,0,1,0.75,0.5,1.0,1.0,1.0,2,1,0,1,0.5,0.5,1,2,0,669
1,6,1,1,0,1.0,0.3333333333333333,1.0,1.0,1.0,3,1,0,1,0.5,0.3333333333333333,1,2,0,670
3,7,1,0,0,0.2,0.0,0.0,0.0,0.0,0,0,0,0,0.0,0.0,2,4,0,671
3,2,0,1,1,0.4,0.0,0.0,0.0,0.0,1,0,0,0,0.0,0.0,2,4,0,672
2,0,0,0,1,0.6,0.5,1.0,0.5,1.0,2,1,0,1,0.5,0.5,2,4,0,673
2,1,0,1,1,0.8,0.3333333333333333,1.0,0.6666666666666666,1.0,3,1,0,1,0.5,0.3333333333333333,2,4,0,674
2,1,0,0,0,1.0,0.5,1.0,0.75,1.0,4,2,0,2,0.5,0.5,2,4,0,675
2,1,0,0,0,0.1,0.0,0.0,0.0,0.0,0,0,0,0,0.0,0.0,3,2,0,676
3,1,0,1,0,0.2,0.0,0.0,0.0,0.0,1,0,0,0,0.0,0.0,3,2,0,677
3,6,1,0,0,0.3,0.5,1.0,0.0,0.0,2,1,0,1,0.0,0.5,3,2,0,678
2,0,0,1,0,0.4,0.3333333333333333,1.0,0.0,0.0,3,1,0,1,0.0,0.3333333333333333,3,2,0,679
2,2,0,0,0,0.5,0.5,1.0,0.0,0.0,4,2,0,2,0.0,0.5,3,2,0,680
2,6,1,0,0,0.6,0.4,1.0,0.0,0.0,5,2,0,2,0.0,0.4,3,2,0,681
1,7,1,0,0,0.7,0.3333333333333333,1.0,0.0,0.0,6,2,0,2,0.0,0.3333333333333333,3,2,0,682
3,6,1,0,1,0.8,0.2857142857142857,1.0,0.0,0.0,7,2,0,2,0.0,0.2857142857142857,3,2,0,683
2,7,1,1,0,0.9,0.25,1.0,0.125,1.0,8,2,0,2,0.5,0.25,3,2,0,684
2,6,1,0,0,1.0,0.3333333333333333,1.0,0.1111111111111111,1.0,9,3,0,3,0.5,0.3333333333333333,3,2,0,685
2,1,0,1,0,0.2,0.0,0.0,0.0,0.0,0,0,0,0,0.0,0.0,0,3,0,686
3,0,0,0,0,0.4,1.0,1.0,0.0,0.0,1,1,0,1,0.0,1.0,0,3,0,687
3,2,0,0,1,0.6,0.5,1.0,0.0,0.0,2,1,0,1,0.0,0.5,0,3,0,688
1,0,0,0,0,0.8,0.3333333333333333,1.0,0.3333333333333333,1.0,3,1,0,1,0.5,0.3333333333333333,0,3,0,689
1,7,1,0,1,1.0,0.25,1.0,0.25,1.0,4,1,0,1,0.5,0.25,0,3,0,690
1,6,1,0,0,0.1667,0.0,0.0,0.0,0.0,0,0,0,0,0.0,0.0,2,2,0,691
3,2,0,0,0,0.3333,0.0,0.0,0.0,0.0,1,0,0,0,0.0,0.0,2,2,0,692
1,0,0,0,1,0.5,0.0,0.0,0.0,0.0,2,0,0,0,0.0,0.0,2,2,0,693
2,1,0,1,0,0.6667,0.0,0.0,0.3333333333333333,1.0,3,0,0,0,0.5,0.0,2,2,0,694
3,0,0,1,1,0.8333,0.25,1.0,0.25,1.0,4,1,0,1,0.5,0.25,2,2,0,695
1,6,1,0,0,1.0,0.4,1.0,0.4,1.0,5,2,0,2,0.5,0.4,2,2,0,696
1,2,0,0,1,0.25,0.0,0.0,0.0,0.0,0,0,0,0,0.0,0.0,3,2,0,697
3,1,0,0,0,0.5,0.0,0.0,1.0,1.0,1,0,0,0,0.5,0.0,3,2,0,698
1,0,0,0,1,0.75,0.0,0.0,0.5,1.0,2,0,0,0,0.5,0.0,3,2,0,699
2,1,0,0,0,1.0,0.0,0.0,0.6666666666666666,1.0,3,0,0,0,0.5,0.0,3,2,0,700
3,1,0,0,0,0.125,0.0,0.0,0.0,0.0,0,0,0,0,0.0,0.0,3,3,0,701
1,2,0,0,0,0.25,0.0,0.0,0.0,0.0,1,0,0,0,0.0,0.0,3,3,0,702
3,6,1,1,1,0.375,0.0,0.0,0.0,0.0,2,0,0,0,0.0,0.0,3,3,0,703
2,0,0,0,0,0.5,0.3333333333333333,1.0,0.3333333333333333,1.0,3,1,0,1,0.5,0.3333333333333333,3,3,0,704
2,6,1,0,0,0.625,0.25,1.0,0.25,1.0,4,1,0,1,0.5,0.25,3,3,0,705
3,1,0,0,0,0.75,0.2,1.0,0.2,1.0,5,1,0,1,0.5,0.2,3,3,0,706
1,0,0,0,0,0.875,0.16666666666666666,1.0,0.16666666666666666,1.0,6,1,0,1,0.5,0.16666666666666666,3,3,0,707
3,0,0,0,0,1.0,0.14285714285714285,1.0,0.14285714285714285,1.0,7,1,0,1,0.5,0.14285714285714285,3,3,0,708
2,7,1,0,1,0.25,0.0,0.0,0.0,0.0,0,0,0,0,0.0,0.0,1,3,0,709
2,0,0,1,0,0.5,0.0,0.0,1.0,1.0,1,0,0,0,0.5,0.0,1,3,0,710
3,6,1,0,0,0.75,0.5,1.0,0.5,1.0,2,1,0,1,0.5,0.5,1,3,0,711
2,6,1,0,1,1.0,0.3333333333333333,1.0,0.3333333333333333,1.0,3,1,0,1,0.5,0.3333333333333333,1,3,0,712
3,0,0,1,0,0.1111,0.0,0.0,0.0,0.0,0,0,0,0,0.0,0.0,0,4,0,713
1,1,0,0,0,0.2222,1.0,1.0,0.0,0.0,1,1,0,1,0.0,1.0,0,4,0,714
1,2,0,1,1,0.3333,0.5,1.0,0.0,0.0,2,1,0,1,0.0,0.5,0,4,0,715
1,1,0,0,0,0.4444,0.6666666666666666,1.0,0.3333333333333333,1.0,3,2,0,2,0.5,0.6666666666666666,0,4,0,716
2,1,0,0,0,0.5556,0.5,1.0,0.25,1.0,4,2,0,2,0.5,0.5,0,4,0,717
1,0,0,0,0,0.6667,0.4,1.0,0.2,1.0,5,2,0,2,0.5,0.4,0,4,0,718
2,7,1,0,0,0.7778,0.3333333333333333,1.0,0.16666666666666666,1.0,6,2,0,2,0.5,0.3333333333333333,0,4,0,719
1,6,1,0,0,0.8889,0.2857142857142857,1.0,0.14285714285714285,1.0,7,2,0,2,0.5,0.2857142857142857,0,4,0,720
1,1,0,0,0,1.0,0.25,1.0,0.125,1.0,8,2,0,2,0.5,0.25,0,4,0,721
1,7,1,0,0,0.1667,0.0,0.0,0.0,0.0,0,0,0,0,0.0,0.0,3,3,0,722
1,2,0,1,0,0.3333,0.0,0.0,0.0,0.0,1,0,0,0,0.0,0.0,3,3,0,723
2,2,0,0,0,0.5,0.5,1.0,0.0,0.0,2,1,0,1,0.0,0.5,3,3,0,724
2,6,1,0,0,0.6667,0.3333333333333333,1.0,0.0,0.0,3,1,0,1,0.0,0.3333333333333333,3,3,0,725
1,7,1,0,0,0.8333,0.25,1.0,0.0,0.0,4,1,0,1,0.0,0.25,3,3,0,726
2,6,1,0,0,1.0,0.2,1.0,0.0,0.0,5,1,0,1,0.0,0.2,3,3,0,727
3,7,1,1,0,0.25,0.0,0.0,0.0,0.0,0,0,0,0,0.0,0.0,0,2,0,728
3,0,0,1,0,0.5,1.0,1.0,0.0,0.0,1,1,0,1,0.0,1.0,0,2,0,729
1,7,1,0,0,0.75,1.0,1.0,0.0,0.0,2,2,0,2,0.0,1.0,0,2,0,730
2,6,1,0,1,1.0,0.6666666666666666,1.0,0.0,0.0,3,2,0,2,0.0,0.6666666666666666,0,2,0,731
2,1,0,0,0,0.25,0.0,0.0,0.0,0.0,0,0,0,0,0.0,0.0,0,3,0,732
2,7,1,0,0,0.5,0.0,0.0,0.0,0.0,1,0,0,0,0.0,0.0,0,3,0,733
3,7,1,0,0,0.75,0.0,0.0,0.0,0.0,2,0,0,0,0.0,0.0,0,3,0,734
3,6,1,0,1,1.0,0.0,0.0,0.0,0.0,3,0,0,0,0.0,0.0,0,3,0,735
1,1,0,1,0,0.125,0.0,0.0,0.0,0.0,0,0,0,0,0.0,0.0,3,4,0,736
3,6,1,0,1,0.25,1.0,1.0,0.0,0.0,1,1,0,1,0.0,1.0,3,4,0,737
3,0,0,1,0,0.375,0.5,1.0,0.5,1.0,2,1,0,1,0.5,0.5,3,4,0,738
2,2,0,0,0,0.5,0.6666666666666666,1.0,0.3333333333333333,1.0,3,2,0,2,0.5,0.6666666666666666,3,4,0,739
2,2,0,0,1,0.625,0.5,1.0,0.25,1.0,4,2,0,2,0.5,0.5,3,4,0,740
1,6,1,1,0,0.75,0.4,1.0,0.4,1.0,5,2,0,2,0.5,0.4,3,4,0,741
3,1,0,0,0,0.875,0.5,1.0,0.3333333333333333,1.0,6,3,0,3,0.5,0.5,3,4,0,742
1,6,1,0,0,1.0,0.42857142857142855,1.0,0.2857142857142857,1.0,7,3,0,3,0.5,0.42857142857142855,3,4,0,743
3,6,1,0,0,0.2,0.0,0.0,0.0,0.0,0,0,0,0,0.0,0.0,3,2,0,744
1,1,0,0,1,0.4,0.0,0.0,0.0,0.0,1,0,0,0,0.0,0.0,3,2,0,745
2,6,1,0,1,0.6,0.0,0.0,0.5,1.0,2,0,0,0,0.5,0.0,3,2,0,746
3,0,0,0,0,0.8,0.0,0.0,0.6666666666666666,1.0,3,0,0,0,0.5,0.0,3,2,0,747
1,7,1,0,1,1.0,0.0,0.0,0.5,1.0,4,0,0,0,0.5,0.0,3,2,0,748
1,7,1,1,1,0.1111,0.0,0.0,0.0,0.0,0,0,0,0,0.0,0.0,1,3,0,749
2,7,1,0,0,0.2222,1.0,1.0,1.0,1.0,1,1,0,1,0.5,1.0,1,3,0,750
2,1,0,0,0,0.3333,0.5,1.0,0.5,1.0,2,1,0,1,0.5,0.5,1,3,0,751
3,1,0,0,0,0.4444,0.3333333333333333,1.0,0.3333333333333333,1.0,3,1,0,1,0.5,0.3333333333333333,1,3,0,752
2,2,0,0,1,0.5556,0.25,1.0,0.25,1.0,4,1,0,1,0.5,0.25,1,3,0,753
1,1,0,0,1,0.6667,0.2,1.0,0.4,1.0,5,1,0,1,0.5,0.2,1,3,0,754
2,2,0,0,0,0.7778,0.16666666666666666,1.0,0.5,1.0,6,1,0,1,0.5,0.16666666666666666,1,3,0,755
1,6,1,0,0,0.8889,0.14285714285714285,1.0,0.42857142857142855,1.0,7,1,0,1,0.5,0.14285714285714285,1,3,0,756
1,6,1,0,0,1.0,0.125,1.0,0.375,1.0,8,1,0,1,0.5,0.125,1,3,0,757
1,7,1,1,0,0.1111,0.0,0.0,0.0,0.0,0,0,0,0,0.0,0.0,1,4,0,758
2,6,1,0,0,0.2222,1.0,1.0,0.0,0.0,1,1,0,1,0.0,1.0,1,4,0,759
1,6,1,0,0,0.3333,0.5,1.0,0.0,0.0,2,1,0,1,0.0,0.5,1,4,0,760
1,6,1,0,0,0.4444,0.3333333333333333,1.0,0.0,0.0,3,1,0,1,0.0,0.3333333333333333,1,4,0,761
3,1,0,0,0,0.5556,0.25,1.0,0.0,0.0,4,1,0,1,0.0,0.25,1,4,0,762
3,6,1,0,0,0.6667,0.2,1.0,0.0,0.0,5,1,0,1,0.0,0.2,1,4,0,763
3,2,0,0,0,0.7778,0.16666666666666666,1.0,0.0,0.0,6,1,0,1,0.0,0.16666666666666666,1,4,0,764
1,7,1,1,0,0.8889,0.14285714285714285,1.0,0.0,0.0,7,1,0,1,0.0,0.14285714285714285,1,4,0,765
1,2,0,0,0,1.0,0.25,1.0,0.0,0.0,8,2,0,2,0.0,0.25,1,4,0,766
1,0,0,0,1,0.1667,0.0,0.0,0.0,0.0,0,0,0,0,0.0,0.0,1,3,0,767
1,6,1,0,1,0.3333,0.0,0.0,1.0,1.0,1,0,0,0,0.5,0.0,1,3,0,768
1,1,0,0,0,0.5,0.0,0.0,1.0,1.0,2,0,0,0,0.5,0.0,1,3,0,769
2,7,1,0,0,0.6667,0.0,0.0,0.6666666666666666,1.0,3,0,0,0,0.5,0.0,1,3,0,770
1,0,0,0,0,0.8333,0.0,0.0,0.5,1.0,4,0,0,0,0.5,0.0,1,3,0,771
1,0,0,1,0,1.0,0.0,0.0,0.4,1.0,5,0,0,0,0.5,0.0,1,3,0,772
2,7,1,1,0,0.1111,0.0,0.0,0.0,0.0,0,0,0,0,0.0,0.0,3,4,0,773
3,7,1,0,0,0.2222,1.0,1.0,0.0,0.0,1,1,0,1,0.0,1.0,3,4,0,774
3,0,0,0,1,0.3333,0.5,1.0,0.0,0.0,2,1,0,1,0.0,0.5,3,4,0,775
2,6,1,0,0,0.4444,0.3333333333333333,1.0,0.3333333333333333,1.0,3,1,0,1,0.5,0.3333333333333333,3,4,0,776
3,7,1,0,0,0.5556,0.25,1.0,0.25,1.0,4,1,0,1,0.5,0.25,3,4,0,777
1,0,0,0,0,0.6667,0.2,1.0,0.2,1.0,5,1,0,1,0.5,0.2,3,4,0,778
1,2,0,0,0,0.7778,0.16666666666666666,1.0,0.16666666666666666,1.0,6,1,0,1,0.5,0.16666666666666666,3,4,0,779
1,1,0,1,1,0.8889,0.14285714285714285,1.0,0.14285714285714285,1.0,7,1,0,1,0.5,0.14285714285714285,3,4,0,780
2,2,0,0,0,1.0,0.25,1.0,0.25,1.0,8,2,0,2,0.5,0.25,3,4,0,781
3,1,0,0,1,0.1,0.0,0.0,0.0,0.0,0,0,0,0,0.0,0.0,3,4,0,782
2,6,1,0,0,0.2,0.0,0.0,1.0,1.0,1,0,0,0,0.5,0.0,3,4,0,783
2,2,0,1,0,0.3,0.0,0.0,0.5,1.0,2,0,0,0,0.5,0.0,3,4,0,784
3,1,0,0,0,0.4,0.3333333333333333,1.0,0.3333333333333333,1.0,3,1,0,1,0.5,0.3333333333333333,3,4,0,785
1,1,0,1,0,0.5,0.25,1.0,0.25,1.0,4,1,0,1,0.5,0.25,3,4,0,786
3,6,1,0,0,0.6,0.4,1.0,0.2,1.0,5,2,0,2,0.5,0.4,3,4,0,787
3,2,0,1,1,0.7,0.3333333333333333,1.0,0.16666666666666666,1.0,6,2,0,2,0.5,0.3333333333333333,3,4,0,788
1,1,0,1,1,0.8,0.42857142857142855,1.0,0.2857142857142857,1.0,7,3,0,3,0.5,0.42857142857142855,3,4,0,789
1,0,0,0,1,0.9,0.5,1.0,0.375,1.0,8,4,0,4,0.5,0.5,3,4,0,790
2,0,0,0,0,1.0,0.4444444444444444,1.0,0.4444444444444444,1.0,9,4,0,4,0.5,0.4444444444444444,3,4,0,791
2,1,0,1,0,0.1,0.0,0.0,0.0,0.0,0,0,0,0,0.0,0.0,3,4,0,792
3,7,1,0,0,0.2,1.0,1.0,0.0,0.0,1,1,0,1,0.0,1.0,3,4,0,793
3,2,0,0,1,0.3,0.5,1.0,0.0,0.0,2,1,0,1,0.0,0.5,3,4,0,794
1,7,1,0,1,0.4,0.3333333333333333,1.0,0.3333333333333333,1.0,3,1,0,1,0.5,0.3333333333333333,3,4,0,795
2,6,1,0,0,0.5,0.25,1.0,0.5,1.0,4,1,0,1,0.5,0.25,3,4,0,796
2,6,1,1,0,0.6,0.2,1.0,0.4,1.0,5,1,0,1,0.5,0.2,3,4,0,797
3,0,0,0,0,0.7,0.3333333333333333,1.0,0.3333333333333333,1.0,6,2,0,2,0.5,0.3333333333333333,3,4,0,798
2,6,1,0,0,0.8,0.2857142857142857,1.0,0.2857142857142857,1.0,7,2,0,2,0.5,0.2857142857142857,3,4,0,799
1,1,0,0,0,0.9,0.25,1.0,0.25,1.0,8,2,0,2,0.5,0.25,3,4,0,800
1,0,0,1,0,1.0,0.2222222222222222,1.0,0.2222222222222222,1.0,9,2,0,2,0.5,0.2222222222222222,3,4,0,801
3,0,0,0,1,0.1111,0.0,0.0,0.0,0.0,0,0,0,0,0.0,0.0,0,4,0,802
2,6,1,0,0,0.2222,0.0,0.0,1.0,1.0,1,0,0,0,0.5,0.0,0,4,0,803
3,7,1,0,1,0.3333,0.0,0.0,0.5,1.0,2,0,0,0,0.5,0.0,0,4,0,804
2,7,1,0,0,0.4444,0.0,0.0,0.6666666666666666,1.0,3,0,0,0,0.5,0.0,0,4,0,805
1,1,0,0,0,0.5556,0.0,0.0,0.5,1.0,4,0,0,0,0.5,0.0,0,4,0,806
1,6,1,0,0,0.6667,0.0,0.0,0.4,1.0,5,0,0,0,0.5,0.0,0,4,0,807
2,7,1,0,0,0.7778,0.0,0.0,0.3333333333333333,1.0,6,0,0,0,0.5,0.0,0,4,0,808
3,6,1,0,0,0.8889,0.0,0.0,0.2857142857142857,1.0,7,0,0,0,0.5,0.0,0,4,0,809
1,6,1,1,0,1.0,0.0,0.0,0.25,1.0,8,0,0,0,0.5,0.0,0,4,0,810
1,2,0,1,0,0.2,0.0,0.0,0.0,0.0,0,0,0,0,0.0,0.0,0,4,0,811
2,7,1,0,1,0.4,1.0,1.0,0.0,0.0,1,1,0,1,0.0,1.0,0,4,0,812
2,7,1,0,0,0.6,0.5,1.0,0.5,1.0,2,1,0,1,0.5,0.5,0,4,0,813
3,6,1,0,1,0.8,0.3333333333333333,1.0,0.3333333333333333,1.0,3,1,0,1,0.5,0.3333333333333333,0,4,0,814
1,0,0,0,0,1.0,0.25,1.0,0.5,1.0,4,1,0,1,0.5,0.25,0,4,0,815
3,7,1,0,0,0.2,0.0,0.0,0.0,0.0,0,0,0,0,0.0,0.0,1,3,0,816
1,0,0,0,1,0.4,0.0,0.0,0.0,0.0,1,0,0,0,0.0,0.0,1,3,0,817
3,7,1,1,0,0.6,0.0,0.0,0.5,1.0,2,0,0,0,0.5,0.0,1,3,0,818
3,6,1,0,0,0.8,0.3333333333333333,1.0,0.3333333333333333,1.0,3,1,0,1,0.5,0.3333333333333333,1,3,0,819
2,1,0,0,1,1.0,0.25,1.0,0.25,1.0,4,1,0,1,0.5,0.25,1,3,0,820
3,2,0,0,0,0.1,0.0,0.0,0.0,0.0,0,0,0,0,0.0,0.0,2,4,0,821
3,1,0,0,1,0.2,0.0,0.0,0.0,0.0,1,0,0,0,0.0,0.0,2,4,0,822
1,7,1,0,0,0.3,0.0,0.0,0.5,1.0,2,0,0,0,0.5,0.0,2,4,0,823
3,7,1,0,1,0.4,0.0,0.0,0.3333333333333333,1.0,3,0,0,0,0.5,0.0,2,4,0,824
3,2,0,0,1,0.5,0.0,0.0,0.5,1.0,4,0,0,0,0.5,0.0,2,4,0,825
3,7,1,0,1,0.6,0.0,0.0,0.6,1.0,5,0,0,0,0.5,0.0,2,4,0,826
2,1,0,0,0,0.7,0.0,0.0,0.6666666666666666,1.0,6,0,0,0,0.5,0.0,2,4,0,827
2,2,0,1,0,0.8,0.0,0.0,0.5714285714285714,1.0,7,0,0,0,0.5,0.0,2,4,0,828
3,1,0,0,1,0.9,0.125,1.0,0.5,1.0,8,1,0,1,0.5,0.125,2,4,0,829
3,2,0,1,0,1.0,0.1111111111111111,1.0,0.5555555555555556,1.0,9,1,0,1,0.5,0.1111111111111111,2,4,0,830
2,6,1,1,0,0.2,0.0,0.0,0.0,0.0,0,0,0,0,0.0,0.0,3,3,0,831
2,6,1,0,0,0.4,1.0,1.0,0.0,0.0,1,1,0,1,0.0,1.0,3,3,0,832
1,0,0,1,1,0.6,0.5,1.0,0.0,0.0,2,1,0,1,0.0,0.5,3,3,0,833
2,2,0,0,0,0.8,0.6666666666666666,1.0,0.3333333333333333,1.0,3,2,0,2,0.5,0.6666666666666666,3,3,0,834
1,6,1,0,0,1.0,0.5,1.0,0.25,1.0,4,2,0,2,0.5,0.5,3,3,0,835
1,2,0,0,0,0.1111,0.0,0.0,0.0,0.0,0,0,0,0,0.0,0.0,1,2,0,836
1,1,0,0,0,0.2222,0.0,0.0,0.0,0.0,1,0,0,0,0.0,0.0,1,2,0,837
1,1,0,0,0,0.3333,0.0,0.0,0.0,0.0,2,0,0,0,0.0,0.0,1,2,0,838
2,7,1,0,0,0.4444,0.0,0.0,0.0,0.0,3,0,0,0,0.0,0.0,1,2,0,839
1,7,1,0,0,0.5556,0.0,0.0,0.0,0.0,4,0,0,0,0.0,0.0,1,2,0,840
3,0,0,0,1,0.6667,0.0,0.0,0.0,0.0,5,0,0,0,0.0,0.0,1,2,0,841
3,1,0,0,0,0.7778,0.0,0.0,0.16666666666666666,1.0,6,0,0,0,0.5,0.0,1,2,0,842
3,7,1,0,0,0.8889,0.0,0.0,0.14285714285714285,1.0,7,0,0,0,0.5,0.0,1,2,0,843
1,7,1,0,0,1.0,0.0,0.0,0.125,1.0,8,0,0,0,0.5,0.0,1,2,0,844
2,2,0,0,0,0.1,0.0,0.0,0.0,0.0,0,0,0,0,0.0,0.0,0,2,0,845
2,6,1,0,0,0.2,0.0,0.0,0.0,0.0,1,0,0,0,0.0,0.0,0,2,0,846
3,2,0,1,0,0.3,0.0,0.0,0.0,0.0,2,0,0,0,0.0,0.0,0,2,0,847
2,1,0,0,1,0.4,0.3333333333333333,1.0,0.0,0.0,3,1,0,1,0.0,0.3333333333333333,0,2,0,848
1,0,0,1,1,0.5,0.25,1.0,0.25,1.0,4,1,0,1,0.5,0.25,0,2,0,849
2,0,0,0,0,0.6,0.4,1.0,0.4,1.0,5,2,0,2,0.5,0.4,0,2,0,850
2,7,1,0,1,0.7,0.3333333333333333,1.0,0.3333333333333333,1.0,6,2,0,2,0.5,0.3333333333333333,0,2,0,851
3,1,0,1,0,0.8,0.2857142857142857,1.0,0.42857142857142855,1.0,7,2,0,2,0.5,0.2857142857142857,0,2,0,852
1,2,0,0,1,0.9,0.375,1.0,0.375,1.0,8,3,0,3,0.5,0.375,0,2,0,853
3,1,0,0,0,1.0,0.3333333333333333,1.0,0.4444444444444444,1.0,9,3,0,3,0.5,0.3333333333333333,0,2,0,854
1,0,0,0,0,0.2,0.0,0.0,0.0,0.0,0,0,0,0,0.0,0.0,0,2,0,855
2,0,0,0,0,0.4,0.0,0.0,0.0,0.0,1,0,0,0,0.0,0.0,0,2,0,856
2,0,0,0,0,0.6,0.0,0.0,0.0,0.0,2,0,0,0,0.0,0.0,0,2,0,857
1,6,1,0,0,0.8,0.0,0.0,0.0,0.0,3,0,0,0,0.0,0.0,0,2,0,858
2,2,0,0,0,1.0,0.0,0.0,0.0,0.0,4,0,0,0,0.0,0.0,0,2,0,859
2,7,1,0,0,0.125,0.0,0.0,0.0,0.0,0,0,0,0,0.0,0.0,1,4,0,860
2,7,1,1,0,0.25,0.0,0.0,0.0,0.0,1,0,0,0,0.0,0.0,1,4,0,861
1,1,0,0,0,0.375,0.5,1.0,0.0,0.0,2,1,0,1,0.0,0.5,1,4,0,862
3,7,1,1,1,0.5,0.3333333333333333,1.0,0.0,0.0,3,1,0,1,0.0,0.3333333333333333,1,4,0,863
2,2,0,0,0,0.625,0.5,1.0,0.25,1.0,4,2,0,2,0.5,0.5,1,4,0,864
1,6,1,0,0,0.75,0.4,1.0,0.2,1.0,5,2,0,2,0.5,0.4,1,4,0,865
1,0,0,0,0,0.875,0.3333333333333333,1.0,0.16666666666666666,1.0,6,2,0,2,0.5,0.3333333333333333,1,4,0,866
3,2,0,0,0,1.0,0.2857142857142857,1.0,0.14285714285714285,1.0,7,2,0,2,0.5,0.2857142857142857,1,4,0,867
1,6,1,0,0,0.1667,0.0,0.0,0.0,0.0,0,0,0,0,0.0,0.0,3,2,0,868
3,7,1,0,0,0.3333,0.0,0.0,0.0,0.0,1,0,0,0,0.0,0.0,3,2,0,869
1,0,0,0,0,0.5,0.0,0.0,0.0,0.0,2,0,0,0,0.0,0.0,3,2,0,870
3,7,1,1,0,0.6667,0.0,0.0,0.0,0.0,3,0,0,0,0.0,0.0,3,2,0,871
1,7,1,0,0,0.8333,0.25,1.0,0.0,0.0,4,1,0,1,0.0,0.25,3,2,0,872
3,7,1,0,0,1.0,0.2,1.0,0.0,0.0,5,1,0,1,0.0,0.2,3,2,0,873
3,2,0,0,0,0.2,0.0,0.0,0.0,0.0,0,0,0,0,0.0,0.0,2,2,0,874
3,0,0,0,1,0.4,0.0,0.0,0.0,0.0,1,0,0,0,0.0,0.0,2,2,0,875
1,2,0,1,0,0.6,0.0,0.0,0.5,1.0,2,0,0,0,0.5,0.0,2,2,0,876
2,2,0,0,0,0.8,0.3333333333333333,1.0,0.3333333333333333,1.0,3,1,0,1,0.5,0.3333333333333333,2,2,0,877
3,0,0,0,0,1.0,0.25,1.0,0.25,1.0,4,1,0,1,0.5,0.25,2,2,0,878
3,7,1,0,0,0.125,0.0,0.0,0.0,0.0,0,0,0,0,0.0,0.0,0,4,0,879
2,0,0,0,0,0.25,0.0,0.0,0.0,0.0,1,0,0,0,0.0,0.0,0,4,0,880
3,2,0,0,1,0.375,0.0,0.0,0.0,0.0,2,0,0,0,0.0,0.0,0,4,0,881
2,7,1,1,1,0.5,0.0,0.0,0.3333333333333333,1.0,3,0,0,0,0.5,0.0,0,4,0,882
1,2,0,0,1,0.625,0.25,1.0,0.5,1.0,4,1,0,1,0.5,0.25,0,4,0,883
2,1,0,0,0,0.75,0.2,1.0,0.6,1.0,5,1,0,1,0.5,0.2,0,4,0,884
1,6,1,0,0,0.875,0.16666666666666666,1.0,0.5,1.0,6,1,0,1,0.5,0.16666666666666666,0,4,0,885
3,2,0,1,1,1.0,0.14285714285714285,1.0,0.42857142857142855,1.0,7,1,0,1,0.5,0.14285714285714285,0,4,0,886
3,6,1,0,0,0.1429,0.0,0.0,0.0,0.0,0,0,0,0,0.0,0.0,1,4,0,887
1,6,1,0,1,0.2857,0.0,0.0,0.0,0.0,1,0,0,0,0.0,0.0,1,4,0,888
3,7,1,0,0,0.4286,0.0,0.0,0.5,1.0,2,0,0,0,0.5,0.0,1,4,0,889
1,7,1,1,1,0.5714,0.0,0.0,0.3333333333333333,1.0,3,0,0,0,0.5,0.0,1,4,0,890
1,6,1,0,1,0.7143,0.25,1.0,0.5,1.0,4,1,0,1,0.5,0.25,1,4,0,891
2,0,0,0,0,0.8571,0.2,1.0,0.6,1.0,5,1,0,1,0.5,0.2,1,4,0,892
1,2,0,0,0,1.0,0.16666666666666666,1.0,0.5,1.0,6,1,0,1,0.5,0.16666666666666666,1,4,0,893
2,6,1,0,0,0.2,0.0,0.0,0.0,0.0,0,0,0,0,0.0,0.0,1,4,0,894
1,7,1,0,1,0.4,0.0,0.0,0.0,0.0,1,0,0,0,0.0,0.0,1,4,0,895
3,0,0,0,1,0.6,0.0,0.0,0.5,1.0,2,0,0,0,0.5,0.0,1,4,0,896
1,7,1,0,0,0.8,0.0,0.0,0.6666666666666666,1.0,3,0,0,0,0.5,0.0,1,4,0,897
3,7,1,1,0,1.0,0.0,0.0,0.5,1.0,4,0,0,0,0.5,0.0,1,4,0,898
1,1,0,0,0,0.1,0.0,0.0,0.0,0.0,0,0,0,0,0.0,0.0,3,3,0,899
2,7,1,0,0,0.2,0.0,0.0,0.0,0.0,1,0,0,0,0.0,0.0,3,3,0,900
2,2,0,0,0,0.3,0.0,0.0,0.0,0.0,2,0,0,0,0.0,0.0,3,3,0,901
1,1,0,0,0,0.4,0.0,0.0,0.0,0.0,3,0,0,0,0.0,0.0,3,3,0,902
1,1,0,0,1,0.5,0.0,0.0,0.0,0.0,4,0,0,0,0.0,0.0,3,3,0,903
1,7,1,0,1,0.6,0.0,0.0,0.2,1.0,5,0,0,0,0.5,0.0,3,3,0,904
2,7,1,0,0,0.7,0.0,0.0,0.3333333333333333,1.0,6,0,0,0,0.5,0.0,3,3,0,905
1,0,0,0,0,0.8,0.0,0.0,0.2857142857142857,1.0,7,0,0,0,0.5,0.0,3,3,0,906
1,1,0,0,0,0.9,0.0,0.0,0.25,1.0,8,0,0,0,0.5,0.0,3,3,0,907
2,0,0,0,1,1.0,0.0,0.0,0.2222222222222222,1.0,9,0,0,0,0.5,0.0,3,3,0,908
2,6,1,1,0,0.1,0.0,0.0,0.0,0.0,0,0,0,0,0.0,0.0,3,4,0,909
1,6,1,0,0,0.2,1.0,1.0,0.0,0.0,1,1,0,1,0.0,1.0,3,4,0,910
2,6,1,0,0,0.3,0.5,1.0,0.0,0.0,2,1,0,1,0.0,0.5,3,4,0,911
3,2,0,1,0,0.4,0.3333333333333333,1.0,0.0,0.0,3,1,0,1,0.0,0.3333333333333333,3,4,0,912
2,6,1,0,1,0.5,0.5,1.0,0.0,0.0,4,2,0,2,0.0,0.5,3,4,0,913
1,2,0,1,0,0.6,0.4,1.0,0.2,1.0,5,2,0,2,0.5,0.4,3,4,0,914
1,0,0,0,0,0.7,0.5,1.0,0.16666666666666666,1.0,6,3,0,3,0.5,0.5,3,4,0,915
2,2,0,0,0,0.8,0.42857142857142855,1.0,0.14285714285714285,1.0,7,3,0,3,0.5,0.42857142857142855,3,4,0,916
2,1,0,0,1,0.9,0.375,1.0,0.125,1.0,8,3,0,3,0.5,0.375,3,4,0,917
3,0,0,0,0,1.0,0.3333333333333333,1.0,0.2222222222222222,1.0,9,3,0,3,0.5,0.3333333333333333,3,4,0,918
3,0,0,0,0,0.125,0.0,0.0,0.0,0.0,0,0,0,0,0.0,0.0,3,3,0,919
3,6,1,0,1,0.25,0.0,0.0,0.0,0.0,1,0,0,0,0.0,0.0,3,3,0,920
2,6,1,0,1,0.375,0.0,0.0,0.5,1.0,2,0,0,0,0.5,0.0,3,3,0,921
3,6,1,0,1,0.5,0.0,0.0,0.6666666666666666,1.0,3,0,0,0,0.5,0.0,3,3,0,922
1,0,0,1,0,0.625,0.0,0.0,0.75,1.0,4,0,0,0,0.5,0.0,3,3,0,923
1,7,1,0,0,0.75,0.2,1.0,0.6,1.0,5,1,0,1,0.5,0.2,3,3,0,924
3,0,0,0,0,0.875,0.16666666666666666,1.0,0.5,1.0,6,1,0,1,0.5,0.16666666666666666,3,3,0,925
2,0,0,0,1,1.0,0.14285714285714285,1.0,0.42857142857142855,1.0,7,1,0,1,0.5,0.14285714285714285,3,3,0,926
1,6,1,0,1,0.1,0.0,0.0,0.0,0.0,0,0,0,0,0.0,0.0,0,3,0,927
2,1,0,0,0,0.2,0.0,0.0,1.0,1.0,1,0,0,0,0.5,0.0,0,3,0,928
1,1,0,0,0,0.3,0.0,0.0,0.5,1.0,2,0,0,0,0.5,0.0,0,3,0,929
2,7,1,0,0,0.4,0.0,0.0,0.3333333333333333,1.0,3,0,0,0,0.5,0.0,0,3,0,930
1,0,0,1,1,0.5,0.0,0.0,0.25,1.0,4,0,0,0,0.5,0.0,0,3,0,931
3,6,1,0,1,0.6,0.2,1.0,0.4,1.0,5,1,0,1,0.5,0.2,0,3,0,932
3,1,0,0,0,0.7,0.16666666666666666,1.0,0.5,1.0,6,1,0,1,0.5,0.16666666666666666,0,3,0,933
2,1,0,0,0,0.8,0.14285714285714285,1.0,0.42857142857142855,1.0,7,1,0,1,0.5,0.14285714285714285,0,3,0,934
2,7,1,0,1,0.9,0.125,1.0,0.375,1.0,8,1,0,1,0.5,0.125,0,3,0,935
2,1,0,0,1,1.0,0.1111111111111111,1.0,0.4444444444444444,1.0,9,1,0,1,0.5,0.1111111111111111,0,3,0,936
1,6,1,0,0,0.2,0.0,0.0,0.0,0.0,0,0,0,0,0.0,0.0,1,4,0,937
3,7,1,0,1,0.4,0.0,0.0,0.0,0.0,1,0,0,0,0.0,0.0,1,4,0,938
1,2,0,0,0,0.6,0.0,0.0,0.5,1.0,2,0,0,0,0.5,0.0,1,4,0,939
2,6,1,1,0,0.8,0.0,0.0,0.3333333333333333,1.0,3,0,0,0,0.5,0.0,1,4,0,940
1,2,0,1,0,1.0,0.25,1.0,0.25,1.0,4,1,0,1,0.5,0.25,1,4,0,941
1,7,1,0,0,0.2,0.0,0.0,0.0,0.0,0,0,0,0,0.0,0.0,0,3,0,942
2,7,1,0,0,0.4,0.0,0.0,0.0,0.0,1,0,0,0,0.0,0.0,0,3,0,943
3,0,0,0,0,0.6,0.0,0.0,0.0,0.0,2,0,0,0,0.0,0.0,0,3,0,944
3,2,0,0,0,0.8,0.0,0.0,0.0,0.0,3,0,0,0,0.0,0.0,0,3,0,945
1,1,0,0,0,1.0,0.0,0.0,0.0,0.0,4,0,0,0,0.0,0.0,0,3,0,946
1,1,0,1,1,0.1429,0.0,0.0,0.0,0.0,0,0,0,0,0.0,0.0,3,2,0,947
2,1,0,1,1,0.2857,1.0,1.0,1.0,1.0,1,1,0,1,0.5,1.0,3,2,0,948
1,1,0,0,1,0.4286,1.0,1.0,1.0,1.0,2,2,0,2,0.5,1.0,3,2,0,949
3,1,0,0,1,0.5714,0.6666666666666666,1.0,1.0,1.0,3,2,0,2,0.5,0.6666666666666666,3,2,0,950
2,1,0,0,1,0.7143,0.5,1.0,1.0,1.0,4,2,0,2,0.5,0.5,3,2,0,951
1,7,1,0,0,0.8571,0.4,1.0,1.0,1.0,5,2,0,2,0.5,0.4,3,2,0,952
1,2,0,0,1,1.0,0.3333333333333333,1.0,0.8333333333333334,1.0,6,2,0,2,0.5,0.3333333333333333,3,2,0,953
2,2,0,1,0,0.1429,0.0,0.0,0.0,0.0,0,0,0,0,0.0,0.0,3,3,0,954
2,0,0,0,1,0.2857,1.0,1.0,0.0,0.0,1,1,0,1,0.0,1.0,3,3,0,955
2,7,1,1,0,0.4286,0.5,1.0,0.5,1.0,2,1,0,1,0.5,0.5,3,3,0,956
2,2,0,0,0,0.5714,0.6666666666666666,1.0,0.3333333333333333,1.0,3,2,0,2,0.5,0.6666666666666666,3,3,0,957
3,0,0,0,0,0.7143,0.5,1.0,0.25,1.0,4,2,0,2,0.5,0.5,3,3,0,958
3,7,1,0,0,0.8571,0.4,1.0,0.2,1.0,5,2,0,2,0.5,0.4,3,3,0,959
1,6,1,0,1,1.0,0.3333333333333333,1.0,0.16666666666666666,1.0,6,2,0,2,0.5,0.3333333333333333,3,3,0,960
2,6,1,1,0,0.25,0.0,0.0,0.0,0.0,0,0,0,0,0.0,0.0,0,3,0,961
2,1,0,0,0,0.5,1.0,1.0,0.0,0.0,1,1,0,1,0.0,1.0,0,3,0,962
1,2,0,0,0,0.75,0.5,1.0,0.0,0.0,2,1,0,1,0.0,0.5,0,3,0,963
1,2,0,0,0,1.0,0.3333333333333333,1.0,0.0,0.0,3,1,0,1,0.0,0.3333333333333333,0,3,0,964
1,2,0,0,1,0.125,0.0,0.0,0.0,0.0,0,0,0,0,0.0,0.0,1,3,0,965
2,6,1,0,0,0.25,0.0,0.0,1.0,1.0,1,0,0,0,0.5,0.0,1,3,0,966
2,0,0,0,0,0.375,0.0,0.0,0.5,1.0,2,0,0,0,0.5,0.0,1,3,0,967
2,2,0,0,0,0.5,0.0,0.0,0.3333333333333333,1.0,3,0,0,0,0.5,0.0,1,3,0,968
3,7,1,0,0,0.625,0.0,0.0,0.25,1.0,4,0,0,0,0.5,0.0,1,3,0,969
3,0,0,0,0,0.75,0.0,0.0,0.2,1.0,5,0,0,0,0.5,0.0,1,3,0,970
2,0,0,0,1,0.875,0.0,0.0,0.16666666666666666,1.0,6,0,0,0,0.5,0.0,1,3,0,971
1,6,1,0,0,1.0,0.0,0.0,0.2857142857142857,1.0,7,0,0,0,0.5,0.0,1,3,0,972
1,2,0,0,1,0.2,0.0,0.0,0.0,0.0,0,0,0,0,0.0,0.0,0,2,0,973
1,0,0,0,0,0.4,0.0,0.0,1.0,1.0,1,0,0,0,0.5,0.0,0,2,0,974
2,1,0,0,0,0.6,0.0,0.0,0.5,1.0,2,0,0,0,0.5,0.0,0,2,0,975
1,7,1,0,0,0.8,0.0,0.0,0.3333333333333333,1.0,3,0,0,0,0.5,0.0,0,2,0,976
2,6,1,0,0,1.0,0.0,0.0,0.25,1.0,4,0,0,0,0.5,0.0,0,2,0,977
2,0,0,0,0,0.125,0.0,0.0,0.0,0.0,0,0,0,0,0.0,0.0,3,4,0,978
3,6,1,0,1,0.25,0.0,0.0,0.0,0.0,1,0,0,0,0.0,0.0,3,4,0,979
1,6,1,1,0,0.375,0.0,0.0,0.5,1.0,2,0,0,0,0.5,0.0,3,4,0,980
1,6,1,0,0,0.5,0.3333333333333333,1.0,0.3333333333333333,1.0,3,1,0,1,0.5,0.3333333333333333,3,4,0,981
2,7,1,0,0,0.625,0.25,1.0,0.25,1.0,4,1,0,1,0.5,0.25,3,4,0,982
1,1,0,0,1,0.75,0.2,1.0,0.2,1.0,5,1,0,1,0.5,0.2,3,4,0,983
1,0,0,1,1,0.875,0.16666666666666666,1.0,0.3333333333333333,1.0,6,1,0,1,0.5,0.16666666666666666,3,4,0,984
1,1,0,0,0,1.0,0.2857142857142857,1.0,0.42857142857142855,1.0,7,2,0,2,0.5,0.2857142857142857,3,4,0,985
2,7,1,0,0,0.125,0.0,0.0,0.0,0.0,0,0,0,0,0.0,0.0,2,3,0,986
1,1,0,0,0,0.25,0.0,0.0,0.0,0.0,1,0,0,0,0.0,0.0,2,3,0,987
1,2,0,0,0,0.375,0.0,0.0,0.0,0.0,2,0,0,0,0.0,0.0,2,3,0,988
3,1,0,0,1,0.5,0.0,0.0,0.0,0.0,3,0,0,0,0.0,0.0,2,3,0,989
3,6,1,0,0,0.625,0.0,0.0,0.25,1.0,4,0,0,0,0.5,0.0,2,3,0,990
3,1,0,0,0,0.75,0.0,0.0,0.2,1.0,5,0,0,0,0.5,0.0,2,3,0,991
3,6,1,1,0,0.875,0.0,0.0,0.16666666666666666,1.0,6,0,0,0,0.5,0.0,2,3,0,992
1,7,1,0,1,1.0,0.14285714285714285,1.0,0.14285714285714285,1.0,7,1,0,1,0.5,0.14285714285714285,2,3,0,993
1,6,1,0,0,0.1429,0.0,0.0,0.0,0.0,0,0,0,0,0.0,0.0,1,2,0,994
3,7,1,0,0,0.2857,0.0,0.0,0.0,0.0,1,0,0,0,0.0,0.0,1,2,0,995
3,2,0,0,0,0.4286,0.0,0.0,0.0,0.0,2,0,0,0,0.0,0.0,1,2,0,996
2,1,0,0,0,0.5714,0.0,0.0,0.0,0.0,3,0,0,0,0.0,0.0,1,2,0,997
3,0,0,1,0,0.7143,0.0,0.0,0.0,0.0,4,0,0,0,0.0,0.0,1,2,0,998
1,1,0,0,0,0.8571,0.2,1.0,0.0,0.0,5,1,0,1,0.0,0.2,1,2,0,999
3,2,0,0,0,1.0,0.16666666666666666,1.0,0.0,0.0,6,1,0,1,0.0,0.16666666666666666,1,2,0,1000
2,7,1,0,1,0.2,0.0,0.0,0.0,0.0,0,0,0,0,0.0,0.0,2,4,0,1001
1,1,0,0,1,0.4,0.0,0.0,1.0,1.0,1,0,0,0,0.5,0.0,2,4,0,1002
2,1,0,0,1,0.6,0.0,0.0,1.0,1.0,2,0,0,0,0.5,0.0,2,4,0,1003
1,0,0,0,0,0.8,0.0,0.0,1.0,1.0,3,0,0,0,0.5,0.0,2,4,0,1004
1,2,0,0,0,1.0,0.0,0.0,0.75,1.0,4,0,0,0,0.5,0.0,2,4,0,1005
2,7,1,0,0,0.1429,0.0,0.0,0.0,0.0,0,0,0,0,0.0,0.0,3,2,0,1006
3,7,1,0,0,0.2857,0.0,0.0,0.0,0.0,1,0,0,0,0.0,0.0,3,2,0,1007
2,1,0,0,1,0.4286,0.0,0.0,0.0,0.0,2,0,0,0,0.0,0.0,3,2,0,1008
2,6,1,0,0,0.5714,0.0,0.0,0.3333333333333333,1.0,3,0,0,0,0.5,0.0,3,2,0,1009
1,6,1,0,0,0.7143,0.0,0.0,0.25,1.0,4,0,0,0,0.5,0.0,3,2,0,1010
3,0,0,0,0,0.8571,0.0,0.0,0.2,1.0,5,0,0,0,0.5,0.0,3,2,0,1011
3,2,0,0,1,1.0,0.0,0.0,0.16666666666666666,1.0,6,0,0,0,0.5,0.0,3,2,0,1012
1,6,1,0,0,0.1667,0.0,0.0,0.0,0.0,0,0,0,0,0.0,0.0,3,4,0,1013
3,1,0,0,0,0.3333,0.0,0.0,0.0,0.0,1,0,0,0,0.0,0.0,3,4,0,1014
2,2,0,1,1,0.5,0.0,0.0,0.0,0.0,2,0,0,0,0.0,0.0,3,4,0,1015
3,7,1,1,1,0.6667,0.3333333333333333,1.0,0.3333333333333333,1.0,3,1,0,1,0.5,0.3333333333333333,3,4,0,1016
2,7,1,1,0,0.8333,0.5,1.0,0.5,1.0,4,2,0,2,0.5,0.5,3,4,0,1017
3,6,1,0,0,1.0,0.6,1.0,0.4,1.0,5,3,0,3,0.5,0.6,3,4,0,1018
3,2,0,0,0,0.25,0.0,0.0,0.0,0.0,0,0,0,0,0.0,0.0,1,3,0,1019
3,6,1,0,0,0.5,0.0,0.0,0.0,0.0,1,0,0,0,0.0,0.0,1,3,0,1020
1,2,0,0,0,0.75,0.0,0.0,0.0,0.0,2,0,0,0,0.0,0.0,1,3,0,1021
1,2,0,0,0,1.0,0.0,0.0,0.0,0.0,3,0,0,0,0.0,0.0,1,3,0,1022
1,2,0,0,0,0.125,0.0,0.0,0.0,0.0,0,0,0,0,0.0,0.0,0,4,0,1023
1,2,0,0,1,0.25,0.0,0.0,0.0,0.0,1,0,0,0,0.0,0.0,0,4,0,1024
3,1,0,1,0,0.375,0.0,0.0,0.5,1.0,2,0,0,0,0.5,0.0,0,4,0,1025
2,7,1,0,0,0.5,0.3333333333333333,1.0,0.3333333333333333,1.0,3,1,0,1,0.5,0.3333333333333333,0,4,0,1026
1,1,0,0,0,0.625,0.25,1.0,0.25,1.0,4,1,0,1,0.5,0.25,0,4,0,1027
2,7,1,1,0,0.75,0.2,1.0,0.2,1.0,5,1,0,1,0.5,0.2,0,4,0,1028
1,0,0,0,0,0.875,0.3333333333333333,1.0,0.16666666666666666,1.0,6,2,0,2,0.5,0.3333333333333333,0,4,0,1029
1,2,0,0,0,1.0,0.2857142857142857,1.0,0.14285714285714285,1.0,7,2,0,2,0.5,0.2857142857142857,0,4,0,1030
3,7,1,0,1,0.125,0.0,0.0,0.0,0.0,0,0,0,0,0.0,0.0,2,2,0,1031
3,2,0,0,1,0.25,0.0,0.0,1.0,1.0,1,0,0,0,0.5,0.0,2,2,0,1032
1,0,0,0,1,0.375,0.0,0.0,1.0,1.0,2,0,0,0,0.5,0.0,2,2,0,1033
1,1,0,0,0,0.5,0.0,0.0,1.0,1.0,3,0,0,0,0.5,0.0,2,2,0,1034
3,1,0,0,0,0.625,0.0,0.0,0.75,1.0,4,0,0,0,0.5,0.0,2,2,0,1035
3,0,0,0,1,0.75,0.0,0.0,0.6,1.0,5,0,0,0,0.5,0.0,2,2,0,1036
2,0,0,0,0,0.875,0.0,0.0,0.6666666666666666,1.0,6,0,0,0,0.5,0.0,2,2,0,1037
2,0,0,0,0,1.0,0.0,0.0,0.5714285714285714,1.0,7,0,0,0,0.5,0.0,2,2,0,1038
3,6,1,0,1,0.25,0.0,0.0,0.0,0.0,0,0,0,0,0.0,0.0,3,2,0,1039
2,7,1,0,1,0.5,0.0,0.0,1.0,1.0,1,0,0,0,0.5,0.0,3,2,0,1040
3,2,0,0,0,0.75,0.0,0.0,1.0,1.0,2,0,0,0,0.5,0.0,3,2,0,1041
1,6,1,0,1,1.0,0.0,0.0,0.6666666666666666,1.0,3,0,0,0,0.5,0.0,3,2,0,1042
1,0,0,0,1,0.25,0.0,0.0,0.0,0.0,0,0,0,0,0.0,0.0,0,4,0,1043
1,7,1,1,0,0.5,0.0,0.0,1.0,1.0,1,0,0,0,0.5,0.0,0,4,0,1044
2,6,1,0,0,0.75,0.5,1.0,0.5,1.0,2,1,0,1,0.5,0.5,0,4,0,1045
2,2,0,0,0,1.0,0.3333333333333333,1.0,0.3333333333333333,1.0,3,1,0,1,0.5,0.3333333333333333,0,4,0,1046
2,7,1,0,0,0.1111,0.0,0.0,0.0,0.0,0,0,0,0,0.0,0.0,3,2,0,1047
2,0,0,0,0,0.2222,0.0,0.0,0.0,0.0,1,0,0,0,0.0,0.0,3,2,0,1048
2,6,1,0,0,0.3333,0.0,0.0,0.0,0.0,2,0,0,0,0.0,0.0,3,2,0,1049
2,1,0,1,0,0.4444,0.0,0.0,0.0,0.0,3,0,0,0,0.0,0.0,3,2,0,1050
2,2,0,0,0,0.5556,0.25,1.0,0.0,0.0,4,1,0,1,0.0,0.25,3,2,0,1051
3,0,0,1,1,0.6667,0.2,1.0,0.0,0.0,5,1,0,1,0.0,0.2,3,2,0,1052
1,1,0,0,0,0.7778,0.3333333333333333,1.0,0.16666666666666666,1.0,6,2,0,2,0.5,0.3333333333333333,3,2,0,1053
2,6,1,0,1,0.8889,0.2857142857142857,1.0,0.14285714285714285,1.0,7,2,0,2,0.5,0.2857142857142857,3,2,0,1054
3,6,1,0,0,1.0,0.25,1.0,0.25,1.0,8,2,0,2,0.5,0.25,3,2,0,1055
1,0,0,1,0,0.25,0.0,0.0,0.0,0.0,0,0,0,0,0.0,0.0,3,3,0,1056
1,0,0,0,0,0.5,1.0,1.0,0.0,0.0,1,1,0,1,0.0,1.0,3,3,0,1057
2,1,0,0,1,0.75,0.5,1.0,0.0,0.0,2,1,0,1,0.0,0.5,3,3,0,1058
2,1,0,1,0,1.0,0.3333333333333333,1.0,0.3333333333333333,1.0,3,1,0,1,0.5,0.3333333333333333,3,3,0,1059
2,2,0,0,0,0.1429,0.0,0.0,0.0,0.0,0,0,0,0,0.0,0.0,1,2,0,1060
2,2,0,1,1,0.2857,0.0,0.0,0.0,0.0,1,0,0,0,0.0,0.0,1,2,0,1061
2,7,1,1,0,0.4286,0.5,1.0,0.5,1.0,2,1,0,1,0.5,0.5,1,2,0,1062
2,7,1,0,1,0.5714,0.6666666666666666,1.0,0.3333333333333333,1.0,3,2,0,2,0.5,0.6666666666666666,1,2,0,1063
1,7,1,0,0,0.7143,0.5,1.0,0.5,1.0,4,2,0,2,0.5,0.5,1,2,0,1064
2,6,1,1,0,0.8571,0.4,1.0,0.4,1.0,5,2,0,2,0.5,0.4,1,2,0,1065
3,1,0,1,0,1.0,0.5,1.0,0.3333333333333333,1.0,6,3,0,3,0.5,0.5,1,2,0,1066
3,0,0,0,1,0.1,0.0,0.0,0.0,0.0,0,0,0,0,0.0,0.0,2,2,0,1067
1,1,0,1,0,0.2,0.0,0.0,1.0,1.0,1,0,0,0,0.5,0.0,2,2,0,1068
3,6,1,0,0,0.3,0.5,1.0,0.5,1.0,2,1,0,1,0.5,0.5,2,2,0,1069
1,6,1,0,1,0.4,0.3333333333333333,1.0,0.3333333333333333,1.0,3,1,0,1,0.5,0.3333333333333333,2,2,0,1070
2,6,1,0,0,0.5,0.25,1.0,0.5,1.0,4,1,0,1,0.5,0.25,2,2,0,1071
3,0,0,0,0,0.6,0.2,1.0,0.4,1.0,5,1,0,1,0.5,0.2,2,2,0,1072
3,0,0,1,0,0.7,0.16666666666666666,1.0,0.3333333333333333,1.0,6,1,0,1,0.5,0.16666666666666666,2,2,0,1073
3,2,0,0,0,0.8,0.2857142857142857,1.0,0.2857142857142857,1.0,7,2,0,2,0.5,0.2857142857142857,2,2,0,1074
1,6,1,1,1,0.9,0.25,1.0,0.25,1.0,8,2,0,2,0.5,0.25,2,2,0,1075
3,6,1,1,0,1.0,0.3333333333333333,1.0,0.3333333333333333,1.0,9,3,0,3,0.5,0.3333333333333333,2,2,0,1076
2,1,0,1,0,0.1429,0.0,0.0,0.0,0.0,0,0,0,0,0.0,0.0,1,2,0,1077
3,0,0,0,1,0.2857,1.0,1.0,0.0,0.0,1,1,0,1,0.0,1.0,1,2,0,1078
3,7,1,0,0,0.4286,0.5,1.0,0.5,1.0,2,1,0,1,0.5,0.5,1,2,0,1079
3,6,1,0,0,0.5714,0.3333333333333333,1.0,0.3333333333333333,1.0,3,1,0,1,0.5,0.3333333333333333,1,2,0,1080
3,2,0,1,1,0.7143,0.25,1.0,0.25,1.0,4,1,0,1,0.5,0.25,1,2,0,1081
3,7,1,0,0,0.8571,0.4,1.0,0.4,1.0,5,2,0,2,0.5,0.4,1,2,0,1082
1,1,0,0,0,1.0,0.3333333333333333,1.0,0.3333333333333333,1.0,6,2,0,2,0.5,0.3333333333333333,1,2,0,1083
2,6,1,0,0,0.1429,0.0,0.0,0.0,0.0,0,0,0,0,0.0,0.0,3,4,0,1084
3,7,1,1,1,0.2857,0.0,0.0,0.0,0.0,1,0,0,0,0.0,0.0,3,4,0,1085
2,1,0,0,0,0.4286,0.5,1.0,0.5,1.0,2,1,0,1,0.5,0.5,3,4,0,1086
3,7,1,1,0,0.5714,0.3333333333333333,1.0,0.3333333333333333,1.0,3,1,0,1,0.5,0.3333333333333333,3,4,0,1087
2,6,1,0,1,0.7143,0.5,1.0,0.25,1.0,4,2,0,2,0.5,0.5,3,4,0,1088
2,2,0,0,0,0.8571,0.4,1.0,0.4,1.0,5,2,0,2,0.5,0.4,3,4,0,1089
3,2,0,0,0,1.0,0.3333333333333333,1.0,0.3333333333333333,1.0,6,2,0,2,0.5,0.3333333333333333,3,4,0,1090
3,1,0,0,1,0.1429,0.0,0.0,0.0,0.0,0,0,0,0,0.0,0.0,1,2,0,1091
3,1,0,1,0,0.2857,0.0,0.0,1.0,1.0,1,0,0,0,0.5,0.0,1,2,0,1092
1,2,0,0,0,0.4286,0.5,1.0,0.5,1.0,2,1,0,1,0.5,0.5,1,2,0,1093
2,7,1,0,0,0.5714,0.3333333333333333,1.0,0.3333333333333333,1.0,3,1,0,1,0.5,0.3333333333333333,1,2,0,1094
2,0,0,0,1,0.7143,0.25,1.0,0.25,1.0,4,1,0,1,0.5,0.25,1,2,0,1095
2,6,1,0,1,0.8571,0.2,1.0,0.4,1.0,5,1,0,1,0.5,0.2,1,2,0,1096
3,2,0,0,0,1.0,0.16666666666666666,1.0,0.5,1.0,6,1,0,1,0.5,0.16666666666666666,1,2,0,1097
2,2,0,0,1,0.1111,0.0,0.0,0.0,0.0,0,0,0,0,0.0,0.0,1,2,0,1098
3,0,0,0,0,0.2222,0.0,0.0,1.0,1.0,1,0,0,0,0.5,0.0,1,2,0,1099
2,6,1,1,0,0.3333,0.0,0.0,0.5,1.0,2,0,0,0,0.5,0.0,1,2,0,1100
2,1,0,1,0,0.4444,0.3333333333333333,1.0,0.3333333333333333,1.0,3,1,0,1,0.5,0.3333333333333333,1,2,0,1101
3,1,0,0,1,0.5556,0.5,1.0,0.25,1.0,4,2,0,2,0.5,0.5,1,2,0,1102
1,0,0,0,0,0.6667,0.4,1.0,0.4,1.0,5,2,0,2,0.5,0.4,1,2,0,1103
1,1,0,0,1,0.7778,0.3333333333333333,1.0,0.3333333333333333,1.0,6,2,0,2,0.5,0.3333333333333333,1,2,0,1104
2,7,1,0,0,0.8889,0.2857142857142857,1.0,0.42857142857142855,1.0,7,2,0,2,0.5,0.2857142857142857,1,2,0,1105
2,6,1,0,0,1.0,0.25,1.0,0.375,1.0,8,2,0,2,0.5,0.25,1,2,0,1106
2,6,1,0,0,0.1,0.0,0.0,0.0,0.0,0,0,0,0,0.0,0.0,0,4,0,1107
2,1,0,0,1,0.2,0.0,0.0,0.0,0.0,1,0,0,0,0.0,0.0,0,4,0,1108
3,6,1,0,0,0.3,0.0,0.0,0.5,1.0,2,0,0,0,0.5,0.0,0,4,0,1109
2,6,1,0,0,0.4,0.0,0.0,0.3333333333333333,1.0,3,0,0,0,0.5,0.0,0,4,0,1110
2,7,1,0,0,0.5,0.0,0.0,0.25,1.0,4,0,0,0,0.5,0.0,0,4,0,1111
2,1,0,0,1,0.6,0.0,0.0,0.2,1.0,5,0,0,0,0.5,0.0,0,4,0,1112
2,1,0,0,0,0.7,0.0,0.0,0.3333333333333333,1.0,6,0,0,0,0.5,0.0,0,4,0,1113
2,1,0,0,0,0.8,0.0,0.0,0.2857142857142857,1.0,7,0,0,0,0.5,0.0,0,4,0,1114
2,2,0,0,0,0.9,0.0,0.0,0.25,1.0,8,0,0,0,0.5,0.0,0,4,0,1115
2,6,1,1,0,1.0,0.0,0.0,0.2222222222222222,1.0,9,0,0,0,0.5,0.0,0,4,0,1116
1,6,1,0,0,0.1429,0.0,0.0,0.0,0.0,0,0,0,0,0.0,0.0,0,4,0,1117
1,2,0,0,1,0.2857,0.0,0.0,0.0,0.0,1,0,0,0,0.0,0.0,0,4,0,1118
1,0,0,0,0,0.4286,0.0,0.0,0.5,1.0,2,0,0,0,0.5,0.0,0,4,0,1119
1,7,1,1,0,0.5714,0.0,0.0,0.3333333333333333,1.0,3,0,0,0,0.5,0.0,0,4,0,1120
2,0,0,0,0,0.7143,0.25,1.0,0.25,1.0,4,1,0,1,0.5,0.25,0,4,0,1121
1,2,0,0,0,0.8571,0.2,1.0,0.2,1.0,5,1,0,1,0.5,0.2,0,4,0,1122
2,1,0,0,1,1.0,0.16666666666666666,1.0,0.16666666666666666,1.0,6,1,0,1,0.5,0.16666666666666666,0,4,0,1123
2,7,1,0,0,0.1111,0.0,0.0,0.0,0.0,0,0,0,0,0.0,0.0,0,2,0,1124
1,6,1,0,0,0.2222,0.0,0.0,0.0,0.0,1,0,0,0,0.0,0.0,0,2,0,1125
2,1,0,1,1,0.3333,0.0,0.0,0.0,0.0,2,0,0,0,0.0,0.0,0,2,0,1126
3,0,0,0,0,0.4444,0.3333333333333333,1.0,0.3333333333333333,1.0,3,1,0,1,0.5,0.3333333333333333,0,2,0,1127
2,7,1,1,1,0.5556,0.25,1.0,0.25,1.0,4,1,0,1,0.5,0.25,0,2,0,1128
2,0,0,0,1,0.6667,0.4,1.0,0.4,1.0,5,2,0,2,0.5,0.4,0,2,0,1129
2,2,0,0,0,0.7778,0.3333333333333333,1.0,0.5,1.0,6,2,0,2,0.5,0.3333333333333333,0,2,0,1130
1,7,1,0,0,0.8889,0.2857142857142857,1.0,0.42857142857142855,1.0,7,2,0,2,0.5,0.2857142857142857,0,2,0,1131
2,7,1,0,0,1.0,0.25,1.0,0.375,1.0,8,2,0,2,0.5,0.25,0,2,0,1132
2,7,1,0,0,0.1429,0.0,0.0,0.0,0.0,0,0,0,0,0.0,0.0,2,3,0,1133
1,6,1,0,1,0.2857,0.0,0.0,0.0,0.0,1,0,0,0,0.0,0.0,2,3,0,1134
3,2,0,0,0,0.4286,0.0,0.0,0.5,1.0,2,0,0,0,0.5,0.0,2,3,0,1135
1,6,1,1,0,0.5714,0.0,0.0,0.3333333333333333,1.0,3,0,0,0,0.5,0.0,2,3,0,1136
3,1,0,0,0,0.7143,0.25,1.0,0.25,1.0,4,1,0,1,0.5,0.25,2,3,0,1137
1,1,0,0,0,0.8571,0.2,1.0,0.2,1.0,5,1,0,1,0.5,0.2,2,3,0,1138
1,1,0,0,0,1.0,0.16666666666666666,1.0,0.16666666666666666,1.0,6,1,0,1,0.5,0.16666666666666666,2,3,0,1139
1,1,0,0,1,0.25,0.0,0.0,0.0,0.0,0,0,0,0,0.0,0.0,3,4,0,1140
1,6,1,0,1,0.5,0.0,0.0,1.0,1.0,1,0,0,0,0.5,0.0,3,4,0,1141
3,2,0,0,0,0.75,0.0,0.0,1.0,1.0,2,0,0,0,0.5,0.0,3,4,0,1142
2,0,0,0,0,1.0,0.0,0.0,0.6666666666666666,1.0,3,0,0,0,0.5,0.0,3,4,0,1143
3,1,0,0,0,0.2,0.0,0.0,0.0,0.0,0,0,0,0,0.0,0.0,2,3,0,1144
3,6,1,1,0,0.4,0.0,0.0,0.0,0.0,1,0,0,0,0.0,0.0,2,3,0,1145
2,6,1,0,0,0.6,0.5,1.0,0.0,0.0,2,1,0,1,0.0,0.5,2,3,0,1146
2,6,1,0,0,0.8,0.3333333333333333,1.0,0.0,0.0,3,1,0,1,0.0,0.3333333333333333,2,3,0,1147
3,0,0,0,0,1.0,0.25,1.0,0.0,0.0,4,1,0,1,0.0,0.25,2,3,0,1148
2,7,1,0,0,0.1,0.0,0.0,0.0,0.0,0,0,0,0,0.0,0.0,3,2,0,1149
1,0,0,0,0,0.2,0.0,0.0,0.0,0.0,1,0,0,0,0.0,0.0,3,2,0,1150
3,7,1,0,0,0.3,0.0,0.0,0.0,0.0,2,0,0,0,0.0,0.0,3,2,0,1151
3,2,0,0,0,0.4,0.0,0.0,0.0,0.0,3,0,0,0,0.0,0.0,3,2,0,1152
2,6,1,0,0,0.5,0.0,0.0,0.0,0.0,4,0,0,0,0.0,0.0,3,2,0,1153
3,2,0,0,0,0.6,0.0,0.0,0.0,0.0,5,0,0,0,0.0,0.0,3,2,0,1154
2,6,1,0,0,0.7,0.0,0.0,0.0,0.0,6,0,0,0,0.0,0.0,3,2,0,1155
3,1,0,1,0,0.8,0.0,0.0,0.0,0.0,7,0,0,0,0.0,0.0,3,2,0,1156
2,6,1,0,0,0.9,0.125,1.0,0.0,0.0,8,1,0,1,0.0,0.125,3,2,0,1157
3,1,0,0,0,1.0,0.1111111111111111,1.0,0.0,0.0,9,1,0,1,0.0,0.1111111111111111,3,2,0,1158
3,6,1,0,0,0.1111,0.0,0.0,0.0,0.0,0,0,0,0,0.0,0.0,1,4,0,1159
2,2,0,0,0,0.2222,0.0,0.0,0.0,0.0,1,0,0,0,0.0,0.0,1,4,0,1160
3,6,1,0,0,0.3333,0.0,0.0,0.0,0.0,2,0,0,0,0.0,0.0,1,4,0,1161
3,6,1,1,0,0.4444,0.0,0.0,0.0,0.0,3,0,0,0,0.0,0.0,1,4,0,1162
2,1,0,0,0,0.5556,0.25,1.0,0.0,0.0,4,1,0,1,0.0,0.25,1,4,0,1163
1,6,1,0,0,0.6667,0.2,1.0,0.0,0.0,5,1,0,1,0.0,0.2,1,4,0,1164
2,6,1,0,0,0.7778,0.16666666666666666,1.0,0.0,0.0,6,1,0,1,0.0,0.16666666666666666,1,4,0,1165
2,6,1,0,0,0.8889,0.14285714285714285,1.0,0.0,0.0,7,1,0,1,0.0,0.14285714285714285,1,4,0,1166
2,7,1,0,0,1.0,0.125,1.0,0.0,0.0,8,1,0,1,0.0,0.125,1,4,0,1167
2,1,0,0,1,0.1667,0.0,0.0,0.0,0.0,0,0,0,0,0.0,0.0,3,2,0,1168
1,6,1,0,0,0.3333,0.0,0.0,1.0,1.0,1,0,0,0,0.5,0.0,3,2,0,1169
3,2,0,0,0,0.5,0.0,0.0,0.5,1.0,2,0,0,0,0.5,0.0,3,2,0,1170
2,0,0,0,0,0.6667,0.0,0.0,0.3333333333333333,1.0,3,0,0,0,0.5,0.0,3,2,0,1171
3,7,1,0,1,0.8333,0.0,0.0,0.25,1.0,4,0,0,0,0.5,0.0,3,2,0,1172
2,0,0,0,0,1.0,0.0,0.0,0.4,1.0,5,0,0,0,0.5,0.0,3,2,0,1173
2,2,0,0,1,0.2,0.0,0.0,0.0,0.0,0,0,0,0,0.0,0.0,0,3,0,1174
1,6,1,1,1,0.4,0.0,0.0,1.0,1.0,1,0,0,0,0.5,0.0,0,3,0,1175
2,2,0,0,0,0.6,0.5,1.0,1.0,1.0,2,1,0,1,0.5,0.5,0,3,0,1176
2,6,1,0,1,0.8,0.3333333333333333,1.0,0.6666666666666666,1.0,3,1,0,1,0.5,0.3333333333333333,0,3,0,1177
3,1,0,0,0,1.0,0.25,1.0,0.75,1.0,4,1,0,1,0.5,0.25,0,3,0,1178
3,6,1,0,0,0.2,0.0,0.0,0.0,0.0,0,0,0,0,0.0,0.0,3,3,0,1179
1,0,0,0,0,0.4,0.0,0.0,0.0,0.0,1,0,0,0,0.0,0.0,3,3,0,1180
3,0,0,0,0,0.6,0.0,0.0,0.0,0.0,2,0,0,0,0.0,0.0,3,3,0,1181
2,1,0,0,1,0.8,0.0,0.0,0.0,0.0,3,0,0,0,0.0,0.0,3,3,0,1182
2,0,0,0,0,1.0,0.0,0.0,0.25,1.0,4,0,0,0,0.5,0.0,3,3,0,1183
3,1,0,0,0,0.125,0.0,0.0,0.0,0.0,0,0,0,0,0.0,0.0,1,4,0,1184
3,2,0,0,0,0.25,0.0,0.0,0.0,0.0,1,0,0,0,0.0,0.0,1,4,0,1185
3,6,1,0,0,0.375,0.0,0.0,0.0,0.0,2,0,0,0,0.0,0.0,1,4,0,1186
1,2,0,1,0,0.5,0.0,0.0,0.0,0.0,3,0,0,0,0.0,0.0,1,4,0,1187
2,0,0,0,0,0.625,0.25,1.0,0.0,0.0,4,1,0,1,0.0,0.25,1,4,0,1188
2,7,1,0,0,0.75,0.2,1.0,0.0,0.0,5,1,0,1,0.0,0.2,1,4,0,1189
2,6,1,0,1,0.875,0.16666666666666666,1.0,0.0,0.0,6,1,0,1,0.0,0.16666666666666666,1,4,0,1190
3,2,0,1,1,1.0,0.14285714285714285,1.0,0.14285714285714285,1.0,7,1,0,1,0.5,0.14285714285714285,1,4,0,1191
2,6,1,0,0,0.125,0.0,0.0,0.0,0.0,0,0,0,0,0.0,0.0,0,3,0,1192
2,1,0,0,0,0.25,0.0,0.0,0.0,0.0,1,0,0,0,0.0,0.0,0,3,0,1193
3,1,0,0,0,0.375,0.0,0.0,0.0,0.0,2,0,0,0,0.0,0.0,0,3,0,1194
3,7,1,1,0,0.5,0.0,0.0,0.0,0.0,3,0,0,0,0.0,0.0,0,3,0,1195
3,0,0,0,0,0.625,0.25,1.0,0.0,0.0,4,1,0,1,0.0,0.25,0,3,0,1196
1,2,0,0,0,0.75,0.2,1.0,0.0,0.0,5,1,0,1,0.0,0.2,0,3,0,1197
1,1,0,1,0,0.875,0.16666666666666666,1.0,0.0,0.0,6,1,0,1,0.0,0.16666666666666666,0,3,0,1198
2,0,0,0,0,1.0,0.2857142857142857,1.0,0.0,0.0,7,2,0,2,0.0,0.2857142857142857,0,3,0,1199
1,2,0,0,0,0.1,0.0,0.0,0.0,0.0,0,0,0,0,0.0,0.0,2,2,0,1200
2,7,1,0,1,0.2,0.0,0.0,0.0,0.0,1,0,0,0,0.0,0.0,2,2,0,1201
2,6,1,0,1,0.3,0.0,0.0,0.5,1.0,2,0,0,0,0.5,0.0,2,2,0,1202
1,2,0,0,0,0.4,0.0,0.0,0.6666666666666666,1.0,3,0,0,0,0.5,0.0,2,2,0,1203
3,0,0,0,0,0.5,0.0,0.0,0.5,1.0,4,0,0,0,0.5,0.0,2,2,0,1204
1,6,1,0,0,0.6,0.0,0.0,0.4,1.0,5,0,0,0,0.5,0.0,2,2,0,1205
2,1,0,0,0,0.7,0.0,0.0,0.3333333333333333,1.0,6,0,0,0,0.5,0.0,2,2,0,1206
1,6,1,0,1,0.8,0.0,0.0,0.2857142857142857,1.0,7,0,0,0,0.5,0.0,2,2,0,1207
3,0,0,0,0,0.9,0.0,0.0,0.375,1.0,8,0,0,0,0.5,0.0,2,2,0,1208
3,6,1,1,0,1.0,0.0,0.0,0.3333333333333333,1.0,9,0,0,0,0.5,0.0,2,2,0,1209
1,7,1,0,1,0.125,0.0,0.0,0.0,0.0,0,0,0,0,0.0,0.0,1,3,0,1210
2,0,0,0,0,0.25,0.0,0.0,1.0,1.0,1,0,0,0,0.5,0.0,1,3,0,1211
1,0,0,0,0,0.375,0.0,0.0,0.5,1.0,2,0,0,0,0.5,0.0,1,3,0,1212
1,0,0,0,0,0.5,0.0,0.0,0.3333333333333333,1.0,3,0,0,0,0.5,0.0,1,3,0,1213
2,2,0,0,1,0.625,0.0,0.0,0.25,1.0,4,0,0,0,0.5,0.0,1,3,0,1214
3,6,1,0,0,0.75,0.0,0.0,0.4,1.0,5,0,0,0,0.5,0.0,1,3,0,1215
1,1,0,0,0,0.875,0.0,0.0,0.3333333333333333,1.0,6,0,0,0,0.5,0.0,1,3,0,1216
1,0,0,0,1,1.0,0.0,0.0,0.2857142857142857,1.0,7,0,0,0,0.5,0.0,1,3,0,1217
1,6,1,0,0,0.1429,0.0,0.0,0.0,0.0,0,0,0,0,0.0,0.0,0,4,0,1218
1,0,0,0,1,0.2857,0.0,0.0,0.0,0.0,1,0,0,0,0.0,0.0,0,4,0,1219
2,0,0,0,0,0.4286,0.0,0.0,0.5,1.0,2,0,0,0,0.5,0.0,0,4,0,1220
1,2,0,0,0,0.5714,0.0,0.0,0.3333333333333333,1.0,3,0,0,0,0.5,0.0,0,4,0,1221
1,6,1,1,1,0.7143,0.0,0.0,0.25,1.0,4,0,0,0,0.5,0.0,0,4,0,1222
2,7,1,0,0,0.8571,0.2,1.0,0.4,1.0,5,1,0,1,0.5,0.2,0,4,0,1223
1,2,0,0,0,1.0,0.16666666666666666,1.0,0.3333333333333333,1.0,6,1,0,1,0.5,0.16666666666666666,0,4,0,1224
3,7,1,0,1,0.1667,0.0,0.0,0.0,0.0,0,0,0,0,0.0,0.0,2,2,0,1225
2,2,0,0,0,0.3333,0.0,0.0,1.0,1.0,1,0,0,0,0.5,0.0,2,2,0,1226
1,6,1,0,0,0.5,0.0,0.0,0.5,1.0,2,0,0,0,0.5,0.0,2,2,0,1227
2,6,1,0,0,0.6667,0.0,0.0,0.3333333333333333,1.0,3,0,0,0,0.5,0.0,2,2,0,1228
2,1,0,0,0,0.8333,0.0,0.0,0.25,1.0,4,0,0,0,0.5,0.0,2,2,0,1229
1,1,0,0,0,1.0,0.0,0.0,0.2,1.0,5,0,0,0,0.5,0.0,2,2,0,1230
3,2,0,0,1,0.25,0.0,0.0,0.0,0.0,0,0,0,0,0.0,0.0,2,2,0,1231
3,6,1,0,1,0.5,0.0,0.0,1.0,1.0,1,0,0,0,0.5,0.0,2,2,0,1232
3,0,0,1,0,0.75,0.0,0.0,1.0,1.0,2,0,0,0,0.5,0.0,2,2,0,1233
2,1,0,0,0,1.0,0.3333333333333333,1.0,0.6666666666666666,1.0,3,1,0,1,0.5,0.3333333333333333,2,2,0,1234
2,7,1,0,0,0.1429,0.0,0.0,0.0,0.0,0,0,0,0,0.0,0.0,2,2,0,1235
2,0,0,0,0,0.2857,0.0,0.0,0.0,0.0,1,0,0,0,0.0,0.0,2,2,0,1236
3,2,0,0,1,0.4286,0.0,0.0,0.0,0.0,2,0,0,0,0.0,0.0,2,2,0,1237
1,7,1,1,1,0.5714,0.0,0.0,0.3333333333333333,1.0,3,0,0,0,0.5,0.0,2,2,0,1238
1,0,0,0,0,0.7143,0.25,1.0,0.5,1.0,4,1,0,1,0.5,0.25,2,2,0,1239
1,2,0,0,0,0.8571,0.2,1.0,0.4,1.0,5,1,0,1,0.5,0.2,2,2,0,1240
1,0,0,0,1,1.0,0.16666666666666666,1.0,0.3333333333333333,1.0,6,1,0,1,0.5,0.16666666666666666,2,2,0,1241
1,7,1,1,0,0.125,0.0,0.0,0.0,0.0,0,0,0,0,0.0,0.0,3,3,0,1242
3,2,0,1,1,0.25,1.0,1.0,0.0,0.0,1,1,0,1,0.0,1.0,3,3,0,1243
1,6,1,1,0,0.375,1.0,1.0,0.5,1.0,2,2,0,2,0.5,1.0,3,3,0,1244
2,1,0,1,0,0.5,1.0,1.0,0.3333333333333333,1.0,3,3,0,3,0.5,1.0,3,3,0,1245
1,1,0,0,0,0.625,1.0,1.0,0.25,1.0,4,4,0,4,0.5,1.0,3,3,0,1246
2,1,0,0,0,0.75,0.8,1.0,0.2,1.0,5,4,0,4,0.5,0.8,3,3,0,1247
2,1,0,1,1,0.875,0.6666666666666666,1.0,0.16666666666666666,1.0,6,4,0,4,0.5,0.6666666666666666,3,3,0,1248
2,0,0,0,0,1.0,0.7142857142857143,1.0,0.2857142857142857,1.0,7,5,0,5,0.5,0.7142857142857143,3,3,0,1249
3,6,1,1,1,0.2,0.0,0.0,0.0,0.0,0,0,0,0,0.0,0.0,1,3,0,1250
3,7,1,0,0,0.4,1.0,1.0,1.0,1.0,1,1,0,1,0.5,1.0,1,3,0,1251
3,2,0,0,0,0.6,0.5,1.0,0.5,1.0,2,1,0,1,0.5,0.5,1,3,0,1252
2,2,0,1,1,0.8,0.3333333333333333,1.0,0.3333333333333333,1.0,3,1,0,1,0.5,0.3333333333333333,1,3,0,1253
2,6,1,0,0,1.0,0.5,1.0,0.5,1.0,4,2,0,2,0.5,0.5,1,3,0,1254
1,7,1,0,0,0.125,0.0,0.0,0.0,0.0,0,0,0,0,0.0,0.0,1,3,0,1255
2,7,1,0,0,0.25,0.0,0.0,0.0,0.0,1,0,0,0,0.0,0.0,1,3,0,1256
3,1,0,1,0,0.375,0.0,0.0,0.0,0.0,2,0,0,0,0.0,0.0,1,3,0,1257
3,0,0,0,0,0.5,0.3333333333333333,1.0,0.0,0.0,3,1,0,1,0.0,0.3333333333333333,1,3,0,1258
1,2,0,0,0,0.625,0.25,1.0,0.0,0.0,4,1,0,1,0.0,0.25,1,3,0,1259
2,7,1,1,0,0.75,0.2,1.0,0.0,0.0,5,1,0,1,0.0,0.2,1,3,0,1260
2,7,1,0,0,0.875,0.3333333333333333,1.0,0.0,0.0,6,2,0,2,0.0,0.3333333333333333,1,3,0,1261
3,6,1,0,0,1.0,0.2857142857142857,1.0,0.0,0.0,7,2,0,2,0.0,0.2857142857142857,1,3,0,1262
2,0,0,0,1,0.1,0.0,0.0,0.0,0.0,0,0,0,0,0.0,0.0,1,2,0,1263
3,6,1,0,0,0.2,0.0,0.0,1.0,1.0,1,0,0,0,0.5,0.0,1,2,0,1264
2,6,1,0,0,0.3,0.0,0.0,0.5,1.0,2,0,0,0,0.5,0.0,1,2,0,1265
3,2,0,0,0,0.4,0.0,0.0,0.3333333333333333,1.0,3,0,0,0,0.5,0.0,1,2,0,1266
3,6,1,0,1,0.5,0.0,0.0,0.25,1.0,4,0,0,0,0.5,0.0,1,2,0,1267
1,1,0,0,0,0.6,0.0,0.0,0.4,1.0,5,0,0,0,0.5,0.0,1,2,0,1268
2,2,0,0,0,0.7,0.0,0.0,0.3333333333333333,1.0,6,0,0,0,0.5,0.0,1,2,0,1269
2,2,0,0,0,0.8,0.0,0.0,0.2857142857142857,1.0,7,0,0,0,0.5,0.0,1,2,0,1270
2,0,0,1,1,0.9,0.0,0.0,0.25,1.0,8,0,0,0,0.5,0.0,1,2,0,1271
1,7,1,0,0,1.0,0.1111111111111111,1.0,0.3333333333333333,1.0,9,1,0,1,0.5,0.1111111111111111,1,2,0,1272
3,0,0,0,0,0.1,0.0,0.0,0.0,0.0,0,0,0,0,0.0,0.0,3,4,0,1273
1,2,0,1,1,0.2,0.0,0.0,0.0,0.0,1,0,0,0,0.0,0.0,3,4,0,1274
1,2,0,0,1,0.3,0.5,1.0,0.5,1.0,2,1,0,1,0.5,0.5,3,4,0,1275
3,7,1,0,0,0.4,0.3333333333333333,1.0,0.6666666666666666,1.0,3,1,0,1,0.5,0.3333333333333333,3,4,0,1276
1,2,0,1,0,0.5,0.25,1.0,0.5,1.0,4,1,0,1,0.5,0.25,3,4,0,1277
2,1,0,0,0,0.6,0.4,1.0,0.4,1.0,5,2,0,2,0.5,0.4,3,4,0,1278
1,6,1,0,0,0.7,0.3333333333333333,1.0,0.3333333333333333,1.0,6,2,0,2,0.5,0.3333333333333333,3,4,0,1279
1,1,0,0,0,0.8,0.2857142857142857,1.0,0.2857142857142857,1.0,7,2,0,2,0.5,0.2857142857142857,3,4,0,1280
3,0,0,1,0,0.9,0.25,1.0,0.25,1.0,8,2,0,2,0.5,0.25,3,4,0,1281
1,7,1,0,0,1.0,0.3333333333333333,1.0,0.2222222222222222,1.0,9,3,0,3,0.5,0.3333333333333333,3,4,0,1282
3,7,1,1,0,0.125,0.0,0.0,0.0,0.0,0,0,0,0,0.0,0.0,0,4,0,1283
3,7,1,0,0,0.25,1.0,1.0,0.0,0.0,1,1,0,1,0.0,1.0,0,4,0,1284
1,6,1,0,0,0.375,0.5,1.0,0.0,0.0,2,1,0,1,0.0,0.5,0,4,0,1285
3,1,0,0,0,0.5,0.3333333333333333,1.0,0.0,0.0,3,1,0,1,0.0,0.3333333333333333,0,4,0,1286
2,7,1,0,0,0.625,0.25,1.0,0.0,0.0,4,1,0,1,0.0,0.25,0,4,0,1287
3,6,1,1,0,0.75,0.2,1.0,0.0,0.0,5,1,0,1,0.0,0.2,0,4,0,1288
1,0,0,0,1,0.875,0.3333333333333333,1.0,0.0,0.0,6,2,0,2,0.0,0.3333333333333333,0,4,0,1289
1,6,1,0,0,1.0,0.2857142857142857,1.0,0.14285714285714285,1.0,7,2,0,2,0.5,0.2857142857142857,0,4,0,1290
3,6,1,0,1,0.1111,0.0,0.0,0.0,0.0,0,0,0,0,0.0,0.0,0,3,0,1291
2,2,0,0,0,0.2222,0.0,0.0,1.0,1.0,1,0,0,0,0.5,0.0,0,3,0,1292
1,0,0,0,0,0.3333,0.0,0.0,0.5,1.0,2,0,0,0,0.5,0.0,0,3,0,1293
2,7,1,1,0,0.4444,0.0,0.0,0.3333333333333333,1.0,3,0,0,0,0.5,0.0,0,3,0,1294
1,1,0,0,1,0.5556,0.25,1.0,0.25,1.0,4,1,0,1,0.5,0.25,0,3,0,1295
2,2,0,0,0,0.6667,0.2,1.0,0.4,1.0,5,1,0,1,0.5,0.2,0,3,0,1296
3,0,0,0,0,0.7778,0.16666666666666666,1.0,0.3333333333333333,1.0,6,1,0,1,0.5,0.16666666666666666,0,3,0,1297
3,0,0,0,0,0.8889,0.14285714285714285,1.0,0.2857142857142857,1.0,7,1,0,1,0.5,0.14285714285714285,0,3,0,1298
1,0,0,0,1,1.0,0.125,1.0,0.25,1.0,8,1,0,1,0.5,0.125,0,3,0,1299
1,1,0,0,1,0.2,0.0,0.0,0.0,0.0,0,0,0,0,0.0,0.0,2,3,0,1300
3,1,0,0,0,0.4,0.0,0.0,1.0,1.0,1,0,0,0,0.5,0.0,2,3,0,1301
3,6,1,0,0,0.6,0.0,0.0,0.5,1.0,2,0,0,0,0.5,0.0,2,3,0,1302
3,6,1,1,0,0.8,0.0,0.0,0.3333333333333333,1.0,3,0,0,0,0.5,0.0,2,3,0,1303
3,6,1,0,0,1.0,0.25,1.0,0.25,1.0,4,1,0,1,0.5,0.25,2,3,0,1304
1,6,1,0,0,0.25,0.0,0.0,0.0,0.0,0,0,0,0,0.0,0.0,3,3,0,1305
3,7,1,0,1,0.5,0.0,0.0,0.0,0.0,1,0,0,0,0.0,0.0,3,3,0,1306
3,7,1,0,0,0.75,0.0,0.0,0.5,1.0,2,0,0,0,0.5,0.0,3,3,0,1307
1,0,0,0,1,1.0,0.0,0.0,0.3333333333333333,1.0,3,0,0,0,0.5,0.0,3,3,0,1308
2,1,0,0,0,0.1111,0.0,0.0,0.0,0.0,0,0,0,0,0.0,0.0,2,2,0,1309
1,2,0,1,0,0.2222,0.0,0.0,0.0,0.0,1,0,0,0,0.0,0.0,2,2,0,1310
2,1,0,0,0,0.3333,0.5,1.0,0.0,0.0,2,1,0,1,0.0,0.5,2,2,0,1311
3,7,1,0,1,0.4444,0.3333333333333333,1.0,0.0,0.0,3,1,0,1,0.0,0.3333333333333333,2,2,0,1312
1,0,0,1,0,0.5556,0.25,1.0,0.25,1.0,4,1,0,1,0.5,0.25,2,2,0,1313
2,7,1,1,0,0.6667,0.4,1.0,0.2,1.0,5,2,0,2,0.5,0.4,2,2,0,1314
2,1,0,1,0,0.7778,0.5,1.0,0.16666666666666666,1.0,6,3,0,3,0.5,0.5,2,2,0,1315
2,0,0,0,1,0.8889,0.5714285714285714,1.0,0.14285714285714285,1.0,7,4,0,4,0.5,0.5714285714285714,2,2,0,1316
3,6,1,0,0,1.0,0.5,1.0,0.25,1.0,8,4,0,4,0.5,0.5,2,2,0,1317
1,2,0,0,0,0.1111,0.0,0.0,0.0,0.0,0,0,0,0,0.0,0.0,0,3,0,1318
1,7,1,0,1,0.2222,0.0,0.0,0.0,0.0,1,0,0,0,0.0,0.0,0,3,0,1319
2,0,0,0,1,0.3333,0.0,0.0,0.5,1.0,2,0,0,0,0.5,0.0,0,3,0,1320
1,0,0,0,0,0.4444,0.0,0.0,0.6666666666666666,1.0,3,0,0,0,0.5,0.0,0,3,0,1321
2,2,0,0,0,0.5556,0.0,0.0,0.5,1.0,4,0,0,0,0.5,0.0,0,3,0,1322
3,2,0,1,0,0.6667,0.0,0.0,0.4,1.0,5,0,0,0,0.5,0.0,0,3,0,1323
3,6,1,0,0,0.7778,0.16666666666666666,1.0,0.3333333333333333,1.0,6,1,0,1,0.5,0.16666666666666666,0,3,0,1324
1,7,1,0,0,0.8889,0.14285714285714285,1.0,0.2857142857142857,1.0,7,1,0,1,0.5,0.14285714285714285,0,3,0,1325
1,7,1,0,0,1.0,0.125,1.0,0.25,1.0,8,1,0,1,0.5,0.125,0,3,0,1326
3,6,1,0,0,0.2,0.0,0.0,0.0,0.0,0,0,0,0,0.0,0.0,3,4,0,1327
1,2,0,0,0,0.4,0.0,0.0,0.0,0.0,1,0,0,0,0.0,0.0,3,4,0,1328
1,2,0,0,1,0.6,0.0,0.0,0.0,0.0,2,0,0,0,0.0,0.0,3,4,0,1329
1,0,0,1,1,0.8,0.0,0.0,0.3333333333333333,1.0,3,0,0,0,0.5,0.0,3,4,0,1330
3,6,1,0,1,1.0,0.25,1.0,0.5,1.0,4,1,0,1,0.5,0.25,3,4,0,1331
3,7,1,0,1,0.1667,0.0,0.0,0.0,0.0,0,0,0,0,0.0,0.0,2,3,0,1332
1,2,0,0,0,0.3333,0.0,0.0,1.0,1.0,1,0,0,0,0.5,0.0,2,3,0,1333
2,1,0,0,0,0.5,0.0,0.0,0.5,1.0,2,0,0,0,0.5,0.0,2,3,0,1334
2,1,0,0,1,0.6667,0.0,0.0,0.3333333333333333,1.0,3,0,0,0,0.5,0.0,2,3,0,1335
1,0,0,1,1,0.8333,0.0,0.0,0.5,1.0,4,0,0,0,0.5,0.0,2,3,0,1336
3,0,0,0,0,1.0,0.2,1.0,0.6,1.0,5,1,0,1,0.5,0.2,2,3,0,1337
2,1,0,0,1,0.1429,0.0,0.0,0.0,0.0,0,0,0,0,0.0,0.0,2,2,0,1338
2,0,0,1,0,0.2857,0.0,0.0,1.0,1.0,1,0,0,0,0.5,0.0,2,2,0,1339
3,1,0,0,1,0.4286,0.5,1.0,0.5,1.0,2,1,0,1,0.5,0.5,2,2,0,1340
1,0,0,0,0,0.5714,0.3333333333333333,1.0,0.6666666666666666,1.0,3,1,0,1,0.5,0.3333333333333333,2,2,0,1341
2,0,0,0,0,0.7143,0.25,1.0,0.5,1.0,4,1,0,1,0.5,0.25,2,2,0,1342
2,2,0,0,0,0.8571,0.2,1.0,0.4,1.0,5,1,0,1,0.5,0.2,2,2,0,1343
2,7,1,0,0,1.0,0.16666666666666666,1.0,0.3333333333333333,1.0,6,1,0,1,0.5,0.16666666666666666,2,2,0,1344
3,7,1,0,0,0.2,0.0,0.0,0.0,0.0,0,0,0,0,0.0,0.0,0,3,0,1345
3,0,0,0,0,0.4,0.0,0.0,0.0,0.0,1,0,0,0,0.0,0.0,0,3,0,1346
2,0,0,0,0,0.6,0.0,0.0,0.0,0.0,2,0,0,0,0.0,0.0,0,3,0,1347
3,1,0,0,0,0.8,0.0,0.0,0.0,0.0,3,0,0,0,0.0,0.0,0,3,0,1348
1,7,1,0,0,1.0,0.0,0.0,0.0,0.0,4,0,0,0,0.0,0.0,0,3,0,1349
2,1,0,0,0,0.1111,0.0,0.0,0.0,0.0,0,0,0,0,0.0,0.0,0,3,0,1350
1,2,0,0,1,0.2222,0.0,0.0,0.0,0.0,1,0,0,0,0.0,0.0,0,3,0,1351
1,2,0,1,0,0.3333,0.0,0.0,0.5,1.0,2,0,0,0,0.5,0.0,0,3,0,1352
3,7,1,1,1,0.4444,0.3333333333333333,1.0,0.3333333333333333,1.0,3,1,0,1,0.5,0.3333333333333333,0,3,0,1353
2,2,0,0,1,0.5556,0.5,1.0,0.5,1.0,4,2,0,2,0.5,0.5,0,3,0,1354
1,0,0,1,0,0.6667,0.4,1.0,0.6,1.0,5,2,0,2,0.5,0.4,0,3,0,1355
2,6,1,0,0,0.7778,0.5,1.0,0.5,1.0,6,3,0,3,0.5,0.5,0,3,0,1356
1,0,0,1,0,0.8889,0.42857142857142855,1.0,0.42857142857142855,1.0,7,3,0,3,0.5,0.42857142857142855,0,3,0,1357
3,2,0,0,1,1.0,0.5,1.0,0.375,1.0,8,4,0,4,0.5,0.5,0,3,0,1358
3,2,0,1,0,0.25,0.0,0.0,0.0,0.0,0,0,0,0,0.0,0.0,3,3,0,1359
3,6,1,0,0,0.5,1.0,1.0,0.0,0.0,1,1,0,1,0.0,1.0,3,3,0,1360
1,1,0,0,1,0.75,0.5,1.0,0.0,0.0,2,1,0,1,0.0,0.5,3,3,0,1361
2,0,0,0,1,1.0,0.3333333333333333,1.0,0.3333333333333333,1.0,3,1,0,1,0.5,0.3333333333333333,3,3,0,1362
3,6,1,0,0,0.1111,0.0,0.0,0.0,0.0,0,0,0,0,0.0,0.0,3,3,0,1363
2,2,0,0,0,0.2222,0.0,0.0,0.0,0.0,1,0,0,0,0.0,0.0,3,3,0,1364
2,1,0,1,0,0.3333,0.0,0.0,0.0,0.0,2,0,0,0,0.0,0.0,3,3,0,1365
1,7,1,0,0,0.4444,0.3333333333333333,1.0,0.0,0.0,3,1,0,1,0.0,0.3333333333333333,3,3,0,1366
2,7,1,0,1,0.5556,0.25,1.0,0.0,0.0,4,1,0,1,0.0,0.25,3,3,0,1367
3,0,0,0,0,0.6667,0.2,1.0,0.2,1.0,5,1,0,1,0.5,0.2,3,3,0,1368
3,0,0,0,1,0.7778,0.16666666666666666,1.0,0.16666666666666666,1.0,6,1,0,1,0.5,0.16666666666666666,3,3,0,1369
1,2,0,0,1,0.8889,0.14285714285714285,1.0,0.2857142857142857,1.0,7,1,0,1,0.5,0.14285714285714285,3,3,0,1370
3,1,0,0,0,1.0,0.125,1.0,0.375,1.0,8,1,0,1,0.5,0.125,3,3,0,1371
3,1,0,1,1,0.1667,0.0,0.0,0.0,0.0,0,0,0,0,0.0,0.0,3,2,0,1372
1,2,0,0,1,0.3333,1.0,1.0,1.0,1.0,1,1,0,1,0.5,1.0,3,2,0,1373
2,2,0,0,0,0.5,0.5,1.0,1.0,1.0,2,1,0,1,0.5,0.5,3,2,0,1374
3,1,0,0,0,0.6667,0.3333333333333333,1.0,0.6666666666666666,1.0,3,1,0,1,0.5,0.3333333333333333,3,2,0,1375
2,2,0,0,0,0.8333,0.25,1.0,0.5,1.0,4,1,0,1,0.5,0.25,3,2,0,1376
2,1,0,0,0,1.0,0.2,1.0,0.4,1.0,5,1,0,1,0.5,0.2,3,2,0,1377
1,0,0,1,0,0.1,0.0,0.0,0.0,0.0,0,0,0,0,0.0,0.0,3,3,0,1378
1,1,0,0,0,0.2,1.0,1.0,0.0,0.0,1,1,0,1,0.0,1.0,3,3,0,1379
1,1,0,0,1,0.3,0.5,1.0,0.0,0.0,2,1,0,1,0.0,0.5,3,3,0,1380
1,6,1,1,0,0.4,0.3333333333333333,1.0,0.3333333333333333,1.0,3,1,0,1,0.5,0.3333333333333333,3,3,0,1381
2,2,0,0,0,0.5,0.5,1.0,0.25,1.0,4,2,0,2,0.5,0.5,3,3,0,1382
3,7,1,0,0,0.6,0.4,1.0,0.2,1.0,5,2,0,2,0.5,0.4,3,3,0,1383
3,1,0,0,0,0.7,0.3333333333333333,1.0,0.16666666666666666,1.0,6,2,0,2,0.5,0.3333333333333333,3,3,0,1384
3,7,1,0,1,0.8,0.2857142857142857,1.0,0.14285714285714285,1.0,7,2,0,2,0.5,0.2857142857142857,3,3,0,1385
3,0,0,0,1,0.9,0.25,1.0,0.25,1.0,8,2,0,2,0.5,0.25,3,3,0,1386
1,0,0,0,0,1.0,0.2222222222222222,1.0,0.3333333333333333,1.0,9,2,0,2,0.5,0.2222222222222222,3,3,0,1387
2,6,1,0,0,0.25,0.0,0.0,0.0,0.0,0,0,0,0,0.0,0.0,1,3,0,1388
3,0,0,0,1,0.5,0.0,0.0,0.0,0.0,1,0,0,0,0.0,0.0,1,3,0,1389
2,0,0,0,0,0.75,0.0,0.0,0.5,1.0,2,0,0,0,0.5,0.0,1,3,0,1390
2,1,0,0,1,1.0,0.0,0.0,0.3333333333333333,1.0,3,0,0,0,0.5,0.0,1,3,0,1391
1,6,1,0,0,0.125,0.0,0.0,0.0,0.0,0,0,0,0,0.0,0.0,3,4,0,1392
2,0,0,0,0,0.25,0.0,0.0,0.0,0.0,1,0,0,0,0.0,0.0,3,4,0,1393
1,1,0,1,1,0.375,0.0,0.0,0.0,0.0,2,0,0,0,0.0,0.0,3,4,0,1394
3,2,0,0,0,0.5,0.3333333333333333,1.0,0.3333333333333333,1.0,3,1,0,1,0.5,0.3333333333333333,3,4,0,1395
1,2,0,0,1,0.625,0.25,1.0,0.25,1.0,4,1,0,1,0.5,0.25,3,4,0,1396
1,0,0,1,1,0.75,0.2,1.0,0.4,1.0,5,1,0,1,0.5,0.2,3,4,0,1397
1,6,1,0,0,0.875,0.3333333333333333,1.0,0.5,1.0,6,2,0,2,0.5,0.3333333333333333,3,4,0,1398
2,2,0,0,0,1.0,0.2857142857142857,1.0,0.42857142857142855,1.0,7,2,0,2,0.5,0.2857142857142857,3,4,0,1399
3,2,0,1,0,0.2,0.0,0.0,0.0,0.0,0,0,0,0,0.0,0.0,2,2,0,1400
3,7,1,1,0,0.4,1.0,1.0,0.0,0.0,1,1,0,1,0.0,1.0,2,2,0,1401
1,2,0,0,0,0.6,1.0,1.0,0.0,0.0,2,2,0,2,0.0,1.0,2,2,0,1402
1,1,0,0,1,0.8,0.6666666666666666,1.0,0.0,0.0,3,2,0,2,0.0,0.6666666666666666,2,2,0,1403
3,7,1,0,0,1.0,0.5,1.0,0.25,1.0,4,2,0,2,0.5,0.5,2,2,0,1404
1,1,0,0,0,0.25,0.0,0.0,0.0,0.0,0,0,0,0,0.0,0.0,3,3,0,1405
1,6,1,0,1,0.5,0.0,0.0,0.0,0.0,1,0,0,0,0.0,0.0,3,3,0,1406
3,1,0,0,0,0.75,0.0,0.0,0.5,1.0,2,0,0,0,0.5,0.0,3,3,0,1407
1,2,0,0,1,1.0,0.0,0.0,0.3333333333333333,1.0,3,0,0,0,0.5,0.0,3,3,0,1408
1,1,0,0,0,0.125,0.0,0.0,0.0,0.0,0,0,0,0,0.0,0.0,0,3,0,1409
2,6,1,0,1,0.25,0.0,0.0,0.0,0.0,1,0,0,0,0.0,0.0,0,3,0,1410
2,1,0,0,0,0.375,0.0,0.0,0.5,1.0,2,0,0,0,0.5,0.0,0,3,0,1411
2,6,1,0,0,0.5,0.0,0.0,0.3333333333333333,1.0,3,0,0,0,0.5,0.0,0,3,0,1412
2,1,0,0,1,0.625,0.0,0.0,0.25,1.0,4,0,0,0,0.5,0.0,0,3,0,1413
3,2,0,0,0,0.75,0.0,0.0,0.4,1.0,5,0,0,0,0.5,0.0,0,3,0,1414
2,1,0,0,1,0.875,0.0,0.0,0.3333333333333333,1.0,6,0,0,0,0.5,0.0,0,3,0,1415
1,6,1,0,1,1.0,0.0,0.0,0.42857142857142855,1.0,7,0,0,0,0.5,0.0,0,3,0,1416
1,7,1,0,0,0.1,0.0,0.0,0.0,0.0,0,0,0,0,0.0,0.0,0,4,0,1417
1,6,1,0,0,0.2,0.0,0.0,0.0,0.0,1,0,0,0,0.0,0.0,0,4,0,1418
1,0,0,0,1,0.3,0.0,0.0,0.0,0.0,2,0,0,0,0.0,0.0,0,4,0,1419
2,7,1,0,0,0.4,0.0,0.0,0.3333333333333333,1.0,3,0,0,0,0.5,0.0,0,4,0,1420
3,1,0,0,1,0.5,0.0,0.0,0.25,1.0,4,0,0,0,0.5,0.0,0,4,0,1421
3,0,0,0,0,0.6,0.0,0.0,0.4,1.0,5,0,0,0,0.5,0.0,0,4,0,1422
2,2,0,0,0,0.7,0.0,0.0,0.3333333333333333,1.0,6,0,0,0,0.5,0.0,0,4,0,1423
3,7,1,1,1,0.8,0.0,0.0,0.2857142857142857,1.0,7,0,0,0,0.5,0.0,0,4,0,1424
3,6,1,0,0,0.9,0.125,1.0,0.375,1.0,8,1,0,1,0.5,0.125,0,4,0,1425
3,6,1,0,1,1.0,0.1111111111111111,1.0,0.3333333333333333,1.0,9,1,0,1,0.5,0.1111111111111111,0,4,0,1426
1,6,1,0,0,0.1429,0.0,0.0,0.0,0.0,0,0,0,0,0.0,0.0,0,2,0,1427
1,2,0,0,1,0.2857,0.0,0.0,0.0,0.0,1,0,0,0,0.0,0.0,0,2,0,1428
3,7,1,0,1,0.4286,0.0,0.0,0.5,1.0,2,0,0,0,0.5,0.0,0,2,0,1429
3,2,0,0,0,0.5714,0.0,0.0,0.6666666666666666,1.0,3,0,0,0,0.5,0.0,0,2,0,1430
3,7,1,0,0,0.7143,0.0,0.0,0.5,1.0,4,0,0,0,0.5,0.0,0,2,0,1431
3,7,1,0,0,0.8571,0.0,0.0,0.4,1.0,5,0,0,0,0.5,0.0,0,2,0,1432
2,2,0,0,0,1.0,0.0,0.0,0.3333333333333333,1.0,6,0,0,0,0.5,0.0,0,2,0,1433
2,1,0,0,1,0.1,0.0,0.0,0.0,0.0,0,0,0,0,0.0,0.0,0,3,0,1434
3,6,1,0,0,0.2,0.0,0.0,1.0,1.0,1,0,0,0,0.5,0.0,0,3,0,1435
3,0,0,0,0,0.3,0.0,0.0,0.5,1.0,2,0,0,0,0.5,0.0,0,3,0,1436
2,2,0,0,0,0.4,0.0,0.0,0.3333333333333333,1.0,3,0,0,0,0.5,0.0,0,3,0,1437
2,6,1,0,0,0.5,0.0,0.0,0.25,1.0,4,0,0,0,0.5,0.0,0,3,0,1438
2,2,0,1,0,0.6,0.0,0.0,0.2,1.0,5,0,0,0,0.5,0.0,0,3,0,1439
3,2,0,0,0,0.7,0.16666666666666666,1.0,0.16666666666666666,1.0,6,1,0,1,0.5,0.16666666666666666,0,3,0,1440
3,7,1,0,0,0.8,0.14285714285714285,1.0,0.14285714285714285,1.0,7,1,0,1,0.5,0.14285714285714285,0,3,0,1441
2,0,0,0,1,0.9,0.125,1.0,0.125,1.0,8,1,0,1,0.5,0.125,0,3,0,1442
2,1,0,0,0,1.0,0.1111111111111111,1.0,0.2222222222222222,1.0,9,1,0,1,0.5,0.1111111111111111,0,3,0,1443
2,7,1,0,0,0.25,0.0,0.0,0.0,0.0,0,0,0,0,0.0,0.0,1,3,0,1444
1,2,0,1,0,0.5,0.0,0.0,0.0,0.0,1,0,0,0,0.0,0.0,1,3,0,1445
3,7,1,0,0,0.75,0.5,1.0,0.0,0.0,2,1,0,1,0.0,0.5,1,3,0,1446
2,6,1,0,0,1.0,0.3333333333333333,1.0,0.0,0.0,3,1,0,1,0.0,0.3333333333333333,1,3,0,1447
2,2,0,0,0,0.125,0.0,0.0,0.0,0.0,0,0,0,0,0.0,0.0,0,2,0,1448
1,1,0,0,0,0.25,0.0,0.0,0.0,0.0,1,0,0,0,0.0,0.0,0,2,0,1449
1,7,1,0,0,0.375,0.0,0.0,0.0,0.0,2,0,0,0,0.0,0.0,0,2,0,1450
2,7,1,1,0,0.5,0.0,0.0,0.0,0.0,3,0,0,0,0.0,0.0,0,2,0,1451
3,2,0,0,1,0.625,0.25,1.0,0.0,0.0,4,1,0,1,0.0,0.25,0,2,0,1452
1,7,1,0,0,0.75,0.2,1.0,0.2,1.0,5,1,0,1,0.5,0.2,0,2,0,1453
2,2,0,0,0,0.875,0.16666666666666666,1.0,0.16666666666666666,1.0,6,1,0,1,0.5,0.16666666666666666,0,2,0,1454
2,7,1,0,0,1.0,0.14285714285714285,1.0,0.14285714285714285,1.0,7,1,0,1,0.5,0.14285714285714285,0,2,0,1455
3,0,0,0,0,0.2,0.0,0.0,0.0,0.0,0,0,0,0,0.0,0.0,0,3,0,1456
1,2,0,1,0,0.4,0.0,0.0,0.0,0.0,1,0,0,0,0.0,0.0,0,3,0,1457
2,0,0,1,1,0.6,0.5,1.0,0.0,0.0,2,1,0,1,0.0,0.5,0,3,0,1458
3,7,1,0,0,0.8,0.6666666666666666,1.0,0.3333333333333333,1.0,3,2,0,2,0.5,0.6666666666666666,0,3,0,1459
3,6,1,0,1,1.0,0.5,1.0,0.25,1.0,4,2,0,2,0.5,0.5,0,3,0,1460
2,1,0,0,0,0.2,0.0,0.0,0.0,0.0,0,0,0,0,0.0,0.0,3,4,0,1461
2,1,0,1,0,0.4,0.0,0.0,0.0,0.0,1,0,0,0,0.0,0.0,3,4,0,1462
1,7,1,0,0,0.6,0.5,1.0,0.0,0.0,2,1,0,1,0.0,0.5,3,4,0,1463
2,1,0,0,0,0.8,0.3333333333333333,1.0,0.0,0.0,3,1,0,1,0.0,0.3333333333333333,3,4,0,1464
3,6,1,0,0,1.0,0.25,1.0,0.0,0.0,4,1,0,1,0.0,0.25,3,4,0,1465
3,6,1,0,0,0.1429,0.0,0.0,0.0,0.0,0,0,0,0,0.0,0.0,2,4,0,1466
3,0,0,1,0,0.2857,0.0,0.0,0.0,0.0,1,0,0,0,0.0,0.0,2,4,0,1467
2,6,1,0,1,0.4286,0.5,1.0,0.0,0.0,2,1,0,1,0.0,0.5,2,4,0,1468
2,7,1,1,1,0.5714,0.3333333333333333,1.0,0.3333333333333333,1.0,3,1,0,1,0.5,0.3333333333333333,2,4,0,1469
1,6,1,0,0,0.7143,0.5,1.0,0.5,1.0,4,2,0,2,0.5,0.5,2,4,0,1470
1,2,0,0,0,0.8571,0.4,1.0,0.4,1.0,5,2,0,2,0.5,0.4,2,4,0,1471
1,0,0,0,0,1.0,0.3333333333333333,1.0,0.3333333333333333,1.0,6,2,0,2,0.5,0.3333333333333333,2,4,0,1472
1,7,1,0,0,0.1429,0.0,0.0,0.0,0.0,0,0,0,0,0.0,0.0,0,2,0,1473
3,7,1,0,0,0.2857,0.0,0.0,0.0,0.0,1,0,0,0,0.0,0.0,0,2,0,1474
1,0,0,1,1,0.4286,0.0,0.0,0.0,0.0,2,0,0,0,0.0,0.0,0,2,0,1475
1,1,0,0,0,0.5714,0.3333333333333333,1.0,0.3333333333333333,1.0,3,1,0,1,0.5,0.3333333333333333,0,2,0,1476
2,1,0,0,0,0.7143,0.25,1.0,0.25,1.0,4,1,0,1,0.5,0.25,0,2,0,1477
2,7,1,0,1,0.8571,0.2,1.0,0.2,1.0,5,1,0,1,0.5,0.2,0,2,0,1478
1,6,1,0,1,1.0,0.16666666666666666,1.0,0.3333333333333333,1.0,6,1,0,1,0.5,0.16666666666666666,0,2,0,1479
1,2,0,0,1,0.1667,0.0,0.0,0.0,0.0,0,0,0,0,0.0,0.0,1,2,0,1480
3,6,1,0,0,0.3333,0.0,0.0,1.0,1.0,1,0,0,0,0.5,0.0,1,2,0,1481
2,1,0,0,0,0.5,0.0,0.0,0.5,1.0,2,0,0,0,0.5,0.0,1,2,0,1482
2,2,0,0,0,0.6667,0.0,0.0,0.3333333333333333,1.0,3,0,0,0,0.5,0.0,1,2,0,1483
1,1,0,1,1,0.8333,0.0,0.0,0.25,1.0,4,0,0,0,0.5,0.0,1,2,0,1484
1,2,0,0,0,1.0,0.2,1.0,0.4,1.0,5,1,0,1,0.5,0.2,1,2,0,1485
2,2,0,0,0,0.2,0.0,0.0,0.0,0.0,0,0,0,0,0.0,0.0,3,3,0,1486
3,1,0,0,0,0.4,0.0,0.0,0.0,0.0,1,0,0,0,0.0,0.0,3,3,0,1487
1,7,1,1,1,0.6,0.0,0.0,0.0,0.0,2,0,0,0,0.0,0.0,3,3,0,1488
1,7,1,0,0,0.8,0.3333333333333333,1.0,0.3333333333333333,1.0,3,1,0,1,0.5,0.3333333333333333,3,3,0,1489
3,1,0,0,1,1.0,0.25,1.0,0.25,1.0,4,1,0,1,0.5,0.25,3,3,0,1490
2,0,0,0,0,0.25,0.0,0.0,0.0,0.0,0,0,0,0,0.0,0.0,2,3,0,1491
1,1,0,0,0,0.5,0.0,0.0,0.0,0.0,1,0,0,0,0.0,0.0,2,3,0,1492
2,0,0,0,1,0.75,0.0,0.0,0.0,0.0,2,0,0,0,0.0,0.0,2,3,0,1493
3,2,0,1,0,1.0,0.0,0.0,0.3333333333333333,1.0,3,0,0,0,0.5,0.0,2,3,0,1494
2,2,0,0,1,0.1,0.0,0.0,0.0,0.0,0,0,0,0,0.0,0.0,3,4,0,1495
2,7,1,0,0,0.2,0.0,0.0,1.0,1.0,1,0,0,0,0.5,0.0,3,4,0,1496
1,7,1,0,1,0.3,0.0,0.0,0.5,1.0,2,0,0,0,0.5,0.0,3,4,0,1497
3,6,1,0,0,0.4,0.0,0.0,0.6666666666666666,1.0,3,0,0,0,0.5,0.0,3,4,0,1498
1,2,0,0,0,0.5,0.0,0.0,0.5,1.0,4,0,0,0,0.5,0.0,3,4,0,1499
2,2,0,0,0,0.6,0.0,0.0,0.4,1.0,5,0,0,0,0.5,0.0,3,4,0,1500
1,2,0,1,0,0.7,0.0,0.0,0.3333333333333333,1.0,6,0,0,0,0.5,0.0,3,4,0,1501
3,7,1,0,0,0.8,0.14285714285714285,1.0,0.2857142857142857,1.0,7,1,0,1,0.5,0.14285714285714285,3,4,0,1502
2,2,0,0,0,0.9,0.125,1.0,0.25,1.0,8,1,0,1,0.5,0.125,3,4,0,1503
3,6,1,1,0,1.0,0.1111111111111111,1.0,0.2222222222222222,1.0,9,1,0,1,0.5,0.1111111111111111,3,4,0,1504
1,7,1,0,1,0.1429,0.0,0.0,0.0,0.0,0,0,0,0,0.0,0.0,2,2,0,1505
3,1,0,1,0,0.2857,0.0,0.0,1.0,1.0,1,0,0,0,0.5,0.0,2,2,0,1506
3,7,1,0,0,0.4286,0.5,1.0,0.5,1.0,2,1,0,1,0.5,0.5,2,2,0,1507
1,6,1,0,1,0.5714,0.3333333333333333,1.0,0.3333333333333333,1.0,3,1,0,1,0.5,0.3333333333333333,2,2,0,1508
1,2,0,1,1,0.7143,0.25,1.0,0.5,1.0,4,1,0,1,0.5,0.25,2,2,0,1509
3,0,0,0,0,0.8571,0.4,1.0,0.6,1.0,5,2,0,2,0.5,0.4,2,2,0,1510
2,6,1,0,0,1.0,0.3333333333333333,1.0,0.5,1.0,6,2,0,2,0.5,0.3333333333333333,2,2,0,1511
2,0,0,0,1,0.1667,0.0,0.0,0.0,0.0,0,0,0,0,0.0,0.0,1,4,0,1512
3,6,1,0,1,0.3333,0.0,0.0,1.0,1.0,1,0,0,0,0.5,0.0,1,4,0,1513
1,6,1,0,0,0.5,0.0,0.0,1.0,1.0,2,0,0,0,0.5,0.0,1,4,0,1514
2,0,0,1,0,0.6667,0.0,0.0,0.6666666666666666,1.0,3,0,0,0,0.5,0.0,1,4,0,1515
3,2,0,0,1,0.8333,0.25,1.0,0.5,1.0,4,1,0,1,0.5,0.25,1,4,0,1516
2,7,1,1,0,1.0,0.2,1.0,0.6,1.0,5,1,0,1,0.5,0.2,1,4,0,1517
3,0,0,0,0,0.1429,0.0,0.0,0.0,0.0,0,0,0,0,0.0,0.0,1,3,0,1518
1,6,1,0,0,0.2857,0.0,0.0,0.0,0.0,1,0,0,0,0.0,0.0,1,3,0,1519
2,6,1,0,0,0.4286,0.0,0.0,0.0,0.0,2,0,0,0,0.0,0.0,1,3,0,1520
2,6,1,0,0,0.5714,0.0,0.0,0.0,0.0,3,0,0,0,0.0,0.0,1,3,0,1521
3,6,1,0,0,0.7143,0.0,0.0,0.0,0.0,4,0,0,0,0.0,0.0,1,3,0,1522
2,0,0,0,1,0.8571,0.0,0.0,0.0,0.0,5,0,0,0,0.0,0.0,1,3,0,1523
1,1,0,0,1,1.0,0.0,0.0,0.16666666666666666,1.0,6,0,0,0,0.5,0.0,1,3,0,1524
1,7,1,1,1,0.1667,0.0,0.0,0.0,0.0,0,0,0,0,0.0,0.0,0,4,0,1525
3,1,0,0,1,0.3333,1.0,1.0,1.0,1.0,1,1,0,1,0.5,1.0,0,4,0,1526
1,7,1,0,0,0.5,0.5,1.0,1.0,1.0,2,1,0,1,0.5,0.5,0,4,0,1527
3,2,0,0,0,0.6667,0.3333333333333333,1.0,0.6666666666666666,1.0,3,1,0,1,0.5,0.3333333333333333,0,4,0,1528
2,1,0,0,0,0.8333,0.25,1.0,0.5,1.0,4,1,0,1,0.5,0.25,0,4,0,1529
2,7,1,1,0,1.0,0.2,1.0,0.4,1.0,5,1,0,1,0.5,0.2,0,4,0,1530
1,2,0,1,1,0.125,0.0,0.0,0.0,0.0,0,0,0,0,0.0,0.0,0,4,0,1531
2,2,0,0,1,0.25,1.0,1.0,1.0,1.0,1,1,0,1,0.5,1.0,0,4,0,1532
3,2,0,0,0,0.375,0.5,1.0,1.0,1.0,2,1,0,1,0.5,0.5,0,4,0,1533
1,0,0,1,0,0.5,0.3333333333333333,1.0,0.6666666666666666,1.0,3,1,0,1,0.5,0.3333333333333333,0,4,0,1534
3,1,0,1,1,0.625,0.5,1.0,0.5,1.0,4,2,0,2,0.5,0.5,0,4,0,1535
3,6,1,0,0,0.75,0.6,1.0,0.6,1.0,5,3,0,3,0.5,0.6,0,4,0,1536
2,1,0,0,0,0.875,0.5,1.0,0.5,1.0,6,3,0,3,0.5,0.5,0,4,0,1537
2,7,1,1,0,1.0,0.42857142857142855,1.0,0.42857142857142855,1.0,7,3,0,3,0.5,0.42857142857142855,0,4,0,1538
2,2,0,1,1,0.1429,0.0,0.0,0.0,0.0,0,0,0,0,0.0,0.0,0,4,0,1539
2,1,0,0,0,0.2857,1.0,1.0,1.0,1.0,1,1,0,1,0.5,1.0,0,4,0,1540
2,0,0,0,1,0.4286,0.5,1.0,0.5,1.0,2,1,0,1,0.5,0.5,0,4,0,1541
2,2,0,0,0,0.5714,0.3333333333333333,1.0,0.6666666666666666,1.0,3,1,0,1,0.5,0.3333333333333333,0,4,0,1542
2,7,1,0,0,0.7143,0.25,1.0,0.5,1.0,4,1,0,1,0.5,0.25,0,4,0,1543
1,6,1,1,0,0.8571,0.2,1.0,0.4,1.0,5,1,0,1,0.5,0.2,0,4,0,1544
3,0,0,0,0,1.0,0.3333333333333333,1.0,0.3333333333333333,1.0,6,2,0,2,0.5,0.3333333333333333,0,4,0,1545
1,1,0,0,0,0.2,0.0,0.0,0.0,0.0,0,0,0,0,0.0,0.0,3,4,0,1546
3,1,0,1,0,0.4,0.0,0.0,0.0,0.0,1,0,0,0,0.0,0.0,3,4,0,1547
1,0,0,1,0,0.6,0.5,1.0,0.0,0.0,2,1,0,1,0.0,0.5,3,4,0,1548
2,2,0,0,1,0.8,0.6666666666666666,1.0,0.0,0.0,3,2,0,2,0.0,0.6666666666666666,3,4,0,1549
1,7,1,0,0,1.0,0.5,1.0,0.25,1.0,4,2,0,2,0.5,0.5,3,4,0,1550
1,7,1,0,0,0.1667,0.0,0.0,0.0,0.0,0,0,0,0,0.0,0.0,2,2,0,1551
1,0,0,1,0,0.3333,0.0,0.0,0.0,0.0,1,0,0,0,0.0,0.0,2,2,0,1552
2,0,0,1,0,0.5,0.5,1.0,0.0,0.0,2,1,0,1,0.0,0.5,2,2,0,1553
2,2,0,0,0,0.6667,0.6666666666666666,1.0,0.0,0.0,3,2,0,2,0.0,0.6666666666666666,2,2,0,1554
1,1,0,0,0,0.8333,0.5,1.0,0.0,0.0,4,2,0,2,0.0,0.5,2,2,0,1555
3,6,1,0,0,1.0,0.4,1.0,0.0,0.0,5,2,0,2,0.0,0.4,2,2,0,1556
1,7,1,0,0,0.1429,0.0,0.0,0.0,0.0,0,0,0,0,0.0,0.0,2,3,0,1557
1,1,0,0,1,0.2857,0.0,0.0,0.0,0.0,1,0,0,0,0.0,0.0,2,3,0,1558
3,2,0,0,0,0.4286,0.0,0.0,0.5,1.0,2,0,0,0,0.5,0.0,2,3,0,1559
3,2,0,0,0,0.5714,0.0,0.0,0.3333333333333333,1.0,3,0,0,0,0.5,0.0,2,3,0,1560
3,1,0,1,0,0.7143,0.0,0.0,0.25,1.0,4,0,0,0,0.5,0.0,2,3,0,1561
1,1,0,1,0,0.8571,0.2,1.0,0.2,1.0,5,1,0,1,0.5,0.2,2,3,0,1562
3,0,0,0,1,1.0,0.3333333333333333,1.0,0.16666666666666666,1.0,6,2,0,2,0.5,0.3333333333333333,2,3,0,1563
2,0,0,1,0,0.125,0.0,0.0,0.0,0.0,0,0,0,0,0.0,0.0,0,3,0,1564
1,0,0,1,0,0.25,1.0,1.0,0.0,0.0,1,1,0,1,0.0,1.0,0,3,0,1565
2,6,1,0,0,0.375,1.0,1.0,0.0,0.0,2,2,0,2,0.0,1.0,0,3,0,1566
3,0,0,0,1,0.5,0.6666666666666666,1.0,0.0,0.0,3,2,0,2,0.0,0.6666666666666666,0,3,0,1567
1,0,0,1,0,0.625,0.5,1.0,0.25,1.0,4,2,0,2,0.5,0.5,0,3,0,1568
3,0,0,0,0,0.75,0.6,1.0,0.2,1.0,5,3,0,3,0.5,0.6,0,3,0,1569
2,0,0,0,0,0.875,0.5,1.0,0.16666666666666666,1.0,6,3,0,3,0.5,0.5,0,3,0,1570
1,0,0,1,1,1.0,0.42857142857142855,1.0,0.14285714285714285,1.0,7,3,0,3,0.5,0.42857142857142855,0,3,0,1571
1,6,1,0,0,0.25,0.0,0.0,0.0,0.0,0,0,0,0,0.0,0.0,2,2,0,1572
1,6,1,0,0,0.5,0.0,0.0,0.0,0.0,1,0,0,0,0.0,0.0,2,2,0,1573
2,0,0,0,0,0.75,0.0,0.0,0.0,0.0,2,0,0,0,0.0,0.0,2,2,0,1574
2,1,0,0,0,1.0,0.0,0.0,0.0,0.0,3,0,0,0,0.0,0.0,2,2,0,1575
2,6,1,0,0,0.1111,0.0,0.0,0.0,0.0,0,0,0,0,0.0,0.0,1,2,0,1576
2,1,0,0,0,0.2222,0.0,0.0,0.0,0.0,1,0,0,0,0.0,0.0,1,2,0,1577
2,2,0,0,0,0.3333,0.0,0.0,0.0,0.0,2,0,0,0,0.0,0.0,1,2,0,1578
2,7,1,1,0,0.4444,0.0,0.0,0.0,0.0,3,0,0,0,0.0,0.0,1,2,0,1579
1,1,0,0,1,0.5556,0.25,1.0,0.0,0.0,4,1,0,1,0.0,0.25,1,2,0,1580
3,1,0,0,0,0.6667,0.2,1.0,0.2,1.0,5,1,0,1,0.5,0.2,1,2,0,1581
3,6,1,0,0,0.7778,0.16666666666666666,1.0,0.16666666666666666,1.0,6,1,0,1,0.5,0.16666666666666666,1,2,0,1582
1,2,0,0,0,0.8889,0.14285714285714285,1.0,0.14285714285714285,1.0,7,1,0,1,0.5,0.14285714285714285,1,2,0,1583
3,6,1,1,1,1.0,0.125,1.0,0.125,1.0,8,1,0,1,0.5,0.125,1,2,0,1584
1,0,0,0,0,0.1667,0.0,0.0,0.0,0.0,0,0,0,0,0.0,0.0,2,4,0,1585
2,7,1,0,0,0.3333,0.0,0.0,0.0,0.0,1,0,0,0,0.0,0.0,2,4,0,1586
2,1,0,0,0,0.5,0.0,0.0,0.0,0.0,2,0,0,0,0.0,0.0,2,4,0,1587
1,6,1,0,0,0.6667,0.0,0.0,0.0,0.0,3,0,0,0,0.0,0.0,2,4,0,1588
1,2,0,0,0,0.8333,0.0,0.0,0.0,0.0,4,0,0,0,0.0,0.0,2,4,0,1589
3,7,1,0,1,1.0,0.0,0.0,0.0,0.0,5,0,0,0,0.0,0.0,2,4,0,1590
1,1,0,0,1,0.25,0.0,0.0,0.0,0.0,0,0,0,0,0.0,0.0,2,3,0,1591
1,6,1,0,1,0.5,0.0,0.0,1.0,1.0,1,0,0,0,0.5,0.0,2,3,0,1592
3,6,1,1,0,0.75,0.0,0.0,1.0,1.0,2,0,0,0,0.5,0.0,2,3,0,1593
3,1,0,1,0,1.0,0.3333333333333333,1.0,0.6666666666666666,1.0,3,1,0,1,0.5,0.3333333333333333,2,3,0,1594
3,6,1,1,1,0.1,0.0,0.0,0.0,0.0,0,0,0,0,0.0,0.0,2,2,0,1595
2,2,0,0,0,0.2,1.0,1.0,1.0,1.0,1,1,0,1,0.5,1.0,2,2,0,1596
2,0,0,0,0,0.3,0.5,1.0,0.5,1.0,2,1,0,1,0.5,0.5,2,2,0,1597
2,6,1,0,1,0.4,0.3333333333333333,1.0,0.3333333333333333,1.0,3,1,0,1,0.5,0.3333333333333333,2,2,0,1598
1,7,1,0,0,0.5,0.25,1.0,0.5,1.0,4,1,0,1,0.5,0.25,2,2,0,1599
1,6,1,0,1,0.6,0.2,1.0,0.4,1.0,5,1,0,1,0.5,0.2,2,2,0,1600
3,7,1,0,1,0.7,0.16666666666666666,1.0,0.5,1.0,6,1,0,1,0.5,0.16666666666666666,2,2,0,1601
2,2,0,0,0,0.8,0.14285714285714285,1.0,0.5714285714285714,1.0,7,1,0,1,0.5,0.14285714285714285,2,2,0,1602
1,1,0,0,1,0.9,0.125,1.0,0.5,1.0,8,1,0,1,0.5,0.125,2,2,0,1603
1,0,0,0,0,1.0,0.1111111111111111,1.0,0.5555555555555556,1.0,9,1,0,1,0.5,0.1111111111111111,2,2,0,1604
3,7,1,0,0,0.1429,0.0,0.0,0.0,0.0,0,0,0,0,0.0,0.0,3,4,0,1605
3,0,0,0,1,0.2857,0.0,0.0,0.0,0.0,1,0,0,0,0.0,0.0,3,4,0,1606
1,0,0,0,0,0.4286,0.0,0.0,0.5,1.0,2,0,0,0,0.5,0.0,3,4,0,1607
3,2,0,0,0,0.5714,0.0,0.0,0.3333333333333333,1.0,3,0,0,0,0.5,0.0,3,4,0,1608
1,0,0,0,0,0.7143,0.0,0.0,0.25,1.0,4,0,0,0,0.5,0.0,3,4,0,1609
3,6,1,0,0,0.8571,0.0,0.0,0.2,1.0,5,0,0,0,0.5,0.0,3,4,0,1610
1,7,1,1,0,1.0,0.0,0.0,0.16666666666666666,1.0,6,0,0,0,0.5,0.0,3,4,0,1611
2,6,1,0,0,0.1,0.0,0.0,0.0,0.0,0,0,0,0,0.0,0.0,3,2,0,1612
2,2,0,0,0,0.2,0.0,0.0,0.0,0.0,1,0,0,0,0.0,0.0,3,2,0,1613
1,1,0,0,1,0.3,0.0,0.0,0.0,0.0,2,0,0,0,0.0,0.0,3,2,0,1614
1,7,1,1,0,0.4,0.0,0.0,0.3333333333333333,1.0,3,0,0,0,0.5,0.0,3,2,0,1615
3,2,0,1,0,0.5,0.25,1.0,0.25,1.0,4,1,0,1,0.5,0.25,3,2,0,1616
2,6,1,1,0,0.6,0.4,1.0,0.2,1.0,5,2,0,2,0.5,0.4,3,2,0,1617
2,2,0,1,0,0.7,0.5,1.0,0.16666666666666666,1.0,6,3,0,3,0.5,0.5,3,2,0,1618
3,6,1,0,0,0.8,0.5714285714285714,1.0,0.14285714285714285,1.0,7,4,0,4,0.5,0.5714285714285714,3,2,0,1619
2,1,0,0,0,0.9,0.5,1.0,0.125,1.0,8,4,0,4,0.5,0.5,3,2,0,1620
3,2,0,1,0,1.0,0.4444444444444444,1.0,0.1111111111111111,1.0,9,4,0,4,0.5,0.4444444444444444,3,2,0,1621
2,2,0,0,0,0.1111,0.0,0.0,0.0,0.0,0,0,0,0,0.0,0.0,2,2,0,1622
2,2,0,1,0,0.2222,0.0,0.0,0.0,0.0,1,0,0,0,0.0,0.0,2,2,0,1623
1,6,1,0,0,0.3333,0.5,1.0,0.0,0.0,2,1,0,1,0.0,0.5,2,2,0,1624
3,0,0,0,1,0.4444,0.3333333333333333,1.0,0.0,0.0,3,1,0,1,0.0,0.3333333333333333,2,2,0,1625
3,7,1,0,0,0.5556,0.25,1.0,0.25,1.0,4,1,0,1,0.5,0.25,2,2,0,1626
3,2,0,0,0,0.6667,0.2,1.0,0.2,1.0,5,1,0,1,0.5,0.2,2,2,0,1627
3,1,0,0,0,0.7778,0.16666666666666666,1.0,0.16666666666666666,1.0,6,1,0,1,0.5,0.16666666666666666,2,2,0,1628
3,6,1,0,1,0.8889,0.14285714285714285,1.0,0.14285714285714285,1.0,7,1,0,1,0.5,0.14285714285714285,2,2,0,1629
1,1,0,0,0,1.0,0.125,1.0,0.25,1.0,8,1,0,1,0.5,0.125,2,2,0,1630
1,6,1,1,0,0.1429,0.0,0.0,0.0,0.0,0,0,0,0,0.0,0.0,1,4,0,1631
2,7,1,0,1,0.2857,1.0,1.0,0.0,0.0,1,1,0,1,0.0,1.0,1,4,0,1632
2,7,1,0,1,0.4286,0.5,1.0,0.5,1.0,2,1,0,1,0.5,0.5,1,4,0,1633
3,2,0,0,0,0.5714,0.3333333333333333,1.0,0.6666666666666666,1.0,3,1,0,1,0.5,0.3333333333333333,1,4,0,1634
2,7,1,0,1,0.7143,0.25,1.0,0.5,1.0,4,1,0,1,0.5,0.25,1,4,0,1635
3,6,1,0,0,0.8571,0.2,1.0,0.6,1.0,5,1,0,1,0.5,0.2,1,4,0,1636
2,2,0,0,0,1.0,0.16666666666666666,1.0,0.5,1.0,6,1,0,1,0.5,0.16666666666666666,1,4,0,1637
2,7,1,0,0,0.1111,0.0,0.0,0.0,0.0,0,0,0,0,0.0,0.0,3,2,0,1638
3,6,1,0,0,0.2222,0.0,0.0,0.0,0.0,1,0,0,0,0.0,0.0,3,2,0,1639
1,0,0,0,0,0.3333,0.0,0.0,0.0,0.0,2,0,0,0,0.0,0.0,3,2,0,1640
2,7,1,1,0,0.4444,0.0,0.0,0.0,0.0,3,0,0,0,0.0,0.0,3,2,0,1641
1,7,1,0,0,0.5556,0.25,1.0,0.0,0.0,4,1,0,1,0.0,0.25,3,2,0,1642
3,2,0,0,1,0.6667,0.2,1.0,0.0,0.0,5,1,0,1,0.0,0.2,3,2,0,1643
2,1,0,1,0,0.7778,0.16666666666666666,1.0,0.16666666666666666,1.0,6,1,0,1,0.5,0.16666666666666666,3,2,0,1644
2,0,0,1,0,0.8889,0.2857142857142857,1.0,0.14285714285714285,1.0,7,2,0,2,0.5,0.2857142857142857,3,2,0,1645
2,0,0,0,0,1.0,0.375,1.0,0.125,1.0,8,3,0,3,0.5,0.375,3,2,0,1646
1,7,1,0,0,0.2,0.0,0.0,0.0,0.0,0,0,0,0,0.0,0.0,0,2,0,1647
2,6,1,0,0,0.4,0.0,0.0,0.0,0.0,1,0,0,0,0.0,0.0,0,2,0,1648
1,6,1,0,0,0.6,0.0,0.0,0.0,0.0,2,0,0,0,0.0,0.0,0,2,0,1649
1,0,0,0,1,0.8,0.0,0.0,0.0,0.0,3,0,0,0,0.0,0.0,0,2,0,1650
3,0,0,0,1,1.0,0.0,0.0,0.25,1.0,4,0,0,0,0.5,0.0,0,2,0,1651
3,7,1,0,0,0.1429,0.0,0.0,0.0,0.0,0,0,0,0,0.0,0.0,0,3,0,1652
3,0,0,0,0,0.2857,0.0,0.0,0.0,0.0,1,0,0,0,0.0,0.0,0,3,0,1653
3,7,1,0,1,0.4286,0.0,0.0,0.0,0.0,2,0,0,0,0.0,0.0,0,3,0,1654
3,6,1,0,1,0.5714,0.0,0.0,0.3333333333333333,1.0,3,0,0,0,0.5,0.0,0,3,0,1655
2,7,1,0,0,0.7143,0.0,0.0,0.5,1.0,4,0,0,0,0.5,0.0,0,3,0,1656
1,6,1,0,0,0.8571,0.0,0.0,0.4,1.0,5,0,0,0,0.5,0.0,0,3,0,1657
3,2,0,0,1,1.0,0.0,0.0,0.3333333333333333,1.0,6,0,0,0,0.5,0.0,0,3,0,1658
1,0,0,0,0,0.1667,0.0,0.0,0.0,0.0,0,0,0,0,0.0,0.0,2,3,0,1659
2,1,0,0,1,0.3333,0.0,0.0,0.0,0.0,1,0,0,0,0.0,0.0,2,3,0,1660
2,6,1,0,0,0.5,0.0,0.0,0.5,1.0,2,0,0,0,0.5,0.0,2,3,0,1661
2,0,0,0,0,0.6667,0.0,0.0,0.3333333333333333,1.0,3,0,0,0,0.5,0.0,2,3,0,1662
2,2,0,0,0,0.8333,0.0,0.0,0.25,1.0,4,0,0,0,0.5,0.0,2,3,0,1663
1,7,1,0,0,1.0,0.0,0.0,0.2,1.0,5,0,0,0,0.5,0.0,2,3,0,1664
1,7,1,0,0,0.125,0.0,0.0,0.0,0.0,0,0,0,0,0.0,0.0,3,3,0,1665
2,2,0,0,1,0.25,0.0,0.0,0.0,0.0,1,0,0,0,0.0,0.0,3,3,0,1666
3,6,1,0,0,0.375,0.0,0.0,0.5,1.0,2,0,0,0,0.5,0.0,3,3,0,1667
1,0,0,0,0,0.5,0.0,0.0,0.3333333333333333,1.0,3,0,0,0,0.5,0.0,3,3,0,1668
3,2,0,0,1,0.625,0.0,0.0,0.25,1.0,4,0,0,0,0.5,0.0,3,3,0,1669
2,0,0,0,0,0.75,0.0,0.0,0.4,1.0,5,0,0,0,0.5,0.0,3,3,0,1670
3,6,1,0,1,0.875,0.0,0.0,0.3333333333333333,1.0,6,0,0,0,0.5,0.0,3,3,0,1671
1,1,0,0,0,1.0,0.0,0.0,0.42857142857142855,1.0,7,0,0,0,0.5,0.0,3,3,0,1672
1,6,1,0,0,0.2,0.0,0.0,0.0,0.0,0,0,0,0,0.0,0.0,3,3,0,1673
2,0,0,0,0,0.4,0.0,0.0,0.0,0.0,1,0,0,0,0.0,0.0,3,3,0,1674
1,2,0,1,0,0.6,0.0,0.0,0.0,0.0,2,0,0,0,0.0,0.0,3,3,0,1675
2,7,1,0,0,0.8,0.3333333333333333,1.0,0.0,0.0,3,1,0,1,0.0,0.3333333333333333,3,3,0,1676
3,1,0,0,1,1.0,0.25,1.0,0.0,0.0,4,1,0,1,0.0,0.25,3,3,0,1677
3,2,0,1,1,0.1429,0.0,0.0,0.0,0.0,0,0,0,0,0.0,0.0,0,3,0,1678
1,2,0,1,0,0.2857,1.0,1.0,1.0,1.0,1,1,0,1,0.5,1.0,0,3,0,1679
1,6,1,1,0,0.4286,1.0,1.0,0.5,1.0,2,2,0,2,0.5,1.0,0,3,0,1680
2,2,0,0,1,0.5714,1.0,1.0,0.3333333333333333,1.0,3,3,0,3,0.5,1.0,0,3,0,1681
2,2,0,0,1,0.7143,0.75,1.0,0.5,1.0,4,3,0,3,0.5,0.75,0,3,0,1682
3,1,0,0,1,0.8571,0.6,1.0,0.6,1.0,5,3,0,3,0.5,0.6,0,3,0,1683
3,7,1,0,0,1.0,0.5,1.0,0.6666666666666666,1.0,6,3,0,3,0.5,0.5,0,3,0,1684
3,1,0,0,0,0.1,0.0,0.0,0.0,0.0,0,0,0,0,0.0,0.0,1,4,0,1685
1,7,1,1,0,0.2,0.0,0.0,0.0,0.0,1,0,0,0,0.0,0.0,1,4,0,1686
2,7,1,0,0,0.3,0.5,1.0,0.0,0.0,2,1,0,1,0.0,0.5,1,4,0,1687
1,2,0,0,1,0.4,0.3333333333333333,1.0,0.0,0.0,3,1,0,1,0.0,0.3333333333333333,1,4,0,1688
3,7,1,1,1,0.5,0.25,1.0,0.25,1.0,4,1,0,1,0.5,0.25,1,4,0,1689
3,2,0,1,0,0.6,0.4,1.0,0.4,1.0,5,2,0,2,0.5,0.4,1,4,0,1690
1,2,0,0,0,0.7,0.5,1.0,0.3333333333333333,1.0,6,3,0,3,0.5,0.5,1,4,0,1691
3,1,0,0,1,0.8,0.42857142857142855,1.0,0.2857142857142857,1.0,7,3,0,3,0.5,0.42857142857142855,1,4,0,1692
1,0,0,0,1,0.9,0.375,1.0,0.375,1.0,8,3,0,3,0.5,0.375,1,4,0,1693
1,0,0,0,0,1.0,0.3333333333333333,1.0,0.4444444444444444,1.0,9,3,0,3,0.5,0.3333333333333333,1,4,0,1694
3,7,1,0,1,0.1,0.0,0.0,0.0,0.0,0,0,0,0,0.0,0.0,2,3,0,1695
1,7,1,1,1,0.2,0.0,0.0,1.0,1.0,1,0,0,0,0.5,0.0,2,3,0,1696
3,7,1,1,0,0.3,0.5,1.0,1.0,1.0,2,1,0,1,0.5,0.5,2,3,0,1697
2,0,0,0,0,0.4,0.6666666666666666,1.0,0.6666666666666666,1.0,3,2,0,2,0.5,0.6666666666666666,2,3,0,1698
2,6,1,0,0,0.5,0.5,1.0,0.5,1.0,4,2,0,2,0.5,0.5,2,3,0,1699
1,2,0,0,0,0.6,0.4,1.0,0.4,1.0,5,2,0,2,0.5,0.4,2,3,0,1700
3,0,0,0,0,0.7,0.3333333333333333,1.0,0.3333333333333333,1.0,6,2,0,2,0.5,0.3333333333333333,2,3,0,1701
2,2,0,0,0,0.8,0.2857142857142857,1.0,0.2857142857142857,1.0,7,2,0,2,0.5,0.2857142857142857,2,3,0,1702
1,2,0,0,0,0.9,0.25,1.0,0.25,1.0,8,2,0,2,0.5,0.25,2,3,0,1703
3,6,1,0,0,1.0,0.2222222222222222,1.0,0.2222222222222222,1.0,9,2,0,2,0.5,0.2222222222222222,2,3,0,1704
3,1,0,0,0,0.2,0.0,0.0,0.0,0.0,0,0,0,0,0.0,0.0,3,4,0,1705
3,0,0,0,0,0.4,0.0,0.0,0.0,0.0,1,0,0,0,0.0,0.0,3,4,0,1706
2,6,1,1,1,0.6,0.0,0.0,0.0,0.0,2,0,0,0,0.0,0.0,3,4,0,1707
1,0,0,0,0,0.8,0.3333333333333333,1.0,0.3333333333333333,1.0,3,1,0,1,0.5,0.3333333333333333,3,4,0,1708
3,6,1,0,0,1.0,0.25,1.0,0.25,1.0,4,1,0,1,0.5,0.25,3,4,0,1709
2,7,1,0,0,0.1111,0.0,0.0,0.0,0.0,0,0,0,0,0.0,0.0,3,3,0,1710
3,2,0,0,0,0.2222,0.0,0.0,0.0,0.0,1,0,0,0,0.0,0.0,3,3,0,1711
2,7,1,0,0,0.3333,0.0,0.0,0.0,0.0,2,0,0,0,0.0,0.0,3,3,0,1712
1,2,0,0,0,0.4444,0.0,0.0,0.0,0.0,3,0,0,0,0.0,0.0,3,3,0,1713
3,2,0,0,0,0.5556,0.0,0.0,0.0,0.0,4,0,0,0,0.0,0.0,3,3,0,1714
3,0,0,0,1,0.6667,0.0,0.0,0.0,0.0,5,0,0,0,0.0,0.0,3,3,0,1715
2,7,1,1,0,0.7778,0.0,0.0,0.16666666666666666,1.0,6,0,0,0,0.5,0.0,3,3,0,1716
1,2,0,1,0,0.8889,0.14285714285714285,1.0,0.14285714285714285,1.0,7,1,0,1,0.5,0.14285714285714285,3,3,0,1717
2,2,0,0,1,1.0,0.25,1.0,0.125,1.0,8,2,0,2,0.5,0.25,3,3,0,1718
3,7,1,0,0,0.1667,0.0,0.0,0.0,0.0,0,0,0,0,0.0,0.0,1,3,0,1719
3,0,0,0,1,0.3333,0.0,0.0,0.0,0.0,1,0,0,0,0.0,0.0,1,3,0,1720
3,7,1,0,0,0.5,0.0,0.0,0.5,1.0,2,0,0,0,0.5,0.0,1,3,0,1721
1,7,1,0,1,0.6667,0.0,0.0,0.3333333333333333,1.0,3,0,0,0,0.5,0.0,1,3,0,1722
2,7,1,1,0,0.8333,0.0,0.0,0.5,1.0,4,0,0,0,0.5,0.0,1,3,0,1723
3,6,1,0,1,1.0,0.2,1.0,0.4,1.0,5,1,0,1,0.5,0.2,1,3,0,1724
3,2,0,0,1,0.1,0.0,0.0,0.0,0.0,0,0,0,0,0.0,0.0,3,2,0,1725
3,6,1,1,0,0.2,0.0,0.0,1.0,1.0,1,0,0,0,0.5,0.0,3,2,0,1726
2,2,0,0,1,0.3,0.5,1.0,0.5,1.0,2,1,0,1,0.5,0.5,3,2,0,1727
1,1,0,0,0,0.4,0.3333333333333333,1.0,0.6666666666666666,1.0,3,1,0,1,0.5,0.3333333333333333,3,2,0,1728
2,0,0,1,1,0.5,0.25,1.0,0.5,1.0,4,1,0,1,0.5,0.25,3,2,0,1729
1,6,1,0,0,0.6,0.4,1.0,0.6,1.0,5,2,0,2,0.5,0.4,3,2,0,1730
1,2,0,0,0,0.7,0.3333333333333333,1.0,0.5,1.0,6,2,0,2,0.5,0.3333333333333333,3,2,0,1731
1,1,0,0,1,0.8,0.2857142857142857,1.0,0.42857142857142855,1.0,7,2,0,2,0.5,0.2857142857142857,3,2,0,1732
3,0,0,0,1,0.9,0.25,1.0,0.5,1.0,8,2,0,2,0.5,0.25,3,2,0,1733
3,0,0,1,0,1.0,0.2222222222222222,1.0,0.5555555555555556,1.0,9,2,0,2,0.5,0.2222222222222222,3,2,0,1734
2,2,0,0,1,0.25,0.0,0.0,0.0,0.0,0,0,0,0,0.0,0.0,1,4,0,1735
2,7,1,0,0,0.5,0.0,0.0,1.0,1.0,1,0,0,0,0.5,0.0,1,4,0,1736
1,1,0,0,1,0.75,0.0,0.0,0.5,1.0,2,0,0,0,0.5,0.0,1,4,0,1737
2,2,0,0,0,1.0,0.0,0.0,0.6666666666666666,1.0,3,0,0,0,0.5,0.0,1,4,0,1738
2,7,1,0,1,0.25,0.0,0.0,0.0,0.0,0,0,0,0,0.0,0.0,3,2,0,1739
3,0,0,1,0,0.5,0.0,0.0,1.0,1.0,1,0,0,0,0.5,0.0,3,2,0,1740
1,6,1,0,0,0.75,0.5,1.0,0.5,1.0,2,1,0,1,0.5,0.5,3,2,0,1741
2,7,1,0,0,1.0,0.3333333333333333,1.0,0.3333333333333333,1.0,3,1,0,1,0.5,0.3333333333333333,3,2,0,1742
3,7,1,0,0,0.1111,0.0,0.0,0.0,0.0,0,0,0,0,0.0,0.0,0,3,0,1743
3,6,1,1,0,0.2222,0.0,0.0,0.0,0.0,1,0,0,0,0.0,0.0,0,3,0,1744
2,1,0,1,1,0.3333,0.5,1.0,0.0,0.0,2,1,0,1,0.0,0.5,0,3,0,1745
3,6,1,0,1,0.4444,0.6666666666666666,1.0,0.3333333333333333,1.0,3,2,0,2,0.5,0.6666666666666666,0,3,0,1746
3,1,0,0,0,0.5556,0.5,1.0,0.5,1.0,4,2,0,2,0.5,0.5,0,3,0,1747
2,7,1,1,1,0.6667,0.4,1.0,0.4,1.0,5,2,0,2,0.5,0.4,0,3,0,1748
3,1,0,1,0,0.7778,0.5,1.0,0.5,1.0,6,3,0,3,0.5,0.5,0,3,0,1749
2,2,0,0,0,0.8889,0.5714285714285714,1.0,0.42857142857142855,1.0,7,4,0,4,0.5,0.5714285714285714,0,3,0,1750
2,6,1,0,0,1.0,0.5,1.0,0.375,1.0,8,4,0,4,0.5,0.5,0,3,0,1751
3,7,1,0,0,0.125,0.0,0.0,0.0,0.0,0,0,0,0,0.0,0.0,1,4,0,1752
2,1,0,0,1,0.25,0.0,0.0,0.0,0.0,1,0,0,0,0.0,0.0,1,4,0,1753
2,1,0,0,0,0.375,0.0,0.0,0.5,1.0,2,0,0,0,0.5,0.0,1,4,0,1754
2,1,0,0,0,0.5,0.0,0.0,0.3333333333333333,1.0,3,0,0,0,0.5,0.0,1,4,0,1755
1,0,0,0,0,0.625,0.0,0.0,0.25,1.0,4,0,0,0,0.5,0.0,1,4,0,1756
1,2,0,0,0,0.75,0.0,0.0,0.2,1.0,5,0,0,0,0.5,0.0,1,4,0,1757
3,7,1,0,0,0.875,0.0,0.0,0.16666666666666666,1.0,6,0,0,0,0.5,0.0,1,4,0,1758
3,0,0,0,0,1.0,0.0,0.0,0.14285714285714285,1.0,7,0,0,0,0.5,0.0,1,4,0,1759
3,1,0,1,0,0.1,0.0,0.0,0.0,0.0,0,0,0,0,0.0,0.0,3,2,0,1760
2,0,0,0,1,0.2,1.0,1.0,0.0,0.0,1,1,0,1,0.0,1.0,3,2,0,1761
2,6,1,0,0,0.3,0.5,1.0,0.5,1.0,2,1,0,1,0.5,0.5,3,2,0,1762
1,1,0,0,0,0.4,0.3333333333333333,1.0,0.3333333333333333,1.0,3,1,0,1,0.5,0.3333333333333333,3,2,0,1763
2,0,0,1,0,0.5,0.25,1.0,0.25,1.0,4,1,0,1,0.5,0.25,3,2,0,1764
1,0,0,1,0,0.6,0.4,1.0,0.2,1.0,5,2,0,2,0.5,0.4,3,2,0,1765
3,0,0,0,1,0.7,0.5,1.0,0.16666666666666666,1.0,6,3,0,3,0.5,0.5,3,2,0,1766
3,0,0,0,0,0.8,0.42857142857142855,1.0,0.2857142857142857,1.0,7,3,0,3,0.5,0.42857142857142855,3,2,0,1767
2,6,1,1,0,0.9,0.375,1.0,0.25,1.0,8,3,0,3,0.5,0.375,3,2,0,1768
1,1,0,0,0,1.0,0.4444444444444444,1.0,0.2222222222222222,1.0,9,4,0,4,0.5,0.4444444444444444,3,2,0,1769
3,6,1,0,0,0.2,0.0,0.0,0.0,0.0,0,0,0,0,0.0,0.0,3,2,0,1770
1,7,1,0,1,0.4,0.0,0.0,0.0,0.0,1,0,0,0,0.0,0.0,3,2,0,1771
1,0,0,0,1,0.6,0.0,0.0,0.5,1.0,2,0,0,0,0.5,0.0,3,2,0,1772
3,2,0,0,0,0.8,0.0,0.0,0.6666666666666666,1.0,3,0,0,0,0.5,0.0,3,2,0,1773
2,0,0,0,0,1.0,0.0,0.0,0.5,1.0,4,0,0,0,0.5,0.0,3,2,0,1774
1,6,1,0,0,0.1429,0.0,0.0,0.0,0.0,0,0,0,0,0.0,0.0,1,2,0,1775
1,0,0,0,0,0.2857,0.0,0.0,0.0,0.0,1,0,0,0,0.0,0.0,1,2,0,1776
3,2,0,0,0,0.4286,0.0,0.0,0.0,0.0,2,0,0,0,0.0,0.0,1,2,0,1777
2,0,0,0,0,0.5714,0.0,0.0,0.0,0.0,3,0,0,0,0.0,0.0,1,2,0,1778
2,2,0,1,0,0.7143,0.0,0.0,0.0,0.0,4,0,0,0,0.0,0.0,1,2,0,1779
2,2,0,0,1,0.8571,0.2,1.0,0.0,0.0,5,1,0,1,0.0,0.2,1,2,0,1780
2,6,1,0,0,1.0,0.16666666666666666,1.0,0.16666666666666666,1.0,6,1,0,1,0.5,0.16666666666666666,1,2,0,1781
1,6,1,0,1,0.1429,0.0,0.0,0.0,0.0,0,0,0,0,0.0,0.0,0,4,0,1782
3,7,1,1,0,0.2857,0.0,0.0,1.0,1.0,1,0,0,0,0.5,0.0,0,4,0,1783
1,7,1,0,1,0.4286,0.5,1.0,0.5,1.0,2,1,0,1,0.5,0.5,0,4,0,1784
2,0,0,0,0,0.5714,0.3333333333333333,1.0,0.6666666666666666,1.0,3,1,0,1,0.5,0.3333333333333333,0,4,0,1785
2,1,0,1,0,0.7143,0.25,1.0,0.5,1.0,4,1,0,1,0.5,0.25,0,4,0,1786
1,1,0,0,1,0.8571,0.4,1.0,0.4,1.0,5,2,0,2,0.5,0.4,0,4,0,1787
3,6,1,0,0,1.0,0.3333333333333333,1.0,0.5,1.0,6,2,0,2,0.5,0.3333333333333333,0,4,0,1788
3,6,1,0,0,0.1667,0.0,0.0,0.0,0.0,0,0,0,0,0.0,0.0,2,3,0,1789
3,7,1,1,0,0.3333,0.0,0.0,0.0,0.0,1,0,0,0,0.0,0.0,2,3,0,1790
1,6,1,1,1,0.5,0.5,1.0,0.0,0.0,2,1,0,1,0.0,0.5,2,3,0,1791
2,1,0,0,0,0.6667,0.6666666666666666,1.0,0.3333333333333333,1.0,3,2,0,2,0.5,0.6666666666666666,2,3,0,1792
1,2,0,1,0,0.8333,0.5,1.0,0.25,1.0,4,2,0,2,0.5,0.5,2,3,0,1793
3,7,1,0,0,1.0,0.6,1.0,0.2,1.0,5,3,0,3,0.5,0.6,2,3,0,1794
2,0,0,0,0,0.1111,0.0,0.0,0.0,0.0,0,0,0,0,0.0,0.0,1,2,0,1795
3,7,1,1,0,0.2222,0.0,0.0,0.0,0.0,1,0,0,0,0.0,0.0,1,2,0,1796
2,7,1,0,1,0.3333,0.5,1.0,0.0,0.0,2,1,0,1,0.0,0.5,1,2,0,1797
3,0,0,0,1,0.4444,0.3333333333333333,1.0,0.3333333333333333,1.0,3,1,0,1,0.5,0.3333333333333333,1,2,0,1798
3,6,1,0,0,0.5556,0.25,1.0,0.5,1.0,4,1,0,1,0.5,0.25,1,2,0,1799
1,2,0,0,1,0.6667,0.2,1.0,0.4,1.0,5,1,0,1,0.5,0.2,1,2,0,1800
2,6,1,0,0,0.7778,0.16666666666666666,1.0,0.5,1.0,6,1,0,1,0.5,0.16666666666666666,1,2,0,1801
2,1,0,0,1,0.8889,0.14285714285714285,1.0,0.42857142857142855,1.0,7,1,0,1,0.5,0.14285714285714285,1,2,0,1802
3,7,1,0,0,1.0,0.125,1.0,0.5,1.0,8,1,0,1,0.5,0.125,1,2,0,1803
2,6,1,0,0,0.125,0.0,0.0,0.0,0.0,0,0,0,0,0.0,0.0,0,2,0,1804
3,0,0,0,0,0.25,0.0,0.0,0.0,0.0,1,0,0,0,0.0,0.0,0,2,0,1805
3,0,0,0,0,0.375,0.0,0.0,0.0,0.0,2,0,0,0,0.0,0.0,0,2,0,1806
2,6,1,1,0,0.5,0.0,0.0,0.0,0.0,3,0,0,0,0.0,0.0,0,2,0,1807
1,1,0,0,0,0.625,0.25,1.0,0.0,0.0,4,1,0,1,0.0,0.25,0,2,0,1808
3,7,1,1,0,0.75,0.2,1.0,0.0,0.0,5,1,0,1,0.0,0.2,0,2,0,1809
3,0,0,1,1,0.875,0.3333333333333333,1.0,0.0,0.0,6,2,0,2,0.0,0.3333333333333333,0,2,0,1810
1,1,0,0,0,1.0,0.42857142857142855,1.0,0.14285714285714285,1.0,7,3,0,3,0.5,0.42857142857142855,0,2,0,1811
3,6,1,0,0,0.1,0.0,0.0,0.0,0.0,0,0,0,0,0.0,0.0,2,3,0,1812
2,0,0,0,0,0.2,0.0,0.0,0.0,0.0,1,0,0,0,0.0,0.0,2,3,0,1813
3,7,1,0,1,0.3,0.0,0.0,0.0,0.0,2,0,0,0,0.0,0.0,2,3,0,1814
1,6,1,0,0,0.4,0.0,0.0,0.3333333333333333,1.0,3,0,0,0,0.5,0.0,2,3,0,1815
1,2,0,1,0,0.5,0.0,0.0,0.25,1.0,4,0,0,0,0.5,0.0,2,3,0,1816
1,0,0,1,0,0.6,0.2,1.0,0.2,1.0,5,1,0,1,0.5,0.2,2,3,0,1817
2,0,0,0,0,0.7,0.3333333333333333,1.0,0.16666666666666666,1.0,6,2,0,2,0.5,0.3333333333333333,2,3,0,1818
1,0,0,0,0,0.8,0.2857142857142857,1.0,0.14285714285714285,1.0,7,2,0,2,0.5,0.2857142857142857,2,3,0,1819
3,0,0,0,0,0.9,0.25,1.0,0.125,1.0,8,2,0,2,0.5,0.25,2,3,0,1820
3,7,1,0,0,1.0,0.2222222222222222,1.0,0.1111111111111111,1.0,9,2,0,2,0.5,0.2222222222222222,2,3,0,1821
2,0,0,0,0,0.125,0.0,0.0,0.0,0.0,0,0,0,0,0.0,0.0,3,4,0,1822
3,2,0,0,1,0.25,0.0,0.0,0.0,0.0,1,0,0,0,0.0,0.0,3,4,0,1823
1,6,1,0,1,0.375,0.0,0.0,0.5,1.0,2,0,0,0,0.5,0.0,3,4,0,1824
3,7,1,1,1,0.5,0.0,0.0,0.6666666666666666,1.0,3,0,0,0,0.5,0.0,3,4,0,1825
1,2,0,0,0,0.625,0.25,1.0,0.75,1.0,4,1,0,1,0.5,0.25,3,4,0,1826
3,6,1,0,0,0.75,0.2,1.0,0.6,1.0,5,1,0,1,0.5,0.2,3,4,0,1827
2,2,0,0,1,0.875,0.16666666666666666,1.0,0.5,1.0,6,1,0,1,0.5,0.16666666666666666,3,4,0,1828
3,7,1,0,0,1.0,0.14285714285714285,1.0,0.5714285714285714,1.0,7,1,0,1,0.5,0.14285714285714285,3,4,0,1829
2,7,1,0,0,0.1667,0.0,0.0,0.0,0.0,0,0,0,0,0.0,0.0,2,2,0,1830
1,0,0,0,0,0.3333,0.0,0.0,0.0,0.0,1,0,0,0,0.0,0.0,2,2,0,1831
1,7,1,0,0,0.5,0.0,0.0,0.0,0.0,2,0,0,0,0.0,0.0,2,2,0,1832
2,2,0,0,0,0.6667,0.0,0.0,0.0,0.0,3,0,0,0,0.0,0.0,2,2,0,1833
2,2,0,1,0,0.8333,0.0,0.0,0.0,0.0,4,0,0,0,0.0,0.0,2,2,0,1834
2,2,0,0,0,1.0,0.2,1.0,0.0,0.0,5,1,0,1,0.0,0.2,2,2,0,1835
1,2,0,1,1,0.1667,0.0,0.0,0.0,0.0,0,0,0,0,0.0,0.0,0,2,0,1836
3,7,1,0,0,0.3333,1.0,1.0,1.0,1.0,1,1,0,1,0.5,1.0,0,2,0,1837
1,7,1,1,0,0.5,0.5,1.0,0.5,1.0,2,1,0,1,0.5,0.5,0,2,0,1838
1,2,0,0,0,0.6667,0.6666666666666666,1.0,0.3333333333333333,1.0,3,2,0,2,0.5,0.6666666666666666,0,2,0,1839
2,2,0,1,0,0.8333,0.5,1.0,0.25,1.0,4,2,0,2,0.5,0.5,0,2,0,1840
1,1,0,0,0,1.0,0.6,1.0,0.2,1.0,5,3,0,3,0.5,0.6,0,2,0,1841
3,7,1,0,1,0.125,0.0,0.0,0.0,0.0,0,0,0,0,0.0,0.0,0,4,0,1842
3,1,0,1,1,0.25,0.0,0.0,1.0,1.0,1,0,0,0,0.5,0.0,0,4,0,1843
2,7,1,0,0,0.375,0.5,1.0,1.0,1.0,2,1,0,1,0.5,0.5,0,4,0,1844
1,7,1,1,0,0.5,0.3333333333333333,1.0,0.6666666666666666,1.0,3,1,0,1,0.5,0.3333333333333333,0,4,0,1845
2,6,1,0,0,0.625,0.5,1.0,0.5,1.0,4,2,0,2,0.5,0.5,0,4,0,1846
1,6,1,0,0,0.75,0.4,1.0,0.4,1.0,5,2,0,2,0.5,0.4,0,4,0,1847
1,1,0,0,1,0.875,0.3333333333333333,1.0,0.3333333333333333,1.0,6,2,0,2,0.5,0.3333333333333333,0,4,0,1848
1,0,0,0,0,1.0,0.2857142857142857,1.0,0.42857142857142855,1.0,7,2,0,2,0.5,0.2857142857142857,0,4,0,1849
3,1,0,0,1,0.25,0.0,0.0,0.0,0.0,0,0,0,0,0.0,0.0,1,2,0,1850
1,0,0,0,0,0.5,0.0,0.0,1.0,1.0,1,0,0,0,0.5,0.0,1,2,0,1851
2,6,1,0,0,0.75,0.0,0.0,0.5,1.0,2,0,0,0,0.5,0.0,1,2,0,1852
2,1,0,1,0,1.0,0.0,0.0,0.3333333333333333,1.0,3,0,0,0,0.5,0.0,1,2,0,1853
3,7,1,0,0,0.25,0.0,0.0,0.0,0.0,0,0,0,0,0.0,0.0,2,3,0,1854
1,0,0,0,0,0.5,0.0,0.0,0.0,0.0,1,0,0,0,0.0,0.0,2,3,0,1855
3,1,0,0,0,0.75,0.0,0.0,0.0,0.0,2,0,0,0,0.0,0.0,2,3,0,1856
3,2,0,1,0,1.0,0.0,0.0,0.0,0.0,3,0,0,0,0.0,0.0,2,3,0,1857
1,6,1,0,0,0.1111,0.0,0.0,0.0,0.0,0,0,0,0,0.0,0.0,1,3,0,1858
3,7,1,0,1,0.2222,0.0,0.0,0.0,0.0,1,0,0,0,0.0,0.0,1,3,0,1859
2,7,1,0,0,0.3333,0.0,0.0,0.5,1.0,2,0,0,0,0.5,0.0,1,3,0,1860
1,7,1,1,0,0.4444,0.0,0.0,0.3333333333333333,1.0,3,0,0,0,0.5,0.0,1,3,0,1861
2,7,1,1,0,0.5556,0.25,1.0,0.25,1.0,4,1,0,1,0.5,0.25,1,3,0,1862
1,0,0,1,0,0.6667,0.4,1.0,0.2,1.0,5,2,0,2,0.5,0.4,1,3,0,1863
2,1,0,0,0,0.7778,0.5,1.0,0.16666666666666666,1.0,6,3,0,3,0.5,0.5,1,3,0,1864
1,1,0,1,0,0.8889,0.42857142857142855,1.0,0.14285714285714285,1.0,7,3,0,3,0.5,0.42857142857142855,1,3,0,1865
2,6,1,0,1,1.0,0.5,1.0,0.125,1.0,8,4,0,4,0.5,0.5,1,3,0,1866
3,0,0,0,0,0.1429,0.0,0.0,0.0,0.0,0,0,0,0,0.0,0.0,3,2,0,1867
2,7,1,1,0,0.2857,0.0,0.0,0.0,0.0,1,0,0,0,0.0,0.0,3,2,0,1868
1,2,0,0,0,0.4286,0.5,1.0,0.0,0.0,2,1,0,1,0.0,0.5,3,2,0,1869
1,0,0,0,0,0.5714,0.3333333333333333,1.0,0.0,0.0,3,1,0,1,0.0,0.3333333333333333,3,2,0,1870
3,2,0,1,0,0.7143,0.25,1.0,0.0,0.0,4,1,0,1,0.0,0.25,3,2,0,1871
2,7,1,1,0,0.8571,0.4,1.0,0.0,0.0,5,2,0,2,0.0,0.4,3,2,0,1872
1,6,1,0,0,1.0,0.5,1.0,0.0,0.0,6,3,0,3,0.0,0.5,3,2,0,1873
2,6,1,0,0,0.1,0.0,0.0,0.0,0.0,0,0,0,0,0.0,0.0,0,2,0,1874
3,6,1,0,1,0.2,0.0,0.0,0.0,0.0,1,0,0,0,0.0,0.0,0,2,0,1875
1,7,1,0,0,0.3,0.0,0.0,0.5,1.0,2,0,0,0,0.5,0.0,0,2,0,1876
3,6,1,0,0,0.4,0.0,0.0,0.3333333333333333,1.0,3,0,0,0,0.5,0.0,0,2,0,1877
2,2,0,0,0,0.5,0.0,0.0,0.25,1.0,4,0,0,0,0.5,0.0,0,2,0,1878
3,1,0,0,1,0.6,0.0,0.0,0.2,1.0,5,0,0,0,0.5,0.0,0,2,0,1879
2,0,0,0,0,0.7,0.0,0.0,0.3333333333333333,1.0,6,0,0,0,0.5,0.0,0,2,0,1880
2,1,0,0,0,0.8,0.0,0.0,0.2857142857142857,1.0,7,0,0,0,0.5,0.0,0,2,0,1881
2,7,1,0,1,0.9,0.0,0.0,0.25,1.0,8,0,0,0,0.5,0.0,0,2,0,1882
1,2,0,0,0,1.0,0.0,0.0,0.3333333333333333,1.0,9,0,0,0,0.5,0.0,0,2,0,1883
3,2,0,1,1,0.2,0.0,0.0,0.0,0.0,0,0,0,0,0.0,0.0,0,2,0,1884
3,6,1,1,0,0.4,1.0,1.0,1.0,1.0,1,1,0,1,0.5,1.0,0,2,0,1885
1,7,1,0,0,0.6,1.0,1.0,0.5,1.0,2,2,0,2,0.5,1.0,0,2,0,1886
2,2,0,0,0,0.8,0.6666666666666666,1.0,0.3333333333333333,1.0,3,2,0,2,0.5,0.6666666666666666,0,2,0,1887
1,1,0,0,0,1.0,0.5,1.0,0.25,1.0,4,2,0,2,0.5,0.5,0,2,0,1888
1,6,1,0,0,0.2,0.0,0.0,0.0,0.0,0,0,0,0,0.0,0.0,3,4,0,1889
2,6,1,0,1,0.4,0.0,0.0,0.0,0.0,1,0,0,0,0.0,0.0,3,4,0,1890
2,0,0,0,0,0.6,0.0,0.0,0.5,1.0,2,0,0,0,0.5,0.0,3,4,0,1891
1,0,0,0,0,0.8,0.0,0.0,0.3333333333333333,1.0,3,0,0,0,0.5,0.0,3,4,0,1892
2,7,1,1,0,1.0,0.0,0.0,0.25,1.0,4,0,0,0,0.5,0.0,3,4,0,1893
2,1,0,0,0,0.1429,0.0,0.0,0.0,0.0,0,0,0,0,0.0,0.0,0,2,0,1894
2,7,1,0,1,0.2857,0.0,0.0,0.0,0.0,1,0,0,0,0.0,0.0,0,2,0,1895
3,6,1,0,1,0.4286,0.0,0.0,0.5,1.0,2,0,0,0,0.5,0.0,0,2,0,1896
2,2,0,0,0,0.5714,0.0,0.0,0.6666666666666666,1.0,3,0,0,0,0.5,0.0,0,2,0,1897
3,7,1,0,0,0.7143,0.0,0.0,0.5,1.0,4,0,0,0,0.5,0.0,0,2,0,1898
3,7,1,0,1,0.8571,0.0,0.0,0.4,1.0,5,0,0,0,0.5,0.0,0,2,0,1899
3,0,0,0,0,1.0,0.0,0.0,0.5,1.0,6,0,0,0,0.5,0.0,0,2,0,1900
3,2,0,0,0,0.2,0.0,0.0,0.0,0.0,0,0,0,0,0.0,0.0,3,2,0,1901
1,2,0,0,1,0.4,0.0,0.0,0.0,0.0,1,0,0,0,0.0,0.0,3,2,0,1902
1,0,0,1,1,0.6,0.0,0.0,0.5,1.0,2,0,0,0,0.5,0.0,3,2,0,1903
1,2,0,1,0,0.8,0.3333333333333333,1.0,0.6666666666666666,1.0,3,1,0,1,0.5,0.3333333333333333,3,2,0,1904
1,2,0,0,1,1.0,0.5,1.0,0.5,1.0,4,2,0,2,0.5,0.5,3,2,0,1905
3,2,0,0,1,0.1,0.0,0.0,0.0,0.0,0,0,0,0,0.0,0.0,3,4,0,1906
3,6,1,0,0,0.2,0.0,0.0,1.0,1.0,1,0,0,0,0.5,0.0,3,4,0,1907
2,7,1,0,0,0.3,0.0,0.0,0.5,1.0,2,0,0,0,0.5,0.0,3,4,0,1908
3,0,0,0,0,0.4,0.0,0.0,0.3333333333333333,1.0,3,0,0,0,0.5,0.0,3,4,0,1909
1,0,0,0,0,0.5,0.0,0.0,0.25,1.0,4,0,0,0,0.5,0.0,3,4,0,1910
2,0,0,0,0,0.6,0.0,0.0,0.2,1.0,5,0,0,0,0.5,0.0,3,4,0,1911
3,0,0,0,1,0.7,0.0,0.0,0.16666666666666666,1.0,6,0,0,0,0.5,0.0,3,4,0,1912
2,7,1,0,0,0.8,0.0,0.0,0.2857142857142857,1.0,7,0,0,0,0.5,0.0,3,4,0,1913
1,0,0,0,0,0.9,0.0,0.0,0.25,1.0,8,0,0,0,0.5,0.0,3,4,0,1914
1,7,1,0,0,1.0,0.0,0.0,0.2222222222222222,1.0,9,0,0,0,0.5,0.0,3,4,0,1915
3,1,0,0,1,0.1429,0.0,0.0,0.0,0.0,0,0,0,0,0.0,0.0,3,3,0,1916
2,1,0,0,0,0.2857,0.0,0.0,1.0,1.0,1,0,0,0,0.5,0.0,3,3,0,1917
1,6,1,1,1,0.4286,0.0,0.0,0.5,1.0,2,0,0,0,0.5,0.0,3,3,0,1918
2,0,0,1,0,0.5714,0.3333333333333333,1.0,0.6666666666666666,1.0,3,1,0,1,0.5,0.3333333333333333,3,3,0,1919
1,2,0,0,0,0.7143,0.5,1.0,0.5,1.0,4,2,0,2,0.5,0.5,3,3,0,1920
1,1,0,0,0,0.8571,0.4,1.0,0.4,1.0,5,2,0,2,0.5,0.4,3,3,0,1921
3,6,1,0,1,1.0,0.3333333333333333,1.0,0.3333333333333333,1.0,6,2,0,2,0.5,0.3333333333333333,3,3,0,1922
2,0,0,0,0,0.25,0.0,0.0,0.0,0.0,0,0,0,0,0.0,0.0,1,3,0,1923
1,7,1,0,1,0.5,0.0,0.0,0.0,0.0,1,0,0,0,0.0,0.0,1,3,0,1924
2,1,0,0,0,0.75,0.0,0.0,0.5,1.0,2,0,0,0,0.5,0.0,1,3,0,1925
3,0,0,0,0,1.0,0.0,0.0,0.3333333333333333,1.0,3,0,0,0,0.5,0.0,1,3,0,1926
3,0,0,0,0,0.1111,0.0,0.0,0.0,0.0,0,0,0,0,0.0,0.0,3,3,0,1927
2,2,0,0,1,0.2222,0.0,0.0,0.0,0.0,1,0,0,0,0.0,0.0,3,3,0,1928
3,7,1,0,1,0.3333,0.0,0.0,0.5,1.0,2,0,0,0,0.5,0.0,3,3,0,1929
2,6,1,0,0,0.4444,0.0,0.0,0.6666666666666666,1.0,3,0,0,0,0.5,0.0,3,3,0,1930
2,6,1,0,0,0.5556,0.0,0.0,0.5,1.0,4,0,0,0,0.5,0.0,3,3,0,1931
1,0,0,0,0,0.6667,0.0,0.0,0.4,1.0,5,0,0,0,0.5,0.0,3,3,0,1932
2,2,0,1,0,0.7778,0.0,0.0,0.3333333333333333,1.0,6,0,0,0,0.5,0.0,3,3,0,1933
3,7,1,1,0,0.8889,0.14285714285714285,1.0,0.2857142857142857,1.0,7,1,0,1,0.5,0.14285714285714285,3,3,0,1934
2,1,0,1,1,1.0,0.25,1.0,0.25,1.0,8,2,0,2,0.5,0.25,3,3,0,1935
1,7,1,0,0,0.1429,0.0,0.0,0.0,0.0,0,0,0,0,0.0,0.0,2,4,0,1936
3,0,0,0,1,0.2857,0.0,0.0,0.0,0.0,1,0,0,0,0.0,0.0,2,4,0,1937
1,6,1,1,0,0.4286,0.0,0.0,0.5,1.0,2,0,0,0,0.5,0.0,2,4,0,1938
3,1,0,0,0,0.5714,0.3333333333333333,1.0,0.3333333333333333,1.0,3,1,0,1,0.5,0.3333333333333333,2,4,0,1939
2,2,0,1,1,0.7143,0.25,1.0,0.25,1.0,4,1,0,1,0.5,0.25,2,4,0,1940
3,7,1,0,1,0.8571,0.4,1.0,0.4,1.0,5,2,0,2,0.5,0.4,2,4,0,1941
1,1,0,1,0,1.0,0.3333333333333333,1.0,0.5,1.0,6,2,0,2,0.5,0.3333333333333333,2,4,0,1942
3,0,0,0,1,0.1429,0.0,0.0,0.0,0.0,0,0,0,0,0.0,0.0,1,4,0,1943
2,0,0,0,0,0.2857,0.0,0.0,1.0,1.0,1,0,0,0,0.5,0.0,1,4,0,1944
3,7,1,1,0,0.4286,0.0,0.0,0.5,1.0,2,0,0,0,0.5,0.0,1,4,0,1945
1,1,0,0,1,0.5714,0.3333333333333333,1.0,0.3333333333333333,1.0,3,1,0,1,0.5,0.3333333333333333,1,4,0,1946
3,0,0,1,0,0.7143,0.25,1.0,0.5,1.0,4,1,0,1,0.5,0.25,1,4,0,1947
1,2,0,0,0,0.8571,0.4,1.0,0.4,1.0,5,2,0,2,0.5,0.4,1,4,0,1948
3,6,1,0,0,1.0,0.3333333333333333,1.0,0.3333333333333333,1.0,6,2,0,2,0.5,0.3333333333333333,1,4,0,1949
3,2,0,0,0,0.1667,0.0,0.0,0.0,0.0,0,0,0,0,0.0,0.0,2,3,0,1950
2,2,0,0,1,0.3333,0.0,0.0,0.0,0.0,1,0,0,0,0.0,0.0,2,3,0,1951
2,7,1,0,0,0.5,0.0,0.0,0.5,1.0,2,0,0,0,0.5,0.0,2,3,0,1952
3,1,0,0,0,0.6667,0.0,0.0,0.3333333333333333,1.0,3,0,0,0,0.5,0.0,2,3,0,1953
3,6,1,0,0,0.8333,0.0,0.0,0.25,1.0,4,0,0,0,0.5,0.0,2,3,0,1954
2,2,0,1,1,1.0,0.0,0.0,0.2,1.0,5,0,0,0,0.5,0.0,2,3,0,1955
3,6,1,0,0,0.1,0.0,0.0,0.0,0.0,0,0,0,0,0.0,0.0,1,4,0,1956
2,0,0,1,0,0.2,0.0,0.0,0.0,0.0,1,0,0,0,0.0,0.0,1,4,0,1957
1,7,1,1,0,0.3,0.5,1.0,0.0,0.0,2,1,0,1,0.0,0.5,1,4,0,1958
3,7,1,0,0,0.4,0.6666666666666666,1.0,0.0,0.0,3,2,0,2,0.0,0.6666666666666666,1,4,0,1959
3,1,0,1,0,0.5,0.5,1.0,0.0,0.0,4,2,0,2,0.0,0.5,1,4,0,1960
1,6,1,0,1,0.6,0.6,1.0,0.0,0.0,5,3,0,3,0.0,0.6,1,4,0,1961
1,7,1,0,0,0.7,0.5,1.0,0.16666666666666666,1.0,6,3,0,3,0.5,0.5,1,4,0,1962
3,0,0,0,0,0.8,0.42857142857142855,1.0,0.14285714285714285,1.0,7,3,0,3,0.5,0.42857142857142855,1,4,0,1963
3,6,1,1,1,0.9,0.375,1.0,0.125,1.0,8,3,0,3,0.5,0.375,1,4,0,1964
1,0,0,1,0,1.0,0.4444444444444444,1.0,0.2222222222222222,1.0,9,4,0,4,0.5,0.4444444444444444,1,4,0,1965
2,7,1,0,1,0.1111,0.0,0.0,0.0,0.0,0,0,0,0,0.0,0.0,3,4,0,1966
1,1,0,1,0,0.2222,0.0,0.0,1.0,1.0,1,0,0,0,0.5,0.0,3,4,0,1967
2,7,1,1,0,0.3333,0.5,1.0,0.5,1.0,2,1,0,1,0.5,0.5,3,4,0,1968
3,1,0,0,0,0.4444,0.6666666666666666,1.0,0.3333333333333333,1.0,3,2,0,2,0.5,0.6666666666666666,3,4,0,1969
2,1,0,0,0,0.5556,0.5,1.0,0.25,1.0,4,2,0,2,0.5,0.5,3,4,0,1970
3,0,0,0,1,0.6667,0.4,1.0,0.2,1.0,5,2,0,2,0.5,0.4,3,4,0,1971
3,2,0,0,1,0.7778,0.3333333333333333,1.0,0.3333333333333333,1.0,6,2,0,2,0.5,0.3333333333333333,3,4,0,1972
2,0,0,0,0,0.8889,0.2857142857142857,1.0,0.42857142857142855,1.0,7,2,0,2,0.5,0.2857142857142857,3,4,0,1973
1,7,1,1,1,1.0,0.25,1.0,0.375,1.0,8,2,0,2,0.5,0.25,3,4,0,1974
2,1,0,0,0,0.25,0.0,0.0,0.0,0.0,0,0,0,0,0.0,0.0,0,4,0,1975
2,7,1,0,1,0.5,0.0,0.0,0.0,0.0,1,0,0,0,0.0,0.0,0,4,0,1976
3,2,0,0,0,0.75,0.0,0.0,0.5,1.0,2,0,0,0,0.5,0.0,0,4,0,1977
1,6,1,0,0,1.0,0.0,0.0,0.3333333333333333,1.0,3,0,0,0,0.5,0.0,0,4,0,1978
1,2,0,0,0,0.1667,0.0,0.0,0.0,0.0,0,0,0,0,0.0,0.0,2,4,0,1979
2,1,0,1,0,0.3333,0.0,0.0,0.0,0.0,1,0,0,0,0.0,0.0,2,4,0,1980
1,0,0,0,1,0.5,0.5,1.0,0.0,0.0,2,1,0,1,0.0,0.5,2,4,0,1981
2,6,1,1,0,0.6667,0.3333333333333333,1.0,0.3333333333333333,1.0,3,1,0,1,0.5,0.3333333333333333,2,4,0,1982
2,1,0,0,0,0.8333,0.5,1.0,0.25,1.0,4,2,0,2,0.5,0.5,2,4,0,1983
3,0,0,0,0,1.0,0.4,1.0,0.2,1.0,5,2,0,2,0.5,0.4,2,4,0,1984
1,0,0,0,0,0.2,0.0,0.0,0.0,0.0,0,0,0,0,0.0,0.0,2,2,0,1985
2,2,0,0,0,0.4,0.0,0.0,0.0,0.0,1,0,0,0,0.0,0.0,2,2,0,1986
2,1,0,1,0,0.6,0.0,0.0,0.0,0.0,2,0,0,0,0.0,0.0,2,2,0,1987
1,7,1,1,1,0.8,0.3333333333333333,1.0,0.0,0.0,3,1,0,1,0.0,0.3333333333333333,2,2,0,1988
1,6,1,0,0,1.0,0.5,1.0,0.25,1.0,4,2,0,2,0.5,0.5,2,2,0,1989
1,6,1,0,0,0.2,0.0,0.0,0.0,0.0,0,0,0,0,0.0,0.0,0,3,0,1990
1,7,1,0,0,0.4,0.0,0.0,0.0,0.0,1,0,0,0,0.0,0.0,0,3,0,1991
1,6,1,0,0,0.6,0.0,0.0,0.0,0.0,2,0,0,0,0.0,0.0,0,3,0,1992
2,1,0,0,1,0.8,0.0,0.0,0.0,0.0,3,0,0,0,0.0,0.0,0,3,0,1993
3,6,1,0,0,1.0,0.0,0.0,0.25,1.0,4,0,0,0,0.5,0.0,0,3,0,1994
1,0,0,0,1,0.1111,0.0,0.0,0.0,0.0,0,0,0,0,0.0,0.0,0,4,0,1995
3,6,1,0,1,0.2222,0.0,0.0,1.0,1.0,1,0,0,0,0.5,0.0,0,4,0,1996
3,1,0,0,1,0.3333,0.0,0.0,1.0,1.0,2,0,0,0,0.5,0.0,0,4,0,1997
1,1,0,0,0,0.4444,0.0,0.0,1.0,1.0,3,0,0,0,0.5,0.0,0,4,0,1998
2,7,1,0,0,0.5556,0.0,0.0,0.75,1.0,4,0,0,0,0.5,0.0,0,4,0,1999
3,1,0,0,0,0.6667,0.0,0.0,0.6,1.0,5,0,0,0,0.5,0.0,0,4,0,2000
2,2,0,0,0,0.7778,0.0,0.0,0.5,1.0,6,0,0,0,0.5,0.0,0,4,0,2001
2,1,0,0,0,0.8889,0.0,0.0,0.42857142857142855,1.0,7,0,0,0,0.5,0.0,0,4,0,2002
1,7,1,0,1,1.0,0.0,0.0,0.375,1.0,8,0,0,0,0.5,0.0,0,4,0,2003
2,1,0,0,1,0.2,0.0,0.0,0.0,0.0,0,0,0,0,0.0,0.0,2,2,0,2004
2,0,0,0,1,0.4,0.0,0.0,1.0,1.0,1,0,0,0,0.5,0.0,2,2,0,2005
2,1,0,1,0,0.6,0.0,0.0,1.0,1.0,2,0,0,0,0.5,0.0,2,2,0,2006
1,7,1,0,0,0.8,0.3333333333333333,1.0,0.6666666666666666,1.0,3,1,0,1,0.5,0.3333333333333333,2,2,0,2007
1,2,0,0,1,1.0,0.25,1.0,0.5,1.0,4,1,0,1,0.5,0.25,2,2,0,2008
2,1,0,1,1,0.1667,0.0,0.0,0.0,0.0,0,0,0,0,0.0,0.0,0,3,0,2009
2,2,0,0,0,0.3333,1.0,1.0,1.0,1.0,1,1,0,1,0.5,1.0,0,3,0,2010
1,1,0,0,0,0.5,0.5,1.0,0.5,1.0,2,1,0,1,0.5,0.5,0,3,0,2011
1,7,1,0,0,0.6667,0.3333333333333333,1.0,0.3333333333333333,1.0,3,1,0,1,0.5,0.3333333333333333,0,3,0,2012
1,1,0,0,1,0.8333,0.25,1.0,0.25,1.0,4,1,0,1,0.5,0.25,0,3,0,2013
2,2,0,0,0,1.0,0.2,1.0,0.4,1.0,5,1,0,1,0.5,0.2,0,3,0,2014
2,0,0,0,1,0.1,0.0,0.0,0.0,0.0,0,0,0,0,0.0,0.0,3,4,0,2015
2,0,0,0,1,0.2,0.0,0.0,1.0,1.0,1,0,0,0,0.5,0.0,3,4,0,2016
2,2,0,0,1,0.3,0.0,0.0,1.0,1.0,2,0,0,0,0.5,0.0,3,4,0,2017
1,2,0,0,0,0.4,0.0,0.0,1.0,1.0,3,0,0,0,0.5,0.0,3,4,0,2018
1,1,0,0,1,0.5,0.0,0.0,0.75,1.0,4,0,0,0,0.5,0.0,3,4,0,2019
1,7,1,1,0,0.6,0.0,0.0,0.8,1.0,5,0,0,0,0.5,0.0,3,4,0,2020
1,7,1,0,0,0.7,0.16666666666666666,1.0,0.6666666666666666,1.0,6,1,0,1,0.5,0.16666666666666666,3,4,0,2021
2,7,1,0,1,0.8,0.14285714285714285,1.0,0.5714285714285714,1.0,7,1,0,1,0.5,0.14285714285714285,3,4,0,2022
1,1,0,0,1,0.9,0.125,1.0,0.625,1.0,8,1,0,1,0.5,0.125,3,4,0,2023
3,2,0,0,0,1.0,0.1111111111111111,1.0,0.6666666666666666,1.0,9,1,0,1,0.5,0.1111111111111111,3,4,0,2024
2,6,1,0,0,0.1,0.0,0.0,0.0,0.0,0,0,0,0,0.0,0.0,3,3,0,2025
2,2,0,0,0,0.2,0.0,0.0,0.0,0.0,1,0,0,0,0.0,0.0,3,3,0,2026
1,6,1,0,0,0.3,0.0,0.0,0.0,0.0,2,0,0,0,0.0,0.0,3,3,0,2027
2,2,0,0,0,0.4,0.0,0.0,0.0,0.0,3,0,0,0,0.0,0.0,3,3,0,2028
3,2,0,0,1,0.5,0.0,0.0,0.0,0.0,4,0,0,0,0.0,0.0,3,3,0,2029
3,6,1,1,0,0.6,0.0,0.0,0.2,1.0,5,0,0,0,0.5,0.0,3,3,0,2030
1,2,0,0,0,0.7,0.16666666666666666,1.0,0.16666666666666666,1.0,6,1,0,1,0.5,0.16666666666666666,3,3,0,2031
3,6,1,1,0,0.8,0.14285714285714285,1.0,0.14285714285714285,1.0,7,1,0,1,0.5,0.14285714285714285,3,3,0,2032
1,1,0,1,0,0.9,0.25,1.0,0.125,1.0,8,2,0,2,0.5,0.25,3,3,0,2033
3,6,1,1,0,1.0,0.3333333333333333,1.0,0.1111111111111111,1.0,9,3,0,3,0.5,0.3333333333333333,3,3,0,2034
1,1,0,0,0,0.25,0.0,0.0,0.0,0.0,0,0,0,0,0.0,0.0,0,3,0,2035
3,2,0,0,0,0.5,0.0,0.0,0.0,0.0,1,0,0,0,0.0,0.0,0,3,0,2036
1,0,0,0,0,0.75,0.0,0.0,0.0,0.0,2,0,0,0,0.0,0.0,0,3,0,2037
3,0,0,0,0,1.0,0.0,0.0,0.0,0.0,3,0,0,0,0.0,0.0,0,3,0,2038
2,2,0,0,0,0.1667,0.0,0.0,0.0,0.0,0,0,0,0,0.0,0.0,1,4,0,2039
2,1,0,0,0,0.3333,0.0,0.0,0.0,0.0,1,0,0,0,0.0,0.0,1,4,0,2040
1,0,0,1,0,0.5,0.0,0.0,0.0,0.0,2,0,0,0,0.0,0.0,1,4,0,2041
2,0,0,0,0,0.6667,0.3333333333333333,1.0,0.0,0.0,3,1,0,1,0.0,0.3333333333333333,1,4,0,2042
3,0,0,0,0,0.8333,0.25,1.0,0.0,0.0,4,1,0,1,0.0,0.25,1,4,0,2043
3,0,0,0,1,1.0,0.2,1.0,0.0,0.0,5,1,0,1,0.0,0.2,1,4,0,2044
2,6,1,0,0,0.1,0.0,0.0,0.0,0.0,0,0,0,0,0.0,0.0,2,4,0,2045
3,6,1,0,0,0.2,0.0,0.0,0.0,0.0,1,0,0,0,0.0,0.0,2,4,0,2046
3,2,0,0,0,0.3,0.0,0.0,0.0,0.0,2,0,0,0,0.0,0.0,2,4,0,2047
3,2,0,1,0,0.4,0.0,0.0,0.0,0.0,3,0,0,0,0.0,0.0,2,4,0,2048
3,1,0,0,0,0.5,0.25,1.0,0.0,0.0,4,1,0,1,0.0,0.25,2,4,0,2049
2,7,1,1,0,0.6,0.2,1.0,0.0,0.0,5,1,0,1,0.0,0.2,2,4,0,2050
3,1,0,0,1,0.7,0.3333333333333333,1.0,0.0,0.0,6,2,0,2,0.0,0.3333333333333333,2,4,0,2051
3,6,1,0,1,0.8,0.2857142857142857,1.0,0.14285714285714285,1.0,7,2,0,2,0.5,0.2857142857142857,2,4,0,2052
3,2,0,0,0,0.9,0.25,1.0,0.25,1.0,8,2,0,2,0.5,0.25,2,4,0,2053
2,1,0,1,1,1.0,0.2222222222222222,1.0,0.2222222222222222,1.0,9,2,0,2,0.5,0.2222222222222222,2,4,0,2054
1,0,0,1,0,0.1429,0.0,0.0,0.0,0.0,0,0,0,0,0.0,0.0,0,3,0,2055
2,0,0,1,1,0.2857,1.0,1.0,0.0,0.0,1,1,0,1,0.0,1.0,0,3,0,2056
1,2,0,0,0,0.4286,1.0,1.0,0.5,1.0,2,2,0,2,0.5,1.0,0,3,0,2057
3,1,0,0,0,0.5714,0.6666666666666666,1.0,0.3333333333333333,1.0,3,2,0,2,0.5,0.6666666666666666,0,3,0,2058
1,6,1,0,1,0.7143,0.5,1.0,0.25,1.0,4,2,0,2,0.5,0.5,0,3,0,2059
1,2,0,1,1,0.8571,0.4,1.0,0.4,1.0,5,2,0,2,0.5,0.4,0,3,0,2060
3,7,1,1,0,1.0,0.5,1.0,0.5,1.0,6,3,0,3,0.5,0.5,0,3,0,2061
2,1,0,0,0,0.2,0.0,0.0,0.0,0.0,0,0,0,0,0.0,0.0,1,4,0,2062
3,1,0,0,1,0.4,0.0,0.0,0.0,0.0,1,0,0,0,0.0,0.0,1,4,0,2063
2,6,1,0,0,0.6,0.0,0.0,0.5,1.0,2,0,0,0,0.5,0.0,1,4,0,2064
3,0,0,0,0,0.8,0.0,0.0,0.3333333333333333,1.0,3,0,0,0,0.5,0.0,1,4,0,2065
1,1,0,0,1,1.0,0.0,0.0,0.25,1.0,4,0,0,0,0.5,0.0,1,4,0,2066
1,2,0,0,0,0.125,0.0,0.0,0.0,0.0,0,0,0,0,0.0,0.0,0,3,0,2067
2,2,0,1,0,0.25,0.0,0.0,0.0,0.0,1,0,0,0,0.0,0.0,0,3,0,2068
3,0,0,0,0,0.375,0.5,1.0,0.0,0.0,2,1,0,1,0.0,0.5,0,3,0,2069
3,2,0,0,0,0.5,0.3333333333333333,1.0,0.0,0.0,3,1,0,1,0.0,0.3333333333333333,0,3,0,2070
1,7,1,0,0,0.625,0.25,1.0,0.0,0.0,4,1,0,1,0.0,0.25,0,3,0,2071
3,2,0,0,0,0.75,0.2,1.0,0.0,0.0,5,1,0,1,0.0,0.2,0,3,0,2072
2,6,1,0,0,0.875,0.16666666666666666,1.0,0.0,0.0,6,1,0,1,0.0,0.16666666666666666,0,3,0,2073
2,7,1,0,1,1.0,0.14285714285714285,1.0,0.0,0.0,7,1,0,1,0.0,0.14285714285714285,0,3,0,2074
1,2,0,0,0,0.125,0.0,0.0,0.0,0.0,0,0,0,0,0.0,0.0,1,3,0,2075
2,1,0,1,0,0.25,0.0,0.0,0.0,0.0,1,0,0,0,0.0,0.0,1,3,0,2076
2,2,0,0,0,0.375,0.5,1.0,0.0,0.0,2,1,0,1,0.0,0.5,1,3,0,2077
3,2,0,0,0,0.5,0.3333333333333333,1.0,0.0,0.0,3,1,0,1,0.0,0.3333333333333333,1,3,0,2078
2,7,1,0,0,0.625,0.25,1.0,0.0,0.0,4,1,0,1,0.0,0.25,1,3,0,2079
1,1,0,0,0,0.75,0.2,1.0,0.0,0.0,5,1,0,1,0.0,0.2,1,3,0,2080
2,6,1,0,1,0.875,0.16666666666666666,1.0,0.0,0.0,6,1,0,1,0.0,0.16666666666666666,1,3,0,2081
2,1,0,1,0,1.0,0.14285714285714285,1.0,0.14285714285714285,1.0,7,1,0,1,0.5,0.14285714285714285,1,3,0,2082
3,7,1,0,1,0.1111,0.0,0.0,0.0,0.0,0,0,0,0,0.0,0.0,3,2,0,2083
2,2,0,1,0,0.2222,0.0,0.0,1.0,1.0,1,0,0,0,0.5,0.0,3,2,0,2084
1,7,1,1,1,0.3333,0.5,1.0,0.5,1.0,2,1,0,1,0.5,0.5,3,2,0,2085
3,1,0,0,0,0.4444,0.6666666666666666,1.0,0.6666666666666666,1.0,3,2,0,2,0.5,0.6666666666666666,3,2,0,2086
3,0,0,1,0,0.5556,0.5,1.0,0.5,1.0,4,2,0,2,0.5,0.5,3,2,0,2087
2,6,1,1,0,0.6667,0.6,1.0,0.4,1.0,5,3,0,3,0.5,0.6,3,2,0,2088
2,7,1,0,1,0.7778,0.6666666666666666,1.0,0.3333333333333333,1.0,6,4,0,4,0.5,0.6666666666666666,3,2,0,2089
2,7,1,0,1,0.8889,0.5714285714285714,1.0,0.42857142857142855,1.0,7,4,0,4,0.5,0.5714285714285714,3,2,0,2090
3,0,0,0,1,1.0,0.5,1.0,0.5,1.0,8,4,0,4,0.5,0.5,3,2,0,2091
3,0,0,0,0,0.1111,0.0,0.0,0.0,0.0,0,0,0,0,0.0,0.0,1,3,0,2092
1,2,0,0,0,0.2222,0.0,0.0,0.0,0.0,1,0,0,0,0.0,0.0,1,3,0,2093
3,1,0,0,1,0.3333,0.0,0.0,0.0,0.0,2,0,0,0,0.0,0.0,1,3,0,2094
3,1,0,0,1,0.4444,0.0,0.0,0.3333333333333333,1.0,3,0,0,0,0.5,0.0,1,3,0,2095
1,1,0,1,0,0.5556,0.0,0.0,0.5,1.0,4,0,0,0,0.5,0.0,1,3,0,2096
2,6,1,0,1,0.6667,0.2,1.0,0.4,1.0,5,1,0,1,0.5,0.2,1,3,0,2097
1,0,0,0,0,0.7778,0.16666666666666666,1.0,0.5,1.0,6,1,0,1,0.5,0.16666666666666666,1,3,0,2098
3,7,1,1,0,0.8889,0.14285714285714285,1.0,0.42857142857142855,1.0,7,1,0,1,0.5,0.14285714285714285,1,3,0,2099
2,7,1,0,1,1.0,0.25,1.0,0.375,1.0,8,2,0,2,0.5,0.25,1,3,0,2100
3,1,0,0,0,0.1667,0.0,0.0,0.0,0.0,0,0,0,0,0.0,0.0,2,2,0,2101
3,7,1,0,0,0.3333,0.0,0.0,0.0,0.0,1,0,0,0,0.0,0.0,2,2,0,2102
2,6,1,0,0,0.5,0.0,0.0,0.0,0.0,2,0,0,0,0.0,0.0,2,2,0,2103
2,7,1,0,0,0.6667,0.0,0.0,0.0,0.0,3,0,0,0,0.0,0.0,2,2,0,2104
1,0,0,0,0,0.8333,0.0,0.0,0.0,0.0,4,0,0,0,0.0,0.0,2,2,0,2105
2,1,0,0,0,1.0,0.0,0.0,0.0,0.0,5,0,0,0,0.0,0.0,2,2,0,2106
2,0,0,0,1,0.1111,0.0,0.0,0.0,0.0,0,0,0,0,0.0,0.0,1,4,0,2107
3,1,0,1,0,0.2222,0.0,0.0,1.0,1.0,1,0,0,0,0.5,0.0,1,4,0,2108
3,6,1,0,0,0.3333,0.5,1.0,0.5,1.0,2,1,0,1,0.5,0.5,1,4,0,2109
3,7,1,0,1,0.4444,0.3333333333333333,1.0,0.3333333333333333,1.0,3,1,0,1,0.5,0.3333333333333333,1,4,0,2110
3,2,0,1,0,0.5556,0.25,1.0,0.5,1.0,4,1,0,1,0.5,0.25,1,4,0,2111
2,2,0,0,0,0.6667,0.4,1.0,0.4,1.0,5,2,0,2,0.5,0.4,1,4,0,2112
1,7,1,0,0,0.7778,0.3333333333333333,1.0,0.3333333333333333,1.0,6,2,0,2,0.5,0.3333333333333333,1,4,0,2113
2,7,1,0,1,0.8889,0.2857142857142857,1.0,0.2857142857142857,1.0,7,2,0,2,0.5,0.2857142857142857,1,4,0,2114
3,0,0,0,1,1.0,0.25,1.0,0.375,1.0,8,2,0,2,0.5,0.25,1,4,0,2115
3,0,0,0,0,0.1667,0.0,0.0,0.0,0.0,0,0,0,0,0.0,0.0,0,2,0,2116
2,7,1,0,1,0.3333,0.0,0.0,0.0,0.0,1,0,0,0,0.0,0.0,0,2,0,2117
1,0,0,0,1,0.5,0.0,0.0,0.5,1.0,2,0,0,0,0.5,0.0,0,2,0,2118
1,7,1,0,0,0.6667,0.0,0.0,0.6666666666666666,1.0,3,0,0,0,0.5,0.0,0,2,0,2119
2,2,0,1,0,0.8333,0.0,0.0,0.5,1.0,4,0,0,0,0.5,0.0,0,2,0,2120
3,1,0,0,1,1.0,0.2,1.0,0.4,1.0,5,1,0,1,0.5,0.2,0,2,0,2121
1,2,0,0,1,0.1429,0.0,0.0,0.0,0.0,0,0,0,0,0.0,0.0,3,3,0,2122
1,6,1,1,0,0.2857,0.0,0.0,1.0,1.0,1,0,0,0,0.5,0.0,3,3,0,2123
1,7,1,0,1,0.4286,0.5,1.0,0.5,1.0,2,1,0,1,0.5,0.5,3,3,0,2124
1,0,0,0,0,0.5714,0.3333333333333333,1.0,0.6666666666666666,1.0,3,1,0,1,0.5,0.3333333333333333,3,3,0,2125
2,6,1,1,1,0.7143,0.25,1.0,0.5,1.0,4,1,0,1,0.5,0.25,3,3,0,2126
3,7,1,0,0,0.8571,0.4,1.0,0.6,1.0,5,2,0,2,0.5,0.4,3,3,0,2127
2,2,0,1,0,1.0,0.3333333333333333,1.0,0.5,1.0,6,2,0,2,0.5,0.3333333333333333,3,3,0,2128
2,6,1,1,0,0.2,0.0,0.0,0.0,0.0,0,0,0,0,0.0,0.0,1,4,0,2129
2,6,1,0,0,0.4,1.0,1.0,0.0,0.0,1,1,0,1,0.0,1.0,1,4,0,2130
2,7,1,1,0,0.6,0.5,1.0,0.0,0.0,2,1,0,1,0.0,0.5,1,4,0,2131
2,2,0,1,0,0.8,0.6666666666666666,1.0,0.0,0.0,3,2,0,2,0.0,0.6666666666666666,1,4,0,2132
3,6,1,0,0,1.0,0.75,1.0,0.0,0.0,4,3,0,3,0.0,0.75,1,4,0,2133
1,6,1,0,0,0.25,0.0,0.0,0.0,0.0,0,0,0,0,0.0,0.0,1,3,0,2134
2,0,0,0,0,0.5,0.0,0.0,0.0,0.0,1,0,0,0,0.0,0.0,1,3,0,2135
3,1,0,0,0,0.75,0.0,0.0,0.0,0.0,2,0,0,0,0.0,0.0,1,3,0,2136
3,1,0,0,0,1.0,0.0,0.0,0.0,0.0,3,0,0,0,0.0,0.0,1,3,0,2137
1,7,1,1,0,0.1111,0.0,0.0,0.0,0.0,0,0,0,0,0.0,0.0,3,3,0,2138
3,1,0,0,1,0.2222,1.0,1.0,0.0,0.0,1,1,0,1,0.0,1.0,3,3,0,2139
2,1,0,0,1,0.3333,0.5,1.0,0.5,1.0,2,1,0,1,0.5,0.5,3,3,0,2140
1,2,0,1,0,0.4444,0.3333333333333333,1.0,0.6666666666666666,1.0,3,1,0,1,0.5,0.3333333333333333,3,3,0,2141
3,2,0,0,0,0.5556,0.5,1.0,0.5,1.0,4,2,0,2,0.5,0.5,3,3,0,2142
2,6,1,0,0,0.6667,0.4,1.0,0.4,1.0,5,2,0,2,0.5,0.4,3,3,0,2143
2,2,0,0,1,0.7778,0.3333333333333333,1.0,0.3333333333333333,1.0,6,2,0,2,0.5,0.3333333333333333,3,3,0,2144
2,7,1,1,1,0.8889,0.2857142857142857,1.0,0.42857142857142855,1.0,7,2,0,2,0.5,0.2857142857142857,3,3,0,2145
2,0,0,0,0,1.0,0.375,1.0,0.5,1.0,8,3,0,3,0.5,0.375,3,3,0,2146
1,0,0,0,0,0.1,0.0,0.0,0.0,0.0,0,0,0,0,0.0,0.0,2,4,0,2147
3,7,1,0,0,0.2,0.0,0.0,0.0,0.0,1,0,0,0,0.0,0.0,2,4,0,2148
3,6,1,0,0,0.3,0.0,0.0,0.0,0.0,2,0,0,0,0.0,0.0,2,4,0,2149
2,0,0,0,1,0.4,0.0,0.0,0.0,0.0,3,0,0,0,0.0,0.0,2,4,0,2150
1,7,1,0,0,0.5,0.0,0.0,0.25,1.0,4,0,0,0,0.5,0.0,2,4,0,2151
3,0,0,1,1,0.6,0.0,0.0,0.2,1.0,5,0,0,0,0.5,0.0,2,4,0,2152
1,6,1,0,1,0.7,0.16666666666666666,1.0,0.3333333333333333,1.0,6,1,0,1,0.5,0.16666666666666666,2,4,0,2153
1,6,1,0,1,0.8,0.14285714285714285,1.0,0.42857142857142855,1.0,7,1,0,1,0.5,0.14285714285714285,2,4,0,2154
2,7,1,1,1,0.9,0.125,1.0,0.5,1.0,8,1,0,1,0.5,0.125,2,4,0,2155
2,6,1,1,0,1.0,0.2222222222222222,1.0,0.5555555555555556,1.0,9,2,0,2,0.5,0.2222222222222222,2,4,0,2156
3,2,0,0,0,0.1429,0.0,0.0,0.0,0.0,0,0,0,0,0.0,0.0,1,2,0,2157
1,1,0,0,1,0.2857,0.0,0.0,0.0,0.0,1,0,0,0,0.0,0.0,1,2,0,2158
3,2,0,1,1,0.4286,0.0,0.0,0.5,1.0,2,0,0,0,0.5,0.0,1,2,0,2159
1,6,1,0,0,0.5714,0.3333333333333333,1.0,0.6666666666666666,1.0,3,1,0,1,0.5,0.3333333333333333,1,2,0,2160
1,1,0,0,0,0.7143,0.25,1.0,0.5,1.0,4,1,0,1,0.5,0.25,1,2,0,2161
2,2,0,0,0,0.8571,0.2,1.0,0.4,1.0,5,1,0,1,0.5,0.2,1,2,0,2162
1,2,0,0,0,1.0,0.16666666666666666,1.0,0.3333333333333333,1.0,6,1,0,1,0.5,0.16666666666666666,1,2,0,2163
2,1,0,0,1,0.1111,0.0,0.0,0.0,0.0,0,0,0,0,0.0,0.0,0,2,0,2164
1,2,0,0,0,0.2222,0.0,0.0,1.0,1.0,1,0,0,0,0.5,0.0,0,2,0,2165
2,7,1,0,0,0.3333,0.0,0.0,0.5,1.0,2,0,0,0,0.5,0.0,0,2,0,2166
2,6,1,1,0,0.4444,0.0,0.0,0.3333333333333333,1.0,3,0,0,0,0.5,0.0,0,2,0,2167
3,6,1,0,0,0.5556,0.25,1.0,0.25,1.0,4,1,0,1,0.5,0.25,0,2,0,2168
2,6,1,0,0,0.6667,0.2,1.0,0.2,1.0,5,1,0,1,0.5,0.2,0,2,0,2169
1,7,1,0,1,0.7778,0.16666666666666666,1.0,0.16666666666666666,1.0,6,1,0,1,0.5,0.16666666666666666,0,2,0,2170
3,0,0,0,0,0.8889,0.14285714285714285,1.0,0.2857142857142857,1.0,7,1,0,1,0.5,0.14285714285714285,0,2,0,2171
2,1,0,1,0,1.0,0.125,1.0,0.25,1.0,8,1,0,1,0.5,0.125,0,2,0,2172
1,2,0,0,0,0.1111,0.0,0.0,0.0,0.0,0,0,0,0,0.0,0.0,0,3,0,2173
1,1,0,0,0,0.2222,0.0,0.0,0.0,0.0,1,0,0,0,0.0,0.0,0,3,0,2174
2,7,1,0,0,0.3333,0.0,0.0,0.0,0.0,2,0,0,0,0.0,0.0,0,3,0,2175
3,6,1,1,0,0.4444,0.0,0.0,0.0,0.0,3,0,0,0,0.0,0.0,0,3,0,2176
2,0,0,0,0,0.5556,0.25,1.0,0.0,0.0,4,1,0,1,0.0,0.25,0,3,0,2177
2,6,1,0,0,0.6667,0.2,1.0,0.0,0.0,5,1,0,1,0.0,0.2,0,3,0,2178
1,1,0,0,0,0.7778,0.16666666666666666,1.0,0.0,0.0,6,1,0,1,0.0,0.16666666666666666,0,3,0,2179
1,1,0,0,0,0.8889,0.14285714285714285,1.0,0.0,0.0,7,1,0,1,0.0,0.14285714285714285,0,3,0,2180
2,7,1,0,1,1.0,0.125,1.0,0.0,0.0,8,1,0,1,0.0,0.125,0,3,0,2181
3,7,1,1,1,0.1667,0.0,0.0,0.0,0.0,0,0,0,0,0.0,0.0,1,4,0,2182
3,0,0,1,0,0.3333,1.0,1.0,1.0,1.0,1,1,0,1,0.5,1.0,1,4,0,2183
1,2,0,0,0,0.5,1.0,1.0,0.5,1.0,2,2,0,2,0.5,1.0,1,4,0,2184
2,6,1,0,0,0.6667,0.6666666666666666,1.0,0.3333333333333333,1.0,3,2,0,2,0.5,0.6666666666666666,1,4,0,2185
3,2,0,0,0,0.8333,0.5,1.0,0.25,1.0,4,2,0,2,0.5,0.5,1,4,0,2186
3,7,1,0,0,1.0,0.4,1.0,0.2,1.0,5,2,0,2,0.5,0.4,1,4,0,2187
1,1,0,0,0,0.1667,0.0,0.0,0.0,0.0,0,0,0,0,0.0,0.0,2,4,0,2188
1,6,1,0,0,0.3333,0.0,0.0,0.0,0.0,1,0,0,0,0.0,0.0,2,4,0,2189
3,2,0,0,0,0.5,0.0,0.0,0.0,0.0,2,0,0,0,0.0,0.0,2,4,0,2190
3,2,0,0,0,0.6667,0.0,0.0,0.0,0.0,3,0,0,0,0.0,0.0,2,4,0,2191
2,7,1,0,0,0.8333,0.0,0.0,0.0,0.0,4,0,0,0,0.0,0.0,2,4,0,2192
2,7,1,0,0,1.0,0.0,0.0,0.0,0.0,5,0,0,0,0.0,0.0,2,4,0,2193
2,7,1,0,0,0.1667,0.0,0.0,0.0,0.0,0,0,0,0,0.0,0.0,1,2,0,2194
2,7,1,0,0,0.3333,0.0,0.0,0.0,0.0,1,0,0,0,0.0,0.0,1,2,0,2195
2,6,1,0,1,0.5,0.0,0.0,0.0,0.0,2,0,0,0,0.0,0.0,1,2,0,2196
3,6,1,0,0,0.6667,0.0,0.0,0.3333333333333333,1.0,3,0,0,0,0.5,0.0,1,2,0,2197
1,0,0,0,0,0.8333,0.0,0.0,0.25,1.0,4,0,0,0,0.5,0.0,1,2,0,2198
3,1,0,0,1,1.0,0.0,0.0,0.2,1.0,5,0,0,0,0.5,0.0,1,2,0,2199
3,1,0,0,1,0.1111,0.0,0.0,0.0,0.0,0,0,0,0,0.0,0.0,2,3,0,2200
2,2,0,0,0,0.2222,0.0,0.0,1.0,1.0,1,0,0,0,0.5,0.0,2,3,0,2201
3,2,0,0,0,0.3333,0.0,0.0,0.5,1.0,2,0,0,0,0.5,0.0,2,3,0,2202
1,1,0,0,0,0.4444,0.0,0.0,0.3333333333333333,1.0,3,0,0,0,0.5,0.0,2,3,0,2203
2,6,1,0,0,0.5556,0.0,0.0,0.25,1.0,4,0,0,0,0.5,0.0,2,3,0,2204
3,7,1,0,1,0.6667,0.0,0.0,0.2,1.0,5,0,0,0,0.5,0.0,2,3,0,2205
2,0,0,1,1,0.7778,0.0,0.0,0.3333333333333333,1.0,6,0,0,0,0.5,0.0,2,3,0,2206
3,6,1,0,1,0.8889,0.14285714285714285,1.0,0.42857142857142855,1.0,7,1,0,1,0.5,0.14285714285714285,2,3,0,2207
2,0,0,0,0,1.0,0.125,1.0,0.5,1.0,8,1,0,1,0.5,0.125,2,3,0,2208
2,1,0,0,1,0.125,0.0,0.0,0.0,0.0,0,0,0,0,0.0,0.0,0,2,0,2209
3,0,0,0,0,0.25,0.0,0.0,1.0,1.0,1,0,0,0,0.5,0.0,0,2,0,2210
2,6,1,0,0,0.375,0.0,0.0,0.5,1.0,2,0,0,0,0.5,0.0,0,2,0,2211
2,2,0,0,1,0.5,0.0,0.0,0.3333333333333333,1.0,3,0,0,0,0.5,0.0,0,2,0,2212
3,6,1,0,1,0.625,0.0,0.0,0.5,1.0,4,0,0,0,0.5,0.0,0,2,0,2213
1,0,0,0,1,0.75,0.0,0.0,0.6,1.0,5,0,0,0,0.5,0.0,0,2,0,2214
3,2,0,0,1,0.875,0.0,0.0,0.6666666666666666,1.0,6,0,0,0,0.5,0.0,0,2,0,2215
3,2,0,0,1,1.0,0.0,0.0,0.7142857142857143,1.0,7,0,0,0,0.5,0.0,0,2,0,2216
3,0,0,0,0,0.1111,0.0,0.0,0.0,0.0,0,0,0,0,0.0,0.0,0,4,0,2217
3,6,1,0,1,0.2222,0.0,0.0,0.0,0.0,1,0,0,0,0.0,0.0,0,4,0,2218
2,0,0,0,1,0.3333,0.0,0.0,0.5,1.0,2,0,0,0,0.5,0.0,0,4,0,2219
3,2,0,0,0,0.4444,0.0,0.0,0.6666666666666666,1.0,3,0,0,0,0.5,0.0,0,4,0,2220
2,1,0,0,1,0.5556,0.0,0.0,0.5,1.0,4,0,0,0,0.5,0.0,0,4,0,2221
2,0,0,0,1,0.6667,0.0,0.0,0.6,1.0,5,0,0,0,0.5,0.0,0,4,0,2222
3,2,0,0,1,0.7778,0.0,0.0,0.6666666666666666,1.0,6,0,0,0,0.5,0.0,0,4,0,2223
1,2,0,0,0,0.8889,0.0,0.0,0.7142857142857143,1.0,7,0,0,0,0.5,0.0,0,4,0,2224
1,0,0,0,0,1.0,0.0,0.0,0.625,1.0,8,0,0,0,0.5,0.0,0,4,0,2225
1,0,0,0,0,0.25,0.0,0.0,0.0,0.0,0,0,0,0,0.0,0.0,0,2,0,2226
1,7,1,0,1,0.5,0.0,0.0,0.0,0.0,1,0,0,0,0.0,0.0,0,2,0,2227
3,1,0,1,0,0.75,0.0,0.0,0.5,1.0,2,0,0,0,0.5,0.0,0,2,0,2228
2,7,1,0,1,1.0,0.3333333333333333,1.0,0.3333333333333333,1.0,3,1,0,1,0.5,0.3333333333333333,0,2,0,2229
1,7,1,0,1,0.1429,0.0,0.0,0.0,0.0,0,0,0,0,0.0,0.0,1,3,0,2230
3,0,0,0,0,0.2857,0.0,0.0,1.0,1.0,1,0,0,0,0.5,0.0,1,3,0,2231
3,2,0,0,0,0.4286,0.0,0.0,0.5,1.0,2,0,0,0,0.5,0.0,1,3,0,2232
3,0,0,0,0,0.5714,0.0,0.0,0.3333333333333333,1.0,3,0,0,0,0.5,0.0,1,3,0,2233
1,7,1,0,1,0.7143,0.0,0.0,0.25,1.0,4,0,0,0,0.5,0.0,1,3,0,2234
2,7,1,0,0,0.8571,0.0,0.0,0.4,1.0,5,0,0,0,0.5,0.0,1,3,0,2235
2,2,0,0,0,1.0,0.0,0.0,0.3333333333333333,1.0,6,0,0,0,0.5,0.0,1,3,0,2236
1,0,0,1,0,0.25,0.0,0.0,0.0,0.0,0,0,0,0,0.0,0.0,1,3,0,2237
2,7,1,0,0,0.5,1.0,1.0,0.0,0.0,1,1,0,1,0.0,1.0,1,3,0,2238
2,2,0,0,0,0.75,0.5,1.0,0.0,0.0,2,1,0,1,0.0,0.5,1,3,0,2239
2,1,0,0,1,1.0,0.3333333333333333,1.0,0.0,0.0,3,1,0,1,0.0,0.3333333333333333,1,3,0,2240
2,2,0,0,0,0.25,0.0,0.0,0.0,0.0,0,0,0,0,0.0,0.0,1,2,0,2241
1,0,0,0,0,0.5,0.0,0.0,0.0,0.0,1,0,0,0,0.0,0.0,1,2,0,2242
1,0,0,0,1,0.75,0.0,0.0,0.0,0.0,2,0,0,0,0.0,0.0,1,2,0,2243
1,2,0,0,0,1.0,0.0,0.0,0.3333333333333333,1.0,3,0,0,0,0.5,0.0,1,2,0,2244
1,7,1,0,0,0.1111,0.0,0.0,0.0,0.0,0,0,0,0,0.0,0.0,3,4,0,2245
2,0,0,0,0,0.2222,0.0,0.0,0.0,0.0,1,0,0,0,0.0,0.0,3,4,0,2246
2,2,0,0,0,0.3333,0.0,0.0,0.0,0.0,2,0,0,0,0.0,0.0,3,4,0,2247
3,7,1,0,0,0.4444,0.0,0.0,0.0,0.0,3,0,0,0,0.0,0.0,3,4,0,2248
1,2,0,0,0,0.5556,0.0,0.0,0.0,0.0,4,0,0,0,0.0,0.0,3,4,0,2249
2,1,0,0,1,0.6667,0.0,0.0,0.0,0.0,5,0,0,0,0.0,0.0,3,4,0,2250
1,6,1,0,0,0.7778,0.0,0.0,0.16666666666666666,1.0,6,0,0,0,0.5,0.0,3,4,0,2251
1,0,0,0,0,0.8889,0.0,0.0,0.14285714285714285,1.0,7,0,0,0,0.5,0.0,3,4,0,2252
3,1,0,0,0,1.0,0.0,0.0,0.125,1.0,8,0,0,0,0.5,0.0,3,4,0,2253
1,6,1,1,1,0.25,0.0,0.0,0.0,0.0,0,0,0,0,0.0,0.0,3,4,0,2254
1,2,0,1,0,0.5,1.0,1.0,1.0,1.0,1,1,0,1,0.5,1.0,3,4,0,2255
1,7,1,0,1,0.75,1.0,1.0,0.5,1.0,2,2,0,2,0.5,1.0,3,4,0,2256
1,6,1,0,0,1.0,0.6666666666666666,1.0,0.6666666666666666,1.0,3,2,0,2,0.5,0.6666666666666666,3,4,0,2257
2,1,0,0,1,0.1,0.0,0.0,0.0,0.0,0,0,0,0,0.0,0.0,2,4,0,2258
1,7,1,0,1,0.2,0.0,0.0,1.0,1.0,1,0,0,0,0.5,0.0,2,4,0,2259
3,6,1,0,0,0.3,0.0,0.0,1.0,1.0,2,0,0,0,0.5,0.0,2,4,0,2260
2,0,0,0,1,0.4,0.0,0.0,0.6666666666666666,1.0,3,0,0,0,0.5,0.0,2,4,0,2261
1,0,0,1,0,0.5,0.0,0.0,0.75,1.0,4,0,0,0,0.5,0.0,2,4,0,2262
3,6,1,0,0,0.6,0.2,1.0,0.6,1.0,5,1,0,1,0.5,0.2,2,4,0,2263
1,0,0,0,1,0.7,0.16666666666666666,1.0,0.5,1.0,6,1,0,1,0.5,0.16666666666666666,2,4,0,2264
3,2,0,0,0,0.8,0.14285714285714285,1.0,0.5714285714285714,1.0,7,1,0,1,0.5,0.14285714285714285,2,4,0,2265
3,7,1,1,0,0.9,0.125,1.0,0.5,1.0,8,1,0,1,0.5,0.125,2,4,0,2266
3,0,0,1,0,1.0,0.2222222222222222,1.0,0.4444444444444444,1.0,9,2,0,2,0.5,0.2222222222222222,2,4,0,2267
1,1,0,1,1,0.25,0.0,0.0,0.0,0.0,0,0,0,0,0.0,0.0,0,2,0,2268
2,2,0,0,0,0.5,1.0,1.0,1.0,1.0,1,1,0,1,0.5,1.0,0,2,0,2269
3,1,0,1,0,0.75,0.5,1.0,0.5,1.0,2,1,0,1,0.5,0.5,0,2,0,2270
1,2,0,1,0,1.0,0.6666666666666666,1.0,0.3333333333333333,1.0,3,2,0,2,0.5,0.6666666666666666,0,2,0,2271
2,1,0,0,1,0.25,0.0,0.0,0.0,0.0,0,0,0,0,0.0,0.0,2,4,0,2272
1,1,0,0,0,0.5,0.0,0.0,1.0,1.0,1,0,0,0,0.5,0.0,2,4,0,2273
3,6,1,0,0,0.75,0.0,0.0,0.5,1.0,2,0,0,0,0.5,0.0,2,4,0,2274
1,1,0,0,0,1.0,0.0,0.0,0.3333333333333333,1.0,3,0,0,0,0.5,0.0,2,4,0,2275
3,7,1,0,0,0.125,0.0,0.0,0.0,0.0,0,0,0,0,0.0,0.0,0,4,0,2276
2,7,1,1,0,0.25,0.0,0.0,0.0,0.0,1,0,0,0,0.0,0.0,0,4,0,2277
3,1,0,0,0,0.375,0.5,1.0,0.0,0.0,2,1,0,1,0.0,0.5,0,4,0,2278
2,0,0,0,0,0.5,0.3333333333333333,1.0,0.0,0.0,3,1,0,1,0.0,0.3333333333333333,0,4,0,2279
1,0,0,0,1,0.625,0.25,1.0,0.0,0.0,4,1,0,1,0.0,0.25,0,4,0,2280
3,6,1,0,0,0.75,0.2,1.0,0.2,1.0,5,1,0,1,0.5,0.2,0,4,0,2281
3,7,1,0,0,0.875,0.16666666666666666,1.0,0.16666666666666666,1.0,6,1,0,1,0.5,0.16666666666666666,0,4,0,2282
1,0,0,0,0,1.0,0.14285714285714285,1.0,0.14285714285714285,1.0,7,1,0,1,0.5,0.14285714285714285,0,4,0,2283
3,6,1,0,0,0.25,0.0,0.0,0.0,0.0,0,0,0,0,0.0,0.0,1,3,0,2284
2,1,0,0,0,0.5,0.0,0.0,0.0,0.0,1,0,0,0,0.0,0.0,1,3,0,2285
3,2,0,0,0,0.75,0.0,0.0,0.0,0.0,2,0,0,0,0.0,0.0,1,3,0,2286
1,6,1,0,0,1.0,0.0,0.0,0.0,0.0,3,0,0,0,0.0,0.0,1,3,0,2287
2,6,1,0,1,0.1429,0.0,0.0,0.0,0.0,0,0,0,0,0.0,0.0,0,3,0,2288
1,0,0,0,1,0.2857,0.0,0.0,1.0,1.0,1,0,0,0,0.5,0.0,0,3,0,2289
1,2,0,0,0,0.4286,0.0,0.0,1.0,1.0,2,0,0,0,0.5,0.0,0,3,0,2290
3,0,0,0,0,0.5714,0.0,0.0,0.6666666666666666,1.0,3,0,0,0,0.5,0.0,0,3,0,2291
2,2,0,0,0,0.7143,0.0,0.0,0.5,1.0,4,0,0,0,0.5,0.0,0,3,0,2292
2,6,1,0,0,0.8571,0.0,0.0,0.4,1.0,5,0,0,0,0.5,0.0,0,3,0,2293
1,2,0,0,0,1.0,0.0,0.0,0.3333333333333333,1.0,6,0,0,0,0.5,0.0,0,3,0,2294
1,2,0,0,0,0.125,0.0,0.0,0.0,0.0,0,0,0,0,0.0,0.0,1,4,0,2295
1,2,0,0,1,0.25,0.0,0.0,0.0,0.0,1,0,0,0,0.0,0.0,1,4,0,2296
1,7,1,1,1,0.375,0.0,0.0,0.5,1.0,2,0,0,0,0.5,0.0,1,4,0,2297
1,2,0,0,0,0.5,0.3333333333333333,1.0,0.6666666666666666,1.0,3,1,0,1,0.5,0.3333333333333333,1,4,0,2298
2,1,0,0,0,0.625,0.25,1.0,0.5,1.0,4,1,0,1,0.5,0.25,1,4,0,2299
2,1,0,0,1,0.75,0.2,1.0,0.4,1.0,5,1,0,1,0.5,0.2,1,4,0,2300
3,0,0,0,0,0.875,0.16666666666666666,1.0,0.5,1.0,6,1,0,1,0.5,0.16666666666666666,1,4,0,2301
2,7,1,0,0,1.0,0.14285714285714285,1.0,0.42857142857142855,1.0,7,1,0,1,0.5,0.14285714285714285,1,4,0,2302
1,7,1,0,0,0.2,0.0,0.0,0.0,0.0,0,0,0,0,0.0,0.0,0,2,0,2303
1,7,1,0,0,0.4,0.0,0.0,0.0,0.0,1,0,0,0,0.0,0.0,0,2,0,2304
3,7,1,1,0,0.6,0.0,0.0,0.0,0.0,2,0,0,0,0.0,0.0,0,2,0,2305
3,2,0,0,0,0.8,0.3333333333333333,1.0,0.0,0.0,3,1,0,1,0.0,0.3333333333333333,0,2,0,2306
3,0,0,0,1,1.0,0.25,1.0,0.0,0.0,4,1,0,1,0.0,0.25,0,2,0,2307
3,1,0,0,0,0.1,0.0,0.0,0.0,0.0,0,0,0,0,0.0,0.0,3,2,0,2308
1,6,1,0,0,0.2,0.0,0.0,0.0,0.0,1,0,0,0,0.0,0.0,3,2,0,2309
1,6,1,0,0,0.3,0.0,0.0,0.0,0.0,2,0,0,0,0.0,0.0,3,2,0,2310
3,0,0,0,0,0.4,0.0,0.0,0.0,0.0,3,0,0,0,0.0,0.0,3,2,0,2311
2,6,1,0,0,0.5,0.0,0.0,0.0,0.0,4,0,0,0,0.0,0.0,3,2,0,2312
1,0,0,0,0,0.6,0.0,0.0,0.0,0.0,5,0,0,0,0.0,0.0,3,2,0,2313
1,2,0,0,0,0.7,0.0,0.0,0.0,0.0,6,0,0,0,0.0,0.0,3,2,0,2314
1,1,0,0,1,0.8,0.0,0.0,0.0,0.0,7,0,0,0,0.0,0.0,3,2,0,2315
2,6,1,0,0,0.9,0.0,0.0,0.125,1.0,8,0,0,0,0.5,0.0,3,2,0,2316
1,6,1,0,0,1.0,0.0,0.0,0.1111111111111111,1.0,9,0,0,0,0.5,0.0,3,2,0,2317
2,7,1,0,0,0.125,0.0,0.0,0.0,0.0,0,0,0,0,0.0,0.0,1,3,0,2318
1,1,0,0,0,0.25,0.0,0.0,0.0,0.0,1,0,0,0,0.0,0.0,1,3,0,2319
1,0,0,1,0,0.375,0.0,0.0,0.0,0.0,2,0,0,0,0.0,0.0,1,3,0,2320
3,2,0,0,1,0.5,0.3333333333333333,1.0,0.0,0.0,3,1,0,1,0.0,0.3333333333333333,1,3,0,2321
2,1,0,0,1,0.625,0.25,1.0,0.25,1.0,4,1,0,1,0.5,0.25,1,3,0,2322
3,7,1,0,1,0.75,0.2,1.0,0.4,1.0,5,1,0,1,0.5,0.2,1,3,0,2323
2,1,0,0,0,0.875,0.16666666666666666,1.0,0.5,1.0,6,1,0,1,0.5,0.16666666666666666,1,3,0,2324
2,1,0,0,1,1.0,0.14285714285714285,1.0,0.42857142857142855,1.0,7,1,0,1,0.5,0.14285714285714285,1,3,0,2325
1,2,0,0,0,0.1111,0.0,0.0,0.0,0.0,0,0,0,0,0.0,0.0,2,2,0,2326
2,2,0,0,0,0.2222,0.0,0.0,0.0,0.0,1,0,0,0,0.0,0.0,2,2,0,2327
1,0,0,0,0,0.3333,0.0,0.0,0.0,0.0,2,0,0,0,0.0,0.0,2,2,0,2328
2,7,1,0,0,0.4444,0.0,0.0,0.0,0.0,3,0,0,0,0.0,0.0,2,2,0,2329
1,6,1,0,0,0.5556,0.0,0.0,0.0,0.0,4,0,0,0,0.0,0.0,2,2,0,2330
1,6,1,0,0,0.6667,0.0,0.0,0.0,0.0,5,0,0,0,0.0,0.0,2,2,0,2331
2,6,1,0,0,0.7778,0.0,0.0,0.0,0.0,6,0,0,0,0.0,0.0,2,2,0,2332
2,6,1,0,0,0.8889,0.0,0.0,0.0,0.0,7,0,0,0,0.0,0.0,2,2,0,2333
3,7,1,0,1,1.0,0.0,0.0,0.0,0.0,8,0,0,0,0.0,0.0,2,2,0,2334
1,7,1,1,1,0.25,0.0,0.0,0.0,0.0,0,0,0,0,0.0,0.0,0,3,0,2335
3,6,1,0,1,0.5,1.0,1.0,1.0,1.0,1,1,0,1,0.5,1.0,0,3,0,2336
2,0,0,0,1,0.75,0.5,1.0,1.0,1.0,2,1,0,1,0.5,0.5,0,3,0,2337
2,6,1,1,0,1.0,0.3333333333333333,1.0,1.0,1.0,3,1,0,1,0.5,0.3333333333333333,0,3,0,2338
2,2,0,1,1,0.125,0.0,0.0,0.0,0.0,0,0,0,0,0.0,0.0,0,3,0,2339
1,6,1,1,0,0.25,1.0,1.0,1.0,1.0,1,1,0,1,0.5,1.0,0,3,0,2340
2,7,1,0,1,0.375,1.0,1.0,0.5,1.0,2,2,0,2,0.5,1.0,0,3,0,2341
2,6,1,0,0,0.5,0.6666666666666666,1.0,0.6666666666666666,1.0,3,2,0,2,0.5,0.6666666666666666,0,3,0,2342
2,6,1,1,0,0.625,0.5,1.0,0.5,1.0,4,2,0,2,0.5,0.5,0,3,0,2343
2,2,0,1,0,0.75,0.6,1.0,0.4,1.0,5,3,0,3,0.5,0.6,0,3,0,2344
2,2,0,0,0,0.875,0.6666666666666666,1.0,0.3333333333333333,1.0,6,4,0,4,0.5,0.6666666666666666,0,3,0,2345
1,6,1,0,0,1.0,0.5714285714285714,1.0,0.2857142857142857,1.0,7,4,0,4,0.5,0.5714285714285714,0,3,0,2346
1,6,1,1,1,0.1429,0.0,0.0,0.0,0.0,0,0,0,0,0.0,0.0,2,4,0,2347
3,0,0,0,0,0.2857,1.0,1.0,1.0,1.0,1,1,0,1,0.5,1.0,2,4,0,2348
1,7,1,0,0,0.4286,0.5,1.0,0.5,1.0,2,1,0,1,0.5,0.5,2,4,0,2349
2,6,1,0,0,0.5714,0.3333333333333333,1.0,0.3333333333333333,1.0,3,1,0,1,0.5,0.3333333333333333,2,4,0,2350
2,7,1,0,0,0.7143,0.25,1.0,0.25,1.0,4,1,0,1,0.5,0.25,2,4,0,2351
2,0,0,0,0,0.8571,0.2,1.0,0.2,1.0,5,1,0,1,0.5,0.2,2,4,0,2352
3,7,1,1,0,1.0,0.16666666666666666,1.0,0.16666666666666666,1.0,6,1,0,1,0.5,0.16666666666666666,2,4,0,2353
2,6,1,0,0,0.1429,0.0,0.0,0.0,0.0,0,0,0,0,0.0,0.0,1,3,0,2354
3,6,1,0,0,0.2857,0.0,0.0,0.0,0.0,1,0,0,0,0.0,0.0,1,3,0,2355
2,1,0,1,0,0.4286,0.0,0.0,0.0,0.0,2,0,0,0,0.0,0.0,1,3,0,2356
3,2,0,0,0,0.5714,0.3333333333333333,1.0,0.0,0.0,3,1,0,1,0.0,0.3333333333333333,1,3,0,2357
1,6,1,0,0,0.7143,0.25,1.0,0.0,0.0,4,1,0,1,0.0,0.25,1,3,0,2358
1,7,1,0,0,0.8571,0.2,1.0,0.0,0.0,5,1,0,1,0.0,0.2,1,3,0,2359
3,2,0,0,0,1.0,0.16666666666666666,1.0,0.0,0.0,6,1,0,1,0.0,0.16666666666666666,1,3,0,2360
2,7,1,1,0,0.1111,0.0,0.0,0.0,0.0,0,0,0,0,0.0,0.0,1,2,0,2361
2,7,1,0,1,0.2222,1.0,1.0,0.0,0.0,1,1,0,1,0.0,1.0,1,2,0,2362
1,1,0,0,0,0.3333,0.5,1.0,0.5,1.0,2,1,0,1,0.5,0.5,1,2,0,2363
3,2,0,1,1,0.4444,0.3333333333333333,1.0,0.3333333333333333,1.0,3,1,0,1,0.5,0.3333333333333333,1,2,0,2364
2,1,0,0,0,0.5556,0.5,1.0,0.5,1.0,4,2,0,2,0.5,0.5,1,2,0,2365
2,0,0,0,1,0.6667,0.4,1.0,0.4,1.0,5,2,0,2,0.5,0.4,1,2,0,2366
3,2,0,0,0,0.7778,0.3333333333333333,1.0,0.5,1.0,6,2,0,2,0.5,0.3333333333333333,1,2,0,2367
1,6,1,0,0,0.8889,0.2857142857142857,1.0,0.42857142857142855,1.0,7,2,0,2,0.5,0.2857142857142857,1,2,0,2368
2,2,0,0,1,1.0,0.25,1.0,0.375,1.0,8,2,0,2,0.5,0.25,1,2,0,2369
2,2,0,0,0,0.25,0.0,0.0,0.0,0.0,0,0,0,0,0.0,0.0,1,2,0,2370
1,6,1,0,0,0.5,0.0,0.0,0.0,0.0,1,0,0,0,0.0,0.0,1,2,0,2371
3,6,1,0,0,0.75,0.0,0.0,0.0,0.0,2,0,0,0,0.0,0.0,1,2,0,2372
1,7,1,0,0,1.0,0.0,0.0,0.0,0.0,3,0,0,0,0.0,0.0,1,2,0,2373
1,1,0,0,0,0.1429,0.0,0.0,0.0,0.0,0,0,0,0,0.0,0.0,1,2,0,2374
3,2,0,0,0,0.2857,0.0,0.0,0.0,0.0,1,0,0,0,0.0,0.0,1,2,0,2375
3,6,1,0,0,0.4286,0.0,0.0,0.0,0.0,2,0,0,0,0.0,0.0,1,2,0,2376
3,1,0,1,0,0.5714,0.0,0.0,0.0,0.0,3,0,0,0,0.0,0.0,1,2,0,2377
2,2,0,0,0,0.7143,0.25,1.0,0.0,0.0,4,1,0,1,0.0,0.25,1,2,0,2378
3,6,1,0,1,0.8571,0.2,1.0,0.0,0.0,5,1,0,1,0.0,0.2,1,2,0,2379
2,1,0,0,0,1.0,0.16666666666666666,1.0,0.16666666666666666,1.0,6,1,0,1,0.5,0.16666666666666666,1,2,0,2380
1,1,0,0,0,0.125,0.0,0.0,0.0,0.0,0,0,0,0,0.0,0.0,0,4,0,2381
3,1,0,0,1,0.25,0.0,0.0,0.0,0.0,1,0,0,0,0.0,0.0,0,4,0,2382
3,6,1,0,0,0.375,0.0,0.0,0.5,1.0,2,0,0,0,0.5,0.0,0,4,0,2383
2,0,0,1,1,0.5,0.0,0.0,0.3333333333333333,1.0,3,0,0,0,0.5,0.0,0,4,0,2384
1,2,0,0,0,0.625,0.25,1.0,0.5,1.0,4,1,0,1,0.5,0.25,0,4,0,2385
3,1,0,0,1,0.75,0.2,1.0,0.4,1.0,5,1,0,1,0.5,0.2,0,4,0,2386
3,7,1,0,0,0.875,0.16666666666666666,1.0,0.5,1.0,6,1,0,1,0.5,0.16666666666666666,0,4,0,2387
2,7,1,0,0,1.0,0.14285714285714285,1.0,0.42857142857142855,1.0,7,1,0,1,0.5,0.14285714285714285,0,4,0,2388
3,0,0,1,0,0.1667,0.0,0.0,0.0,0.0,0,0,0,0,0.0,0.0,3,3,0,2389
2,0,0,0,0,0.3333,1.0,1.0,0.0,0.0,1,1,0,1,0.0,1.0,3,3,0,2390
2,0,0,0,0,0.5,0.5,1.0,0.0,0.0,2,1,0,1,0.0,0.5,3,3,0,2391
2,6,1,0,0,0.6667,0.3333333333333333,1.0,0.0,0.0,3,1,0,1,0.0,0.3333333333333333,3,3,0,2392
3,6,1,1,1,0.8333,0.25,1.0,0.0,0.0,4,1,0,1,0.0,0.25,3,3,0,2393
3,2,0,0,0,1.0,0.4,1.0,0.2,1.0,5,2,0,2,0.5,0.4,3,3,0,2394
3,6,1,0,0,0.1667,0.0,0.0,0.0,0.0,0,0,0,0,0.0,0.0,0,2,0,2395
2,0,0,0,0,0.3333,0.0,0.0,0.0,0.0,1,0,0,0,0.0,0.0,0,2,0,2396
2,6,1,0,0,0.5,0.0,0.0,0.0,0.0,2,0,0,0,0.0,0.0,0,2,0,2397
1,1,0,0,0,0.6667,0.0,0.0,0.0,0.0,3,0,0,0,0.0,0.0,0,2,0,2398
1,6,1,0,0,0.8333,0.0,0.0,0.0,0.0,4,0,0,0,0.0,0.0,0,2,0,2399
3,2,0,1,0,1.0,0.0,0.0,0.0,0.0,5,0,0,0,0.0,0.0,0,2,0,2400
1,1,0,0,0,0.1,0.0,0.0,0.0,0.0,0,0,0,0,0.0,0.0,0,4,0,2401
2,2,0,0,1,0.2,0.0,0.0,0.0,0.0,1,0,0,0,0.0,0.0,0,4,0,2402
3,2,0,0,0,0.3,0.0,0.0,0.5,1.0,2,0,0,0,0.5,0.0,0,4,0,2403
2,7,1,0,0,0.4,0.0,0.0,0.3333333333333333,1.0,3,0,0,0,0.5,0.0,0,4,0,2404
2,1,0,0,1,0.5,0.0,0.0,0.25,1.0,4,0,0,0,0.5,0.0,0,4,0,2405
1,7,1,0,0,0.6,0.0,0.0,0.4,1.0,5,0,0,0,0.5,0.0,0,4,0,2406
3,7,1,0,0,0.7,0.0,0.0,0.3333333333333333,1.0,6,0,0,0,0.5,0.0,0,4,0,2407
2,1,0,0,0,0.8,0.0,0.0,0.2857142857142857,1.0,7,0,0,0,0.5,0.0,0,4,0,2408
3,0,0,0,0,0.9,0.0,0.0,0.25,1.0,8,0,0,0,0.5,0.0,0,4,0,2409
3,2,0,0,0,1.0,0.0,0.0,0.2222222222222222,1.0,9,0,0,0,0.5,0.0,0,4,0,2410
3,7,1,0,0,0.125,0.0,0.0,0.0,0.0,0,0,0,0,0.0,0.0,1,4,0,2411
2,7,1,0,1,0.25,0.0,0.0,0.0,0.0,1,0,0,0,0.0,0.0,1,4,0,2412
2,7,1,0,0,0.375,0.0,0.0,0.5,1.0,2,0,0,0,0.5,0.0,1,4,0,2413
1,1,0,0,1,0.5,0.0,0.0,0.3333333333333333,1.0,3,0,0,0,0.5,0.0,1,4,0,2414
2,7,1,0,1,0.625,0.0,0.0,0.5,1.0,4,0,0,0,0.5,0.0,1,4,0,2415
2,1,0,0,0,0.75,0.0,0.0,0.6,1.0,5,0,0,0,0.5,0.0,1,4,0,2416
1,7,1,0,0,0.875,0.0,0.0,0.5,1.0,6,0,0,0,0.5,0.0,1,4,0,2417
2,7,1,0,0,1.0,0.0,0.0,0.42857142857142855,1.0,7,0,0,0,0.5,0.0,1,4,0,2418
1,0,0,1,0,0.25,0.0,0.0,0.0,0.0,0,0,0,0,0.0,0.0,0,2,0,2419
1,7,1,0,0,0.5,1.0,1.0,0.0,0.0,1,1,0,1,0.0,1.0,0,2,0,2420
3,6,1,0,0,0.75,0.5,1.0,0.0,0.0,2,1,0,1,0.0,0.5,0,2,0,2421
1,6,1,0,0,1.0,0.3333333333333333,1.0,0.0,0.0,3,1,0,1,0.0,0.3333333333333333,0,2,0,2422
3,7,1,0,0,0.1,0.0,0.0,0.0,0.0,0,0,0,0,0.0,0.0,0,3,0,2423
1,7,1,0,1,0.2,0.0,0.0,0.0,0.0,1,0,0,0,0.0,0.0,0,3,0,2424
3,2,0,0,0,0.3,0.0,0.0,0.5,1.0,2,0,0,0,0.5,0.0,0,3,0,2425
1,1,0,1,1,0.4,0.0,0.0,0.3333333333333333,1.0,3,0,0,0,0.5,0.0,0,3,0,2426
2,1,0,0,0,0.5,0.25,1.0,0.5,1.0,4,1,0,1,0.5,0.25,0,3,0,2427
3,1,0,0,0,0.6,0.2,1.0,0.4,1.0,5,1,0,1,0.5,0.2,0,3,0,2428
1,0,0,0,0,0.7,0.16666666666666666,1.0,0.3333333333333333,1.0,6,1,0,1,0.5,0.16666666666666666,0,3,0,2429
1,2,0,0,0,0.8,0.14285714285714285,1.0,0.2857142857142857,1.0,7,1,0,1,0.5,0.14285714285714285,0,3,0,2430
3,6,1,1,1,0.9,0.125,1.0,0.25,1.0,8,1,0,1,0.5,0.125,0,3,0,2431
1,0,0,0,0,1.0,0.2222222222222222,1.0,0.3333333333333333,1.0,9,2,0,2,0.5,0.2222222222222222,0,3,0,2432
1,7,1,0,0,0.125,0.0,0.0,0.0,0.0,0,0,0,0,0.0,0.0,3,4,0,2433
1,7,1,1,0,0.25,0.0,0.0,0.0,0.0,1,0,0,0,0.0,0.0,3,4,0,2434
2,6,1,0,0,0.375,0.5,1.0,0.0,0.0,2,1,0,1,0.0,0.5,3,4,0,2435
2,7,1,0,1,0.5,0.3333333333333333,1.0,0.0,0.0,3,1,0,1,0.0,0.3333333333333333,3,4,0,2436
2,0,0,0,0,0.625,0.25,1.0,0.25,1.0,4,1,0,1,0.5,0.25,3,4,0,2437
1,7,1,0,1,0.75,0.2,1.0,0.2,1.0,5,1,0,1,0.5,0.2,3,4,0,2438
1,7,1,0,0,0.875,0.16666666666666666,1.0,0.3333333333333333,1.0,6,1,0,1,0.5,0.16666666666666666,3,4,0,2439
1,6,1,1,0,1.0,0.14285714285714285,1.0,0.2857142857142857,1.0,7,1,0,1,0.5,0.14285714285714285,3,4,0,2440
2,6,1,0,1,0.1,0.0,0.0,0.0,0.0,0,0,0,0,0.0,0.0,1,3,0,2441
1,6,1,0,1,0.2,0.0,0.0,1.0,1.0,1,0,0,0,0.5,0.0,1,3,0,2442
1,0,0,0,0,0.3,0.0,0.0,1.0,1.0,2,0,0,0,0.5,0.0,1,3,0,2443
1,2,0,0,1,0.4,0.0,0.0,0.6666666666666666,1.0,3,0,0,0,0.5,0.0,1,3,0,2444
3,6,1,0,0,0.5,0.0,0.0,0.75,1.0,4,0,0,0,0.5,0.0,1,3,0,2445
1,6,1,0,0,0.6,0.0,0.0,0.6,1.0,5,0,0,0,0.5,0.0,1,3,0,2446
1,1,0,1,0,0.7,0.0,0.0,0.5,1.0,6,0,0,0,0.5,0.0,1,3,0,2447
2,1,0,0,1,0.8,0.14285714285714285,1.0,0.42857142857142855,1.0,7,1,0,1,0.5,0.14285714285714285,1,3,0,2448
3,2,0,0,1,0.9,0.125,1.0,0.5,1.0,8,1,0,1,0.5,0.125,1,3,0,2449
1,6,1,0,0,1.0,0.1111111111111111,1.0,0.5555555555555556,1.0,9,1,0,1,0.5,0.1111111111111111,1,3,0,2450
1,0,0,0,0,0.1111,0.0,0.0,0.0,0.0,0,0,0,0,0.0,0.0,3,2,0,2451
1,6,1,1,0,0.2222,0.0,0.0,0.0,0.0,1,0,0,0,0.0,0.0,3,2,0,2452
3,2,0,0,1,0.3333,0.5,1.0,0.0,0.0,2,1,0,1,0.0,0.5,3,2,0,2453
3,1,0,0,1,0.4444,0.3333333333333333,1.0,0.3333333333333333,1.0,3,1,0,1,0.5,0.3333333333333333,3,2,0,2454
2,0,0,0,0,0.5556,0.25,1.0,0.5,1.0,4,1,0,1,0.5,0.25,3,2,0,2455
3,1,0,0,0,0.6667,0.2,1.0,0.4,1.0,5,1,0,1,0.5,0.2,3,2,0,2456
3,7,1,0,0,0.7778,0.16666666666666666,1.0,0.3333333333333333,1.0,6,1,0,1,0.5,0.16666666666666666,3,2,0,2457
2,6,1,0,0,0.8889,0.14285714285714285,1.0,0.2857142857142857,1.0,7,1,0,1,0.5,0.14285714285714285,3,2,0,2458
1,1,0,0,0,1.0,0.125,1.0,0.25,1.0,8,1,0,1,0.5,0.125,3,2,0,2459
1,1,0,0,1,0.1,0.0,0.0,0.0,0.0,0,0,0,0,0.0,0.0,2,3,0,2460
1,0,0,0,1,0.2,0.0,0.0,1.0,1.0,1,0,0,0,0.5,0.0,2,3,0,2461
2,1,0,1,0,0.3,0.0,0.0,1.0,1.0,2,0,0,0,0.5,0.0,2,3,0,2462
3,0,0,0,1,0.4,0.3333333333333333,1.0,0.6666666666666666,1.0,3,1,0,1,0.5,0.3333333333333333,2,3,0,2463
2,7,1,0,0,0.5,0.25,1.0,0.75,1.0,4,1,0,1,0.5,0.25,2,3,0,2464
2,7,1,0,0,0.6,0.2,1.0,0.6,1.0,5,1,0,1,0.5,0.2,2,3,0,2465
1,6,1,0,1,0.7,0.16666666666666666,1.0,0.5,1.0,6,1,0,1,0.5,0.16666666666666666,2,3,0,2466
2,6,1,0,0,0.8,0.14285714285714285,1.0,0.5714285714285714,1.0,7,1,0,1,0.5,0.14285714285714285,2,3,0,2467
1,0,0,0,0,0.9,0.125,1.0,0.5,1.0,8,1,0,1,0.5,0.125,2,3,0,2468
3,6,1,0,0,1.0,0.1111111111111111,1.0,0.4444444444444444,1.0,9,1,0,1,0.5,0.1111111111111111,2,3,0,2469
3,1,0,0,0,0.1429,0.0,0.0,0.0,0.0,0,0,0,0,0.0,0.0,2,2,0,2470
3,6,1,0,0,0.2857,0.0,0.0,0.0,0.0,1,0,0,0,0.0,0.0,2,2,0,2471
2,1,0,0,1,0.4286,0.0,0.0,0.0,0.0,2,0,0,0,0.0,0.0,2,2,0,2472
3,2,0,1,0,0.5714,0.0,0.0,0.3333333333333333,1.0,3,0,0,0,0.5,0.0,2,2,0,2473
3,0,0,1,1,0.7143,0.25,1.0,0.25,1.0,4,1,0,1,0.5,0.25,2,2,0,2474
2,1,0,0,0,0.8571,0.4,1.0,0.4,1.0,5,2,0,2,0.5,0.4,2,2,0,2475
3,7,1,1,0,1.0,0.3333333333333333,1.0,0.3333333333333333,1.0,6,2,0,2,0.5,0.3333333333333333,2,2,0,2476
3,2,0,0,0,0.125,0.0,0.0,0.0,0.0,0,0,0,0,0.0,0.0,2,4,0,2477
1,7,1,1,0,0.25,0.0,0.0,0.0,0.0,1,0,0,0,0.0,0.0,2,4,0,2478
1,7,1,0,1,0.375,0.5,1.0,0.0,0.0,2,1,0,1,0.0,0.5,2,4,0,2479
3,6,1,0,1,0.5,0.3333333333333333,1.0,0.3333333333333333,1.0,3,1,0,1,0.5,0.3333333333333333,2,4,0,2480
2,6,1,0,0,0.625,0.25,1.0,0.5,1.0,4,1,0,1,0.5,0.25,2,4,0,2481
2,1,0,1,1,0.75,0.2,1.0,0.4,1.0,5,1,0,1,0.5,0.2,2,4,0,2482
3,7,1,0,0,0.875,0.3333333333333333,1.0,0.5,1.0,6,2,0,2,0.5,0.3333333333333333,2,4,0,2483
1,0,0,0,0,1.0,0.2857142857142857,1.0,0.42857142857142855,1.0,7,2,0,2,0.5,0.2857142857142857,2,4,0,2484
2,1,0,0,0,0.125,0.0,0.0,0.0,0.0,0,0,0,0,0.0,0.0,1,4,0,2485
2,1,0,0,0,0.25,0.0,0.0,0.0,0.0,1,0,0,0,0.0,0.0,1,4,0,2486
2,1,0,0,0,0.375,0.0,0.0,0.0,0.0,2,0,0,0,0.0,0.0,1,4,0,2487
3,7,1,0,0,0.5,0.0,0.0,0.0,0.0,3,0,0,0,0.0,0.0,1,4,0,2488
1,0,0,1,1,0.625,0.0,0.0,0.0,0.0,4,0,0,0,0.0,0.0,1,4,0,2489
2,7,1,0,0,0.75,0.2,1.0,0.2,1.0,5,1,0,1,0.5,0.2,1,4,0,2490
3,0,0,0,0,0.875,0.16666666666666666,1.0,0.16666666666666666,1.0,6,1,0,1,0.5,0.16666666666666666,1,4,0,2491
1,6,1,1,0,1.0,0.14285714285714285,1.0,0.14285714285714285,1.0,7,1,0,1,0.5,0.14285714285714285,1,4,0,2492
3,1,0,0,0,0.25,0.0,0.0,0.0,0.0,0,0,0,0,0.0,0.0,2,2,0,2493
3,7,1,0,1,0.5,0.0,0.0,0.0,0.0,1,0,0,0,0.0,0.0,2,2,0,2494
1,2,0,0,0,0.75,0.0,0.0,0.5,1.0,2,0,0,0,0.5,0.0,2,2,0,2495
2,0,0,1,0,1.0,0.0,0.0,0.3333333333333333,1.0,3,0,0,0,0.5,0.0,2,2,0,2496
1,6,1,0,0,0.125,0.0,0.0,0.0,0.0,0,0,0,0,0.0,0.0,3,4,0,2497
1,7,1,0,0,0.25,0.0,0.0,0.0,0.0,1,0,0,0,0.0,0.0,3,4,0,2498
3,7,1,1,1,0.375,0.0,0.0,0.0,0.0,2,0,0,0,0.0,0.0,3,4,0,2499
2,7,1,0,1,0.5,0.3333333333333333,1.0,0.3333333333333333,1.0,3,1,0,1,0.5,0.3333333333333333,3,4,0,2500
2,1,0,0,0,0.625,0.25,1.0,0.5,1.0,4,1,0,1,0.5,0.25,3,4,0,2501
3,2,0,0,0,0.75,0.2,1.0,0.4,1.0,5,1,0,1,0.5,0.2,3,4,0,2502
2,2,0,0,0,0.875,0.16666666666666666,1.0,0.3333333333333333,1.0,6,1,0,1,0.5,0.16666666666666666,3,4,0,2503
3,2,0,0,0,1.0,0.14285714285714285,1.0,0.2857142857142857,1.0,7,1,0,1,0.5,0.14285714285714285,3,4,0,2504
2,1,0,0,0,0.1,0.0,0.0,0.0,0.0,0,0,0,0,0.0,0.0,2,2,0,2505
1,0,0,0,0,0.2,0.0,0.0,0.0,0.0,1,0,0,0,0.0,0.0,2,2,0,2506
1,2,0,0,0,0.3,0.0,0.0,0.0,0.0,2,0,0,0,0.0,0.0,2,2,0,2507
1,1,0,1,0,0.4,0.0,0.0,0.0,0.0,3,0,0,0,0.0,0.0,2,2,0,2508
3,2,0,0,0,0.5,0.25,1.0,0.0,0.0,4,1,0,1,0.0,0.25,2,2,0,2509
1,1,0,0,0,0.6,0.2,1.0,0.0,0.0,5,1,0,1,0.0,0.2,2,2,0,2510
2,2,0,1,0,0.7,0.16666666666666666,1.0,0.0,0.0,6,1,0,1,0.0,0.16666666666666666,2,2,0,2511
1,0,0,0,1,0.8,0.2857142857142857,1.0,0.0,0.0,7,2,0,2,0.0,0.2857142857142857,2,2,0,2512
3,7,1,0,0,0.9,0.25,1.0,0.125,1.0,8,2,0,2,0.5,0.25,2,2,0,2513
2,1,0,0,0,1.0,0.2222222222222222,1.0,0.1111111111111111,1.0,9,2,0,2,0.5,0.2222222222222222,2,2,0,2514
3,1,0,0,0,0.1111,0.0,0.0,0.0,0.0,0,0,0,0,0.0,0.0,2,3,0,2515
2,6,1,1,0,0.2222,0.0,0.0,0.0,0.0,1,0,0,0,0.0,0.0,2,3,0,2516
2,7,1,0,0,0.3333,0.5,1.0,0.0,0.0,2,1,0,1,0.0,0.5,2,3,0,2517
1,0,0,0,1,0.4444,0.3333333333333333,1.0,0.0,0.0,3,1,0,1,0.0,0.3333333333333333,2,3,0,2518
1,6,1,0,0,0.5556,0.25,1.0,0.25,1.0,4,1,0,1,0.5,0.25,2,3,0,2519
2,0,0,0,0,0.6667,0.2,1.0,0.2,1.0,5,1,0,1,0.5,0.2,2,3,0,2520
2,0,0,0,0,0.7778,0.16666666666666666,1.0,0.16666666666666666,1.0,6,1,0,1,0.5,0.16666666666666666,2,3,0,2521
1,6,1,0,0,0.8889,0.14285714285714285,1.0,0.14285714285714285,1.0,7,1,0,1,0.5,0.14285714285714285,2,3,0,2522
1,6,1,0,0,1.0,0.125,1.0,0.125,1.0,8,1,0,1,0.5,0.125,2,3,0,2523
2,2,0,0,0,0.1111,0.0,0.0,0.0,0.0,0,0,0,0,0.0,0.0,0,4,0,2524
1,0,0,0,1,0.2222,0.0,0.0,0.0,0.0,1,0,0,0,0.0,0.0,0,4,0,2525
1,1,0,0,0,0.3333,0.0,0.0,0.5,1.0,2,0,0,0,0.5,0.0,0,4,0,2526
3,0,0,0,0,0.4444,0.0,0.0,0.3333333333333333,1.0,3,0,0,0,0.5,0.0,0,4,0,2527
1,0,0,0,0,0.5556,0.0,0.0,0.25,1.0,4,0,0,0,0.5,0.0,0,4,0,2528
1,1,0,1,1,0.6667,0.0,0.0,0.2,1.0,5,0,0,0,0.5,0.0,0,4,0,2529
2,0,0,0,1,0.7778,0.16666666666666666,1.0,0.3333333333333333,1.0,6,1,0,1,0.5,0.16666666666666666,0,4,0,2530
1,2,0,1,0,0.8889,0.14285714285714285,1.0,0.42857142857142855,1.0,7,1,0,1,0.5,0.14285714285714285,0,4,0,2531
3,0,0,0,0,1.0,0.25,1.0,0.375,1.0,8,2,0,2,0.5,0.25,0,4,0,2532
3,0,0,0,0,0.1429,0.0,0.0,0.0,0.0,0,0,0,0,0.0,0.0,2,3,0,2533
1,2,0,1,0,0.2857,0.0,0.0,0.0,0.0,1,0,0,0,0.0,0.0,2,3,0,2534
1,0,0,1,0,0.4286,0.5,1.0,0.0,0.0,2,1,0,1,0.0,0.5,2,3,0,2535
2,0,0,0,0,0.5714,0.6666666666666666,1.0,0.0,0.0,3,2,0,2,0.0,0.6666666666666666,2,3,0,2536
3,1,0,1,0,0.7143,0.5,1.0,0.0,0.0,4,2,0,2,0.0,0.5,2,3,0,2537
1,6,1,0,0,0.8571,0.6,1.0,0.0,0.0,5,3,0,3,0.0,0.6,2,3,0,2538
1,0,0,0,0,1.0,0.5,1.0,0.0,0.0,6,3,0,3,0.0,0.5,2,3,0,2539
3,0,0,0,0,0.1429,0.0,0.0,0.0,0.0,0,0,0,0,0.0,0.0,2,4,0,2540
3,7,1,0,0,0.2857,0.0,0.0,0.0,0.0,1,0,0,0,0.0,0.0,2,4,0,2541
3,6,1,0,0,0.4286,0.0,0.0,0.0,0.0,2,0,0,0,0.0,0.0,2,4,0,2542
3,6,1,0,0,0.5714,0.0,0.0,0.0,0.0,3,0,0,0,0.0,0.0,2,4,0,2543
1,0,0,0,0,0.7143,0.0,0.0,0.0,0.0,4,0,0,0,0.0,0.0,2,4,0,2544
3,6,1,0,1,0.8571,0.0,0.0,0.0,0.0,5,0,0,0,0.0,0.0,2,4,0,2545
3,0,0,0,1,1.0,0.0,0.0,0.16666666666666666,1.0,6,0,0,0,0.5,0.0,2,4,0,2546
2,7,1,0,0,0.2,0.0,0.0,0.0,0.0,0,0,0,0,0.0,0.0,0,4,0,2547
1,0,0,1,0,0.4,0.0,0.0,0.0,0.0,1,0,0,0,0.0,0.0,0,4,0,2548
3,1,0,0,0,0.6,0.5,1.0,0.0,0.0,2,1,0,1,0.0,0.5,0,4,0,2549
1,7,1,1,1,0.8,0.3333333333333333,1.0,0.0,0.0,3,1,0,1,0.0,0.3333333333333333,0,4,0,2550
1,2,0,0,0,1.0,0.5,1.0,0.25,1.0,4,2,0,2,0.5,0.5,0,4,0,2551
2,2,0,1,0,0.1111,0.0,0.0,0.0,0.0,0,0,0,0,0.0,0.0,2,2,0,2552
2,7,1,1,0,0.2222,1.0,1.0,0.0,0.0,1,1,0,1,0.0,1.0,2,2,0,2553
1,2,0,0,0,0.3333,1.0,1.0,0.0,0.0,2,2,0,2,0.0,1.0,2,2,0,2554
3,1,0,0,0,0.4444,0.6666666666666666,1.0,0.0,0.0,3,2,0,2,0.0,0.6666666666666666,2,2,0,2555
3,7,1,0,0,0.5556,0.5,1.0,0.0,0.0,4,2,0,2,0.0,0.5,2,2,0,2556
3,7,1,0,1,0.6667,0.4,1.0,0.0,0.0,5,2,0,2,0.0,0.4,2,2,0,2557
2,0,0,1,1,0.7778,0.3333333333333333,1.0,0.16666666666666666,1.0,6,2,0,2,0.5,0.3333333333333333,2,2,0,2558
2,0,0,0,1,0.8889,0.42857142857142855,1.0,0.2857142857142857,1.0,7,3,0,3,0.5,0.42857142857142855,2,2,0,2559
3,7,1,0,0,1.0,0.375,1.0,0.375,1.0,8,3,0,3,0.5,0.375,2,2,0,2560
2,1,0,0,0,0.25,0.0,0.0,0.0,0.0,0,0,0,0,0.0,0.0,2,2,0,2561
1,1,0,0,0,0.5,0.0,0.0,0.0,0.0,1,0,0,0,0.0,0.0,2,2,0,2562
3,7,1,0,0,0.75,0.0,0.0,0.0,0.0,2,0,0,0,0.0,0.0,2,2,0,2563
3,0,0,1,0,1.0,0.0,0.0,0.0,0.0,3,0,0,0,0.0,0.0,2,2,0,2564
3,1,0,0,1,0.1,0.0,0.0,0.0,0.0,0,0,0,0,0.0,0.0,1,4,0,2565
2,0,0,0,0,0.2,0.0,0.0,1.0,1.0,1,0,0,0,0.5,0.0,1,4,0,2566
1,0,0,0,1,0.3,0.0,0.0,0.5,1.0,2,0,0,0,0.5,0.0,1,4,0,2567
2,2,0,0,0,0.4,0.0,0.0,0.6666666666666666,1.0,3,0,0,0,0.5,0.0,1,4,0,2568
1,1,0,0,0,0.5,0.0,0.0,0.5,1.0,4,0,0,0,0.5,0.0,1,4,0,2569
2,7,1,1,1,0.6,0.0,0.0,0.4,1.0,5,0,0,0,0.5,0.0,1,4,0,2570
3,7,1,1,0,0.7,0.16666666666666666,1.0,0.5,1.0,6,1,0,1,0.5,0.16666666666666666,1,4,0,2571
1,6,1,0,1,0.8,0.2857142857142857,1.0,0.42857142857142855,1.0,7,2,0,2,0.5,0.2857142857142857,1,4,0,2572
1,1,0,0,0,0.9,0.25,1.0,0.5,1.0,8,2,0,2,0.5,0.25,1,4,0,2573
2,7,1,0,1,1.0,0.2222222222222222,1.0,0.4444444444444444,1.0,9,2,0,2,0.5,0.2222222222222222,1,4,0,2574
3,6,1,0,0,0.25,0.0,0.0,0.0,0.0,0,0,0,0,0.0,0.0,3,3,0,2575
2,1,0,0,0,0.5,0.0,0.0,0.0,0.0,1,0,0,0,0.0,0.0,3,3,0,2576
2,2,0,0,0,0.75,0.0,0.0,0.0,0.0,2,0,0,0,0.0,0.0,3,3,0,2577
2,7,1,0,0,1.0,0.0,0.0,0.0,0.0,3,0,0,0,0.0,0.0,3,3,0,2578
1,6,1,1,1,0.1111,0.0,0.0,0.0,0.0,0,0,0,0,0.0,0.0,1,3,0,2579
1,2,0,0,1,0.2222,1.0,1.0,1.0,1.0,1,1,0,1,0.5,1.0,1,3,0,2580
1,7,1,0,0,0.3333,0.5,1.0,1.0,1.0,2,1,0,1,0.5,0.5,1,3,0,2581
1,0,0,0,0,0.4444,0.3333333333333333,1.0,0.6666666666666666,1.0,3,1,0,1,0.5,0.3333333333333333,1,3,0,2582
3,1,0,1,1,0.5556,0.25,1.0,0.5,1.0,4,1,0,1,0.5,0.25,1,3,0,2583
3,0,0,1,1,0.6667,0.4,1.0,0.6,1.0,5,2,0,2,0.5,0.4,1,3,0,2584
3,6,1,0,0,0.7778,0.5,1.0,0.6666666666666666,1.0,6,3,0,3,0.5,0.5,1,3,0,2585
2,2,0,0,0,0.8889,0.42857142857142855,1.0,0.5714285714285714,1.0,7,3,0,3,0.5,0.42857142857142855,1,3,0,2586
1,6,1,0,0,1.0,0.375,1.0,0.5,1.0,8,3,0,3,0.5,0.375,1,3,0,2587
2,7,1,0,0,0.1429,0.0,0.0,0.0,0.0,0,0,0,0,0.0,0.0,0,2,0,2588
3,7,1,0,0,0.2857,0.0,0.0,0.0,0.0,1,0,0,0,0.0,0.0,0,2,0,2589
1,6,1,0,1,0.4286,0.0,0.0,0.0,0.0,2,0,0,0,0.0,0.0,0,2,0,2590
1,7,1,0,0,0.5714,0.0,0.0,0.3333333333333333,1.0,3,0,0,0,0.5,0.0,0,2,0,2591
2,6,1,0,0,0.7143,0.0,0.0,0.25,1.0,4,0,0,0,0.5,0.0,0,2,0,2592
2,1,0,1,0,0.8571,0.0,0.0,0.2,1.0,5,0,0,0,0.5,0.0,0,2,0,2593
2,0,0,0,1,1.0,0.16666666666666666,1.0,0.16666666666666666,1.0,6,1,0,1,0.5,0.16666666666666666,0,2,0,2594
1,2,0,1,0,0.2,0.0,0.0,0.0,0.0,0,0,0,0,0.0,0.0,3,4,0,2595
2,7,1,1,1,0.4,1.0,1.0,0.0,0.0,1,1,0,1,0.0,1.0,3,4,0,2596
1,1,0,0,0,0.6,1.0,1.0,0.5,1.0,2,2,0,2,0.5,1.0,3,4,0,2597
2,7,1,0,0,0.8,0.6666666666666666,1.0,0.3333333333333333,1.0,3,2,0,2,0.5,0.6666666666666666,3,4,0,2598
3,6,1,0,0,1.0,0.5,1.0,0.25,1.0,4,2,0,2,0.5,0.5,3,4,0,2599
3,7,1,0,0,0.25,0.0,0.0,0.0,0.0,0,0,0,0,0.0,0.0,3,3,0,2600
3,0,0,0,0,0.5,0.0,0.0,0.0,0.0,1,0,0,0,0.0,0.0,3,3,0,2601
2,7,1,0,0,0.75,0.0,0.0,0.0,0.0,2,0,0,0,0.0,0.0,3,3,0,2602
2,7,1,0,1,1.0,0.0,0.0,0.0,0.0,3,0,0,0,0.0,0.0,3,3,0,2603
3,7,1,1,0,0.125,0.0,0.0,0.0,0.0,0,0,0,0,0.0,0.0,0,4,0,2604
3,6,1,1,0,0.25,1.0,1.0,0.0,0.0,1,1,0,1,0.0,1.0,0,4,0,2605
2,0,0,0,0,0.375,1.0,1.0,0.0,0.0,2,2,0,2,0.0,1.0,0,4,0,2606
1,6,1,0,0,0.5,0.6666666666666666,1.0,0.0,0.0,3,2,0,2,0.0,0.6666666666666666,0,4,0,2607
2,7,1,0,0,0.625,0.5,1.0,0.0,0.0,4,2,0,2,0.0,0.5,0,4,0,2608
3,1,0,1,1,0.75,0.4,1.0,0.0,0.0,5,2,0,2,0.0,0.4,0,4,0,2609
3,0,0,0,0,0.875,0.5,1.0,0.16666666666666666,1.0,6,3,0,3,0.5,0.5,0,4,0,2610
3,0,0,1,0,1.0,0.42857142857142855,1.0,0.14285714285714285,1.0,7,3,0,3,0.5,0.42857142857142855,0,4,0,2611
1,2,0,0,0,0.1667,0.0,0.0,0.0,0.0,0,0,0,0,0.0,0.0,2,3,0,2612
2,1,0,1,0,0.3333,0.0,0.0,0.0,0.0,1,0,0,0,0.0,0.0,2,3,0,2613
2,0,0,1,0,0.5,0.5,1.0,0.0,0.0,2,1,0,1,0.0,0.5,2,3,0,2614
1,0,0,0,1,0.6667,0.6666666666666666,1.0,0.0,0.0,3,2,0,2,0.0,0.6666666666666666,2,3,0,2615
2,6,1,0,0,0.8333,0.5,1.0,0.25,1.0,4,2,0,2,0.5,0.5,2,3,0,2616
1,6,1,0,0,1.0,0.4,1.0,0.2,1.0,5,2,0,2,0.5,0.4,2,3,0,2617
3,2,0,0,0,0.25,0.0,0.0,0.0,0.0,0,0,0,0,0.0,0.0,2,4,0,2618
2,2,0,0,0,0.5,0.0,0.0,0.0,0.0,1,0,0,0,0.0,0.0,2,4,0,2619
2,6,1,0,0,0.75,0.0,0.0,0.0,0.0,2,0,0,0,0.0,0.0,2,4,0,2620
2,1,0,0,0,1.0,0.0,0.0,0.0,0.0,3,0,0,0,0.0,0.0,2,4,0,2621
2,7,1,0,0,0.1667,0.0,0.0,0.0,0.0,0,0,0,0,0.0,0.0,0,2,0,2622
3,2,0,0,0,0.3333,0.0,0.0,0.0,0.0,1,0,0,0,0.0,0.0,0,2,0,2623
3,6,1,0,0,0.5,0.0,0.0,0.0,0.0,2,0,0,0,0.0,0.0,0,2,0,2624
1,2,0,0,0,0.6667,0.0,0.0,0.0,0.0,3,0,0,0,0.0,0.0,0,2,0,2625
2,1,0,1,0,0.8333,0.0,0.0,0.0,0.0,4,0,0,0,0.0,0.0,0,2,0,2626
2,6,1,1,0,1.0,0.2,1.0,0.0,0.0,5,1,0,1,0.0,0.2,0,2,0,2627
3,0,0,0,0,0.25,0.0,0.0,0.0,0.0,0,0,0,0,0.0,0.0,3,3,0,2628
1,1,0,0,0,0.5,0.0,0.0,0.0,0.0,1,0,0,0,0.0,0.0,3,3,0,2629
1,6,1,0,0,0.75,0.0,0.0,0.0,0.0,2,0,0,0,0.0,0.0,3,3,0,2630
2,1,0,0,1,1.0,0.0,0.0,0.0,0.0,3,0,0,0,0.0,0.0,3,3,0,2631
1,6,1,0,0,0.1667,0.0,0.0,0.0,0.0,0,0,0,0,0.0,0.0,2,2,0,2632
3,0,0,1,0,0.3333,0.0,0.0,0.0,0.0,1,0,0,0,0.0,0.0,2,2,0,2633
3,6,1,0,1,0.5,0.5,1.0,0.0,0.0,2,1,0,1,0.0,0.5,2,2,0,2634
3,1,0,0,1,0.6667,0.3333333333333333,1.0,0.3333333333333333,1.0,3,1,0,1,0.5,0.3333333333333333,2,2,0,2635
1,2,0,0,0,0.8333,0.25,1.0,0.5,1.0,4,1,0,1,0.5,0.25,2,2,0,2636
2,7,1,0,0,1.0,0.2,1.0,0.4,1.0,5,1,0,1,0.5,0.2,2,2,0,2637
3,6,1,1,0,0.1667,0.0,0.0,0.0,0.0,0,0,0,0,0.0,0.0,0,4,0,2638
1,7,1,0,1,0.3333,1.0,1.0,0.0,0.0,1,1,0,1,0.0,1.0,0,4,0,2639
1,7,1,0,0,0.5,0.5,1.0,0.5,1.0,2,1,0,1,0.5,0.5,0,4,0,2640
3,1,0,1,1,0.6667,0.3333333333333333,1.0,0.3333333333333333,1.0,3,1,0,1,0.5,0.3333333333333333,0,4,0,2641
1,2,0,0,0,0.8333,0.5,1.0,0.5,1.0,4,2,0,2,0.5,0.5,0,4,0,2642
1,7,1,0,1,1.0,0.4,1.0,0.4,1.0,5,2,0,2,0.5,0.4,0,4,0,2643
3,7,1,0,0,0.2,0.0,0.0,0.0,0.0,0,0,0,0,0.0,0.0,0,3,0,2644
1,6,1,0,0,0.4,0.0,0.0,0.0,0.0,1,0,0,0,0.0,0.0,0,3,0,2645
1,1,0,0,0,0.6,0.0,0.0,0.0,0.0,2,0,0,0,0.0,0.0,0,3,0,2646
3,0,0,1,0,0.8,0.0,0.0,0.0,0.0,3,0,0,0,0.0,0.0,0,3,0,2647
2,0,0,0,0,1.0,0.25,1.0,0.0,0.0,4,1,0,1,0.0,0.25,0,3,0,2648
3,7,1,0,0,0.1,0.0,0.0,0.0,0.0,0,0,0,0,0.0,0.0,1,3,0,2649
2,2,0,0,0,0.2,0.0,0.0,0.0,0.0,1,0,0,0,0.0,0.0,1,3,0,2650
3,7,1,1,1,0.3,0.0,0.0,0.0,0.0,2,0,0,0,0.0,0.0,1,3,0,2651
1,1,0,0,1,0.4,0.3333333333333333,1.0,0.3333333333333333,1.0,3,1,0,1,0.5,0.3333333333333333,1,3,0,2652
1,6,1,1,0,0.5,0.25,1.0,0.5,1.0,4,1,0,1,0.5,0.25,1,3,0,2653
3,1,0,0,1,0.6,0.4,1.0,0.4,1.0,5,2,0,2,0.5,0.4,1,3,0,2654
1,1,0,0,0,0.7,0.3333333333333333,1.0,0.5,1.0,6,2,0,2,0.5,0.3333333333333333,1,3,0,2655
3,6,1,1,0,0.8,0.2857142857142857,1.0,0.42857142857142855,1.0,7,2,0,2,0.5,0.2857142857142857,1,3,0,2656
1,6,1,0,1,0.9,0.375,1.0,0.375,1.0,8,3,0,3,0.5,0.375,1,3,0,2657
3,1,0,0,1,1.0,0.3333333333333333,1.0,0.4444444444444444,1.0,9,3,0,3,0.5,0.3333333333333333,1,3,0,2658
3,2,0,0,0,0.1667,0.0,0.0,0.0,0.0,0,0,0,0,0.0,0.0,1,3,0,2659
3,7,1,0,0,0.3333,0.0,0.0,0.0,0.0,1,0,0,0,0.0,0.0,1,3,0,2660
2,1,0,0,0,0.5,0.0,0.0,0.0,0.0,2,0,0,0,0.0,0.0,1,3,0,2661
2,1,0,0,0,0.6667,0.0,0.0,0.0,0.0,3,0,0,0,0.0,0.0,1,3,0,2662
3,2,0,0,1,0.8333,0.0,0.0,0.0,0.0,4,0,0,0,0.0,0.0,1,3,0,2663
2,2,0,0,0,1.0,0.0,0.0,0.2,1.0,5,0,0,0,0.5,0.0,1,3,0,2664
1,1,0,0,0,0.2,0.0,0.0,0.0,0.0,0,0,0,0,0.0,0.0,2,3,0,2665
2,6,1,0,1,0.4,0.0,0.0,0.0,0.0,1,0,0,0,0.0,0.0,2,3,0,2666
3,2,0,0,1,0.6,0.0,0.0,0.5,1.0,2,0,0,0,0.5,0.0,2,3,0,2667
1,1,0,1,0,0.8,0.0,0.0,0.6666666666666666,1.0,3,0,0,0,0.5,0.0,2,3,0,2668
2,7,1,0,0,1.0,0.25,1.0,0.5,1.0,4,1,0,1,0.5,0.25,2,3,0,2669
3,1,0,0,0,0.25,0.0,0.0,0.0,0.0,0,0,0,0,0.0,0.0,1,3,0,2670
3,1,0,0,0,0.5,0.0,0.0,0.0,0.0,1,0,0,0,0.0,0.0,1,3,0,2671
1,2,0,0,1,0.75,0.0,0.0,0.0,0.0,2,0,0,0,0.0,0.0,1,3,0,2672
1,7,1,0,0,1.0,0.0,0.0,0.3333333333333333,1.0,3,0,0,0,0.5,0.0,1,3,0,2673
2,1,0,0,0,0.1667,0.0,0.0,0.0,0.0,0,0,0,0,0.0,0.0,1,3,0,2674
3,2,0,0,1,0.3333,0.0,0.0,0.0,0.0,1,0,0,0,0.0,0.0,1,3,0,2675
3,7,1,0,0,0.5,0.0,0.0,0.5,1.0,2,0,0,0,0.5,0.0,1,3,0,2676
3,6,1,0,0,0.6667,0.0,0.0,0.3333333333333333,1.0,3,0,0,0,0.5,0.0,1,3,0,2677
1,0,0,0,1,0.8333,0.0,0.0,0.25,1.0,4,0,0,0,0.5,0.0,1,3,0,2678
2,0,0,1,1,1.0,0.0,0.0,0.4,1.0,5,0,0,0,0.5,0.0,1,3,0,2679
2,2,0,1,0,0.1111,0.0,0.0,0.0,0.0,0,0,0,0,0.0,0.0,0,3,0,2680
1,7,1,0,0,0.2222,1.0,1.0,0.0,0.0,1,1,0,1,0.0,1.0,0,3,0,2681
3,6,1,1,0,0.3333,0.5,1.0,0.0,0.0,2,1,0,1,0.0,0.5,0,3,0,2682
3,2,0,0,0,0.4444,0.6666666666666666,1.0,0.0,0.0,3,2,0,2,0.0,0.6666666666666666,0,3,0,2683
1,0,0,0,0,0.5556,0.5,1.0,0.0,0.0,4,2,0,2,0.0,0.5,0,3,0,2684
3,0,0,0,1,0.6667,0.4,1.0,0.0,0.0,5,2,0,2,0.0,0.4,0,3,0,2685
1,2,0,0,0,0.7778,0.3333333333333333,1.0,0.16666666666666666,1.0,6,2,0,2,0.5,0.3333333333333333,0,3,0,2686
3,1,0,0,0,0.8889,0.2857142857142857,1.0,0.14285714285714285,1.0,7,2,0,2,0.5,0.2857142857142857,0,3,0,2687
2,7,1,1,0,1.0,0.25,1.0,0.125,1.0,8,2,0,2,0.5,0.25,0,3,0,2688
3,6,1,0,0,0.1111,0.0,0.0,0.0,0.0,0,0,0,0,0.0,0.0,0,4,0,2689
1,6,1,0,0,0.2222,0.0,0.0,0.0,0.0,1,0,0,0,0.0,0.0,0,4,0,2690
1,6,1,1,0,0.3333,0.0,0.0,0.0,0.0,2,0,0,0,0.0,0.0,0,4,0,2691
2,0,0,0,1,0.4444,0.3333333333333333,1.0,0.0,0.0,3,1,0,1,0.0,0.3333333333333333,0,4,0,2692
3,1,0,0,0,0.5556,0.25,1.0,0.25,1.0,4,1,0,1,0.5,0.25,0,4,0,2693
3,6,1,1,0,0.6667,0.2,1.0,0.2,1.0,5,1,0,1,0.5,0.2,0,4,0,2694
1,1,0,0,0,0.7778,0.3333333333333333,1.0,0.16666666666666666,1.0,6,2,0,2,0.5,0.3333333333333333,0,4,0,2695
2,7,1,0,1,0.8889,0.2857142857142857,1.0,0.14285714285714285,1.0,7,2,0,2,0.5,0.2857142857142857,0,4,0,2696
2,0,0,0,0,1.0,0.25,1.0,0.25,1.0,8,2,0,2,0.5,0.25,0,4,0,2697
3,7,1,0,0,0.125,0.0,0.0,0.0,0.0,0,0,0,0,0.0,0.0,0,4,0,2698
3,6,1,0,0,0.25,0.0,0.0,0.0,0.0,1,0,0,0,0.0,0.0,0,4,0,2699
3,1,0,0,0,0.375,0.0,0.0,0.0,0.0,2,0,0,0,0.0,0.0,0,4,0,2700
3,2,0,0,0,0.5,0.0,0.0,0.0,0.0,3,0,0,0,0.0,0.0,0,4,0,2701
2,2,0,1,0,0.625,0.0,0.0,0.0,0.0,4,0,0,0,0.0,0.0,0,4,0,2702
1,1,0,0,1,0.75,0.2,1.0,0.0,0.0,5,1,0,1,0.0,0.2,0,4,0,2703
2,0,0,0,0,0.875,0.16666666666666666,1.0,0.16666666666666666,1.0,6,1,0,1,0.5,0.16666666666666666,0,4,0,2704
3,7,1,0,0,1.0,0.14285714285714285,1.0,0.14285714285714285,1.0,7,1,0,1,0.5,0.14285714285714285,0,4,0,2705
3,2,0,0,0,0.1667,0.0,0.0,0.0,0.0,0,0,0,0,0.0,0.0,1,3,0,2706
1,7,1,0,0,0.3333,0.0,0.0,0.0,0.0,1,0,0,0,0.0,0.0,1,3,0,2707
2,7,1,0,0,0.5,0.0,0.0,0.0,0.0,2,0,0,0,0.0,0.0,1,3,0,2708
3,1,0,0,0,0.6667,0.0,0.0,0.0,0.0,3,0,0,0,0.0,0.0,1,3,0,2709
3,0,0,0,1,0.8333,0.0,0.0,0.0,0.0,4,0,0,0,0.0,0.0,1,3,0,2710
3,6,1,0,0,1.0,0.0,0.0,0.2,1.0,5,0,0,0,0.5,0.0,1,3,0,2711
1,2,0,0,0,0.1667,0.0,0.0,0.0,0.0,0,0,0,0,0.0,0.0,3,4,0,2712
3,6,1,0,1,0.3333,0.0,0.0,0.0,0.0,1,0,0,0,0.0,0.0,3,4,0,2713
3,0,0,1,0,0.5,0.0,0.0,0.5,1.0,2,0,0,0,0.5,0.0,3,4,0,2714
2,0,0,1,0,0.6667,0.3333333333333333,1.0,0.3333333333333333,1.0,3,1,0,1,0.5,0.3333333333333333,3,4,0,2715
2,7,1,0,0,0.8333,0.5,1.0,0.25,1.0,4,2,0,2,0.5,0.5,3,4,0,2716
1,0,0,0,1,1.0,0.4,1.0,0.2,1.0,5,2,0,2,0.5,0.4,3,4,0,2717
3,7,1,0,0,0.1667,0.0,0.0,0.0,0.0,0,0,0,0,0.0,0.0,2,2,0,2718
1,0,0,0,1,0.3333,0.0,0.0,0.0,0.0,1,0,0,0,0.0,0.0,2,2,0,2719
3,1,0,0,0,0.5,0.0,0.0,0.5,1.0,2,0,0,0,0.5,0.0,2,2,0,2720
3,6,1,0,0,0.6667,0.0,0.0,0.3333333333333333,1.0,3,0,0,0,0.5,0.0,2,2,0,2721
3,6,1,1,0,0.8333,0.0,0.0,0.25,1.0,4,0,0,0,0.5,0.0,2,2,0,2722
2,6,1,0,0,1.0,0.2,1.0,0.2,1.0,5,1,0,1,0.5,0.2,2,2,0,2723
2,6,1,0,0,0.1111,0.0,0.0,0.0,0.0,0,0,0,0,0.0,0.0,2,4,0,2724
1,7,1,0,0,0.2222,0.0,0.0,0.0,0.0,1,0,0,0,0.0,0.0,2,4,0,2725
2,6,1,0,0,0.3333,0.0,0.0,0.0,0.0,2,0,0,0,0.0,0.0,2,4,0,2726
3,2,0,0,1,0.4444,0.0,0.0,0.0,0.0,3,0,0,0,0.0,0.0,2,4,0,2727
2,1,0,0,0,0.5556,0.0,0.0,0.25,1.0,4,0,0,0,0.5,0.0,2,4,0,2728
1,6,1,0,0,0.6667,0.0,0.0,0.2,1.0,5,0,0,0,0.5,0.0,2,4,0,2729
1,2,0,0,0,0.7778,0.0,0.0,0.16666666666666666,1.0,6,0,0,0,0.5,0.0,2,4,0,2730
2,7,1,0,0,0.8889,0.0,0.0,0.14285714285714285,1.0,7,0,0,0,0.5,0.0,2,4,0,2731
1,7,1,0,1,1.0,0.0,0.0,0.125,1.0,8,0,0,0,0.5,0.0,2,4,0,2732
1,6,1,0,0,0.1,0.0,0.0,0.0,0.0,0,0,0,0,0.0,0.0,0,2,0,2733
3,1,0,0,0,0.2,0.0,0.0,0.0,0.0,1,0,0,0,0.0,0.0,0,2,0,2734
1,0,0,0,0,0.3,0.0,0.0,0.0,0.0,2,0,0,0,0.0,0.0,0,2,0,2735
2,1,0,0,0,0.4,0.0,0.0,0.0,0.0,3,0,0,0,0.0,0.0,0,2,0,2736
3,0,0,0,0,0.5,0.0,0.0,0.0,0.0,4,0,0,0,0.0,0.0,0,2,0,2737
1,2,0,0,0,0.6,0.0,0.0,0.0,0.0,5,0,0,0,0.0,0.0,0,2,0,2738
1,1,0,0,0,0.7,0.0,0.0,0.0,0.0,6,0,0,0,0.0,0.0,0,2,0,2739
2,1,0,0,0,0.8,0.0,0.0,0.0,0.0,7,0,0,0,0.0,0.0,0,2,0,2740
1,7,1,1,0,0.9,0.0,0.0,0.0,0.0,8,0,0,0,0.0,0.0,0,2,0,2741
3,6,1,0,1,1.0,0.1111111111111111,1.0,0.0,0.0,9,1,0,1,0.0,0.1111111111111111,0,2,0,2742
1,7,1,0,1,0.1667,0.0,0.0,0.0,0.0,0,0,0,0,0.0,0.0,1,2,0,2743
3,2,0,0,1,0.3333,0.0,0.0,1.0,1.0,1,0,0,0,0.5,0.0,1,2,0,2744
3,1,0,0,0,0.5,0.0,0.0,1.0,1.0,2,0,0,0,0.5,0.0,1,2,0,2745
2,2,0,0,0,0.6667,0.0,0.0,0.6666666666666666,1.0,3,0,0,0,0.5,0.0,1,2,0,2746
2,6,1,0,0,0.8333,0.0,0.0,0.5,1.0,4,0,0,0,0.5,0.0,1,2,0,2747
1,0,0,1,0,1.0,0.0,0.0,0.4,1.0,5,0,0,0,0.5,0.0,1,2,0,2748
1,1,0,0,0,0.125,0.0,0.0,0.0,0.0,0,0,0,0,0.0,0.0,0,2,0,2749
3,1,0,1,0,0.25,0.0,0.0,0.0,0.0,1,0,0,0,0.0,0.0,0,2,0,2750
1,1,0,0,1,0.375,0.5,1.0,0.0,0.0,2,1,0,1,0.0,0.5,0,2,0,2751
1,7,1,0,1,0.5,0.3333333333333333,1.0,0.3333333333333333,1.0,3,1,0,1,0.5,0.3333333333333333,0,2,0,2752
3,7,1,0,0,0.625,0.25,1.0,0.5,1.0,4,1,0,1,0.5,0.25,0,2,0,2753
1,0,0,0,0,0.75,0.2,1.0,0.4,1.0,5,1,0,1,0.5,0.2,0,2,0,2754
1,2,0,0,1,0.875,0.16666666666666666,1.0,0.3333333333333333,1.0,6,1,0,1,0.5,0.16666666666666666,0,2,0,2755
1,2,0,0,1,1.0,0.14285714285714285,1.0,0.42857142857142855,1.0,7,1,0,1,0.5,0.14285714285714285,0,2,0,2756
1,0,0,0,0,0.1429,0.0,0.0,0.0,0.0,0,0,0,0,0.0,0.0,3,2,0,2757
1,1,0,0,0,0.2857,0.0,0.0,0.0,0.0,1,0,0,0,0.0,0.0,3,2,0,2758
1,1,0,1,0,0.4286,0.0,0.0,0.0,0.0,2,0,0,0,0.0,0.0,3,2,0,2759
1,1,0,1,0,0.5714,0.3333333333333333,1.0,0.0,0.0,3,1,0,1,0.0,0.3333333333333333,3,2,0,2760
2,7,1,1,1,0.7143,0.5,1.0,0.0,0.0,4,2,0,2,0.0,0.5,3,2,0,2761
2,7,1,1,1,0.8571,0.6,1.0,0.2,1.0,5,3,0,3,0.5,0.6,3,2,1,2762
3,2,3,1,1,1.0,0.6666666666666666,1.0,0.3333333333333333,1.0,6,4,0,4,0.5,0.6666666666666666,3,2,1,2763
1,0,0,0,0,0.1429,0.0,0.0,0.0,0.0,0,0,0,0,0.0,0.0,0,4,0,2764
1,1,0,0,0,0.2857,0.0,0.0,0.0,0.0,1,0,0,0,0.0,0.0,0,4,0,2765
1,1,0,1,0,0.4286,0.0,0.0,0.0,0.0,2,0,0,0,0.0,0.0,0,4,0,2766
1,1,0,1,0,0.5714,0.3333333333333333,1.0,0.0,0.0,3,1,0,1,0.0,0.3333333333333333,0,4,0,2767
2,7,1,1,1,0.7143,0.5,1.0,0.0,0.0,4,2,0,2,0.0,0.5,0,4,0,2768
2,7,1,1,1,0.8571,0.6,1.0,0.2,1.0,5,3,0,3,0.5,0.6,0,4,1,2769
3,2,3,1,1,1.0,0.6666666666666666,1.0,0.3333333333333333,1.0,6,4,0,4,0.5,0.6666666666666666,0,4,1,2770
1,2,3,0,0,0.1667,0.0,0.0,0.0,0.0,0,0,0,0,0.0,0.0,3,2,0,2771
1,1,0,1,0,0.3333,0.0,0.0,0.0,0.0,1,0,0,0,0.0,0.0,3,2,0,2772
1,1,0,1,0,0.5,0.5,1.0,0.0,0.0,2,1,0,1,0.0,0.5,3,2,0,2773
2,7,1,1,1,0.6667,0.6666666666666666,1.0,0.0,0.0,3,2,0,2,0.0,0.6666666666666666,3,2,0,2774
2,7,1,1,1,0.8333,0.75,1.0,0.25,1.0,4,3,0,3,0.5,0.75,3,2,1,2775
3,6,1,1,1,1.0,0.8,1.0,0.4,1.0,5,4,0,4,0.5,0.8,3,2,1,2776
1,2,3,0,0,0.1667,0.0,0.0,0.0,0.0,0,0,0,0,0.0,0.0,0,4,0,2777
1,1,0,1,0,0.3333,0.0,0.0,0.0,0.0,1,0,0,0,0.0,0.0,0,4,0,2778
1,1,0,1,0,0.5,0.5,1.0,0.0,0.0,2,1,0,1,0.0,0.5,0,4,0,2779
2,7,1,1,1,0.6667,0.6666666666666666,1.0,0.0,0.0,3,2,0,2,0.0,0.6666666666666666,0,4,0,2780
2,7,1,1,1,0.8333,0.75,1.0,0.25,1.0,4,3,0,3,0.5,0.75,0,4,1,2781
3,6,1,1,1,1.0,0.8,1.0,0.4,1.0,5,4,0,4,0.5,0.8,0,4,1,2782
1,2,3,0,0,0.1667,0.0,0.0,0.0,0.0,0,0,0,0,0.0,0.0,0,3,0,2783
1,1,0,1,0,0.3333,0.0,0.0,0.0,0.0,1,0,0,0,0.0,0.0,0,3,0,2784
1,1,0,1,0,0.5,0.5,1.0,0.0,0.0,2,1,0,1,0.0,0.5,0,3,0,2785
2,7,1,1,1,0.6667,0.6666666666666666,1.0,0.0,0.0,3,2,0,2,0.0,0.6666666666666666,0,3,0,2786
2,7,1,1,1,0.8333,0.75,1.0,0.25,1.0,4,3,0,3,0.5,0.75,0,3,1,2787
3,6,1,1,1,1.0,0.8,1.0,0.4,1.0,5,4,0,4,0.5,0.8,0,3,1,2788
1,0,0,0,0,0.1429,0.0,0.0,0.0,0.0,0,0,0,0,0.0,0.0,0,4,0,2789
1,1,0,0,0,0.2857,0.0,0.0,0.0,0.0,1,0,0,0,0.0,0.0,0,4,0,2790
1,1,0,1,0,0.4286,0.0,0.0,0.0,0.0,2,0,0,0,0.0,0.0,0,4,0,2791
1,1,0,1,0,0.5714,0.3333333333333333,1.0,0.0,0.0,3,1,0,1,0.0,0.3333333333333333,0,4,0,2792
2,7,1,1,1,0.7143,0.5,1.0,0.0,0.0,4,2,0,2,0.0,0.5,0,4,0,2793
2,7,1,1,1,0.8571,0.6,1.0,0.2,1.0,5,3,0,3,0.5,0.6,0,4,1,2794
3,2,3,1,1,1.0,0.6666666666666666,1.0,0.3333333333333333,1.0,6,4,0,4,0.5,0.6666666666666666,0,4,1,2795
1,1,0,1,0,0.2,0.0,0.0,0.0,0.0,0,0,0,0,0.0,0.0,1,2,0,2796
1,7,1,1,1,0.4,1.0,1.0,0.0,0.0,1,1,0,1,0.0,1.0,1,2,0,2797
2,1,0,1,1,0.6,1.0,1.0,0.5,1.0,2,2,0,2,0.5,1.0,1,2,1,2798
2,6,1,1,1,0.8,1.0,1.0,0.6666666666666666,1.0,3,3,0,3,0.5,1.0,1,2,1,2799
3,7,1,1,1,1.0,1.0,1.0,0.75,1.0,4,4,0,4,0.5,1.0,1,2,1,2800
1,1,0,1,0,0.2,0.0,0.0,0.0,0.0,0,0,0,0,0.0,0.0,2,3,0,2801
1,7,1,1,1,0.4,1.0,1.0,0.0,0.0,1,1,0,1,0.0,1.0,2,3,0,2802
2,1,0,1,1,0.6,1.0,1.0,0.5,1.0,2,2,0,2,0.5,1.0,2,3,1,2803
2,6,1,1,1,0.8,1.0,1.0,0.6666666666666666,1.0,3,3,0,3,0.5,1.0,2,3,1,2804
3,7,1,1,1,1.0,1.0,1.0,0.75,1.0,4,4,0,4,0.5,1.0,2,3,1,2805
1,0,0,0,0,0.1429,0.0,0.0,0.0,0.0,0,0,0,0,0.0,0.0,2,4,0,2806
1,1,0,0,0,0.2857,0.0,0.0,0.0,0.0,1,0,0,0,0.0,0.0,2,4,0,2807
1,1,0,1,0,0.4286,0.0,0.0,0.0,0.0,2,0,0,0,0.0,0.0,2,4,0,2808
1,1,0,1,0,0.5714,0.3333333333333333,1.0,0.0,0.0,3,1,0,1,0.0,0.3333333333333333,2,4,0,2809
2,7,1,1,1,0.7143,0.5,1.0,0.0,0.0,4,2,0,2,0.0,0.5,2,4,0,2810
2,7,1,1,1,0.8571,0.6,1.0,0.2,1.0,5,3,0,3,0.5,0.6,2,4,1,2811
3,2,3,1,1,1.0,0.6666666666666666,1.0,0.3333333333333333,1.0,6,4,0,4,0.5,0.6666666666666666,2,4,1,2812
1,2,3,0,0,0.1667,0.0,0.0,0.0,0.0,0,0,0,0,0.0,0.0,2,3,0,2813
1,1,0,1,0,0.3333,0.0,0.0,0.0,0.0,1,0,0,0,0.0,0.0,2,3,0,2814
1,1,0,1,0,0.5,0.5,1.0,0.0,0.0,2,1,0,1,0.0,0.5,2,3,0,2815
2,7,1,1,1,0.6667,0.6666666666666666,1.0,0.0,0.0,3,2,0,2,0.0,0.6666666666666666,2,3,0,2816
2,7,1,1,1,0.8333,0.75,1.0,0.25,1.0,4,3,0,3,0.5,0.75,2,3,1,2817
3,6,1,1,1,1.0,0.8,1.0,0.4,1.0,5,4,0,4,0.5,0.8,2,3,1,2818
1,1,0,1,0,0.2,0.0,0.0,0.0,0.0,0,0,0,0,0.0,0.0,0,2,0,2819
1,7,1,1,1,0.4,1.0,1.0,0.0,0.0,1,1,0,1,0.0,1.0,0,2,0,2820
2,1,0,1,1,0.6,1.0,1.0,0.5,1.0,2,2,0,2,0.5,1.0,0,2,1,2821
2,6,1,1,1,0.8,1.0,1.0,0.6666666666666666,1.0,3,3,0,3,0.5,1.0,0,2,1,2822
3,7,1,1,1,1.0,1.0,1.0,0.75,1.0,4,4,0,4,0.5,1.0,0,2,1,2823
1,2,3,0,0,0.1667,0.0,0.0,0.0,0.0,0,0,0,0,0.0,0.0,3,2,0,2824
1,1,0,1,0,0.3333,0.0,0.0,0.0,0.0,1,0,0,0,0.0,0.0,3,2,0,2825
1,1,0,1,0,0.5,0.5,1.0,0.0,0.0,2,1,0,1,0.0,0.5,3,2,0,2826
2,7,1,1,1,0.6667,0.6666666666666666,1.0,0.0,0.0,3,2,0,2,0.0,0.6666666666666666,3,2,0,2827
2,7,1,1,1,0.8333,0.75,1.0,0.25,1.0,4,3,0,3,0.5,0.75,3,2,1,2828
3,6,1,1,1,1.0,0.8,1.0,0.4,1.0,5,4,0,4,0.5,0.8,3,2,1,2829
1,1,0,1,0,0.2,0.0,0.0,0.0,0.0,0,0,0,0,0.0,0.0,2,2,0,2830
1,7,1,1,1,0.4,1.0,1.0,0.0,0.0,1,1,0,1,0.0,1.0,2,2,0,2831
2,1,0,1,1,0.6,1.0,1.0,0.5,1.0,2,2,0,2,0.5,1.0,2,2,1,2832
2,6,1,1,1,0.8,1.0,1.0,0.6666666666666666,1.0,3,3,0,3,0.5,1.0,2,2,1,2833
3,7,1,1,1,1.0,1.0,1.0,0.75,1.0,4,4,0,4,0.5,1.0,2,2,1,2834
1,1,0,1,0,0.2,0.0,0.0,0.0,0.0,0,0,0,0,0.0,0.0,2,2,0,2835
1,7,1,1,1,0.4,1.0,1.0,0.0,0.0,1,1,0,1,0.0,1.0,2,2,0,2836
2,1,0,1,1,0.6,1.0,1.0,0.5,1.0,2,2,0,2,0.5,1.0,2,2,1,2837
2,6,1,1,1,0.8,1.0,1.0,0.6666666666666666,1.0,3,3,0,3,0.5,1.0,2,2,1,2838
3,7,1,1,1,1.0,1.0,1.0,0.75,1.0,4,4,0,4,0.5,1.0,2,2,1,2839
1,1,0,1,0,0.2,0.0,0.0,0.0,0.0,0,0,0,0,0.0,0.0,3,4,0,2840
1,7,1,1,1,0.4,1.0,1.0,0.0,0.0,1,1,0,1,0.0,1.0,3,4,0,2841
2,1,0,1,1,0.6,1.0,1.0,0.5,1.0,2,2,0,2,0.5,1.0,3,4,1,2842
2,6,1,1,1,0.8,1.0,1.0,0.6666666666666666,1.0,3,3,0,3,0.5,1.0,3,4,1,2843
3,7,1,1,1,1.0,1.0,1.0,0.75,1.0,4,4,0,4,0.5,1.0,3,4,1,2844
1,2,3,0,0,0.1667,0.0,0.0,0.0,0.0,0,0,0,0,0.0,0.0,0,4,0,2845
1,1,0,1,0,0.3333,0.0,0.0,0.0,0.0,1,0,0,0,0.0,0.0,0,4,0,2846
1,1,0,1,0,0.5,0.5,1.0,0.0,0.0,2,1,0,1,0.0,0.5,0,4,0,2847
2,7,1,1,1,0.6667,0.6666666666666666,1.0,0.0,0.0,3,2,0,2,0.0,0.6666666666666666,0,4,0,2848
2,7,1,1,1,0.8333,0.75,1.0,0.25,1.0,4,3,0,3,0.5,0.75,0,4,1,2849
3,6,1,1,1,1.0,0.8,1.0,0.4,1.0,5,4,0,4,0.5,0.8,0,4,1,2850
1,0,0,0,0,0.1429,0.0,0.0,0.0,0.0,0,0,0,0,0.0,0.0,3,4,0,2851
1,1,0,0,0,0.2857,0.0,0.0,0.0,0.0,1,0,0,0,0.0,0.0,3,4,0,2852
1,1,0,1,0,0.4286,0.0,0.0,0.0,0.0,2,0,0,0,0.0,0.0,3,4,0,2853
1,1,0,1,0,0.5714,0.3333333333333333,1.0,0.0,0.0,3,1,0,1,0.0,0.3333333333333333,3,4,0,2854
2,7,1,1,1,0.7143,0.5,1.0,0.0,0.0,4,2,0,2,0.0,0.5,3,4,0,2855
2,7,1,1,1,0.8571,0.6,1.0,0.2,1.0,5,3,0,3,0.5,0.6,3,4,1,2856
3,2,3,1,1,1.0,0.6666666666666666,1.0,0.3333333333333333,1.0,6,4,0,4,0.5,0.6666666666666666,3,4,1,2857
1,0,0,0,0,0.1429,0.0,0.0,0.0,0.0,0,0,0,0,0.0,0.0,3,3,0,2858
1,1,0,0,0,0.2857,0.0,0.0,0.0,0.0,1,0,0,0,0.0,0.0,3,3,0,2859
1,1,0,1,0,0.4286,0.0,0.0,0.0,0.0,2,0,0,0,0.0,0.0,3,3,0,2860
1,1,0,1,0,0.5714,0.3333333333333333,1.0,0.0,0.0,3,1,0,1,0.0,0.3333333333333333,3,3,0,2861
2,7,1,1,1,0.7143,0.5,1.0,0.0,0.0,4,2,0,2,0.0,0.5,3,3,0,2862
2,7,1,1,1,0.8571,0.6,1.0,0.2,1.0,5,3,0,3,0.5,0.6,3,3,1,2863
3,2,3,1,1,1.0,0.6666666666666666,1.0,0.3333333333333333,1.0,6,4,0,4,0.5,0.6666666666666666,3,3,1,2864
1,2,3,0,0,0.1667,0.0,0.0,0.0,0.0,0,0,0,0,0.0,0.0,1,4,0,2865
1,1,0,1,0,0.3333,0.0,0.0,0.0,0.0,1,0,0,0,0.0,0.0,1,4,0,2866
1,1,0,1,0,0.5,0.5,1.0,0.0,0.0,2,1,0,1,0.0,0.5,1,4,0,2867
2,7,1,1,1,0.6667,0.6666666666666666,1.0,0.0,0.0,3,2,0,2,0.0,0.6666666666666666,1,4,0,2868
2,7,1,1,1,0.8333,0.75,1.0,0.25,1.0,4,3,0,3,0.5,0.75,1,4,1,2869
3,6,1,1,1,1.0,0.8,1.0,0.4,1.0,5,4,0,4,0.5,0.8,1,4,1,2870
1,0,0,0,0,0.1429,0.0,0.0,0.0,0.0,0,0,0,0,0.0,0.0,1,3,0,2871
1,1,0,0,0,0.2857,0.0,0.0,0.0,0.0,1,0,0,0,0.0,0.0,1,3,0,2872
1,1,0,1,0,0.4286,0.0,0.0,0.0,0.0,2,0,0,0,0.0,0.0,1,3,0,2873
1,1,0,1,0,0.5714,0.3333333333333333,1.0,0.0,0.0,3,1,0,1,0.0,0.3333333333333333,1,3,0,2874
2,7,1,1,1,0.7143,0.5,1.0,0.0,0.0,4,2,0,2,0.0,0.5,1,3,0,2875
2,7,1,1,1,0.8571,0.6,1.0,0.2,1.0,5,3,0,3,0.5,0.6,1,3,1,2876
3,2,3,1,1,1.0,0.6666666666666666,1.0,0.3333333333333333,1.0,6,4,0,4,0.5,0.6666666666666666,1,3,1,2877
1,2,3,0,0,0.1667,0.0,0.0,0.0,0.0,0,0,0,0,0.0,0.0,0,2,0,2878
1,1,0,1,0,0.3333,0.0,0.0,0.0,0.0,1,0,0,0,0.0,0.0,0,2,0,2879
1,1,0,1,0,0.5,0.5,1.0,0.0,0.0,2,1,0,1,0.0,0.5,0,2,0,2880
2,7,1,1,1,0.6667,0.6666666666666666,1.0,0.0,0.0,3,2,0,2,0.0,0.6666666666666666,0,2,0,2881
2,7,1,1,1,0.8333,0.75,1.0,0.25,1.0,4,3,0,3,0.5,0.75,0,2,1,2882
3,6,1,1,1,1.0,0.8,1.0,0.4,1.0,5,4,0,4,0.5,0.8,0,2,1,2883
1,1,0,1,0,0.2,0.0,0.0,0.0,0.0,0,0,0,0,0.0,0.0,0,3,0,2884
1,7,1,1,1,0.4,1.0,1.0,0.0,0.0,1,1,0,1,0.0,1.0,0,3,0,2885
2,1,0,1,1,0.6,1.0,1.0,0.5,1.0,2,2,0,2,0.5,1.0,0,3,1,2886
2,6,1,1,1,0.8,1.0,1.0,0.6666666666666666,1.0,3,3,0,3,0.5,1.0,0,3,1,2887
3,7,1,1,1,1.0,1.0,1.0,0.75,1.0,4,4,0,4,0.5,1.0,0,3,1,2888
1,0,0,0,0,0.1429,0.0,0.0,0.0,0.0,0,0,0,0,0.0,0.0,1,3,0,2889
1,1,0,0,0,0.2857,0.0,0.0,0.0,0.0,1,0,0,0,0.0,0.0,1,3,0,2890
1,1,0,1,0,0.4286,0.0,0.0,0.0,0.0,2,0,0,0,0.0,0.0,1,3,0,2891
1,1,0,1,0,0.5714,0.3333333333333333,1.0,0.0,0.0,3,1,0,1,0.0,0.3333333333333333,1,3,0,2892
2,7,1,1,1,0.7143,0.5,1.0,0.0,0.0,4,2,0,2,0.0,0.5,1,3,0,2893
2,7,1,1,1,0.8571,0.6,1.0,0.2,1.0,5,3,0,3,0.5,0.6,1,3,1,2894
3,2,3,1,1,1.0,0.6666666666666666,1.0,0.3333333333333333,1.0,6,4,0,4,0.5,0.6666666666666666,1,3,1,2895
1,1,0,1,0,0.2,0.0,0.0,0.0,0.0,0,0,0,0,0.0,0.0,1,4,0,2896
1,7,1,1,1,0.4,1.0,1.0,0.0,0.0,1,1,0,1,0.0,1.0,1,4,0,2897
2,1,0,1,1,0.6,1.0,1.0,0.5,1.0,2,2,0,2,0.5,1.0,1,4,1,2898
2,6,1,1,1,0.8,1.0,1.0,0.6666666666666666,1.0,3,3,0,3,0.5,1.0,1,4,1,2899
3,7,1,1,1,1.0,1.0,1.0,0.75,1.0,4,4,0,4,0.5,1.0,1,4,1,2900
1,0,0,0,0,0.1429,0.0,0.0,0.0,0.0,0,0,0,0,0.0,0.0,0,3,0,2901
1,1,0,0,0,0.2857,0.0,0.0,0.0,0.0,1,0,0,0,0.0,0.0,0,3,0,2902
1,1,0,1,0,0.4286,0.0,0.0,0.0,0.0,2,0,0,0,0.0,0.0,0,3,0,2903
1,1,0,1,0,0.5714,0.3333333333333333,1.0,0.0,0.0,3,1,0,1,0.0,0.3333333333333333,0,3,0,2904
2,7,1,1,1,0.7143,0.5,1.0,0.0,0.0,4,2,0,2,0.0,0.5,0,3,0,2905
2,7,1,1,1,0.8571,0.6,1.0,0.2,1.0,5,3,0,3,0.5,0.6,0,3,1,2906
3,2,3,1,1,1.0,0.6666666666666666,1.0,0.3333333333333333,1.0,6,4,0,4,0.5,0.6666666666666666,0,3,1,2907
1,0,0,0,0,0.1429,0.0,0.0,0.0,0.0,0,0,0,0,0.0,0.0,3,4,0,2908
1,1,0,0,0,0.2857,0.0,0.0,0.0,0.0,1,0,0,0,0.0,0.0,3,4,0,2909
1,1,0,1,0,0.4286,0.0,0.0,0.0,0.0,2,0,0,0,0.0,0.0,3,4,0,2910
1,1,0,1,0,0.5714,0.3333333333333333,1.0,0.0,0.0,3,1,0,1,0.0,0.3333333333333333,3,4,0,2911
2,7,1,1,1,0.7143,0.5,1.0,0.0,0.0,4,2,0,2,0.0,0.5,3,4,0,2912
2,7,1,1,1,0.8571,0.6,1.0,0.2,1.0,5,3,0,3,0.5,0.6,3,4,1,2913
3,2,3,1,1,1.0,0.6666666666666666,1.0,0.3333333333333333,1.0,6,4,0,4,0.5,0.6666666666666666,3,4,1,2914
1,0,0,0,0,0.1429,0.0,0.0,0.0,0.0,0,0,0,0,0.0,0.0,0,2,0,2915
1,1,0,0,0,0.2857,0.0,0.0,0.0,0.0,1,0,0,0,0.0,0.0,0,2,0,2916
1,1,0,1,0,0.4286,0.0,0.0,0.0,0.0,2,0,0,0,0.0,0.0,0,2,0,2917
1,1,0,1,0,0.5714,0.3333333333333333,1.0,0.0,0.0,3,1,0,1,0.0,0.3333333333333333,0,2,0,2918
2,7,1,1,1,0.7143,0.5,1.0,0.0,0.0,4,2,0,2,0.0,0.5,0,2,0,2919
2,7,1,1,1,0.8571,0.6,1.0,0.2,1.0,5,3,0,3,0.5,0.6,0,2,1,2920
3,2,3,1,1,1.0,0.6666666666666666,1.0,0.3333333333333333,1.0,6,4,0,4,0.5,0.6666666666666666,0,2,1,2921
1,2,3,0,0,0.1667,0.0,0.0,0.0,0.0,0,0,0,0,0.0,0.0,3,4,0,2922
1,1,0,1,0,0.3333,0.0,0.0,0.0,0.0,1,0,0,0,0.0,0.0,3,4,0,2923
1,1,0,1,0,0.5,0.5,1.0,0.0,0.0,2,1,0,1,0.0,0.5,3,4,0,2924
2,7,1,1,1,0.6667,0.6666666666666666,1.0,0.0,0.0,3,2,0,2,0.0,0.6666666666666666,3,4,0,2925
2,7,1,1,1,0.8333,0.75,1.0,0.25,1.0,4,3,0,3,0.5,0.75,3,4,1,2926
3,6,1,1,1,1.0,0.8,1.0,0.4,1.0,5,4,0,4,0.5,0.8,3,4,1,2927
1,2,3,0,0,0.1667,0.0,0.0,0.0,0.0,0,0,0,0,0.0,0.0,1,2,0,2928
1,1,0,1,0,0.3333,0.0,0.0,0.0,0.0,1,0,0,0,0.0,0.0,1,2,0,2929
1,1,0,1,0,0.5,0.5,1.0,0.0,0.0,2,1,0,1,0.0,0.5,1,2,0,2930
2,7,1,1,1,0.6667,0.6666666666666666,1.0,0.0,0.0,3,2,0,2,0.0,0.6666666666666666,1,2,0,2931
2,7,1,1,1,0.8333,0.75,1.0,0.25,1.0,4,3,0,3,0.5,0.75,1,2,1,2932
3,6,1,1,1,1.0,0.8,1.0,0.4,1.0,5,4,0,4,0.5,0.8,1,2,1,2933
1,0,0,0,0,0.1429,0.0,0.0,0.0,0.0,0,0,0,0,0.0,0.0,1,3,0,2934
1,1,0,0,0,0.2857,0.0,0.0,0.0,0.0,1,0,0,0,0.0,0.0,1,3,0,2935
1,1,0,1,0,0.4286,0.0,0.0,0.0,0.0,2,0,0,0,0.0,0.0,1,3,0,2936
1,1,0,1,0,0.5714,0.3333333333333333,1.0,0.0,0.0,3,1,0,1,0.0,0.3333333333333333,1,3,0,2937
2,7,1,1,1,0.7143,0.5,1.0,0.0,0.0,4,2,0,2,0.0,0.5,1,3,0,2938
2,7,1,1,1,0.8571,0.6,1.0,0.2,1.0,5,3,0,3,0.5,0.6,1,3,1,2939
3,2,3,1,1,1.0,0.6666666666666666,1.0,0.3333333333333333,1.0,6,4,0,4,0.5,0.6666666666666666,1,3,1,2940
1,2,3,0,0,0.1667,0.0,0.0,0.0,0.0,0,0,0,0,0.0,0.0,2,3,0,2941
1,1,0,1,0,0.3333,0.0,0.0,0.0,0.0,1,0,0,0,0.0,0.0,2,3,0,2942
1,1,0,1,0,0.5,0.5,1.0,0.0,0.0,2,1,0,1,0.0,0.5,2,3,0,2943
2,7,1,1,1,0.6667,0.6666666666666666,1.0,0.0,0.0,3,2,0,2,0.0,0.6666666666666666,2,3,0,2944
2,7,1,1,1,0.8333,0.75,1.0,0.25,1.0,4,3,0,3,0.5,0.75,2,3,1,2945
3,6,1,1,1,1.0,0.8,1.0,0.4,1.0,5,4,0,4,0.5,0.8,2,3,1,2946
1,0,0,0,0,0.1429,0.0,0.0,0.0,0.0,0,0,0,0,0.0,0.0,1,4,0,2947
1,1,0,0,0,0.2857,0.0,0.0,0.0,0.0,1,0,0,0,0.0,0.0,1,4,0,2948
1,1,0,1,0,0.4286,0.0,0.0,0.0,0.0,2,0,0,0,0.0,0.0,1,4,0,2949
1,1,0,1,0,0.5714,0.3333333333333333,1.0,0.0,0.0,3,1,0,1,0.0,0.3333333333333333,1,4,0,2950
2,7,1,1,1,0.7143,0.5,1.0,0.0,0.0,4,2,0,2,0.0,0.5,1,4,0,2951
2,7,1,1,1,0.8571,0.6,1.0,0.2,1.0,5,3,0,3,0.5,0.6,1,4,1,2952
3,2,3,1,1,1.0,0.6666666666666666,1.0,0.3333333333333333,1.0,6,4,0,4,0.5,0.6666666666666666,1,4,1,2953
1,0,0,0,0,0.1429,0.0,0.0,0.0,0.0,0,0,0,0,0.0,0.0,0,4,0,2954
1,1,0,0,0,0.2857,0.0,0.0,0.0,0.0,1,0,0,0,0.0,0.0,0,4,0,2955
1,1,0,1,0,0.4286,0.0,0.0,0.0,0.0,2,0,0,0,0.0,0.0,0,4,0,2956
1,1,0,1,0,0.5714,0.3333333333333333,1.0,0.0,0.0,3,1,0,1,0.0,0.3333333333333333,0,4,0,2957
2,7,1,1,1,0.7143,0.5,1.0,0.0,0.0,4,2,0,2,0.0,0.5,0,4,0,2958
2,7,1,1,1,0.8571,0.6,1.0,0.2,1.0,5,3,0,3,0.5,0.6,0,4,1,2959
3,2,3,1,1,1.0,0.6666666666666666,1.0,0.3333333333333333,1.0,6,4,0,4,0.5,0.6666666666666666,0,4,1,2960
1,2,3,0,0,0.1667,0.0,0.0,0.0,0.0,0,0,0,0,0.0,0.0,3,2,0,2961
1,1,0,1,0,0.3333,0.0,0.0,0.0,0.0,1,0,0,0,0.0,0.0,3,2,0,2962
1,1,0,1,0,0.5,0.5,1.0,0.0,0.0,2,1,0,1,0.0,0.5,3,2,0,2963
2,7,1,1,1,0.6667,0.6666666666666666,1.0,0.0,0.0,3,2,0,2,0.0,0.6666666666666666,3,2,0,2964
2,7,1,1,1,0.8333,0.75,1.0,0.25,1.0,4,3,0,3,0.5,0.75,3,2,1,2965
3,6,1,1,1,1.0,0.8,1.0,0.4,1.0,5,4,0,4,0.5,0.8,3,2,1,2966
1,2,3,0,0,0.1667,0.0,0.0,0.0,0.0,0,0,0,0,0.0,0.0,1,3,0,2967
1,1,0,1,0,0.3333,0.0,0.0,0.0,0.0,1,0,0,0,0.0,0.0,1,3,0,2968
1,1,0,1,0,0.5,0.5,1.0,0.0,0.0,2,1,0,1,0.0,0.5,1,3,0,2969
2,7,1,1,1,0.6667,0.6666666666666666,1.0,0.0,0.0,3,2,0,2,0.0,0.6666666666666666,1,3,0,2970
2,7,1,1,1,0.8333,0.75,1.0,0.25,1.0,4,3,0,3,0.5,0.75,1,3,1,2971
3,6,1,1,1,1.0,0.8,1.0,0.4,1.0,5,4,0,4,0.5,0.8,1,3,1,2972
1,0,0,0,0,0.1429,0.0,0.0,0.0,0.0,0,0,0,0,0.0,0.0,0,4,0,2973
1,1,0,0,0,0.2857,0.0,0.0,0.0,0.0,1,0,0,0,0.0,0.0,0,4,0,2974
1,1,0,1,0,0.4286,0.0,0.0,0.0,0.0,2,0,0,0,0.0,0.0,0,4,0,2975
1,1,0,1,0,0.5714,0.3333333333333333,1.0,0.0,0.0,3,1,0,1,0.0,0.3333333333333333,0,4,0,2976
2,7,1,1,1,0.7143,0.5,1.0,0.0,0.0,4,2,0,2,0.0,0.5,0,4,0,2977
2,7,1,1,1,0.8571,0.6,1.0,0.2,1.0,5,3,0,3,0.5,0.6,0,4,1,2978
3,2,3,1,1,1.0,0.6666666666666666,1.0,0.3333333333333333,1.0,6,4,0,4,0.5,0.6666666666666666,0,4,1,2979
1,2,3,0,0,0.1667,0.0,0.0,0.0,0.0,0,0,0,0,0.0,0.0,0,4,0,2980
1,1,0,1,0,0.3333,0.0,0.0,0.0,0.0,1,0,0,0,0.0,0.0,0,4,0,2981
1,1,0,1,0,0.5,0.5,1.0,0.0,0.0,2,1,0,1,0.0,0.5,0,4,0,2982
2,7,1,1,1,0.6667,0.6666666666666666,1.0,0.0,0.0,3,2,0,2,0.0,0.6666666666666666,0,4,0,2983
2,7,1,1,1,0.8333,0.75,1.0,0.25,1.0,4,3,0,3,0.5,0.75,0,4,1,2984
3,6,1,1,1,1.0,0.8,1.0,0.4,1.0,5,4,0,4,0.5,0.8,0,4,1,2985
1,1,0,1,0,0.2,0.0,0.0,0.0,0.0,0,0,0,0,0.0,0.0,0,4,0,2986
1,7,1,1,1,0.4,1.0,1.0,0.0,0.0,1,1,0,1,0.0,1.0,0,4,0,2987
2,1,0,1,1,0.6,1.0,1.0,0.5,1.0,2,2,0,2,0.5,1.0,0,4,1,2988
2,6,1,1,1,0.8,1.0,1.0,0.6666666666666666,1.0,3,3,0,3,0.5,1.0,0,4,1,2989
3,7,1,1,1,1.0,1.0,1.0,0.75,1.0,4,4,0,4,0.5,1.0,0,4,1,2990
1,0,0,0,0,0.1429,0.0,0.0,0.0,0.0,0,0,0,0,0.0,0.0,3,4,0,2991
1,1,0,0,0,0.2857,0.0,0.0,0.0,0.0,1,0,0,0,0.0,0.0,3,4,0,2992
1,1,0,1,0,0.4286,0.0,0.0,0.0,0.0,2,0,0,0,0.0,0.0,3,4,0,2993
1,1,0,1,0,0.5714,0.3333333333333333,1.0,0.0,0.0,3,1,0,1,0.0,0.3333333333333333,3,4,0,2994
2,7,1,1,1,0.7143,0.5,1.0,0.0,0.0,4,2,0,2,0.0,0.5,3,4,0,2995
2,7,1,1,1,0.8571,0.6,1.0,0.2,1.0,5,3,0,3,0.5,0.6,3,4,1,2996
3,2,3,1,1,1.0,0.6666666666666666,1.0,0.3333333333333333,1.0,6,4,0,4,0.5,0.6666666666666666,3,4,1,2997
1,2,3,0,0,0.1667,0.0,0.0,0.0,0.0,0,0,0,0,0.0,0.0,2,3,0,2998
1,1,0,1,0,0.3333,0.0,0.0,0.0,0.0,1,0,0,0,0.0,0.0,2,3,0,2999
1,1,0,1,0,0.5,0.5,1.0,0.0,0.0,2,1,0,1,0.0,0.5,2,3,0,3000
2,7,1,1,1,0.6667,0.6666666666666666,1.0,0.0,0.0,3,2,0,2,0.0,0.6666666666666666,2,3,0,3001
2,7,1,1,1,0.8333,0.75,1.0,0.25,1.0,4,3,0,3,0.5,0.75,2,3,1,3002
3,6,1,1,1,1.0,0.8,1.0,0.4,1.0,5,4,0,4,0.5,0.8,2,3,1,3003
1,2,3,0,0,0.1667,0.0,0.0,0.0,0.0,0,0,0,0,0.0,0.0,2,4,0,3004
1,1,0,1,0,0.3333,0.0,0.0,0.0,0.0,1,0,0,0,0.0,0.0,2,4,0,3005
1,1,0,1,0,0.5,0.5,1.0,0.0,0.0,2,1,0,1,0.0,0.5,2,4,0,3006
2,7,1,1,1,0.6667,0.6666666666666666,1.0,0.0,0.0,3,2,0,2,0.0,0.6666666666666666,2,4,0,3007
2,7,1,1,1,0.8333,0.75,1.0,0.25,1.0,4,3,0,3,0.5,0.75,2,4,1,3008
3,6,1,1,1,1.0,0.8,1.0,0.4,1.0,5,4,0,4,0.5,0.8,2,4,1,3009
1,0,0,0,0,0.1429,0.0,0.0,0.0,0.0,0,0,0,0,0.0,0.0,0,2,0,3010
1,1,0,0,0,0.2857,0.0,0.0,0.0,0.0,1,0,0,0,0.0,0.0,0,2,0,3011
1,1,0,1,0,0.4286,0.0,0.0,0.0,0.0,2,0,0,0,0.0,0.0,0,2,0,3012
1,1,0,1,0,0.5714,0.3333333333333333,1.0,0.0,0.0,3,1,0,1,0.0,0.3333333333333333,0,2,0,3013
2,7,1,1,1,0.7143,0.5,1.0,0.0,0.0,4,2,0,2,0.0,0.5,0,2,0,3014
2,7,1,1,1,0.8571,0.6,1.0,0.2,1.0,5,3,0,3,0.5,0.6,0,2,1,3015
3,2,3,1,1,1.0,0.6666666666666666,1.0,0.3333333333333333,1.0,6,4,0,4,0.5,0.6666666666666666,0,2,1,3016
1,1,0,1,0,0.2,0.0,0.0,0.0,0.0,0,0,0,0,0.0,0.0,3,3,0,3017
1,7,1,1,1,0.4,1.0,1.0,0.0,0.0,1,1,0,1,0.0,1.0,3,3,0,3018
2,1,0,1,1,0.6,1.0,1.0,0.5,1.0,2,2,0,2,0.5,1.0,3,3,1,3019
2,6,1,1,1,0.8,1.0,1.0,0.6666666666666666,1.0,3,3,0,3,0.5,1.0,3,3,1,3020
3,7,1,1,1,1.0,1.0,1.0,0.75,1.0,4,4,0,4,0.5,1.0,3,3,1,3021
1,1,0,1,0,0.2,0.0,0.0,0.0,0.0,0,0,0,0,0.0,0.0,0,3,0,3022
1,7,1,1,1,0.4,1.0,1.0,0.0,0.0,1,1,0,1,0.0,1.0,0,3,0,3023
2,1,0,1,1,0.6,1.0,1.0,0.5,1.0,2,2,0,2,0.5,1.0,0,3,1,3024
2,6,1,1,1,0.8,1.0,1.0,0.6666666666666666,1.0,3,3,0,3,0.5,1.0,0,3,1,3025
3,7,1,1,1,1.0,1.0,1.0,0.75,1.0,4,4,0,4,0.5,1.0,0,3,1,3026
1,0,0,0,0,0.1429,0.0,0.0,0.0,0.0,0,0,0,0,0.0,0.0,3,4,0,3027
1,1,0,0,0,0.2857,0.0,0.0,0.0,0.0,1,0,0,0,0.0,0.0,3,4,0,3028
1,1,0,1,0,0.4286,0.0,0.0,0.0,0.0,2,0,0,0,0.0,0.0,3,4,0,3029
1,1,0,1,0,0.5714,0.3333333333333333,1.0,0.0,0.0,3,1,0,1,0.0,0.3333333333333333,3,4,0,3030
2,7,1,1,1,0.7143,0.5,1.0,0.0,0.0,4,2,0,2,0.0,0.5,3,4,0,3031
2,7,1,1,1,0.8571,0.6,1.0,0.2,1.0,5,3,0,3,0.5,0.6,3,4,1,3032
3,2,3,1,1,1.0,0.6666666666666666,1.0,0.3333333333333333,1.0,6,4,0,4,0.5,0.6666666666666666,3,4,1,3033
1,2,3,0,0,0.1667,0.0,0.0,0.0,0.0,0,0,0,0,0.0,0.0,0,4,0,3034
1,1,0,1,0,0.3333,0.0,0.0,0.0,0.0,1,0,0,0,0.0,0.0,0,4,0,3035
1,1,0,1,0,0.5,0.5,1.0,0.0,0.0,2,1,0,1,0.0,0.5,0,4,0,3036
2,7,1,1,1,0.6667,0.6666666666666666,1.0,0.0,0.0,3,2,0,2,0.0,0.6666666666666666,0,4,0,3037
2,7,1,1,1,0.8333,0.75,1.0,0.25,1.0,4,3,0,3,0.5,0.75,0,4,1,3038
3,6,1,1,1,1.0,0.8,1.0,0.4,1.0,5,4,0,4,0.5,0.8,0,4,1,3039
1,1,0,1,0,0.2,0.0,0.0,0.0,0.0,0,0,0,0,0.0,0.0,3,4,0,3040
1,7,1,1,1,0.4,1.0,1.0,0.0,0.0,1,1,0,1,0.0,1.0,3,4,0,3041
2,1,0,1,1,0.6,1.0,1.0,0.5,1.0,2,2,0,2,0.5,1.0,3,4,1,3042
2,6,1,1,1,0.8,1.0,1.0,0.6666666666666666,1.0,3,3,0,3,0.5,1.0,3,4,1,3043
3,7,1,1,1,1.0,1.0,1.0,0.75,1.0,4,4,0,4,0.5,1.0,3,4,1,3044
1,2,3,0,0,0.1667,0.0,0.0,0.0,0.0,0,0,0,0,0.0,0.0,3,3,0,3045
1,1,0,1,0,0.3333,0.0,0.0,0.0,0.0,1,0,0,0,0.0,0.0,3,3,0,3046
1,1,0,1,0,0.5,0.5,1.0,0.0,0.0,2,1,0,1,0.0,0.5,3,3,0,3047
2,7,1,1,1,0.6667,0.6666666666666666,1.0,0.0,0.0,3,2,0,2,0.0,0.6666666666666666,3,3,0,3048
2,7,1,1,1,0.8333,0.75,1.0,0.25,1.0,4,3,0,3,0.5,0.75,3,3,1,3049
3,6,1,1,1,1.0,0.8,1.0,0.4,1.0,5,4,0,4,0.5,0.8,3,3,1,3050
1,2,3,0,0,0.1667,0.0,0.0,0.0,0.0,0,0,0,0,0.0,0.0,2,2,0,3051
1,1,0,1,0,0.3333,0.0,0.0,0.0,0.0,1,0,0,0,0.0,0.0,2,2,0,3052
1,1,0,1,0,0.5,0.5,1.0,0.0,0.0,2,1,0,1,0.0,0.5,2,2,0,3053
2,7,1,1,1,0.6667,0.6666666666666666,1.0,0.0,0.0,3,2,0,2,0.0,0.6666666666666666,2,2,0,3054
2,7,1,1,1,0.8333,0.75,1.0,0.25,1.0,4,3,0,3,0.5,0.75,2,2,1,3055
3,6,1,1,1,1.0,0.8,1.0,0.4,1.0,5,4,0,4,0.5,0.8,2,2,1,3056
1,0,0,0,0,0.1429,0.0,0.0,0.0,0.0,0,0,0,0,0.0,0.0,0,4,0,3057
1,1,0,0,0,0.2857,0.0,0.0,0.0,0.0,1,0,0,0,0.0,0.0,0,4,0,3058
1,1,0,1,0,0.4286,0.0,0.0,0.0,0.0,2,0,0,0,0.0,0.0,0,4,0,3059
1,1,0,1,0,0.5714,0.3333333333333333,1.0,0.0,0.0,3,1,0,1,0.0,0.3333333333333333,0,4,0,3060
2,7,1,1,1,0.7143,0.5,1.0,0.0,0.0,4,2,0,2,0.0,0.5,0,4,0,3061
2,7,1,1,1,0.8571,0.6,1.0,0.2,1.0,5,3,0,3,0.5,0.6,0,4,1,3062
3,2,3,1,1,1.0,0.6666666666666666,1.0,0.3333333333333333,1.0,6,4,0,4,0.5,0.6666666666666666,0,4,1,3063
1,2,3,0,0,0.1667,0.0,0.0,0.0,0.0,0,0,0,0,0.0,0.0,3,4,0,3064
1,1,0,1,0,0.3333,0.0,0.0,0.0,0.0,1,0,0,0,0.0,0.0,3,4,0,3065
1,1,0,1,0,0.5,0.5,1.0,0.0,0.0,2,1,0,1,0.0,0.5,3,4,0,3066
2,7,1,1,1,0.6667,0.6666666666666666,1.0,0.0,0.0,3,2,0,2,0.0,0.6666666666666666,3,4,0,3067
2,7,1,1,1,0.8333,0.75,1.0,0.25,1.0,4,3,0,3,0.5,0.75,3,4,1,3068
3,6,1,1,1,1.0,0.8,1.0,0.4,1.0,5,4,0,4,0.5,0.8,3,4,1,3069
1,2,3,0,0,0.1667,0.0,0.0,0.0,0.0,0,0,0,0,0.0,0.0,3,4,0,3070
1,1,0,1,0,0.3333,0.0,0.0,0.0,0.0,1,0,0,0,0.0,0.0,3,4,0,3071
1,1,0,1,0,0.5,0.5,1.0,0.0,0.0,2,1,0,1,0.0,0.5,3,4,0,3072
2,7,1,1,1,0.6667,0.6666666666666666,1.0,0.0,0.0,3,2,0,2,0.0,0.6666666666666666,3,4,0,3073
2,7,1,1,1,0.8333,0.75,1.0,0.25,1.0,4,3,0,3,0.5,0.75,3,4,1,3074
3,6,1,1,1,1.0,0.8,1.0,0.4,1.0,5,4,0,4,0.5,0.8,3,4,1,3075
1,0,0,0,0,0.1429,0.0,0.0,0.0,0.0,0,0,0,0,0.0,0.0,2,2,0,3076
1,1,0,0,0,0.2857,0.0,0.0,0.0,0.0,1,0,0,0,0.0,0.0,2,2,0,3077
1,1,0,1,0,0.4286,0.0,0.0,0.0,0.0,2,0,0,0,0.0,0.0,2,2,0,3078
1,1,0,1,0,0.5714,0.3333333333333333,1.0,0.0,0.0,3,1,0,1,0.0,0.3333333333333333,2,2,0,3079
2,7,1,1,1,0.7143,0.5,1.0,0.0,0.0,4,2,0,2,0.0,0.5,2,2,0,3080
2,7,1,1,1,0.8571,0.6,1.0,0.2,1.0,5,3,0,3,0.5,0.6,2,2,1,3081
3,2,3,1,1,1.0,0.6666666666666666,1.0,0.3333333333333333,1.0,6,4,0,4,0.5,0.6666666666666666,2,2,1,3082
1,2,3,0,0,0.1667,0.0,0.0,0.0,0.0,0,0,0,0,0.0,0.0,1,4,0,3083
1,1,0,1,0,0.3333,0.0,0.0,0.0,0.0,1,0,0,0,0.0,0.0,1,4,0,3084
1,1,0,1,0,0.5,0.5,1.0,0.0,0.0,2,1,0,1,0.0,0.5,1,4,0,3085
2,7,1,1,1,0.6667,0.6666666666666666,1.0,0.0,0.0,3,2,0,2,0.0,0.6666666666666666,1,4,0,3086
2,7,1,1,1,0.8333,0.75,1.0,0.25,1.0,4,3,0,3,0.5,0.75,1,4,1,3087
3,6,1,1,1,1.0,0.8,1.0,0.4,1.0,5,4,0,4,0.5,0.8,1,4,1,3088
1,2,3,0,0,0.1667,0.0,0.0,0.0,0.0,0,0,0,0,0.0,0.0,2,3,0,3089
1,1,0,1,0,0.3333,0.0,0.0,0.0,0.0,1,0,0,0,0.0,0.0,2,3,0,3090
1,1,0,1,0,0.5,0.5,1.0,0.0,0.0,2,1,0,1,0.0,0.5,2,3,0,3091
2,7,1,1,1,0.6667,0.6666666666666666,1.0,0.0,0.0,3,2,0,2,0.0,0.6666666666666666,2,3,0,3092
2,7,1,1,1,0.8333,0.75,1.0,0.25,1.0,4,3,0,3,0.5,0.75,2,3,1,3093
3,6,1,1,1,1.0,0.8,1.0,0.4,1.0,5,4,0,4,0.5,0.8,2,3,1,3094
1,1,0,1,0,0.2,0.0,0.0,0.0,0.0,0,0,0,0,0.0,0.0,0,4,0,3095
1,7,1,1,1,0.4,1.0,1.0,0.0,0.0,1,1,0,1,0.0,1.0,0,4,0,3096
2,1,0,1,1,0.6,1.0,1.0,0.5,1.0,2,2,0,2,0.5,1.0,0,4,1,3097
2,6,1,1,1,0.8,1.0,1.0,0.6666666666666666,1.0,3,3,0,3,0.5,1.0,0,4,1,3098
3,7,1,1,1,1.0,1.0,1.0,0.75,1.0,4,4,0,4,0.5,1.0,0,4,1,3099
1,1,0,1,0,0.2,0.0,0.0,0.0,0.0,0,0,0,0,0.0,0.0,1,4,0,3100
1,7,1,1,1,0.4,1.0,1.0,0.0,0.0,1,1,0,1,0.0,1.0,1,4,0,3101
2,1,0,1,1,0.6,1.0,1.0,0.5,1.0,2,2,0,2,0.5,1.0,1,4,1,3102
2,6,1,1,1,0.8,1.0,1.0,0.6666666666666666,1.0,3,3,0,3,0.5,1.0,1,4,1,3103
3,7,1,1,1,1.0,1.0,1.0,0.75,1.0,4,4,0,4,0.5,1.0,1,4,1,3104
1,0,0,0,0,0.1429,0.0,0.0,0.0,0.0,0,0,0,0,0.0,0.0,1,2,0,3105
1,1,0,0,0,0.2857,0.0,0.0,0.0,0.0,1,0,0,0,0.0,0.0,1,2,0,3106
1,1,0,1,0,0.4286,0.0,0.0,0.0,0.0,2,0,0,0,0.0,0.0,1,2,0,3107
1,1,0,1,0,0.5714,0.3333333333333333,1.0,0.0,0.0,3,1,0,1,0.0,0.3333333333333333,1,2,0,3108
2,7,1,1,1,0.7143,0.5,1.0,0.0,0.0,4,2,0,2,0.0,0.5,1,2,0,3109
2,7,1,1,1,0.8571,0.6,1.0,0.2,1.0,5,3,0,3,0.5,0.6,1,2,1,3110
3,2,3,1,1,1.0,0.6666666666666666,1.0,0.3333333333333333,1.0,6,4,0,4,0.5,0.6666666666666666,1,2,1,3111
1,0,0,0,0,0.1429,0.0,0.0,0.0,0.0,0,0,0,0,0.0,0.0,3,2,0,3112
1,1,0,0,0,0.2857,0.0,0.0,0.0,0.0,1,0,0,0,0.0,0.0,3,2,0,3113
1,1,0,1,0,0.4286,0.0,0.0,0.0,0.0,2,0,0,0,0.0,0.0,3,2,0,3114
1,1,0,1,0,0.5714,0.3333333333333333,1.0,0.0,0.0,3,1,0,1,0.0,0.3333333333333333,3,2,0,3115
2,7,1,1,1,0.7143,0.5,1.0,0.0,0.0,4,2,0,2,0.0,0.5,3,2,0,3116
2,7,1,1,1,0.8571,0.6,1.0,0.2,1.0,5,3,0,3,0.5,0.6,3,2,1,3117
3,2,3,1,1,1.0,0.6666666666666666,1.0,0.3333333333333333,1.0,6,4,0,4,0.5,0.6666666666666666,3,2,1,3118
1,0,0,0,0,0.1429,0.0,0.0,0.0,0.0,0,0,0,0,0.0,0.0,3,4,0,3119
1,1,0,0,0,0.2857,0.0,0.0,0.0,0.0,1,0,0,0,0.0,0.0,3,4,0,3120
1,1,0,1,0,0.4286,0.0,0.0,0.0,0.0,2,0,0,0,0.0,0.0,3,4,0,3121
1,1,0,1,0,0.5714,0.3333333333333333,1.0,0.0,0.0,3,1,0,1,0.0,0.3333333333333333,3,4,0,3122
2,7,1,1,1,0.7143,0.5,1.0,0.0,0.0,4,2,0,2,0.0,0.5,3,4,0,3123
2,7,1,1,1,0.8571,0.6,1.0,0.2,1.0,5,3,0,3,0.5,0.6,3,4,1,3124
3,2,3,1,1,1.0,0.6666666666666666,1.0,0.3333333333333333,1.0,6,4,0,4,0.5,0.6666666666666666,3,4,1,3125
1,2,3,0,0,0.1667,0.0,0.0,0.0,0.0,0,0,0,0,0.0,0.0,0,2,0,3126
1,1,0,1,0,0.3333,0.0,0.0,0.0,0.0,1,0,0,0,0.0,0.0,0,2,0,3127
1,1,0,1,0,0.5,0.5,1.0,0.0,0.0,2,1,0,1,0.0,0.5,0,2,0,3128
2,7,1,1,1,0.6667,0.6666666666666666,1.0,0.0,0.0,3,2,0,2,0.0,0.6666666666666666,0,2,0,3129
2,7,1,1,1,0.8333,0.75,1.0,0.25,1.0,4,3,0,3,0.5,0.75,0,2,1,3130
3,6,1,1,1,1.0,0.8,1.0,0.4,1.0,5,4,0,4,0.5,0.8,0,2,1,3131
1,0,0,0,0,0.1429,0.0,0.0,0.0,0.0,0,0,0,0,0.0,0.0,1,4,0,3132
1,1,0,0,0,0.2857,0.0,0.0,0.0,0.0,1,0,0,0,0.0,0.0,1,4,0,3133
1,1,0,1,0,0.4286,0.0,0.0,0.0,0.0,2,0,0,0,0.0,0.0,1,4,0,3134
1,1,0,1,0,0.5714,0.3333333333333333,1.0,0.0,0.0,3,1,0,1,0.0,0.3333333333333333,1,4,0,3135
2,7,1,1,1,0.7143,0.5,1.0,0.0,0.0,4,2,0,2,0.0,0.5,1,4,0,3136
2,7,1,1,1,0.8571,0.6,1.0,0.2,1.0,5,3,0,3,0.5,0.6,1,4,1,3137
3,2,3,1,1,1.0,0.6666666666666666,1.0,0.3333333333333333,1.0,6,4,0,4,0.5,0.6666666666666666,1,4,1,3138
1,2,3,0,0,0.1667,0.0,0.0,0.0,0.0,0,0,0,0,0.0,0.0,0,2,0,3139
1,1,0,1,0,0.3333,0.0,0.0,0.0,0.0,1,0,0,0,0.0,0.0,0,2,0,3140
1,1,0,1,0,0.5,0.5,1.0,0.0,0.0,2,1,0,1,0.0,0.5,0,2,0,3141
2,7,1,1,1,0.6667,0.6666666666666666,1.0,0.0,0.0,3,2,0,2,0.0,0.6666666666666666,0,2,0,3142
2,7,1,1,1,0.8333,0.75,1.0,0.25,1.0,4,3,0,3,0.5,0.75,0,2,1,3143
3,6,1,1,1,1.0,0.8,1.0,0.4,1.0,5,4,0,4,0.5,0.8,0,2,1,3144
1,2,3,0,0,0.1667,0.0,0.0,0.0,0.0,0,0,0,0,0.0,0.0,2,3,0,3145
1,1,0,1,0,0.3333,0.0,0.0,0.0,0.0,1,0,0,0,0.0,0.0,2,3,0,3146
1,1,0,1,0,0.5,0.5,1.0,0.0,0.0,2,1,0,1,0.0,0.5,2,3,0,3147
2,7,1,1,1,0.6667,0.6666666666666666,1.0,0.0,0.0,3,2,0,2,0.0,0.6666666666666666,2,3,0,3148
2,7,1,1,1,0.8333,0.75,1.0,0.25,1.0,4,3,0,3,0.5,0.75,2,3,1,3149
3,6,1,1,1,1.0,0.8,1.0,0.4,1.0,5,4,0,4,0.5,0.8,2,3,1,3150
1,1,0,1,0,0.2,0.0,0.0,0.0,0.0,0,0,0,0,0.0,0.0,2,3,0,3151
1,7,1,1,1,0.4,1.0,1.0,0.0,0.0,1,1,0,1,0.0,1.0,2,3,0,3152
2,1,0,1,1,0.6,1.0,1.0,0.5,1.0,2,2,0,2,0.5,1.0,2,3,1,3153
2,6,1,1,1,0.8,1.0,1.0,0.6666666666666666,1.0,3,3,0,3,0.5,1.0,2,3,1,3154
3,7,1,1,1,1.0,1.0,1.0,0.75,1.0,4,4,0,4,0.5,1.0,2,3,1,3155
1,0,0,0,0,0.1429,0.0,0.0,0.0,0.0,0,0,0,0,0.0,0.0,2,2,0,3156
1,1,0,0,0,0.2857,0.0,0.0,0.0,0.0,1,0,0,0,0.0,0.0,2,2,0,3157
1,1,0,1,0,0.4286,0.0,0.0,0.0,0.0,2,0,0,0,0.0,0.0,2,2,0,3158
1,1,0,1,0,0.5714,0.3333333333333333,1.0,0.0,0.0,3,1,0,1,0.0,0.3333333333333333,2,2,0,3159
2,7,1,1,1,0.7143,0.5,1.0,0.0,0.0,4,2,0,2,0.0,0.5,2,2,0,3160
2,7,1,1,1,0.8571,0.6,1.0,0.2,1.0,5,3,0,3,0.5,0.6,2,2,1,3161
3,2,3,1,1,1.0,0.6666666666666666,1.0,0.3333333333333333,1.0,6,4,0,4,0.5,0.6666666666666666,2,2,1,3162
1,0,0,0,0,0.1429,0.0,0.0,0.0,0.0,0,0,0,0,0.0,0.0,1,4,0,3163
1,1,0,0,0,0.2857,0.0,0.0,0.0,0.0,1,0,0,0,0.0,0.0,1,4,0,3164
1,1,0,1,0,0.4286,0.0,0.0,0.0,0.0,2,0,0,0,0.0,0.0,1,4,0,3165
1,1,0,1,0,0.5714,0.3333333333333333,1.0,0.0,0.0,3,1,0,1,0.0,0.3333333333333333,1,4,0,3166
2,7,1,1,1,0.7143,0.5,1.0,0.0,0.0,4,2,0,2,0.0,0.5,1,4,0,3167
2,7,1,1,1,0.8571,0.6,1.0,0.2,1.0,5,3,0,3,0.5,0.6,1,4,1,3168
3,2,3,1,1,1.0,0.6666666666666666,1.0,0.3333333333333333,1.0,6,4,0,4,0.5,0.6666666666666666,1,4,1,3169
1,1,0,1,0,0.2,0.0,0.0,0.0,0.0,0,0,0,0,0.0,0.0,3,2,0,3170
1,7,1,1,1,0.4,1.0,1.0,0.0,0.0,1,1,0,1,0.0,1.0,3,2,0,3171
2,1,0,1,1,0.6,1.0,1.0,0.5,1.0,2,2,0,2,0.5,1.0,3,2,1,3172
2,6,1,1,1,0.8,1.0,1.0,0.6666666666666666,1.0,3,3,0,3,0.5,1.0,3,2,1,3173
3,7,1,1,1,1.0,1.0,1.0,0.75,1.0,4,4,0,4,0.5,1.0,3,2,1,3174
1,0,0,0,0,0.1429,0.0,0.0,0.0,0.0,0,0,0,0,0.0,0.0,1,3,0,3175
1,1,0,0,0,0.2857,0.0,0.0,0.0,0.0,1,0,0,0,0.0,0.0,1,3,0,3176
1,1,0,1,0,0.4286,0.0,0.0,0.0,0.0,2,0,0,0,0.0,0.0,1,3,0,3177
1,1,0,1,0,0.5714,0.3333333333333333,1.0,0.0,0.0,3,1,0,1,0.0,0.3333333333333333,1,3,0,3178
2,7,1,1,1,0.7143,0.5,1.0,0.0,0.0,4,2,0,2,0.0,0.5,1,3,0,3179
2,7,1,1,1,0.8571,0.6,1.0,0.2,1.0,5,3,0,3,0.5,0.6,1,3,1,3180
3,2,3,1,1,1.0,0.6666666666666666,1.0,0.3333333333333333,1.0,6,4,0,4,0.5,0.6666666666666666,1,3,1,3181
1,1,0,1,0,0.2,0.0,0.0,0.0,0.0,0,0,0,0,0.0,0.0,3,2,0,3182
1,7,1,1,1,0.4,1.0,1.0,0.0,0.0,1,1,0,1,0.0,1.0,3,2,0,3183
2,1,0,1,1,0.6,1.0,1.0,0.5,1.0,2,2,0,2,0.5,1.0,3,2,1,3184
2,6,1,1,1,0.8,1.0,1.0,0.6666666666666666,1.0,3,3,0,3,0.5,1.0,3,2,1,3185
3,7,1,1,1,1.0,1.0,1.0,0.75,1.0,4,4,0,4,0.5,1.0,3,2,1,3186
1,1,0,1,0,0.2,0.0,0.0,0.0,0.0,0,0,0,0,0.0,0.0,0,4,0,3187
1,7,1,1,1,0.4,1.0,1.0,0.0,0.0,1,1,0,1,0.0,1.0,0,4,0,3188
2,1,0,1,1,0.6,1.0,1.0,0.5,1.0,2,2,0,2,0.5,1.0,0,4,1,3189
2,6,1,1,1,0.8,1.0,1.0,0.6666666666666666,1.0,3,3,0,3,0.5,1.0,0,4,1,3190
3,7,1,1,1,1.0,1.0,1.0,0.75,1.0,4,4,0,4,0.5,1.0,0,4,1,3191
1,2,3,0,0,0.1667,0.0,0.0,0.0,0.0,0,0,0,0,0.0,0.0,2,2,0,3192
1,1,0,1,0,0.3333,0.0,0.0,0.0,0.0,1,0,0,0,0.0,0.0,2,2,0,3193
1,1,0,1,0,0.5,0.5,1.0,0.0,0.0,2,1,0,1,0.0,0.5,2,2,0,3194
2,7,1,1,1,0.6667,0.6666666666666666,1.0,0.0,0.0,3,2,0,2,0.0,0.6666666666666666,2,2,0,3195
2,7,1,1,1,0.8333,0.75,1.0,0.25,1.0,4,3,0,3,0.5,0.75,2,2,1,3196
3,6,1,1,1,1.0,0.8,1.0,0.4,1.0,5,4,0,4,0.5,0.8,2,2,1,3197
1,2,3,0,0,0.1667,0.0,0.0,0.0,0.0,0,0,0,0,0.0,0.0,1,2,0,3198
1,1,0,1,0,0.3333,0.0,0.0,0.0,0.0,1,0,0,0,0.0,0.0,1,2,0,3199
1,1,0,1,0,0.5,0.5,1.0,0.0,0.0,2,1,0,1,0.0,0.5,1,2,0,3200
2,7,1,1,1,0.6667,0.6666666666666666,1.0,0.0,0.0,3,2,0,2,0.0,0.6666666666666666,1,2,0,3201
2,7,1,1,1,0.8333,0.75,1.0,0.25,1.0,4,3,0,3,0.5,0.75,1,2,1,3202
3,6,1,1,1,1.0,0.8,1.0,0.4,1.0,5,4,0,4,0.5,0.8,1,2,1,3203
1,2,3,0,0,0.1667,0.0,0.0,0.0,0.0,0,0,0,0,0.0,0.0,1,4,0,3204
1,1,0,1,0,0.3333,0.0,0.0,0.0,0.0,1,0,0,0,0.0,0.0,1,4,0,3205
1,1,0,1,0,0.5,0.5,1.0,0.0,0.0,2,1,0,1,0.0,0.5,1,4,0,3206
2,7,1,1,1,0.6667,0.6666666666666666,1.0,0.0,0.0,3,2,0,2,0.0,0.6666666666666666,1,4,0,3207
2,7,1,1,1,0.8333,0.75,1.0,0.25,1.0,4,3,0,3,0.5,0.75,1,4,1,3208
3,6,1,1,1,1.0,0.8,1.0,0.4,1.0,5,4,0,4,0.5,0.8,1,4,1,3209
1,1,0,1,0,0.2,0.0,0.0,0.0,0.0,0,0,0,0,0.0,0.0,3,4,0,3210
1,7,1,1,1,0.4,1.0,1.0,0.0,0.0,1,1,0,1,0.0,1.0,3,4,0,3211
2,1,0,1,1,0.6,1.0,1.0,0.5,1.0,2,2,0,2,0.5,1.0,3,4,1,3212
2,6,1,1,1,0.8,1.0,1.0,0.6666666666666666,1.0,3,3,0,3,0.5,1.0,3,4,1,3213
3,7,1,1,1,1.0,1.0,1.0,0.75,1.0,4,4,0,4,0.5,1.0,3,4,1,3214
1,0,0,0,0,0.1429,0.0,0.0,0.0,0.0,0,0,0,0,0.0,0.0,2,2,0,3215
1,1,0,0,0,0.2857,0.0,0.0,0.0,0.0,1,0,0,0,0.0,0.0,2,2,0,3216
1,1,0,1,0,0.4286,0.0,0.0,0.0,0.0,2,0,0,0,0.0,0.0,2,2,0,3217
1,1,0,1,0,0.5714,0.3333333333333333,1.0,0.0,0.0,3,1,0,1,0.0,0.3333333333333333,2,2,0,3218
2,7,1,1,1,0.7143,0.5,1.0,0.0,0.0,4,2,0,2,0.0,0.5,2,2,0,3219
2,7,1,1,1,0.8571,0.6,1.0,0.2,1.0,5,3,0,3,0.5,0.6,2,2,1,3220
3,2,3,1,1,1.0,0.6666666666666666,1.0,0.3333333333333333,1.0,6,4,0,4,0.5,0.6666666666666666,2,2,1,3221
1,2,3,0,0,0.1667,0.0,0.0,0.0,0.0,0,0,0,0,0.0,0.0,1,4,0,3222
1,1,0,1,0,0.3333,0.0,0.0,0.0,0.0,1,0,0,0,0.0,0.0,1,4,0,3223
1,1,0,1,0,0.5,0.5,1.0,0.0,0.0,2,1,0,1,0.0,0.5,1,4,0,3224
2,7,1,1,1,0.6667,0.6666666666666666,1.0,0.0,0.0,3,2,0,2,0.0,0.6666666666666666,1,4,0,3225
2,7,1,1,1,0.8333,0.75,1.0,0.25,1.0,4,3,0,3,0.5,0.75,1,4,1,3226
3,6,1,1,1,1.0,0.8,1.0,0.4,1.0,5,4,0,4,0.5,0.8,1,4,1,3227
1,0,0,0,0,0.1429,0.0,0.0,0.0,0.0,0,0,0,0,0.0,0.0,1,4,0,3228
1,1,0,0,0,0.2857,0.0,0.0,0.0,0.0,1,0,0,0,0.0,0.0,1,4,0,3229
1,1,0,1,0,0.4286,0.0,0.0,0.0,0.0,2,0,0,0,0.0,0.0,1,4,0,3230
1,1,0,1,0,0.5714,0.3333333333333333,1.0,0.0,0.0,3,1,0,1,0.0,0.3333333333333333,1,4,0,3231
2,7,1,1,1,0.7143,0.5,1.0,0.0,0.0,4,2,0,2,0.0,0.5,1,4,0,3232
2,7,1,1,1,0.8571,0.6,1.0,0.2,1.0,5,3,0,3,0.5,0.6,1,4,1,3233
3,2,3,1,1,1.0,0.6666666666666666,1.0,0.3333333333333333,1.0,6,4,0,4,0.5,0.6666666666666666,1,4,1,3234
1,2,3,0,0,0.1667,0.0,0.0,0.0,0.0,0,0,0,0,0.0,0.0,2,4,0,3235
1,1,0,1,0,0.3333,0.0,0.0,0.0,0.0,1,0,0,0,0.0,0.0,2,4,0,3236
1,1,0,1,0,0.5,0.5,1.0,0.0,0.0,2,1,0,1,0.0,0.5,2,4,0,3237
2,7,1,1,1,0.6667,0.6666666666666666,1.0,0.0,0.0,3,2,0,2,0.0,0.6666666666666666,2,4,0,3238
2,7,1,1,1,0.8333,0.75,1.0,0.25,1.0,4,3,0,3,0.5,0.75,2,4,1,3239
3,6,1,1,1,1.0,0.8,1.0,0.4,1.0,5,4,0,4,0.5,0.8,2,4,1,3240
1,0,0,0,0,0.1429,0.0,0.0,0.0,0.0,0,0,0,0,0.0,0.0,2,3,0,3241
1,1,0,0,0,0.2857,0.0,0.0,0.0,0.0,1,0,0,0,0.0,0.0,2,3,0,3242
1,1,0,1,0,0.4286,0.0,0.0,0.0,0.0,2,0,0,0,0.0,0.0,2,3,0,3243
1,1,0,1,0,0.5714,0.3333333333333333,1.0,0.0,0.0,3,1,0,1,0.0,0.3333333333333333,2,3,0,3244
2,7,1,1,1,0.7143,0.5,1.0,0.0,0.0,4,2,0,2,0.0,0.5,2,3,0,3245
2,7,1,1,1,0.8571,0.6,1.0,0.2,1.0,5,3,0,3,0.5,0.6,2,3,1,3246
3,2,3,1,1,1.0,0.6666666666666666,1.0,0.3333333333333333,1.0,6,4,0,4,0.5,0.6666666666666666,2,3,1,3247
1,1,0,1,0,0.2,0.0,0.0,0.0,0.0,0,0,0,0,0.0,0.0,2,3,0,3248
1,7,1,1,1,0.4,1.0,1.0,0.0,0.0,1,1,0,1,0.0,1.0,2,3,0,3249
2,1,0,1,1,0.6,1.0,1.0,0.5,1.0,2,2,0,2,0.5,1.0,2,3,1,3250
2,6,1,1,1,0.8,1.0,1.0,0.6666666666666666,1.0,3,3,0,3,0.5,1.0,2,3,1,3251
3,7,1,1,1,1.0,1.0,1.0,0.75,1.0,4,4,0,4,0.5,1.0,2,3,1,3252
1,1,0,1,0,0.2,0.0,0.0,0.0,0.0,0,0,0,0,0.0,0.0,0,2,0,3253
1,7,1,1,1,0.4,1.0,1.0,0.0,0.0,1,1,0,1,0.0,1.0,0,2,0,3254
2,1,0,1,1,0.6,1.0,1.0,0.5,1.0,2,2,0,2,0.5,1.0,0,2,1,3255
2,6,1,1,1,0.8,1.0,1.0,0.6666666666666666,1.0,3,3,0,3,0.5,1.0,0,2,1,3256
3,7,1,1,1,1.0,1.0,1.0,0.75,1.0,4,4,0,4,0.5,1.0,0,2,1,3257
1,2,3,0,0,0.1667,0.0,0.0,0.0,0.0,0,0,0,0,0.0,0.0,0,3,0,3258
1,1,0,1,0,0.3333,0.0,0.0,0.0,0.0,1,0,0,0,0.0,0.0,0,3,0,3259
1,1,0,1,0,0.5,0.5,1.0,0.0,0.0,2,1,0,1,0.0,0.5,0,3,0,3260
2,7,1,1,1,0.6667,0.6666666666666666,1.0,0.0,0.0,3,2,0,2,0.0,0.6666666666666666,0,3,0,3261
2,7,1,1,1,0.8333,0.75,1.0,0.25,1.0,4,3,0,3,0.5,0.75,0,3,1,3262
3,6,1,1,1,1.0,0.8,1.0,0.4,1.0,5,4,0,4,0.5,0.8,0,3,1,3263
1,1,0,1,0,0.2,0.0,0.0,0.0,0.0,0,0,0,0,0.0,0.0,3,4,0,3264
1,7,1,1,1,0.4,1.0,1.0,0.0,0.0,1,1,0,1,0.0,1.0,3,4,0,3265
2,1,0,1,1,0.6,1.0,1.0,0.5,1.0,2,2,0,2,0.5,1.0,3,4,1,3266
2,6,1,1,1,0.8,1.0,1.0,0.6666666666666666,1.0,3,3,0,3,0.5,1.0,3,4,1,3267
3,7,1,1,1,1.0,1.0,1.0,0.75,1.0,4,4,0,4,0.5,1.0,3,4,1,3268
1,0,0,0,0,0.1429,0.0,0.0,0.0,0.0,0,0,0,0,0.0,0.0,2,3,0,3269
1,1,0,0,0,0.2857,0.0,0.0,0.0,0.0,1,0,0,0,0.0,0.0,2,3,0,3270
1,1,0,1,0,0.4286,0.0,0.0,0.0,0.0,2,0,0,0,0.0,0.0,2,3,0,3271
1,1,0,1,0,0.5714,0.3333333333333333,1.0,0.0,0.0,3,1,0,1,0.0,0.3333333333333333,2,3,0,3272
2,7,1,1,1,0.7143,0.5,1.0,0.0,0.0,4,2,0,2,0.0,0.5,2,3,0,3273
2,7,1,1,1,0.8571,0.6,1.0,0.2,1.0,5,3,0,3,0.5,0.6,2,3,1,3274
3,2,3,1,1,1.0,0.6666666666666666,1.0,0.3333333333333333,1.0,6,4,0,4,0.5,0.6666666666666666,2,3,1,3275
1,0,0,0,0,0.1429,0.0,0.0,0.0,0.0,0,0,0,0,0.0,0.0,0,4,0,3276
1,1,0,0,0,0.2857,0.0,0.0,0.0,0.0,1,0,0,0,0.0,0.0,0,4,0,3277
1,1,0,1,0,0.4286,0.0,0.0,0.0,0.0,2,0,0,0,0.0,0.0,0,4,0,3278
1,1,0,1,0,0.5714,0.3333333333333333,1.0,0.0,0.0,3,1,0,1,0.0,0.3333333333333333,0,4,0,3279
2,7,1,1,1,0.7143,0.5,1.0,0.0,0.0,4,2,0,2,0.0,0.5,0,4,0,3280
2,7,1,1,1,0.8571,0.6,1.0,0.2,1.0,5,3,0,3,0.5,0.6,0,4,1,3281
3,2,3,1,1,1.0,0.6666666666666666,1.0,0.3333333333333333,1.0,6,4,0,4,0.5,0.6666666666666666,0,4,1,3282
1,0,0,0,0,0.1429,0.0,0.0,0.0,0.0,0,0,0,0,0.0,0.0,3,2,0,3283
1,1,0,0,0,0.2857,0.0,0.0,0.0,0.0,1,0,0,0,0.0,0.0,3,2,0,3284
1,1,0,1,0,0.4286,0.0,0.0,0.0,0.0,2,0,0,0,0.0,0.0,3,2,0,3285
1,1,0,1,0,0.5714,0.3333333333333333,1.0,0.0,0.0,3,1,0,1,0.0,0.3333333333333333,3,2,0,3286
2,7,1,1,1,0.7143,0.5,1.0,0.0,0.0,4,2,0,2,0.0,0.5,3,2,0,3287
2,7,1,1,1,0.8571,0.6,1.0,0.2,1.0,5,3,0,3,0.5,0.6,3,2,1,3288
3,2,3,1,1,1.0,0.6666666666666666,1.0,0.3333333333333333,1.0,6,4,0,4,0.5,0.6666666666666666,3,2,1,3289
1,0,0,0,0,0.1429,0.0,0.0,0.0,0.0,0,0,0,0,0.0,0.0,3,4,0,3290
1,1,0,0,0,0.2857,0.0,0.0,0.0,0.0,1,0,0,0,0.0,0.0,3,4,0,3291
1,1,0,1,0,0.4286,0.0,0.0,0.0,0.0,2,0,0,0,0.0,0.0,3,4,0,3292
1,1,0,1,0,0.5714,0.3333333333333333,1.0,0.0,0.0,3,1,0,1,0.0,0.3333333333333333,3,4,0,3293
2,7,1,1,1,0.7143,0.5,1.0,0.0,0.0,4,2,0,2,0.0,0.5,3,4,0,3294
2,7,1,1,1,0.8571,0.6,1.0,0.2,1.0,5,3,0,3,0.5,0.6,3,4,1,3295
3,2,3,1,1,1.0,0.6666666666666666,1.0,0.3333333333333333,1.0,6,4,0,4,0.5,0.6666666666666666,3,4,1,3296
1,2,3,0,0,0.1667,0.0,0.0,0.0,0.0,0,0,0,0,0.0,0.0,0,3,0,3297
1,1,0,1,0,0.3333,0.0,0.0,0.0,0.0,1,0,0,0,0.0,0.0,0,3,0,3298
1,1,0,1,0,0.5,0.5,1.0,0.0,0.0,2,1,0,1,0.0,0.5,0,3,0,3299
2,7,1,1,1,0.6667,0.6666666666666666,1.0,0.0,0.0,3,2,0,2,0.0,0.6666666666666666,0,3,0,3300
2,7,1,1,1,0.8333,0.75,1.0,0.25,1.0,4,3,0,3,0.5,0.75,0,3,1,3301
3,6,1,1,1,1.0,0.8,1.0,0.4,1.0,5,4,0,4,0.5,0.8,0,3,1,3302
1,0,0,0,0,0.1429,0.0,0.0,0.0,0.0,0,0,0,0,0.0,0.0,0,2,0,3303
1,1,0,0,0,0.2857,0.0,0.0,0.0,0.0,1,0,0,0,0.0,0.0,0,2,0,3304
1,1,0,1,0,0.4286,0.0,0.0,0.0,0.0,2,0,0,0,0.0,0.0,0,2,0,3305
1,1,0,1,0,0.5714,0.3333333333333333,1.0,0.0,0.0,3,1,0,1,0.0,0.3333333333333333,0,2,0,3306
2,7,1,1,1,0.7143,0.5,1.0,0.0,0.0,4,2,0,2,0.0,0.5,0,2,0,3307
2,7,1,1,1,0.8571,0.6,1.0,0.2,1.0,5,3,0,3,0.5,0.6,0,2,1,3308
3,2,3,1,1,1.0,0.6666666666666666,1.0,0.3333333333333333,1.0,6,4,0,4,0.5,0.6666666666666666,0,2,1,3309
1,0,0,0,0,0.1429,0.0,0.0,0.0,0.0,0,0,0,0,0.0,0.0,1,3,0,3310
1,1,0,0,0,0.2857,0.0,0.0,0.0,0.0,1,0,0,0,0.0,0.0,1,3,0,3311
1,1,0,1,0,0.4286,0.0,0.0,0.0,0.0,2,0,0,0,0.0,0.0,1,3,0,3312
1,1,0,1,0,0.5714,0.3333333333333333,1.0,0.0,0.0,3,1,0,1,0.0,0.3333333333333333,1,3,0,3313
2,7,1,1,1,0.7143,0.5,1.0,0.0,0.0,4,2,0,2,0.0,0.5,1,3,0,3314
2,7,1,1,1,0.8571,0.6,1.0,0.2,1.0,5,3,0,3,0.5,0.6,1,3,1,3315
3,2,3,1,1,1.0,0.6666666666666666,1.0,0.3333333333333333,1.0,6,4,0,4,0.5,0.6666666666666666,1,3,1,3316
1,0,0,0,0,0.1429,0.0,0.0,0.0,0.0,0,0,0,0,0.0,0.0,3,4,0,3317
1,1,0,0,0,0.2857,0.0,0.0,0.0,0.0,1,0,0,0,0.0,0.0,3,4,0,3318
1,1,0,1,0,0.4286,0.0,0.0,0.0,0.0,2,0,0,0,0.0,0.0,3,4,0,3319
1,1,0,1,0,0.5714,0.3333333333333333,1.0,0.0,0.0,3,1,0,1,0.0,0.3333333333333333,3,4,0,3320
2,7,1,1,1,0.7143,0.5,1.0,0.0,0.0,4,2,0,2,0.0,0.5,3,4,0,3321
2,7,1,1,1,0.8571,0.6,1.0,0.2,1.0,5,3,0,3,0.5,0.6,3,4,1,3322
3,2,3,1,1,1.0,0.6666666666666666,1.0,0.3333333333333333,1.0,6,4,0,4,0.5,0.6666666666666666,3,4,1,3323
1,1,0,1,0,0.2,0.0,0.0,0.0,0.0,0,0,0,0,0.0,0.0,1,2,0,3324
1,7,1,1,1,0.4,1.0,1.0,0.0,0.0,1,1,0,1,0.0,1.0,1,2,0,3325
2,1,0,1,1,0.6,1.0,1.0,0.5,1.0,2,2,0,2,0.5,1.0,1,2,1,3326
2,6,1,1,1,0.8,1.0,1.0,0.6666666666666666,1.0,3,3,0,3,0.5,1.0,1,2,1,3327
3,7,1,1,1,1.0,1.0,1.0,0.75,1.0,4,4,0,4,0.5,1.0,1,2,1,3328
1,0,0,0,0,0.1429,0.0,0.0,0.0,0.0,0,0,0,0,0.0,0.0,0,4,0,3329
1,1,0,0,0,0.2857,0.0,0.0,0.0,0.0,1,0,0,0,0.0,0.0,0,4,0,3330
1,1,0,1,0,0.4286,0.0,0.0,0.0,0.0,2,0,0,0,0.0,0.0,0,4,0,3331
1,1,0,1,0,0.5714,0.3333333333333333,1.0,0.0,0.0,3,1,0,1,0.0,0.3333333333333333,0,4,0,3332
2,7,1,1,1,0.7143,0.5,1.0,0.0,0.0,4,2,0,2,0.0,0.5,0,4,0,3333
2,7,1,1,1,0.8571,0.6,1.0,0.2,1.0,5,3,0,3,0.5,0.6,0,4,1,3334
3,2,3,1,1,1.0,0.6666666666666666,1.0,0.3333333333333333,1.0,6,4,0,4,0.5,0.6666666666666666,0,4,1,3335
1,0,0,0,0,0.1429,0.0,0.0,0.0,0.0,0,0,0,0,0.0,0.0,0,4,0,3336
1,1,0,0,0,0.2857,0.0,0.0,0.0,0.0,1,0,0,0,0.0,0.0,0,4,0,3337
1,1,0,1,0,0.4286,0.0,0.0,0.0,0.0,2,0,0,0,0.0,0.0,0,4,0,3338
1,1,0,1,0,0.5714,0.3333333333333333,1.0,0.0,0.0,3,1,0,1,0.0,0.3333333333333333,0,4,0,3339
2,7,1,1,1,0.7143,0.5,1.0,0.0,0.0,4,2,0,2,0.0,0.5,0,4,0,3340
2,7,1,1,1,0.8571,0.6,1.0,0.2,1.0,5,3,0,3,0.5,0.6,0,4,1,3341
3,2,3,1,1,1.0,0.6666666666666666,1.0,0.3333333333333333,1.0,6,4,0,4,0.5,0.6666666666666666,0,4,1,3342
1,0,0,0,0,0.1429,0.0,0.0,0.0,0.0,0,0,0,0,0.0,0.0,2,4,0,3343
1,1,0,0,0,0.2857,0.0,0.0,0.0,0.0,1,0,0,0,0.0,0.0,2,4,0,3344
1,1,0,1,0,0.4286,0.0,0.0,0.0,0.0,2,0,0,0,0.0,0.0,2,4,0,3345
1,1,0,1,0,0.5714,0.3333333333333333,1.0,0.0,0.0,3,1,0,1,0.0,0.3333333333333333,2,4,0,3346
2,7,1,1,1,0.7143,0.5,1.0,0.0,0.0,4,2,0,2,0.0,0.5,2,4,0,3347
2,7,1,1,1,0.8571,0.6,1.0,0.2,1.0,5,3,0,3,0.5,0.6,2,4,1,3348
3,2,3,1,1,1.0,0.6666666666666666,1.0,0.3333333333333333,1.0,6,4,0,4,0.5,0.6666666666666666,2,4,1,3349
1,1,0,1,0,0.2,0.0,0.0,0.0,0.0,0,0,0,0,0.0,0.0,3,4,0,3350
1,7,1,1,1,0.4,1.0,1.0,0.0,0.0,1,1,0,1,0.0,1.0,3,4,0,3351
2,1,0,1,1,0.6,1.0,1.0,0.5,1.0,2,2,0,2,0.5,1.0,3,4,1,3352
2,6,1,1,1,0.8,1.0,1.0,0.6666666666666666,1.0,3,3,0,3,0.5,1.0,3,4,1,3353
3,7,1,1,1,1.0,1.0,1.0,0.75,1.0,4,4,0,4,0.5,1.0,3,4,1,3354
1,0,0,0,0,0.1429,0.0,0.0,0.0,0.0,0,0,0,0,0.0,0.0,0,2,0,3355
1,1,0,0,0,0.2857,0.0,0.0,0.0,0.0,1,0,0,0,0.0,0.0,0,2,0,3356
1,1,0,1,0,0.4286,0.0,0.0,0.0,0.0,2,0,0,0,0.0,0.0,0,2,0,3357
1,1,0,1,0,0.5714,0.3333333333333333,1.0,0.0,0.0,3,1,0,1,0.0,0.3333333333333333,0,2,0,3358
2,7,1,1,1,0.7143,0.5,1.0,0.0,0.0,4,2,0,2,0.0,0.5,0,2,0,3359
2,7,1,1,1,0.8571,0.6,1.0,0.2,1.0,5,3,0,3,0.5,0.6,0,2,1,3360
3,2,3,1,1,1.0,0.6666666666666666,1.0,0.3333333333333333,1.0,6,4,0,4,0.5,0.6666666666666666,0,2,1,3361
1,2,3,0,0,0.1667,0.0,0.0,0.0,0.0,0,0,0,0,0.0,0.0,1,3,0,3362
1,1,0,1,0,0.3333,0.0,0.0,0.0,0.0,1,0,0,0,0.0,0.0,1,3,0,3363
1,1,0,1,0,0.5,0.5,1.0,0.0,0.0,2,1,0,1,0.0,0.5,1,3,0,3364
2,7,1,1,1,0.6667,0.6666666666666666,1.0,0.0,0.0,3,2,0,2,0.0,0.6666666666666666,1,3,0,3365
2,7,1,1,1,0.8333,0.75,1.0,0.25,1.0,4,3,0,3,0.5,0.75,1,3,1,3366
3,6,1,1,1,1.0,0.8,1.0,0.4,1.0,5,4,0,4,0.5,0.8,1,3,1,3367
1,1,0,1,0,0.2,0.0,0.0,0.0,0.0,0,0,0,0,0.0,0.0,1,2,0,3368
1,7,1,1,1,0.4,1.0,1.0,0.0,0.0,1,1,0,1,0.0,1.0,1,2,0,3369
2,1,0,1,1,0.6,1.0,1.0,0.5,1.0,2,2,0,2,0.5,1.0,1,2,1,3370
2,6,1,1,1,0.8,1.0,1.0,0.6666666666666666,1.0,3,3,0,3,0.5,1.0,1,2,1,3371
3,7,1,1,1,1.0,1.0,1.0,0.75,1.0,4,4,0,4,0.5,1.0,1,2,1,3372
1,1,0,1,0,0.2,0.0,0.0,0.0,0.0,0,0,0,0,0.0,0.0,3,2,0,3373
1,7,1,1,1,0.4,1.0,1.0,0.0,0.0,1,1,0,1,0.0,1.0,3,2,0,3374
2,1,0,1,1,0.6,1.0,1.0,0.5,1.0,2,2,0,2,0.5,1.0,3,2,1,3375
2,6,1,1,1,0.8,1.0,1.0,0.6666666666666666,1.0,3,3,0,3,0.5,1.0,3,2,1,3376
3,7,1,1,1,1.0,1.0,1.0,0.75,1.0,4,4,0,4,0.5,1.0,3,2,1,3377
1,2,3,0,0,0.1667,0.0,0.0,0.0,0.0,0,0,0,0,0.0,0.0,0,4,0,3378
1,1,0,1,0,0.3333,0.0,0.0,0.0,0.0,1,0,0,0,0.0,0.0,0,4,0,3379
1,1,0,1,0,0.5,0.5,1.0,0.0,0.0,2,1,0,1,0.0,0.5,0,4,0,3380
2,7,1,1,1,0.6667,0.6666666666666666,1.0,0.0,0.0,3,2,0,2,0.0,0.6666666666666666,0,4,0,3381
2,7,1,1,1,0.8333,0.75,1.0,0.25,1.0,4,3,0,3,0.5,0.75,0,4,1,3382
3,6,1,1,1,1.0,0.8,1.0,0.4,1.0,5,4,0,4,0.5,0.8,0,4,1,3383
1,0,0,0,0,0.1429,0.0,0.0,0.0,0.0,0,0,0,0,0.0,0.0,3,3,0,3384
1,1,0,0,0,0.2857,0.0,0.0,0.0,0.0,1,0,0,0,0.0,0.0,3,3,0,3385
1,1,0,1,0,0.4286,0.0,0.0,0.0,0.0,2,0,0,0,0.0,0.0,3,3,0,3386
1,1,0,1,0,0.5714,0.3333333333333333,1.0,0.0,0.0,3,1,0,1,0.0,0.3333333333333333,3,3,0,3387
2,7,1,1,1,0.7143,0.5,1.0,0.0,0.0,4,2,0,2,0.0,0.5,3,3,0,3388
2,7,1,1,1,0.8571,0.6,1.0,0.2,1.0,5,3,0,3,0.5,0.6,3,3,1,3389
3,2,3,1,1,1.0,0.6666666666666666,1.0,0.3333333333333333,1.0,6,4,0,4,0.5,0.6666666666666666,3,3,1,3390
1,1,0,1,0,0.2,0.0,0.0,0.0,0.0,0,0,0,0,0.0,0.0,3,2,0,3391
1,7,1,1,1,0.4,1.0,1.0,0.0,0.0,1,1,0,1,0.0,1.0,3,2,0,3392
2,1,0,1,1,0.6,1.0,1.0,0.5,1.0,2,2,0,2,0.5,1.0,3,2,1,3393
2,6,1,1,1,0.8,1.0,1.0,0.6666666666666666,1.0,3,3,0,3,0.5,1.0,3,2,1,3394
3,7,1,1,1,1.0,1.0,1.0,0.75,1.0,4,4,0,4,0.5,1.0,3,2,1,3395
1,1,0,1,0,0.2,0.0,0.0,0.0,0.0,0,0,0,0,0.0,0.0,2,2,0,3396
1,7,1,1,1,0.4,1.0,1.0,0.0,0.0,1,1,0,1,0.0,1.0,2,2,0,3397
2,1,0,1,1,0.6,1.0,1.0,0.5,1.0,2,2,0,2,0.5,1.0,2,2,1,3398
2,6,1,1,1,0.8,1.0,1.0,0.6666666666666666,1.0,3,3,0,3,0.5,1.0,2,2,1,3399
3,7,1,1,1,1.0,1.0,1.0,0.75,1.0,4,4,0,4,0.5,1.0,2,2,1,3400
1,1,0,1,0,0.2,0.0,0.0,0.0,0.0,0,0,0,0,0.0,0.0,1,4,0,3401
1,7,1,1,1,0.4,1.0,1.0,0.0,0.0,1,1,0,1,0.0,1.0,1,4,0,3402
2,1,0,1,1,0.6,1.0,1.0,0.5,1.0,2,2,0,2,0.5,1.0,1,4,1,3403
2,6,1,1,1,0.8,1.0,1.0,0.6666666666666666,1.0,3,3,0,3,0.5,1.0,1,4,1,3404
3,7,1,1,1,1.0,1.0,1.0,0.75,1.0,4,4,0,4,0.5,1.0,1,4,1,3405
1,0,0,0,0,0.1429,0.0,0.0,0.0,0.0,0,0,0,0,0.0,0.0,1,3,0,3406
1,1,0,0,0,0.2857,0.0,0.0,0.0,0.0,1,0,0,0,0.0,0.0,1,3,0,3407
1,1,0,1,0,0.4286,0.0,0.0,0.0,0.0,2,0,0,0,0.0,0.0,1,3,0,3408
1,1,0,1,0,0.5714,0.3333333333333333,1.0,0.0,0.0,3,1,0,1,0.0,0.3333333333333333,1,3,0,3409
2,7,1,1,1,0.7143,0.5,1.0,0.0,0.0,4,2,0,2,0.0,0.5,1,3,0,3410
2,7,1,1,1,0.8571,0.6,1.0,0.2,1.0,5,3,0,3,0.5,0.6,1,3,1,3411
3,2,3,1,1,1.0,0.6666666666666666,1.0,0.3333333333333333,1.0,6,4,0,4,0.5,0.6666666666666666,1,3,1,3412
1,2,3,0,0,0.1667,0.0,0.0,0.0,0.0,0,0,0,0,0.0,0.0,0,4,0,3413
1,1,0,1,0,0.3333,0.0,0.0,0.0,0.0,1,0,0,0,0.0,0.0,0,4,0,3414
1,1,0,1,0,0.5,0.5,1.0,0.0,0.0,2,1,0,1,0.0,0.5,0,4,0,3415
2,7,1,1,1,0.6667,0.6666666666666666,1.0,0.0,0.0,3,2,0,2,0.0,0.6666666666666666,0,4,0,3416
2,7,1,1,1,0.8333,0.75,1.0,0.25,1.0,4,3,0,3,0.5,0.75,0,4,1,3417
3,6,1,1,1,1.0,0.8,1.0,0.4,1.0,5,4,0,4,0.5,0.8,0,4,1,3418
1,2,3,0,0,0.1667,0.0,0.0,0.0,0.0,0,0,0,0,0.0,0.0,0,4,0,3419
1,1,0,1,0,0.3333,0.0,0.0,0.0,0.0,1,0,0,0,0.0,0.0,0,4,0,3420
1,1,0,1,0,0.5,0.5,1.0,0.0,0.0,2,1,0,1,0.0,0.5,0,4,0,3421
2,7,1,1,1,0.6667,0.6666666666666666,1.0,0.0,0.0,3,2,0,2,0.0,0.6666666666666666,0,4,0,3422
2,7,1,1,1,0.8333,0.75,1.0,0.25,1.0,4,3,0,3,0.5,0.75,0,4,1,3423
3,6,1,1,1,1.0,0.8,1.0,0.4,1.0,5,4,0,4,0.5,0.8,0,4,1,3424
1,2,3,0,0,0.1667,0.0,0.0,0.0,0.0,0,0,0,0,0.0,0.0,2,2,0,3425
1,1,0,1,0,0.3333,0.0,0.0,0.0,0.0,1,0,0,0,0.0,0.0,2,2,0,3426
1,1,0,1,0,0.5,0.5,1.0,0.0,0.0,2,1,0,1,0.0,0.5,2,2,0,3427
2,7,1,1,1,0.6667,0.6666666666666666,1.0,0.0,0.0,3,2,0,2,0.0,0.6666666666666666,2,2,0,3428
2,7,1,1,1,0.8333,0.75,1.0,0.25,1.0,4,3,0,3,0.5,0.75,2,2,1,3429
3,6,1,1,1,1.0,0.8,1.0,0.4,1.0,5,4,0,4,0.5,0.8,2,2,1,3430
1,1,0,1,0,0.2,0.0,0.0,0.0,0.0,0,0,0,0,0.0,0.0,1,3,0,3431
1,7,1,1,1,0.4,1.0,1.0,0.0,0.0,1,1,0,1,0.0,1.0,1,3,0,3432
2,1,0,1,1,0.6,1.0,1.0,0.5,1.0,2,2,0,2,0.5,1.0,1,3,1,3433
2,6,1,1,1,0.8,1.0,1.0,0.6666666666666666,1.0,3,3,0,3,0.5,1.0,1,3,1,3434
3,7,1,1,1,1.0,1.0,1.0,0.75,1.0,4,4,0,4,0.5,1.0,1,3,1,3435
1,1,0,1,0,0.2,0.0,0.0,0.0,0.0,0,0,0,0,0.0,0.0,1,4,0,3436
1,7,1,1,1,0.4,1.0,1.0,0.0,0.0,1,1,0,1,0.0,1.0,1,4,0,3437
2,1,0,1,1,0.6,1.0,1.0,0.5,1.0,2,2,0,2,0.5,1.0,1,4,1,3438
2,6,1,1,1,0.8,1.0,1.0,0.6666666666666666,1.0,3,3,0,3,0.5,1.0,1,4,1,3439
3,7,1,1,1,1.0,1.0,1.0,0.75,1.0,4,4,0,4,0.5,1.0,1,4,1,3440
1,2,3,0,0,0.1667,0.0,0.0,0.0,0.0,0,0,0,0,0.0,0.0,2,2,0,3441
1,1,0,1,0,0.3333,0.0,0.0,0.0,0.0,1,0,0,0,0.0,0.0,2,2,0,3442
1,1,0,1,0,0.5,0.5,1.0,0.0,0.0,2,1,0,1,0.0,0.5,2,2,0,3443
2,7,1,1,1,0.6667,0.6666666666666666,1.0,0.0,0.0,3,2,0,2,0.0,0.6666666666666666,2,2,0,3444
2,7,1,1,1,0.8333,0.75,1.0,0.25,1.0,4,3,0,3,0.5,0.75,2,2,1,3445
3,6,1,1,1,1.0,0.8,1.0,0.4,1.0,5,4,0,4,0.5,0.8,2,2,1,3446
1,1,0,1,0,0.2,0.0,0.0,0.0,0.0,0,0,0,0,0.0,0.0,2,2,0,3447
1,7,1,1,1,0.4,1.0,1.0,0.0,0.0,1,1,0,1,0.0,1.0,2,2,0,3448
2,1,0,1,1,0.6,1.0,1.0,0.5,1.0,2,2,0,2,0.5,1.0,2,2,1,3449
2,6,1,1,1,0.8,1.0,1.0,0.6666666666666666,1.0,3,3,0,3,0.5,1.0,2,2,1,3450
3,7,1,1,1,1.0,1.0,1.0,0.75,1.0,4,4,0,4,0.5,1.0,2,2,1,3451
1,0,0,0,0,0.1429,0.0,0.0,0.0,0.0,0,0,0,0,0.0,0.0,3,3,0,3452
1,1,0,0,0,0.2857,0.0,0.0,0.0,0.0,1,0,0,0,0.0,0.0,3,3,0,3453
1,1,0,1,0,0.4286,0.0,0.0,0.0,0.0,2,0,0,0,0.0,0.0,3,3,0,3454
1,1,0,1,0,0.5714,0.3333333333333333,1.0,0.0,0.0,3,1,0,1,0.0,0.3333333333333333,3,3,0,3455
2,7,1,1,1,0.7143,0.5,1.0,0.0,0.0,4,2,0,2,0.0,0.5,3,3,0,3456
2,7,1,1,1,0.8571,0.6,1.0,0.2,1.0,5,3,0,3,0.5,0.6,3,3,1,3457
3,2,3,1,1,1.0,0.6666666666666666,1.0,0.3333333333333333,1.0,6,4,0,4,0.5,0.6666666666666666,3,3,1,3458
1,2,3,0,0,0.1667,0.0,0.0,0.0,0.0,0,0,0,0,0.0,0.0,3,3,0,3459
1,1,0,1,0,0.3333,0.0,0.0,0.0,0.0,1,0,0,0,0.0,0.0,3,3,0,3460
1,1,0,1,0,0.5,0.5,1.0,0.0,0.0,2,1,0,1,0.0,0.5,3,3,0,3461
2,7,1,1,1,0.6667,0.6666666666666666,1.0,0.0,0.0,3,2,0,2,0.0,0.6666666666666666,3,3,0,3462
2,7,1,1,1,0.8333,0.75,1.0,0.25,1.0,4,3,0,3,0.5,0.75,3,3,1,3463
3,6,1,1,1,1.0,0.8,1.0,0.4,1.0,5,4,0,4,0.5,0.8,3,3,1,3464
1,2,3,0,0,0.1667,0.0,0.0,0.0,0.0,0,0,0,0,0.0,0.0,2,2,0,3465
1,1,0,1,0,0.3333,0.0,0.0,0.0,0.0,1,0,0,0,0.0,0.0,2,2,0,3466
1,1,0,1,0,0.5,0.5,1.0,0.0,0.0,2,1,0,1,0.0,0.5,2,2,0,3467
2,7,1,1,1,0.6667,0.6666666666666666,1.0,0.0,0.0,3,2,0,2,0.0,0.6666666666666666,2,2,0,3468
2,7,1,1,1,0.8333,0.75,1.0,0.25,1.0,4,3,0,3,0.5,0.75,2,2,1,3469
3,6,1,1,1,1.0,0.8,1.0,0.4,1.0,5,4,0,4,0.5,0.8,2,2,1,3470
1,0,0,0,0,0.1429,0.0,0.0,0.0,0.0,0,0,0,0,0.0,0.0,2,2,0,3471
1,1,0,0,0,0.2857,0.0,0.0,0.0,0.0,1,0,0,0,0.0,0.0,2,2,0,3472
1,1,0,1,0,0.4286,0.0,0.0,0.0,0.0,2,0,0,0,0.0,0.0,2,2,0,3473
1,1,0,1,0,0.5714,0.3333333333333333,1.0,0.0,0.0,3,1,0,1,0.0,0.3333333333333333,2,2,0,3474
2,7,1,1,1,0.7143,0.5,1.0,0.0,0.0,4,2,0,2,0.0,0.5,2,2,0,3475
2,7,1,1,1,0.8571,0.6,1.0,0.2,1.0,5,3,0,3,0.5,0.6,2,2,1,3476
3,2,3,1,1,1.0,0.6666666666666666,1.0,0.3333333333333333,1.0,6,4,0,4,0.5,0.6666666666666666,2,2,1,3477
1,1,0,1,0,0.2,0.0,0.0,0.0,0.0,0,0,0,0,0.0,0.0,1,2,0,3478
1,7,1,1,1,0.4,1.0,1.0,0.0,0.0,1,1,0,1,0.0,1.0,1,2,0,3479
2,1,0,1,1,0.6,1.0,1.0,0.5,1.0,2,2,0,2,0.5,1.0,1,2,1,3480
2,6,1,1,1,0.8,1.0,1.0,0.6666666666666666,1.0,3,3,0,3,0.5,1.0,1,2,1,3481
3,7,1,1,1,1.0,1.0,1.0,0.75,1.0,4,4,0,4,0.5,1.0,1,2,1,3482
1,0,0,0,0,0.1429,0.0,0.0,0.0,0.0,0,0,0,0,0.0,0.0,0,4,0,3483
1,1,0,0,0,0.2857,0.0,0.0,0.0,0.0,1,0,0,0,0.0,0.0,0,4,0,3484
1,1,0,1,0,0.4286,0.0,0.0,0.0,0.0,2,0,0,0,0.0,0.0,0,4,0,3485
1,1,0,1,0,0.5714,0.3333333333333333,1.0,0.0,0.0,3,1,0,1,0.0,0.3333333333333333,0,4,0,3486
2,7,1,1,1,0.7143,0.5,1.0,0.0,0.0,4,2,0,2,0.0,0.5,0,4,0,3487
2,7,1,1,1,0.8571,0.6,1.0,0.2,1.0,5,3,0,3,0.5,0.6,0,4,1,3488
3,2,3,1,1,1.0,0.6666666666666666,1.0,0.3333333333333333,1.0,6,4,0,4,0.5,0.6666666666666666,0,4,1,3489
1,2,3,0,0,0.1667,0.0,0.0,0.0,0.0,0,0,0,0,0.0,0.0,1,2,0,3490
1,1,0,1,0,0.3333,0.0,0.0,0.0,0.0,1,0,0,0,0.0,0.0,1,2,0,3491
1,1,0,1,0,0.5,0.5,1.0,0.0,0.0,2,1,0,1,0.0,0.5,1,2,0,3492
2,7,1,1,1,0.6667,0.6666666666666666,1.0,0.0,0.0,3,2,0,2,0.0,0.6666666666666666,1,2,0,3493
2,7,1,1,1,0.8333,0.75,1.0,0.25,1.0,4,3,0,3,0.5,0.75,1,2,1,3494
3,6,1,1,1,1.0,0.8,1.0,0.4,1.0,5,4,0,4,0.5,0.8,1,2,1,3495
1,1,0,1,0,0.2,0.0,0.0,0.0,0.0,0,0,0,0,0.0,0.0,0,4,0,3496
1,7,1,1,1,0.4,1.0,1.0,0.0,0.0,1,1,0,1,0.0,1.0,0,4,0,3497
2,1,0,1,1,0.6,1.0,1.0,0.5,1.0,2,2,0,2,0.5,1.0,0,4,1,3498
2,6,1,1,1,0.8,1.0,1.0,0.6666666666666666,1.0,3,3,0,3,0.5,1.0,0,4,1,3499
3,7,1,1,1,1.0,1.0,1.0,0.75,1.0,4,4,0,4,0.5,1.0,0,4,1,3500
1,0,0,0,0,0.1429,0.0,0.0,0.0,0.0,0,0,0,0,0.0,0.0,1,4,0,3501
1,1,0,0,0,0.2857,0.0,0.0,0.0,0.0,1,0,0,0,0.0,0.0,1,4,0,3502
1,1,0,1,0,0.4286,0.0,0.0,0.0,0.0,2,0,0,0,0.0,0.0,1,4,0,3503
1,1,0,1,0,0.5714,0.3333333333333333,1.0,0.0,0.0,3,1,0,1,0.0,0.3333333333333333,1,4,0,3504
2,7,1,1,1,0.7143,0.5,1.0,0.0,0.0,4,2,0,2,0.0,0.5,1,4,0,3505
2,7,1,1,1,0.8571,0.6,1.0,0.2,1.0,5,3,0,3,0.5,0.6,1,4,1,3506
3,2,3,1,1,1.0,0.6666666666666666,1.0,0.3333333333333333,1.0,6,4,0,4,0.5,0.6666666666666666,1,4,1,3507
1,2,3,0,0,0.1667,0.0,0.0,0.0,0.0,0,0,0,0,0.0,0.0,2,3,0,3508
1,1,0,1,0,0.3333,0.0,0.0,0.0,0.0,1,0,0,0,0.0,0.0,2,3,0,3509
1,1,0,1,0,0.5,0.5,1.0,0.0,0.0,2,1,0,1,0.0,0.5,2,3,0,3510
2,7,1,1,1,0.6667,0.6666666666666666,1.0,0.0,0.0,3,2,0,2,0.0,0.6666666666666666,2,3,0,3511
2,7,1,1,1,0.8333,0.75,1.0,0.25,1.0,4,3,0,3,0.5,0.75,2,3,1,3512
3,6,1,1,1,1.0,0.8,1.0,0.4,1.0,5,4,0,4,0.5,0.8,2,3,1,3513
1,0,0,0,0,0.1429,0.0,0.0,0.0,0.0,0,0,0,0,0.0,0.0,3,4,0,3514
1,1,0,0,0,0.2857,0.0,0.0,0.0,0.0,1,0,0,0,0.0,0.0,3,4,0,3515
1,1,0,1,0,0.4286,0.0,0.0,0.0,0.0,2,0,0,0,0.0,0.0,3,4,0,3516
1,1,0,1,0,0.5714,0.3333333333333333,1.0,0.0,0.0,3,1,0,1,0.0,0.3333333333333333,3,4,0,3517
2,7,1,1,1,0.7143,0.5,1.0,0.0,0.0,4,2,0,2,0.0,0.5,3,4,0,3518
2,7,1,1,1,0.8571,0.6,1.0,0.2,1.0,5,3,0,3,0.5,0.6,3,4,1,3519
3,2,3,1,1,1.0,0.6666666666666666,1.0,0.3333333333333333,1.0,6,4,0,4,0.5,0.6666666666666666,3,4,1,3520
1,1,0,1,0,0.2,0.0,0.0,0.0,0.0,0,0,0,0,0.0,0.0,2,3,0,3521
1,7,1,1,1,0.4,1.0,1.0,0.0,0.0,1,1,0,1,0.0,1.0,2,3,0,3522
2,1,0,1,1,0.6,1.0,1.0,0.5,1.0,2,2,0,2,0.5,1.0,2,3,1,3523
2,6,1,1,1,0.8,1.0,1.0,0.6666666666666666,1.0,3,3,0,3,0.5,1.0,2,3,1,3524
3,7,1,1,1,1.0,1.0,1.0,0.75,1.0,4,4,0,4,0.5,1.0,2,3,1,3525
1,2,3,0,0,0.1667,0.0,0.0,0.0,0.0,0,0,0,0,0.0,0.0,2,4,0,3526
1,1,0,1,0,0.3333,0.0,0.0,0.0,0.0,1,0,0,0,0.0,0.0,2,4,0,3527
1,1,0,1,0,0.5,0.5,1.0,0.0,0.0,2,1,0,1,0.0,0.5,2,4,0,3528
2,7,1,1,1,0.6667,0.6666666666666666,1.0,0.0,0.0,3,2,0,2,0.0,0.6666666666666666,2,4,0,3529
2,7,1,1,1,0.8333,0.75,1.0,0.25,1.0,4,3,0,3,0.5,0.75,2,4,1,3530
3,6,1,1,1,1.0,0.8,1.0,0.4,1.0,5,4,0,4,0.5,0.8,2,4,1,3531
1,0,0,0,0,0.1429,0.0,0.0,0.0,0.0,0,0,0,0,0.0,0.0,1,4,0,3532
1,1,0,0,0,0.2857,0.0,0.0,0.0,0.0,1,0,0,0,0.0,0.0,1,4,0,3533
1,1,0,1,0,0.4286,0.0,0.0,0.0,0.0,2,0,0,0,0.0,0.0,1,4,0,3534
1,1,0,1,0,0.5714,0.3333333333333333,1.0,0.0,0.0,3,1,0,1,0.0,0.3333333333333333,1,4,0,3535
2,7,1,1,1,0.7143,0.5,1.0,0.0,0.0,4,2,0,2,0.0,0.5,1,4,0,3536
2,7,1,1,1,0.8571,0.6,1.0,0.2,1.0,5,3,0,3,0.5,0.6,1,4,1,3537
3,2,3,1,1,1.0,0.6666666666666666,1.0,0.3333333333333333,1.0,6,4,0,4,0.5,0.6666666666666666,1,4,1,3538
1,1,0,1,0,0.2,0.0,0.0,0.0,0.0,0,0,0,0,0.0,0.0,0,3,0,3539
1,7,1,1,1,0.4,1.0,1.0,0.0,0.0,1,1,0,1,0.0,1.0,0,3,0,3540
2,1,0,1,1,0.6,1.0,1.0,0.5,1.0,2,2,0,2,0.5,1.0,0,3,1,3541
2,6,1,1,1,0.8,1.0,1.0,0.6666666666666666,1.0,3,3,0,3,0.5,1.0,0,3,1,3542
3,7,1,1,1,1.0,1.0,1.0,0.75,1.0,4,4,0,4,0.5,1.0,0,3,1,3543
1,0,0,0,0,0.1429,0.0,0.0,0.0,0.0,0,0,0,0,0.0,0.0,0,3,0,3544
1,1,0,0,0,0.2857,0.0,0.0,0.0,0.0,1,0,0,0,0.0,0.0,0,3,0,3545
1,1,0,1,0,0.4286,0.0,0.0,0.0,0.0,2,0,0,0,0.0,0.0,0,3,0,3546
1,1,0,1,0,0.5714,0.3333333333333333,1.0,0.0,0.0,3,1,0,1,0.0,0.3333333333333333,0,3,0,3547
2,7,1,1,1,0.7143,0.5,1.0,0.0,0.0,4,2,0,2,0.0,0.5,0,3,0,3548
2,7,1,1,1,0.8571,0.6,1.0,0.2,1.0,5,3,0,3,0.5,0.6,0,3,1,3549
3,2,3,1,1,1.0,0.6666666666666666,1.0,0.3333333333333333,1.0,6,4,0,4,0.5,0.6666666666666666,0,3,1,3550
1,1,0,1,0,0.2,0.0,0.0,0.0,0.0,0,0,0,0,0.0,0.0,0,3,0,3551
1,7,1,1,1,0.4,1.0,1.0,0.0,0.0,1,1,0,1,0.0,1.0,0,3,0,3552
2,1,0,1,1,0.6,1.0,1.0,0.5,1.0,2,2,0,2,0.5,1.0,0,3,1,3553
2,6,1,1,1,0.8,1.0,1.0,0.6666666666666666,1.0,3,3,0,3,0.5,1.0,0,3,1,3554
3,7,1,1,1,1.0,1.0,1.0,0.75,1.0,4,4,0,4,0.5,1.0,0,3,1,3555
1,1,0,1,0,0.2,0.0,0.0,0.0,0.0,0,0,0,0,0.0,0.0,0,4,0,3556
1,7,1,1,1,0.4,1.0,1.0,0.0,0.0,1,1,0,1,0.0,1.0,0,4,0,3557
2,1,0,1,1,0.6,1.0,1.0,0.5,1.0,2,2,0,2,0.5,1.0,0,4,1,3558
2,6,1,1,1,0.8,1.0,1.0,0.6666666666666666,1.0,3,3,0,3,0.5,1.0,0,4,1,3559
3,7,1,1,1,1.0,1.0,1.0,0.75,1.0,4,4,0,4,0.5,1.0,0,4,1,3560
1,2,3,0,0,0.1667,0.0,0.0,0.0,0.0,0,0,0,0,0.0,0.0,0,3,0,3561
1,1,0,1,0,0.3333,0.0,0.0,0.0,0.0,1,0,0,0,0.0,0.0,0,3,0,3562
1,1,0,1,0,0.5,0.5,1.0,0.0,0.0,2,1,0,1,0.0,0.5,0,3,0,3563
2,7,1,1,1,0.6667,0.6666666666666666,1.0,0.0,0.0,3,2,0,2,0.0,0.6666666666666666,0,3,0,3564
2,7,1,1,1,0.8333,0.75,1.0,0.25,1.0,4,3,0,3,0.5,0.75,0,3,1,3565
3,6,1,1,1,1.0,0.8,1.0,0.4,1.0,5,4,0,4,0.5,0.8,0,3,1,3566
1,2,3,0,0,0.1667,0.0,0.0,0.0,0.0,0,0,0,0,0.0,0.0,3,4,0,3567
1,1,0,1,0,0.3333,0.0,0.0,0.0,0.0,1,0,0,0,0.0,0.0,3,4,0,3568
1,1,0,1,0,0.5,0.5,1.0,0.0,0.0,2,1,0,1,0.0,0.5,3,4,0,3569
2,7,1,1,1,0.6667,0.6666666666666666,1.0,0.0,0.0,3,2,0,2,0.0,0.6666666666666666,3,4,0,3570
2,7,1,1,1,0.8333,0.75,1.0,0.25,1.0,4,3,0,3,0.5,0.75,3,4,1,3571
3,6,1,1,1,1.0,0.8,1.0,0.4,1.0,5,4,0,4,0.5,0.8,3,4,1,3572
1,1,0,1,0,0.2,0.0,0.0,0.0,0.0,0,0,0,0,0.0,0.0,2,4,0,3573
1,7,1,1,1,0.4,1.0,1.0,0.0,0.0,1,1,0,1,0.0,1.0,2,4,0,3574
2,1,0,1,1,0.6,1.0,1.0,0.5,1.0,2,2,0,2,0.5,1.0,2,4,1,3575
2,6,1,1,1,0.8,1.0,1.0,0.6666666666666666,1.0,3,3,0,3,0.5,1.0,2,4,1,3576
3,7,1,1,1,1.0,1.0,1.0,0.75,1.0,4,4,0,4,0.5,1.0,2,4,1,3577
1,1,0,1,0,0.2,0.0,0.0,0.0,0.0,0,0,0,0,0.0,0.0,2,4,0,3578
1,7,1,1,1,0.4,1.0,1.0,0.0,0.0,1,1,0,1,0.0,1.0,2,4,0,3579
2,1,0,1,1,0.6,1.0,1.0,0.5,1.0,2,2,0,2,0.5,1.0,2,4,1,3580
2,6,1,1,1,0.8,1.0,1.0,0.6666666666666666,1.0,3,3,0,3,0.5,1.0,2,4,1,3581
3,7,1,1,1,1.0,1.0,1.0,0.75,1.0,4,4,0,4,0.5,1.0,2,4,1,3582
1,1,0,1,0,0.2,0.0,0.0,0.0,0.0,0,0,0,0,0.0,0.0,2,4,0,3583
1,7,1,1,1,0.4,1.0,1.0,0.0,0.0,1,1,0,1,0.0,1.0,2,4,0,3584
2,1,0,1,1,0.6,1.0,1.0,0.5,1.0,2,2,0,2,0.5,1.0,2,4,1,3585
2,6,1,1,1,0.8,1.0,1.0,0.6666666666666666,1.0,3,3,0,3,0.5,1.0,2,4,1,3586
3,7,1,1,1,1.0,1.0,1.0,0.75,1.0,4,4,0,4,0.5,1.0,2,4,1,3587
1,0,0,0,0,0.1429,0.0,0.0,0.0,0.0,0,0,0,0,0.0,0.0,1,3,0,3588
1,1,0,0,0,0.2857,0.0,0.0,0.0,0.0,1,0,0,0,0.0,0.0,1,3,0,3589
1,1,0,1,0,0.4286,0.0,0.0,0.0,0.0,2,0,0,0,0.0,0.0,1,3,0,3590
1,1,0,1,0,0.5714,0.3333333333333333,1.0,0.0,0.0,3,1,0,1,0.0,0.3333333333333333,1,3,0,3591
2,7,1,1,1,0.7143,0.5,1.0,0.0,0.0,4,2,0,2,0.0,0.5,1,3,0,3592
2,7,1,1,1,0.8571,0.6,1.0,0.2,1.0,5,3,0,3,0.5,0.6,1,3,1,3593
3,2,3,1,1,1.0,0.6666666666666666,1.0,0.3333333333333333,1.0,6,4,0,4,0.5,0.6666666666666666,1,3,1,3594
1,2,3,0,0,0.1667,0.0,0.0,0.0,0.0,0,0,0,0,0.0,0.0,2,2,0,3595
1,1,0,1,0,0.3333,0.0,0.0,0.0,0.0,1,0,0,0,0.0,0.0,2,2,0,3596
1,1,0,1,0,0.5,0.5,1.0,0.0,0.0,2,1,0,1,0.0,0.5,2,2,0,3597
2,7,1,1,1,0.6667,0.6666666666666666,1.0,0.0,0.0,3,2,0,2,0.0,0.6666666666666666,2,2,0,3598
2,7,1,1,1,0.8333,0.75,1.0,0.25,1.0,4,3,0,3,0.5,0.75,2,2,1,3599
3,6,1,1,1,1.0,0.8,1.0,0.4,1.0,5,4,0,4,0.5,0.8,2,2,1,3600
1,1,0,1,0,0.2,0.0,0.0,0.0,0.0,0,0,0,0,0.0,0.0,1,2,0,3601
1,7,1,1,1,0.4,1.0,1.0,0.0,0.0,1,1,0,1,0.0,1.0,1,2,0,3602
2,1,0,1,1,0.6,1.0,1.0,0.5,1.0,2,2,0,2,0.5,1.0,1,2,1,3603
2,6,1,1,1,0.8,1.0,1.0,0.6666666666666666,1.0,3,3,0,3,0.5,1.0,1,2,1,3604
3,7,1,1,1,1.0,1.0,1.0,0.75,1.0,4,4,0,4,0.5,1.0,1,2,1,3605
1,2,3,0,0,0.1667,0.0,0.0,0.0,0.0,0,0,0,0,0.0,0.0,1,3,0,3606
1,1,0,1,0,0.3333,0.0,0.0,0.0,0.0,1,0,0,0,0.0,0.0,1,3,0,3607
1,1,0,1,0,0.5,0.5,1.0,0.0,0.0,2,1,0,1,0.0,0.5,1,3,0,3608
2,7,1,1,1,0.6667,0.6666666666666666,1.0,0.0,0.0,3,2,0,2,0.0,0.6666666666666666,1,3,0,3609
2,7,1,1,1,0.8333,0.75,1.0,0.25,1.0,4,3,0,3,0.5,0.75,1,3,1,3610
3,6,1,1,1,1.0,0.8,1.0,0.4,1.0,5,4,0,4,0.5,0.8,1,3,1,3611
1,0,0,0,0,0.1429,0.0,0.0,0.0,0.0,0,0,0,0,0.0,0.0,2,3,0,3612
1,1,0,0,0,0.2857,0.0,0.0,0.0,0.0,1,0,0,0,0.0,0.0,2,3,0,3613
1,1,0,1,0,0.4286,0.0,0.0,0.0,0.0,2,0,0,0,0.0,0.0,2,3,0,3614
1,1,0,1,0,0.5714,0.3333333333333333,1.0,0.0,0.0,3,1,0,1,0.0,0.3333333333333333,2,3,0,3615
2,7,1,1,1,0.7143,0.5,1.0,0.0,0.0,4,2,0,2,0.0,0.5,2,3,0,3616
2,7,1,1,1,0.8571,0.6,1.0,0.2,1.0,5,3,0,3,0.5,0.6,2,3,1,3617
3,2,3,1,1,1.0,0.6666666666666666,1.0,0.3333333333333333,1.0,6,4,0,4,0.5,0.6666666666666666,2,3,1,3618
1,0,0,0,0,0.1429,0.0,0.0,0.0,0.0,0,0,0,0,0.0,0.0,2,4,0,3619
1,1,0,0,0,0.2857,0.0,0.0,0.0,0.0,1,0,0,0,0.0,0.0,2,4,0,3620
1,1,0,1,0,0.4286,0.0,0.0,0.0,0.0,2,0,0,0,0.0,0.0,2,4,0,3621
1,1,0,1,0,0.5714,0.3333333333333333,1.0,0.0,0.0,3,1,0,1,0.0,0.3333333333333333,2,4,0,3622
2,7,1,1,1,0.7143,0.5,1.0,0.0,0.0,4,2,0,2,0.0,0.5,2,4,0,3623
2,7,1,1,1,0.8571,0.6,1.0,0.2,1.0,5,3,0,3,0.5,0.6,2,4,1,3624
3,2,3,1,1,1.0,0.6666666666666666,1.0,0.3333333333333333,1.0,6,4,0,4,0.5,0.6666666666666666,2,4,1,3625
1,0,0,0,0,0.1429,0.0,0.0,0.0,0.0,0,0,0,0,0.0,0.0,0,3,0,3626
1,1,0,0,0,0.2857,0.0,0.0,0.0,0.0,1,0,0,0,0.0,0.0,0,3,0,3627
1,1,0,1,0,0.4286,0.0,0.0,0.0,0.0,2,0,0,0,0.0,0.0,0,3,0,3628
1,1,0,1,0,0.5714,0.3333333333333333,1.0,0.0,0.0,3,1,0,1,0.0,0.3333333333333333,0,3,0,3629
2,7,1,1,1,0.7143,0.5,1.0,0.0,0.0,4,2,0,2,0.0,0.5,0,3,0,3630
2,7,1,1,1,0.8571,0.6,1.0,0.2,1.0,5,3,0,3,0.5,0.6,0,3,1,3631
3,2,3,1,1,1.0,0.6666666666666666,1.0,0.3333333333333333,1.0,6,4,0,4,0.5,0.6666666666666666,0,3,1,3632
1,1,0,1,0,0.2,0.0,0.0,0.0,0.0,0,0,0,0,0.0,0.0,0,4,0,3633
1,7,1,1,1,0.4,1.0,1.0,0.0,0.0,1,1,0,1,0.0,1.0,0,4,0,3634
2,1,0,1,1,0.6,1.0,1.0,0.5,1.0,2,2,0,2,0.5,1.0,0,4,1,3635
2,6,1,1,1,0.8,1.0,1.0,0.6666666666666666,1.0,3,3,0,3,0.5,1.0,0,4,1,3636
3,7,1,1,1,1.0,1.0,1.0,0.75,1.0,4,4,0,4,0.5,1.0,0,4,1,3637
1,2,3,0,0,0.1667,0.0,0.0,0.0,0.0,0,0,0,0,0.0,0.0,1,3,0,3638
1,1,0,1,0,0.3333,0.0,0.0,0.0,0.0,1,0,0,0,0.0,0.0,1,3,0,3639
1,1,0,1,0,0.5,0.5,1.0,0.0,0.0,2,1,0,1,0.0,0.5,1,3,0,3640
2,7,1,1,1,0.6667,0.6666666666666666,1.0,0.0,0.0,3,2,0,2,0.0,0.6666666666666666,1,3,0,3641
2,7,1,1,1,0.8333,0.75,1.0,0.25,1.0,4,3,0,3,0.5,0.75,1,3,1,3642
3,6,1,1,1,1.0,0.8,1.0,0.4,1.0,5,4,0,4,0.5,0.8,1,3,1,3643
1,2,3,0,0,0.1667,0.0,0.0,0.0,0.0,0,0,0,0,0.0,0.0,2,3,0,3644
1,1,0,1,0,0.3333,0.0,0.0,0.0,0.0,1,0,0,0,0.0,0.0,2,3,0,3645
1,1,0,1,0,0.5,0.5,1.0,0.0,0.0,2,1,0,1,0.0,0.5,2,3,0,3646
2,7,1,1,1,0.6667,0.6666666666666666,1.0,0.0,0.0,3,2,0,2,0.0,0.6666666666666666,2,3,0,3647
2,7,1,1,1,0.8333,0.75,1.0,0.25,1.0,4,3,0,3,0.5,0.75,2,3,1,3648
3,6,1,1,1,1.0,0.8,1.0,0.4,1.0,5,4,0,4,0.5,0.8,2,3,1,3649
1,0,0,0,0,0.1429,0.0,0.0,0.0,0.0,0,0,0,0,0.0,0.0,1,3,0,3650
1,1,0,0,0,0.2857,0.0,0.0,0.0,0.0,1,0,0,0,0.0,0.0,1,3,0,3651
1,1,0,1,0,0.4286,0.0,0.0,0.0,0.0,2,0,0,0,0.0,0.0,1,3,0,3652
1,1,0,1,0,0.5714,0.3333333333333333,1.0,0.0,0.0,3,1,0,1,0.0,0.3333333333333333,1,3,0,3653
2,7,1,1,1,0.7143,0.5,1.0,0.0,0.0,4,2,0,2,0.0,0.5,1,3,0,3654
2,7,1,1,1,0.8571,0.6,1.0,0.2,1.0,5,3,0,3,0.5,0.6,1,3,1,3655
3,2,3,1,1,1.0,0.6666666666666666,1.0,0.3333333333333333,1.0,6,4,0,4,0.5,0.6666666666666666,1,3,1,3656
1,2,3,0,0,0.1667,0.0,0.0,0.0,0.0,0,0,0,0,0.0,0.0,1,4,0,3657
1,1,0,1,0,0.3333,0.0,0.0,0.0,0.0,1,0,0,0,0.0,0.0,1,4,0,3658
1,1,0,1,0,0.5,0.5,1.0,0.0,0.0,2,1,0,1,0.0,0.5,1,4,0,3659
2,7,1,1,1,0.6667,0.6666666666666666,1.0,0.0,0.0,3,2,0,2,0.0,0.6666666666666666,1,4,0,3660
2,7,1,1,1,0.8333,0.75,1.0,0.25,1.0,4,3,0,3,0.5,0.75,1,4,1,3661
3,6,1,1,1,1.0,0.8,1.0,0.4,1.0,5,4,0,4,0.5,0.8,1,4,1,3662
1,2,3,0,0,0.1667,0.0,0.0,0.0,0.0,0,0,0,0,0.0,0.0,1,2,0,3663
1,1,0,1,0,0.3333,0.0,0.0,0.0,0.0,1,0,0,0,0.0,0.0,1,2,0,3664
1,1,0,1,0,0.5,0.5,1.0,0.0,0.0,2,1,0,1,0.0,0.5,1,2,0,3665
2,7,1,1,1,0.6667,0.6666666666666666,1.0,0.0,0.0,3,2,0,2,0.0,0.6666666666666666,1,2,0,3666
2,7,1,1,1,0.8333,0.75,1.0,0.25,1.0,4,3,0,3,0.5,0.75,1,2,1,3667
3,6,1,1,1,1.0,0.8,1.0,0.4,1.0,5,4,0,4,0.5,0.8,1,2,1,3668
1,2,3,0,0,0.1667,0.0,0.0,0.0,0.0,0,0,0,0,0.0,0.0,0,4,0,3669
1,1,0,1,0,0.3333,0.0,0.0,0.0,0.0,1,0,0,0,0.0,0.0,0,4,0,3670
1,1,0,1,0,0.5,0.5,1.0,0.0,0.0,2,1,0,1,0.0,0.5,0,4,0,3671
2,7,1,1,1,0.6667,0.6666666666666666,1.0,0.0,0.0,3,2,0,2,0.0,0.6666666666666666,0,4,0,3672
2,7,1,1,1,0.8333,0.75,1.0,0.25,1.0,4,3,0,3,0.5,0.75,0,4,1,3673
3,6,1,1,1,1.0,0.8,1.0,0.4,1.0,5,4,0,4,0.5,0.8,0,4,1,3674
1,2,3,0,0,0.1667,0.0,0.0,0.0,0.0,0,0,0,0,0.0,0.0,2,4,0,3675
1,1,0,1,0,0.3333,0.0,0.0,0.0,0.0,1,0,0,0,0.0,0.0,2,4,0,3676
1,1,0,1,0,0.5,0.5,1.0,0.0,0.0,2,1,0,1,0.0,0.5,2,4,0,3677
2,7,1,1,1,0.6667,0.6666666666666666,1.0,0.0,0.0,3,2,0,2,0.0,0.6666666666666666,2,4,0,3678
2,7,1,1,1,0.8333,0.75,1.0,0.25,1.0,4,3,0,3,0.5,0.75,2,4,1,3679
3,6,1,1,1,1.0,0.8,1.0,0.4,1.0,5,4,0,4,0.5,0.8,2,4,1,3680
1,2,3,0,0,0.1667,0.0,0.0,0.0,0.0,0,0,0,0,0.0,0.0,0,4,0,3681
1,1,0,1,0,0.3333,0.0,0.0,0.0,0.0,1,0,0,0,0.0,0.0,0,4,0,3682
1,1,0,1,0,0.5,0.5,1.0,0.0,0.0,2,1,0,1,0.0,0.5,0,4,0,3683
2,7,1,1,1,0.6667,0.6666666666666666,1.0,0.0,0.0,3,2,0,2,0.0,0.6666666666666666,0,4,0,3684
2,7,1,1,1,0.8333,0.75,1.0,0.25,1.0,4,3,0,3,0.5,0.75,0,4,1,3685
3,6,1,1,1,1.0,0.8,1.0,0.4,1.0,5,4,0,4,0.5,0.8,0,4,1,3686
1,2,3,0,0,0.1667,0.0,0.0,0.0,0.0,0,0,0,0,0.0,0.0,1,2,0,3687
1,1,0,1,0,0.3333,0.0,0.0,0.0,0.0,1,0,0,0,0.0,0.0,1,2,0,3688
1,1,0,1,0,0.5,0.5,1.0,0.0,0.0,2,1,0,1,0.0,0.5,1,2,0,3689
2,7,1,1,1,0.6667,0.6666666666666666,1.0,0.0,0.0,3,2,0,2,0.0,0.6666666666666666,1,2,0,3690
2,7,1,1,1,0.8333,0.75,1.0,0.25,1.0,4,3,0,3,0.5,0.75,1,2,1,3691
3,6,1,1,1,1.0,0.8,1.0,0.4,1.0,5,4,0,4,0.5,0.8,1,2,1,3692
1,0,0,0,0,0.1429,0.0,0.0,0.0,0.0,0,0,0,0,0.0,0.0,1,2,0,3693
1,1,0,0,0,0.2857,0.0,0.0,0.0,0.0,1,0,0,0,0.0,0.0,1,2,0,3694
1,1,0,1,0,0.4286,0.0,0.0,0.0,0.0,2,0,0,0,0.0,0.0,1,2,0,3695
1,1,0,1,0,0.5714,0.3333333333333333,1.0,0.0,0.0,3,1,0,1,0.0,0.3333333333333333,1,2,0,3696
2,7,1,1,1,0.7143,0.5,1.0,0.0,0.0,4,2,0,2,0.0,0.5,1,2,0,3697
2,7,1,1,1,0.8571,0.6,1.0,0.2,1.0,5,3,0,3,0.5,0.6,1,2,1,3698
3,2,3,1,1,1.0,0.6666666666666666,1.0,0.3333333333333333,1.0,6,4,0,4,0.5,0.6666666666666666,1,2,1,3699
1,1,0,1,0,0.2,0.0,0.0,0.0,0.0,0,0,0,0,0.0,0.0,0,3,0,3700
1,7,1,1,1,0.4,1.0,1.0,0.0,0.0,1,1,0,1,0.0,1.0,0,3,0,3701
2,1,0,1,1,0.6,1.0,1.0,0.5,1.0,2,2,0,2,0.5,1.0,0,3,1,3702
2,6,1,1,1,0.8,1.0,1.0,0.6666666666666666,1.0,3,3,0,3,0.5,1.0,0,3,1,3703
3,7,1,1,1,1.0,1.0,1.0,0.75,1.0,4,4,0,4,0.5,1.0,0,3,1,3704
1,2,3,0,0,0.1667,0.0,0.0,0.0,0.0,0,0,0,0,0.0,0.0,3,2,0,3705
1,1,0,1,0,0.3333,0.0,0.0,0.0,0.0,1,0,0,0,0.0,0.0,3,2,0,3706
1,1,0,1,0,0.5,0.5,1.0,0.0,0.0,2,1,0,1,0.0,0.5,3,2,0,3707
2,7,1,1,1,0.6667,0.6666666666666666,1.0,0.0,0.0,3,2,0,2,0.0,0.6666666666666666,3,2,0,3708
2,7,1,1,1,0.8333,0.75,1.0,0.25,1.0,4,3,0,3,0.5,0.75,3,2,1,3709
3,6,1,1,1,1.0,0.8,1.0,0.4,1.0,5,4,0,4,0.5,0.8,3,2,1,3710
1,2,3,0,0,0.1667,0.0,0.0,0.0,0.0,0,0,0,0,0.0,0.0,3,2,0,3711
1,1,0,1,0,0.3333,0.0,0.0,0.0,0.0,1,0,0,0,0.0,0.0,3,2,0,3712
1,1,0,1,0,0.5,0.5,1.0,0.0,0.0,2,1,0,1,0.0,0.5,3,2,0,3713
2,7,1,1,1,0.6667,0.6666666666666666,1.0,0.0,0.0,3,2,0,2,0.0,0.6666666666666666,3,2,0,3714
2,7,1,1,1,0.8333,0.75,1.0,0.25,1.0,4,3,0,3,0.5,0.75,3,2,1,3715
3,6,1,1,1,1.0,0.8,1.0,0.4,1.0,5,4,0,4,0.5,0.8,3,2,1,3716
1,0,0,0,0,0.1429,0.0,0.0,0.0,0.0,0,0,0,0,0.0,0.0,0,2,0,3717
1,1,0,0,0,0.2857,0.0,0.0,0.0,0.0,1,0,0,0,0.0,0.0,0,2,0,3718
1,1,0,1,0,0.4286,0.0,0.0,0.0,0.0,2,0,0,0,0.0,0.0,0,2,0,3719
1,1,0,1,0,0.5714,0.3333333333333333,1.0,0.0,0.0,3,1,0,1,0.0,0.3333333333333333,0,2,0,3720
2,7,1,1,1,0.7143,0.5,1.0,0.0,0.0,4,2,0,2,0.0,0.5,0,2,0,3721
2,7,1,1,1,0.8571,0.6,1.0,0.2,1.0,5,3,0,3,0.5,0.6,0,2,1,3722
3,2,3,1,1,1.0,0.6666666666666666,1.0,0.3333333333333333,1.0,6,4,0,4,0.5,0.6666666666666666,0,2,1,3723
1,0,0,0,0,0.1429,0.0,0.0,0.0,0.0,0,0,0,0,0.0,0.0,3,4,0,3724
1,1,0,0,0,0.2857,0.0,0.0,0.0,0.0,1,0,0,0,0.0,0.0,3,4,0,3725
1,1,0,1,0,0.4286,0.0,0.0,0.0,0.0,2,0,0,0,0.0,0.0,3,4,0,3726
1,1,0,1,0,0.5714,0.3333333333333333,1.0,0.0,0.0,3,1,0,1,0.0,0.3333333333333333,3,4,0,3727
2,7,1,1,1,0.7143,0.5,1.0,0.0,0.0,4,2,0,2,0.0,0.5,3,4,0,3728
2,7,1,1,1,0.8571,0.6,1.0,0.2,1.0,5,3,0,3,0.5,0.6,3,4,1,3729
3,2,3,1,1,1.0,0.6666666666666666,1.0,0.3333333333333333,1.0,6,4,0,4,0.5,0.6666666666666666,3,4,1,3730
1,2,3,0,0,0.1667,0.0,0.0,0.0,0.0,0,0,0,0,0.0,0.0,3,2,0,3731
1,1,0,1,0,0.3333,0.0,0.0,0.0,0.0,1,0,0,0,0.0,0.0,3,2,0,3732
1,1,0,1,0,0.5,0.5,1.0,0.0,0.0,2,1,0,1,0.0,0.5,3,2,0,3733
2,7,1,1,1,0.6667,0.6666666666666666,1.0,0.0,0.0,3,2,0,2,0.0,0.6666666666666666,3,2,0,3734
2,7,1,1,1,0.8333,0.75,1.0,0.25,1.0,4,3,0,3,0.5,0.75,3,2,1,3735
3,6,1,1,1,1.0,0.8,1.0,0.4,1.0,5,4,0,4,0.5,0.8,3,2,1,3736
1,1,0,1,0,0.2,0.0,0.0,0.0,0.0,0,0,0,0,0.0,0.0,1,2,0,3737
1,7,1,1,1,0.4,1.0,1.0,0.0,0.0,1,1,0,1,0.0,1.0,1,2,0,3738
2,1,0,1,1,0.6,1.0,1.0,0.5,1.0,2,2,0,2,0.5,1.0,1,2,1,3739
2,6,1,1,1,0.8,1.0,1.0,0.6666666666666666,1.0,3,3,0,3,0.5,1.0,1,2,1,3740
3,7,1,1,1,1.0,1.0,1.0,0.75,1.0,4,4,0,4,0.5,1.0,1,2,1,3741
1,0,0,0,0,0.1429,0.0,0.0,0.0,0.0,0,0,0,0,0.0,0.0,0,2,0,3742
1,1,0,0,0,0.2857,0.0,0.0,0.0,0.0,1,0,0,0,0.0,0.0,0,2,0,3743
1,1,0,1,0,0.4286,0.0,0.0,0.0,0.0,2,0,0,0,0.0,0.0,0,2,0,3744
1,1,0,1,0,0.5714,0.3333333333333333,1.0,0.0,0.0,3,1,0,1,0.0,0.3333333333333333,0,2,0,3745
2,7,1,1,1,0.7143,0.5,1.0,0.0,0.0,4,2,0,2,0.0,0.5,0,2,0,3746
2,7,1,1,1,0.8571,0.6,1.0,0.2,1.0,5,3,0,3,0.5,0.6,0,2,1,3747
3,2,3,1,1,1.0,0.6666666666666666,1.0,0.3333333333333333,1.0,6,4,0,4,0.5,0.6666666666666666,0,2,1,3748
1,2,3,0,0,0.1667,0.0,0.0,0.0,0.0,0,0,0,0,0.0,0.0,1,2,0,3749
1,1,0,1,0,0.3333,0.0,0.0,0.0,0.0,1,0,0,0,0.0,0.0,1,2,0,3750
1,1,0,1,0,0.5,0.5,1.0,0.0,0.0,2,1,0,1,0.0,0.5,1,2,0,3751
2,7,1,1,1,0.6667,0.6666666666666666,1.0,0.0,0.0,3,2,0,2,0.0,0.6666666666666666,1,2,0,3752
2,7,1,1,1,0.8333,0.75,1.0,0.25,1.0,4,3,0,3,0.5,0.75,1,2,1,3753
3,6,1,1,1,1.0,0.8,1.0,0.4,1.0,5,4,0,4,0.5,0.8,1,2,1,3754
1,1,0,1,0,0.2,0.0,0.0,0.0,0.0,0,0,0,0,0.0,0.0,2,4,0,3755
1,7,1,1,1,0.4,1.0,1.0,0.0,0.0,1,1,0,1,0.0,1.0,2,4,0,3756
2,1,0,1,1,0.6,1.0,1.0,0.5,1.0,2,2,0,2,0.5,1.0,2,4,1,3757
2,6,1,1,1,0.8,1.0,1.0,0.6666666666666666,1.0,3,3,0,3,0.5,1.0,2,4,1,3758
3,7,1,1,1,1.0,1.0,1.0,0.75,1.0,4,4,0,4,0.5,1.0,2,4,1,3759
1,0,0,0,0,0.1429,0.0,0.0,0.0,0.0,0,0,0,0,0.0,0.0,3,3,0,3760
1,1,0,0,0,0.2857,0.0,0.0,0.0,0.0,1,0,0,0,0.0,0.0,3,3,0,3761
1,1,0,1,0,0.4286,0.0,0.0,0.0,0.0,2,0,0,0,0.0,0.0,3,3,0,3762
1,1,0,1,0,0.5714,0.3333333333333333,1.0,0.0,0.0,3,1,0,1,0.0,0.3333333333333333,3,3,0,3763
2,7,1,1,1,0.7143,0.5,1.0,0.0,0.0,4,2,0,2,0.0,0.5,3,3,0,3764
2,7,1,1,1,0.8571,0.6,1.0,0.2,1.0,5,3,0,3,0.5,0.6,3,3,1,3765
3,2,3,1,1,1.0,0.6666666666666666,1.0,0.3333333333333333,1.0,6,4,0,4,0.5,0.6666666666666666,3,3,1,3766
1,0,0,0,0,0.1429,0.0,0.0,0.0,0.0,0,0,0,0,0.0,0.0,0,3,0,3767
1,1,0,0,0,0.2857,0.0,0.0,0.0,0.0,1,0,0,0,0.0,0.0,0,3,0,3768
1,1,0,1,0,0.4286,0.0,0.0,0.0,0.0,2,0,0,0,0.0,0.0,0,3,0,3769
1,1,0,1,0,0.5714,0.3333333333333333,1.0,0.0,0.0,3,1,0,1,0.0,0.3333333333333333,0,3,0,3770
2,7,1,1,1,0.7143,0.5,1.0,0.0,0.0,4,2,0,2,0.0,0.5,0,3,0,3771
2,7,1,1,1,0.8571,0.6,1.0,0.2,1.0,5,3,0,3,0.5,0.6,0,3,1,3772
3,2,3,1,1,1.0,0.6666666666666666,1.0,0.3333333333333333,1.0,6,4,0,4,0.5,0.6666666666666666,0,3,1,3773
1,1,0,1,0,0.2,0.0,0.0,0.0,0.0,0,0,0,0,0.0,0.0,3,3,0,3774
1,7,1,1,1,0.4,1.0,1.0,0.0,0.0,1,1,0,1,0.0,1.0,3,3,0,3775
2,1,0,1,1,0.6,1.0,1.0,0.5,1.0,2,2,0,2,0.5,1.0,3,3,1,3776
2,6,1,1,1,0.8,1.0,1.0,0.6666666666666666,1.0,3,3,0,3,0.5,1.0,3,3,1,3777
3,7,1,1,1,1.0,1.0,1.0,0.75,1.0,4,4,0,4,0.5,1.0,3,3,1,3778
1,1,0,1,0,0.2,0.0,0.0,0.0,0.0,0,0,0,0,0.0,0.0,0,4,0,3779
1,7,1,1,1,0.4,1.0,1.0,0.0,0.0,1,1,0,1,0.0,1.0,0,4,0,3780
2,1,0,1,1,0.6,1.0,1.0,0.5,1.0,2,2,0,2,0.5,1.0,0,4,1,3781
2,6,1,1,1,0.8,1.0,1.0,0.6666666666666666,1.0,3,3,0,3,0.5,1.0,0,4,1,3782
3,7,1,1,1,1.0,1.0,1.0,0.75,1.0,4,4,0,4,0.5,1.0,0,4,1,3783
1,2,3,0,0,0.1667,0.0,0.0,0.0,0.0,0,0,0,0,0.0,0.0,1,4,0,3784
1,1,0,1,0,0.3333,0.0,0.0,0.0,0.0,1,0,0,0,0.0,0.0,1,4,0,3785
1,1,0,1,0,0.5,0.5,1.0,0.0,0.0,2,1,0,1,0.0,0.5,1,4,0,3786
2,7,1,1,1,0.6667,0.6666666666666666,1.0,0.0,0.0,3,2,0,2,0.0,0.6666666666666666,1,4,0,3787
2,7,1,1,1,0.8333,0.75,1.0,0.25,1.0,4,3,0,3,0.5,0.75,1,4,1,3788
3,6,1,1,1,1.0,0.8,1.0,0.4,1.0,5,4,0,4,0.5,0.8,1,4,1,3789
1,1,0,1,0,0.2,0.0,0.0,0.0,0.0,0,0,0,0,0.0,0.0,2,4,0,3790
1,7,1,1,1,0.4,1.0,1.0,0.0,0.0,1,1,0,1,0.0,1.0,2,4,0,3791
2,1,0,1,1,0.6,1.0,1.0,0.5,1.0,2,2,0,2,0.5,1.0,2,4,1,3792
2,6,1,1,1,0.8,1.0,1.0,0.6666666666666666,1.0,3,3,0,3,0.5,1.0,2,4,1,3793
3,7,1,1,1,1.0,1.0,1.0,0.75,1.0,4,4,0,4,0.5,1.0,2,4,1,3794
1,2,3,0,0,0.1667,0.0,0.0,0.0,0.0,0,0,0,0,0.0,0.0,0,4,0,3795
1,1,0,1,0,0.3333,0.0,0.0,0.0,0.0,1,0,0,0,0.0,0.0,0,4,0,3796
1,1,0,1,0,0.5,0.5,1.0,0.0,0.0,2,1,0,1,0.0,0.5,0,4,0,3797
2,7,1,1,1,0.6667,0.6666666666666666,1.0,0.0,0.0,3,2,0,2,0.0,0.6666666666666666,0,4,0,3798
2,7,1,1,1,0.8333,0.75,1.0,0.25,1.0,4,3,0,3,0.5,0.75,0,4,1,3799
3,6,1,1,1,1.0,0.8,1.0,0.4,1.0,5,4,0,4,0.5,0.8,0,4,1,3800
1,1,0,1,0,0.2,0.0,0.0,0.0,0.0,0,0,0,0,0.0,0.0,1,3,0,3801
1,7,1,1,1,0.4,1.0,1.0,0.0,0.0,1,1,0,1,0.0,1.0,1,3,0,3802
2,1,0,1,1,0.6,1.0,1.0,0.5,1.0,2,2,0,2,0.5,1.0,1,3,1,3803
2,6,1,1,1,0.8,1.0,1.0,0.6666666666666666,1.0,3,3,0,3,0.5,1.0,1,3,1,3804
3,7,1,1,1,1.0,1.0,1.0,0.75,1.0,4,4,0,4,0.5,1.0,1,3,1,3805
1,0,0,0,0,0.1429,0.0,0.0,0.0,0.0,0,0,0,0,0.0,0.0,0,4,0,3806
1,1,0,0,0,0.2857,0.0,0.0,0.0,0.0,1,0,0,0,0.0,0.0,0,4,0,3807
1,1,0,1,0,0.4286,0.0,0.0,0.0,0.0,2,0,0,0,0.0,0.0,0,4,0,3808
1,1,0,1,0,0.5714,0.3333333333333333,1.0,0.0,0.0,3,1,0,1,0.0,0.3333333333333333,0,4,0,3809
2,7,1,1,1,0.7143,0.5,1.0,0.0,0.0,4,2,0,2,0.0,0.5,0,4,0,3810
2,7,1,1,1,0.8571,0.6,1.0,0.2,1.0,5,3,0,3,0.5,0.6,0,4,1,3811
3,2,3,1,1,1.0,0.6666666666666666,1.0,0.3333333333333333,1.0,6,4,0,4,0.5,0.6666666666666666,0,4,1,3812
1,2,3,0,0,0.1667,0.0,0.0,0.0,0.0,0,0,0,0,0.0,0.0,1,4,0,3813
1,1,0,1,0,0.3333,0.0,0.0,0.0,0.0,1,0,0,0,0.0,0.0,1,4,0,3814
1,1,0,1,0,0.5,0.5,1.0,0.0,0.0,2,1,0,1,0.0,0.5,1,4,0,3815
2,7,1,1,1,0.6667,0.6666666666666666,1.0,0.0,0.0,3,2,0,2,0.0,0.6666666666666666,1,4,0,3816
2,7,1,1,1,0.8333,0.75,1.0,0.25,1.0,4,3,0,3,0.5,0.75,1,4,1,3817
3,6,1,1,1,1.0,0.8,1.0,0.4,1.0,5,4,0,4,0.5,0.8,1,4,1,3818
1,0,0,0,0,0.1429,0.0,0.0,0.0,0.0,0,0,0,0,0.0,0.0,1,2,0,3819
1,1,0,0,0,0.2857,0.0,0.0,0.0,0.0,1,0,0,0,0.0,0.0,1,2,0,3820
1,1,0,1,0,0.4286,0.0,0.0,0.0,0.0,2,0,0,0,0.0,0.0,1,2,0,3821
1,1,0,1,0,0.5714,0.3333333333333333,1.0,0.0,0.0,3,1,0,1,0.0,0.3333333333333333,1,2,0,3822
2,7,1,1,1,0.7143,0.5,1.0,0.0,0.0,4,2,0,2,0.0,0.5,1,2,0,3823
2,7,1,1,1,0.8571,0.6,1.0,0.2,1.0,5,3,0,3,0.5,0.6,1,2,1,3824
3,2,3,1,1,1.0,0.6666666666666666,1.0,0.3333333333333333,1.0,6,4,0,4,0.5,0.6666666666666666,1,2,1,3825
1,2,3,0,0,0.1667,0.0,0.0,0.0,0.0,0,0,0,0,0.0,0.0,2,3,0,3826
1,1,0,1,0,0.3333,0.0,0.0,0.0,0.0,1,0,0,0,0.0,0.0,2,3,0,3827
1,1,0,1,0,0.5,0.5,1.0,0.0,0.0,2,1,0,1,0.0,0.5,2,3,0,3828
2,7,1,1,1,0.6667,0.6666666666666666,1.0,0.0,0.0,3,2,0,2,0.0,0.6666666666666666,2,3,0,3829
2,7,1,1,1,0.8333,0.75,1.0,0.25,1.0,4,3,0,3,0.5,0.75,2,3,1,3830
3,6,1,1,1,1.0,0.8,1.0,0.4,1.0,5,4,0,4,0.5,0.8,2,3,1,3831
1,1,0,1,0,0.2,0.0,0.0,0.0,0.0,0,0,0,0,0.0,0.0,1,3,0,3832
1,7,1,1,1,0.4,1.0,1.0,0.0,0.0,1,1,0,1,0.0,1.0,1,3,0,3833
2,1,0,1,1,0.6,1.0,1.0,0.5,1.0,2,2,0,2,0.5,1.0,1,3,1,3834
2,6,1,1,1,0.8,1.0,1.0,0.6666666666666666,1.0,3,3,0,3,0.5,1.0,1,3,1,3835
3,7,1,1,1,1.0,1.0,1.0,0.75,1.0,4,4,0,4,0.5,1.0,1,3,1,3836
1,2,3,0,0,0.1667,0.0,0.0,0.0,0.0,0,0,0,0,0.0,0.0,3,2,0,3837
1,1,0,1,0,0.3333,0.0,0.0,0.0,0.0,1,0,0,0,0.0,0.0,3,2,0,3838
1,1,0,1,0,0.5,0.5,1.0,0.0,0.0,2,1,0,1,0.0,0.5,3,2,0,3839
2,7,1,1,1,0.6667,0.6666666666666666,1.0,0.0,0.0,3,2,0,2,0.0,0.6666666666666666,3,2,0,3840
2,7,1,1,1,0.8333,0.75,1.0,0.25,1.0,4,3,0,3,0.5,0.75,3,2,1,3841
3,6,1,1,1,1.0,0.8,1.0,0.4,1.0,5,4,0,4,0.5,0.8,3,2,1,3842
1,2,3,0,0,0.1667,0.0,0.0,0.0,0.0,0,0,0,0,0.0,0.0,3,4,0,3843
1,1,0,1,0,0.3333,0.0,0.0,0.0,0.0,1,0,0,0,0.0,0.0,3,4,0,3844
1,1,0,1,0,0.5,0.5,1.0,0.0,0.0,2,1,0,1,0.0,0.5,3,4,0,3845
2,7,1,1,1,0.6667,0.6666666666666666,1.0,0.0,0.0,3,2,0,2,0.0,0.6666666666666666,3,4,0,3846
2,7,1,1,1,0.8333,0.75,1.0,0.25,1.0,4,3,0,3,0.5,0.75,3,4,1,3847
3,6,1,1,1,1.0,0.8,1.0,0.4,1.0,5,4,0,4,0.5,0.8,3,4,1,3848
1,0,0,0,0,0.1429,0.0,0.0,0.0,0.0,0,0,0,0,0.0,0.0,2,3,0,3849
1,1,0,0,0,0.2857,0.0,0.0,0.0,0.0,1,0,0,0,0.0,0.0,2,3,0,3850
1,1,0,1,0,0.4286,0.0,0.0,0.0,0.0,2,0,0,0,0.0,0.0,2,3,0,3851
1,1,0,1,0,0.5714,0.3333333333333333,1.0,0.0,0.0,3,1,0,1,0.0,0.3333333333333333,2,3,0,3852
2,7,1,1,1,0.7143,0.5,1.0,0.0,0.0,4,2,0,2,0.0,0.5,2,3,0,3853
2,7,1,1,1,0.8571,0.6,1.0,0.2,1.0,5,3,0,3,0.5,0.6,2,3,1,3854
3,2,3,1,1,1.0,0.6666666666666666,1.0,0.3333333333333333,1.0,6,4,0,4,0.5,0.6666666666666666,2,3,1,3855
1,2,3,0,0,0.1667,0.0,0.0,0.0,0.0,0,0,0,0,0.0,0.0,0,4,0,3856
1,1,0,1,0,0.3333,0.0,0.0,0.0,0.0,1,0,0,0,0.0,0.0,0,4,0,3857
1,1,0,1,0,0.5,0.5,1.0,0.0,0.0,2,1,0,1,0.0,0.5,0,4,0,3858
2,7,1,1,1,0.6667,0.6666666666666666,1.0,0.0,0.0,3,2,0,2,0.0,0.6666666666666666,0,4,0,3859
2,7,1,1,1,0.8333,0.75,1.0,0.25,1.0,4,3,0,3,0.5,0.75,0,4,1,3860
3,6,1,1,1,1.0,0.8,1.0,0.4,1.0,5,4,0,4,0.5,0.8,0,4,1,3861
1,1,0,1,0,0.2,0.0,0.0,0.0,0.0,0,0,0,0,0.0,0.0,1,2,0,3862
1,7,1,1,1,0.4,1.0,1.0,0.0,0.0,1,1,0,1,0.0,1.0,1,2,0,3863
2,1,0,1,1,0.6,1.0,1.0,0.5,1.0,2,2,0,2,0.5,1.0,1,2,1,3864
2,6,1,1,1,0.8,1.0,1.0,0.6666666666666666,1.0,3,3,0,3,0.5,1.0,1,2,1,3865
3,7,1,1,1,1.0,1.0,1.0,0.75,1.0,4,4,0,4,0.5,1.0,1,2,1,3866
1,1,0,1,0,0.2,0.0,0.0,0.0,0.0,0,0,0,0,0.0,0.0,0,4,0,3867
1,7,1,1,1,0.4,1.0,1.0,0.0,0.0,1,1,0,1,0.0,1.0,0,4,0,3868
2,1,0,1,1,0.6,1.0,1.0,0.5,1.0,2,2,0,2,0.5,1.0,0,4,1,3869
2,6,1,1,1,0.8,1.0,1.0,0.6666666666666666,1.0,3,3,0,3,0.5,1.0,0,4,1,3870
3,7,1,1,1,1.0,1.0,1.0,0.75,1.0,4,4,0,4,0.5,1.0,0,4,1,3871
1,1,0,1,0,0.2,0.0,0.0,0.0,0.0,0,0,0,0,0.0,0.0,2,4,0,3872
1,7,1,1,1,0.4,1.0,1.0,0.0,0.0,1,1,0,1,0.0,1.0,2,4,0,3873
2,1,0,1,1,0.6,1.0,1.0,0.5,1.0,2,2,0,2,0.5,1.0,2,4,1,3874
2,6,1,1,1,0.8,1.0,1.0,0.6666666666666666,1.0,3,3,0,3,0.5,1.0,2,4,1,3875
3,7,1,1,1,1.0,1.0,1.0,0.75,1.0,4,4,0,4,0.5,1.0,2,4,1,3876
1,2,3,0,0,0.1667,0.0,0.0,0.0,0.0,0,0,0,0,0.0,0.0,1,4,0,3877
1,1,0,1,0,0.3333,0.0,0.0,0.0,0.0,1,0,0,0,0.0,0.0,1,4,0,3878
1,1,0,1,0,0.5,0.5,1.0,0.0,0.0,2,1,0,1,0.0,0.5,1,4,0,3879
2,7,1,1,1,0.6667,0.6666666666666666,1.0,0.0,0.0,3,2,0,2,0.0,0.6666666666666666,1,4,0,3880
2,7,1,1,1,0.8333,0.75,1.0,0.25,1.0,4,3,0,3,0.5,0.75,1,4,1,3881
3,6,1,1,1,1.0,0.8,1.0,0.4,1.0,5,4,0,4,0.5,0.8,1,4,1,3882
1,2,3,0,0,0.1667,0.0,0.0,0.0,0.0,0,0,0,0,0.0,0.0,2,2,0,3883
1,1,0,1,0,0.3333,0.0,0.0,0.0,0.0,1,0,0,0,0.0,0.0,2,2,0,3884
1,1,0,1,0,0.5,0.5,1.0,0.0,0.0,2,1,0,1,0.0,0.5,2,2,0,3885
2,7,1,1,1,0.6667,0.6666666666666666,1.0,0.0,0.0,3,2,0,2,0.0,0.6666666666666666,2,2,0,3886
2,7,1,1,1,0.8333,0.75,1.0,0.25,1.0,4,3,0,3,0.5,0.75,2,2,1,3887
3,6,1,1,1,1.0,0.8,1.0,0.4,1.0,5,4,0,4,0.5,0.8,2,2,1,3888
1,1,0,1,0,0.2,0.0,0.0,0.0,0.0,0,0,0,0,0.0,0.0,3,3,0,3889
1,7,1,1,1,0.4,1.0,1.0,0.0,0.0,1,1,0,1,0.0,1.0,3,3,0,3890
2,1,0,1,1,0.6,1.0,1.0,0.5,1.0,2,2,0,2,0.5,1.0,3,3,1,3891
2,6,1,1,1,0.8,1.0,1.0,0.6666666666666666,1.0,3,3,0,3,0.5,1.0,3,3,1,3892
3,7,1,1,1,1.0,1.0,1.0,0.75,1.0,4,4,0,4,0.5,1.0,3,3,1,3893
1,2,3,0,0,0.1667,0.0,0.0,0.0,0.0,0,0,0,0,0.0,0.0,1,2,0,3894
1,1,0,1,0,0.3333,0.0,0.0,0.0,0.0,1,0,0,0,0.0,0.0,1,2,0,3895
1,1,0,1,0,0.5,0.5,1.0,0.0,0.0,2,1,0,1,0.0,0.5,1,2,0,3896
2,7,1,1,1,0.6667,0.6666666666666666,1.0,0.0,0.0,3,2,0,2,0.0,0.6666666666666666,1,2,0,3897
2,7,1,1,1,0.8333,0.75,1.0,0.25,1.0,4,3,0,3,0.5,0.75,1,2,1,3898
3,6,1,1,1,1.0,0.8,1.0,0.4,1.0,5,4,0,4,0.5,0.8,1,2,1,3899
1,2,3,0,0,0.1667,0.0,0.0,0.0,0.0,0,0,0,0,0.0,0.0,1,3,0,3900
1,1,0,1,0,0.3333,0.0,0.0,0.0,0.0,1,0,0,0,0.0,0.0,1,3,0,3901
1,1,0,1,0,0.5,0.5,1.0,0.0,0.0,2,1,0,1,0.0,0.5,1,3,0,3902
2,7,1,1,1,0.6667,0.6666666666666666,1.0,0.0,0.0,3,2,0,2,0.0,0.6666666666666666,1,3,0,3903
2,7,1,1,1,0.8333,0.75,1.0,0.25,1.0,4,3,0,3,0.5,0.75,1,3,1,3904
3,6,1,1,1,1.0,0.8,1.0,0.4,1.0,5,4,0,4,0.5,0.8,1,3,1,3905
1,0,0,0,0,0.1429,0.0,0.0,0.0,0.0,0,0,0,0,0.0,0.0,3,2,0,3906
1,1,0,0,0,0.2857,0.0,0.0,0.0,0.0,1,0,0,0,0.0,0.0,3,2,0,3907
1,1,0,1,0,0.4286,0.0,0.0,0.0,0.0,2,0,0,0,0.0,0.0,3,2,0,3908
1,1,0,1,0,0.5714,0.3333333333333333,1.0,0.0,0.0,3,1,0,1,0.0,0.3333333333333333,3,2,0,3909
2,7,1,1,1,0.7143,0.5,1.0,0.0,0.0,4,2,0,2,0.0,0.5,3,2,0,3910
2,7,1,1,1,0.8571,0.6,1.0,0.2,1.0,5,3,0,3,0.5,0.6,3,2,1,3911
3,2,3,1,1,1.0,0.6666666666666666,1.0,0.3333333333333333,1.0,6,4,0,4,0.5,0.6666666666666666,3,2,1,3912
1,0,0,0,0,0.1429,0.0,0.0,0.0,0.0,0,0,0,0,0.0,0.0,2,2,0,3913
1,1,0,0,0,0.2857,0.0,0.0,0.0,0.0,1,0,0,0,0.0,0.0,2,2,0,3914
1,1,0,1,0,0.4286,0.0,0.0,0.0,0.0,2,0,0,0,0.0,0.0,2,2,0,3915
1,1,0,1,0,0.5714,0.3333333333333333,1.0,0.0,0.0,3,1,0,1,0.0,0.3333333333333333,2,2,0,3916
2,7,1,1,1,0.7143,0.5,1.0,0.0,0.0,4,2,0,2,0.0,0.5,2,2,0,3917
2,7,1,1,1,0.8571,0.6,1.0,0.2,1.0,5,3,0,3,0.5,0.6,2,2,1,3918
3,2,3,1,1,1.0,0.6666666666666666,1.0,0.3333333333333333,1.0,6,4,0,4,0.5,0.6666666666666666,2,2,1,3919
1,2,3,0,0,0.1667,0.0,0.0,0.0,0.0,0,0,0,0,0.0,0.0,1,4,0,3920
1,1,0,1,0,0.3333,0.0,0.0,0.0,0.0,1,0,0,0,0.0,0.0,1,4,0,3921
1,1,0,1,0,0.5,0.5,1.0,0.0,0.0,2,1,0,1,0.0,0.5,1,4,0,3922
2,7,1,1,1,0.6667,0.6666666666666666,1.0,0.0,0.0,3,2,0,2,0.0,0.6666666666666666,1,4,0,3923
2,7,1,1,1,0.8333,0.75,1.0,0.25,1.0,4,3,0,3,0.5,0.75,1,4,1,3924
3,6,1,1,1,1.0,0.8,1.0,0.4,1.0,5,4,0,4,0.5,0.8,1,4,1,3925
1,1,0,1,0,0.2,0.0,0.0,0.0,0.0,0,0,0,0,0.0,0.0,2,3,0,3926
1,7,1,1,1,0.4,1.0,1.0,0.0,0.0,1,1,0,1,0.0,1.0,2,3,0,3927
2,1,0,1,1,0.6,1.0,1.0,0.5,1.0,2,2,0,2,0.5,1.0,2,3,1,3928
2,6,1,1,1,0.8,1.0,1.0,0.6666666666666666,1.0,3,3,0,3,0.5,1.0,2,3,1,3929
3,7,1,1,1,1.0,1.0,1.0,0.75,1.0,4,4,0,4,0.5,1.0,2,3,1,3930
1,2,3,0,0,0.1667,0.0,0.0,0.0,0.0,0,0,0,0,0.0,0.0,2,4,0,3931
1,1,0,1,0,0.3333,0.0,0.0,0.0,0.0,1,0,0,0,0.0,0.0,2,4,0,3932
1,1,0,1,0,0.5,0.5,1.0,0.0,0.0,2,1,0,1,0.0,0.5,2,4,0,3933
2,7,1,1,1,0.6667,0.6666666666666666,1.0,0.0,0.0,3,2,0,2,0.0,0.6666666666666666,2,4,0,3934
2,7,1,1,1,0.8333,0.75,1.0,0.25,1.0,4,3,0,3,0.5,0.75,2,4,1,3935
3,6,1,1,1,1.0,0.8,1.0,0.4,1.0,5,4,0,4,0.5,0.8,2,4,1,3936
1,2,3,0,0,0.1667,0.0,0.0,0.0,0.0,0,0,0,0,0.0,0.0,1,2,0,3937
1,1,0,1,0,0.3333,0.0,0.0,0.0,0.0,1,0,0,0,0.0,0.0,1,2,0,3938
1,1,0,1,0,0.5,0.5,1.0,0.0,0.0,2,1,0,1,0.0,0.5,1,2,0,3939
2,7,1,1,1,0.6667,0.6666666666666666,1.0,0.0,0.0,3,2,0,2,0.0,0.6666666666666666,1,2,0,3940
2,7,1,1,1,0.8333,0.75,1.0,0.25,1.0,4,3,0,3,0.5,0.75,1,2,1,3941
3,6,1,1,1,1.0,0.8,1.0,0.4,1.0,5,4,0,4,0.5,0.8,1,2,1,3942
1,1,0,1,0,0.2,0.0,0.0,0.0,0.0,0,0,0,0,0.0,0.0,0,4,0,3943
1,7,1,1,1,0.4,1.0,1.0,0.0,0.0,1,1,0,1,0.0,1.0,0,4,0,3944
2,1,0,1,1,0.6,1.0,1.0,0.5,1.0,2,2,0,2,0.5,1.0,0,4,1,3945
2,6,1,1,1,0.8,1.0,1.0,0.6666666666666666,1.0,3,3,0,3,0.5,1.0,0,4,1,3946
3,7,1,1,1,1.0,1.0,1.0,0.75,1.0,4,4,0,4,0.5,1.0,0,4,1,3947
1,1,0,1,0,0.2,0.0,0.0,0.0,0.0,0,0,0,0,0.0,0.0,1,3,0,3948
1,7,1,1,1,0.4,1.0,1.0,0.0,0.0,1,1,0,1,0.0,1.0,1,3,0,3949
2,1,0,1,1,0.6,1.0,1.0,0.5,1.0,2,2,0,2,0.5,1.0,1,3,1,3950
2,6,1,1,1,0.8,1.0,1.0,0.6666666666666666,1.0,3,3,0,3,0.5,1.0,1,3,1,3951
3,7,1,1,1,1.0,1.0,1.0,0.75,1.0,4,4,0,4,0.5,1.0,1,3,1,3952
1,2,3,0,0,0.1667,0.0,0.0,0.0,0.0,0,0,0,0,0.0,0.0,2,3,0,3953
1,1,0,1,0,0.3333,0.0,0.0,0.0,0.0,1,0,0,0,0.0,0.0,2,3,0,3954
1,1,0,1,0,0.5,0.5,1.0,0.0,0.0,2,1,0,1,0.0,0.5,2,3,0,3955
2,7,1,1,1,0.6667,0.6666666666666666,1.0,0.0,0.0,3,2,0,2,0.0,0.6666666666666666,2,3,0,3956
2,7,1,1,1,0.8333,0.75,1.0,0.25,1.0,4,3,0,3,0.5,0.75,2,3,1,3957
3,6,1,1,1,1.0,0.8,1.0,0.4,1.0,5,4,0,4,0.5,0.8,2,3,1,3958
1,2,3,0,0,0.1667,0.0,0.0,0.0,0.0,0,0,0,0,0.0,0.0,0,3,0,3959
1,1,0,1,0,0.3333,0.0,0.0,0.0,0.0,1,0,0,0,0.0,0.0,0,3,0,3960
1,1,0,1,0,0.5,0.5,1.0,0.0,0.0,2,1,0,1,0.0,0.5,0,3,0,3961
2,7,1,1,1,0.6667,0.6666666666666666,1.0,0.0,0.0,3,2,0,2,0.0,0.6666666666666666,0,3,0,3962
2,7,1,1,1,0.8333,0.75,1.0,0.25,1.0,4,3,0,3,0.5,0.75,0,3,1,3963
3,6,1,1,1,1.0,0.8,1.0,0.4,1.0,5,4,0,4,0.5,0.8,0,3,1,3964
1,1,0,1,0,0.2,0.0,0.0,0.0,0.0,0,0,0,0,0.0,0.0,3,2,0,3965
1,7,1,1,1,0.4,1.0,1.0,0.0,0.0,1,1,0,1,0.0,1.0,3,2,0,3966
2,1,0,1,1,0.6,1.0,1.0,0.5,1.0,2,2,0,2,0.5,1.0,3,2,1,3967
2,6,1,1,1,0.8,1.0,1.0,0.6666666666666666,1.0,3,3,0,3,0.5,1.0,3,2,1,3968
3,7,1,1,1,1.0,1.0,1.0,0.75,1.0,4,4,0,4,0.5,1.0,3,2,1,3969
1,0,0,0,0,0.1429,0.0,0.0,0.0,0.0,0,0,0,0,0.0,0.0,0,2,0,3970
1,1,0,0,0,0.2857,0.0,0.0,0.0,0.0,1,0,0,0,0.0,0.0,0,2,0,3971
1,1,0,1,0,0.4286,0.0,0.0,0.0,0.0,2,0,0,0,0.0,0.0,0,2,0,3972
1,1,0,1,0,0.5714,0.3333333333333333,1.0,0.0,0.0,3,1,0,1,0.0,0.3333333333333333,0,2,0,3973
2,7,1,1,1,0.7143,0.5,1.0,0.0,0.0,4,2,0,2,0.0,0.5,0,2,0,3974
2,7,1,1,1,0.8571,0.6,1.0,0.2,1.0,5,3,0,3,0.5,0.6,0,2,1,3975
3,2,3,1,1,1.0,0.6666666666666666,1.0,0.3333333333333333,1.0,6,4,0,4,0.5,0.6666666666666666,0,2,1,3976
1,1,0,1,0,0.2,0.0,0.0,0.0,0.0,0,0,0,0,0.0,0.0,1,3,0,3977
1,7,1,1,1,0.4,1.0,1.0,0.0,0.0,1,1,0,1,0.0,1.0,1,3,0,3978
2,1,0,1,1,0.6,1.0,1.0,0.5,1.0,2,2,0,2,0.5,1.0,1,3,1,3979
2,6,1,1,1,0.8,1.0,1.0,0.6666666666666666,1.0,3,3,0,3,0.5,1.0,1,3,1,3980
3,7,1,1,1,1.0,1.0,1.0,0.75,1.0,4,4,0,4,0.5,1.0,1,3,1,3981
1,1,0,1,0,0.2,0.0,0.0,0.0,0.0,0,0,0,0,0.0,0.0,2,3,0,3982
1,7,1,1,1,0.4,1.0,1.0,0.0,0.0,1,1,0,1,0.0,1.0,2,3,0,3983
2,1,0,1,1,0.6,1.0,1.0,0.5,1.0,2,2,0,2,0.5,1.0,2,3,1,3984
2,6,1,1,1,0.8,1.0,1.0,0.6666666666666666,1.0,3,3,0,3,0.5,1.0,2,3,1,3985
3,7,1,1,1,1.0,1.0,1.0,0.75,1.0,4,4,0,4,0.5,1.0,2,3,1,3986
1,1,0,1,0,0.2,0.0,0.0,0.0,0.0,0,0,0,0,0.0,0.0,3,3,0,3987
1,7,1,1,1,0.4,1.0,1.0,0.0,0.0,1,1,0,1,0.0,1.0,3,3,0,3988
2,1,0,1,1,0.6,1.0,1.0,0.5,1.0,2,2,0,2,0.5,1.0,3,3,1,3989
2,6,1,1,1,0.8,1.0,1.0,0.6666666666666666,1.0,3,3,0,3,0.5,1.0,3,3,1,3990
3,7,1,1,1,1.0,1.0,1.0,0.75,1.0,4,4,0,4,0.5,1.0,3,3,1,3991
1,2,3,0,0,0.1667,0.0,0.0,0.0,0.0,0,0,0,0,0.0,0.0,3,2,0,3992
1,1,0,1,0,0.3333,0.0,0.0,0.0,0.0,1,0,0,0,0.0,0.0,3,2,0,3993
1,1,0,1,0,0.5,0.5,1.0,0.0,0.0,2,1,0,1,0.0,0.5,3,2,0,3994
2,7,1,1,1,0.6667,0.6666666666666666,1.0,0.0,0.0,3,2,0,2,0.0,0.6666666666666666,3,2,0,3995
2,7,1,1,1,0.8333,0.75,1.0,0.25,1.0,4,3,0,3,0.5,0.75,3,2,1,3996
3,6,1,1,1,1.0,0.8,1.0,0.4,1.0,5,4,0,4,0.5,0.8,3,2,1,3997
1,2,3,0,0,0.1667,0.0,0.0,0.0,0.0,0,0,0,0,0.0,0.0,0,2,0,3998
1,1,0,1,0,0.3333,0.0,0.0,0.0,0.0,1,0,0,0,0.0,0.0,0,2,0,3999
1,1,0,1,0,0.5,0.5,1.0,0.0,0.0,2,1,0,1,0.0,0.5,0,2,0,4000
2,7,1,1,1,0.6667,0.6666666666666666,1.0,0.0,0.0,3,2,0,2,0.0,0.6666666666666666,0,2,0,4001
2,7,1,1,1,0.8333,0.75,1.0,0.25,1.0,4,3,0,3,0.5,0.75,0,2,1,4002
3,6,1,1,1,1.0,0.8,1.0,0.4,1.0,5,4,0,4,0.5,0.8,0,2,1,4003
1,0,0,0,0,0.1429,0.0,0.0,0.0,0.0,0,0,0,0,0.0,0.0,2,3,0,4004
1,1,0,0,0,0.2857,0.0,0.0,0.0,0.0,1,0,0,0,0.0,0.0,2,3,0,4005
1,1,0,1,0,0.4286,0.0,0.0,0.0,0.0,2,0,0,0,0.0,0.0,2,3,0,4006
1,1,0,1,0,0.5714,0.3333333333333333,1.0,0.0,0.0,3,1,0,1,0.0,0.3333333333333333,2,3,0,4007
2,7,1,1,1,0.7143,0.5,1.0,0.0,0.0,4,2,0,2,0.0,0.5,2,3,0,4008
2,7,1,1,1,0.8571,0.6,1.0,0.2,1.0,5,3,0,3,0.5,0.6,2,3,1,4009
3,2,3,1,1,1.0,0.6666666666666666,1.0,0.3333333333333333,1.0,6,4,0,4,0.5,0.6666666666666666,2,3,1,4010
1,1,0,1,0,0.2,0.0,0.0,0.0,0.0,0,0,0,0,0.0,0.0,3,4,0,4011
1,7,1,1,1,0.4,1.0,1.0,0.0,0.0,1,1,0,1,0.0,1.0,3,4,0,4012
2,1,0,1,1,0.6,1.0,1.0,0.5,1.0,2,2,0,2,0.5,1.0,3,4,1,4013
2,6,1,1,1,0.8,1.0,1.0,0.6666666666666666,1.0,3,3,0,3,0.5,1.0,3,4,1,4014
3,7,1,1,1,1.0,1.0,1.0,0.75,1.0,4,4,0,4,0.5,1.0,3,4,1,4015
1,1,0,1,0,0.2,0.0,0.0,0.0,0.0,0,0,0,0,0.0,0.0,2,4,0,4016
1,7,1,1,1,0.4,1.0,1.0,0.0,0.0,1,1,0,1,0.0,1.0,2,4,0,4017
2,1,0,1,1,0.6,1.0,1.0,0.5,1.0,2,2,0,2,0.5,1.0,2,4,1,4018
2,6,1,1,1,0.8,1.0,1.0,0.6666666666666666,1.0,3,3,0,3,0.5,1.0,2,4,1,4019
3,7,1,1,1,1.0,1.0,1.0,0.75,1.0,4,4,0,4,0.5,1.0,2,4,1,4020
1,0,0,0,0,0.1429,0.0,0.0,0.0,0.0,0,0,0,0,0.0,0.0,2,2,0,4021
1,1,0,0,0,0.2857,0.0,0.0,0.0,0.0,1,0,0,0,0.0,0.0,2,2,0,4022
1,1,0,1,0,0.4286,0.0,0.0,0.0,0.0,2,0,0,0,0.0,0.0,2,2,0,4023
1,1,0,1,0,0.5714,0.3333333333333333,1.0,0.0,0.0,3,1,0,1,0.0,0.3333333333333333,2,2,0,4024
2,7,1,1,1,0.7143,0.5,1.0,0.0,0.0,4,2,0,2,0.0,0.5,2,2,0,4025
2,7,1,1,1,0.8571,0.6,1.0,0.2,1.0,5,3,0,3,0.5,0.6,2,2,1,4026
3,2,3,1,1,1.0,0.6666666666666666,1.0,0.3333333333333333,1.0,6,4,0,4,0.5,0.6666666666666666,2,2,1,4027
1,1,0,1,0,0.2,0.0,0.0,0.0,0.0,0,0,0,0,0.0,0.0,3,4,0,4028
1,7,1,1,1,0.4,1.0,1.0,0.0,0.0,1,1,0,1,0.0,1.0,3,4,0,4029
2,1,0,1,1,0.6,1.0,1.0,0.5,1.0,2,2,0,2,0.5,1.0,3,4,1,4030
2,6,1,1,1,0.8,1.0,1.0,0.6666666666666666,1.0,3,3,0,3,0.5,1.0,3,4,1,4031
3,7,1,1,1,1.0,1.0,1.0,0.75,1.0,4,4,0,4,0.5,1.0,3,4,1,4032
1,2,3,0,0,0.1667,0.0,0.0,0.0,0.0,0,0,0,0,0.0,0.0,2,4,0,4033
1,1,0,1,0,0.3333,0.0,0.0,0.0,0.0,1,0,0,0,0.0,0.0,2,4,0,4034
1,1,0,1,0,0.5,0.5,1.0,0.0,0.0,2,1,0,1,0.0,0.5,2,4,0,4035
2,7,1,1,1,0.6667,0.6666666666666666,1.0,0.0,0.0,3,2,0,2,0.0,0.6666666666666666,2,4,0,4036
2,7,1,1,1,0.8333,0.75,1.0,0.25,1.0,4,3,0,3,0.5,0.75,2,4,1,4037
3,6,1,1,1,1.0,0.8,1.0,0.4,1.0,5,4,0,4,0.5,0.8,2,4,1,4038
1,0,0,0,0,0.1429,0.0,0.0,0.0,0.0,0,0,0,0,0.0,0.0,0,3,0,4039
1,1,0,0,0,0.2857,0.0,0.0,0.0,0.0,1,0,0,0,0.0,0.0,0,3,0,4040
1,1,0,1,0,0.4286,0.0,0.0,0.0,0.0,2,0,0,0,0.0,0.0,0,3,0,4041
1,1,0,1,0,0.5714,0.3333333333333333,1.0,0.0,0.0,3,1,0,1,0.0,0.3333333333333333,0,3,0,4042
2,7,1,1,1,0.7143,0.5,1.0,0.0,0.0,4,2,0,2,0.0,0.5,0,3,0,4043
2,7,1,1,1,0.8571,0.6,1.0,0.2,1.0,5,3,0,3,0.5,0.6,0,3,1,4044
3,2,3,1,1,1.0,0.6666666666666666,1.0,0.3333333333333333,1.0,6,4,0,4,0.5,0.6666666666666666,0,3,1,4045
1,2,3,0,0,0.1667,0.0,0.0,0.0,0.0,0,0,0,0,0.0,0.0,3,4,0,4046
1,1,0,1,0,0.3333,0.0,0.0,0.0,0.0,1,0,0,0,0.0,0.0,3,4,0,4047
1,1,0,1,0,0.5,0.5,1.0,0.0,0.0,2,1,0,1,0.0,0.5,3,4,0,4048
2,7,1,1,1,0.6667,0.6666666666666666,1.0,0.0,0.0,3,2,0,2,0.0,0.6666666666666666,3,4,0,4049
2,7,1,1,1,0.8333,0.75,1.0,0.25,1.0,4,3,0,3,0.5,0.75,3,4,1,4050
3,6,1,1,1,1.0,0.8,1.0,0.4,1.0,5,4,0,4,0.5,0.8,3,4,1,4051
1,0,0,0,0,0.1429,0.0,0.0,0.0,0.0,0,0,0,0,0.0,0.0,0,2,0,4052
1,1,0,0,0,0.2857,0.0,0.0,0.0,0.0,1,0,0,0,0.0,0.0,0,2,0,4053
1,1,0,1,0,0.4286,0.0,0.0,0.0,0.0,2,0,0,0,0.0,0.0,0,2,0,4054
1,1,0,1,0,0.5714,0.3333333333333333,1.0,0.0,0.0,3,1,0,1,0.0,0.3333333333333333,0,2,0,4055
2,7,1,1,1,0.7143,0.5,1.0,0.0,0.0,4,2,0,2,0.0,0.5,0,2,0,4056
2,7,1,1,1,0.8571,0.6,1.0,0.2,1.0,5,3,0,3,0.5,0.6,0,2,1,4057
3,2,3,1,1,1.0,0.6666666666666666,1.0,0.3333333333333333,1.0,6,4,0,4,0.5,0.6666666666666666,0,2,1,4058
1,2,3,0,0,0.1667,0.0,0.0,0.0,0.0,0,0,0,0,0.0,0.0,3,3,0,4059
1,1,0,1,0,0.3333,0.0,0.0,0.0,0.0,1,0,0,0,0.0,0.0,3,3,0,4060
1,1,0,1,0,0.5,0.5,1.0,0.0,0.0,2,1,0,1,0.0,0.5,3,3,0,4061
2,7,1,1,1,0.6667,0.6666666666666666,1.0,0.0,0.0,3,2,0,2,0.0,0.6666666666666666,3,3,0,4062
2,7,1,1,1,0.8333,0.75,1.0,0.25,1.0,4,3,0,3,0.5,0.75,3,3,1,4063
3,6,1,1,1,1.0,0.8,1.0,0.4,1.0,5,4,0,4,0.5,0.8,3,3,1,4064
1,0,0,0,0,0.1429,0.0,0.0,0.0,0.0,0,0,0,0,0.0,0.0,0,3,0,4065
1,1,0,0,0,0.2857,0.0,0.0,0.0,0.0,1,0,0,0,0.0,0.0,0,3,0,4066
1,1,0,1,0,0.4286,0.0,0.0,0.0,0.0,2,0,0,0,0.0,0.0,0,3,0,4067
1,1,0,1,0,0.5714,0.3333333333333333,1.0,0.0,0.0,3,1,0,1,0.0,0.3333333333333333,0,3,0,4068
2,7,1,1,1,0.7143,0.5,1.0,0.0,0.0,4,2,0,2,0.0,0.5,0,3,0,4069
2,7,1,1,1,0.8571,0.6,1.0,0.2,1.0,5,3,0,3,0.5,0.6,0,3,1,4070
3,2,3,1,1,1.0,0.6666666666666666,1.0,0.3333333333333333,1.0,6,4,0,4,0.5,0.6666666666666666,0,3,1,4071
1,0,0,0,0,0.1429,0.0,0.0,0.0,0.0,0,0,0,0,0.0,0.0,3,4,0,4072
1,1,0,0,0,0.2857,0.0,0.0,0.0,0.0,1,0,0,0,0.0,0.0,3,4,0,4073
1,1,0,1,0,0.4286,0.0,0.0,0.0,0.0,2,0,0,0,0.0,0.0,3,4,0,4074
1,1,0,1,0,0.5714,0.3333333333333333,1.0,0.0,0.0,3,1,0,1,0.0,0.3333333333333333,3,4,0,4075
2,7,1,1,1,0.7143,0.5,1.0,0.0,0.0,4,2,0,2,0.0,0.5,3,4,0,4076
2,7,1,1,1,0.8571,0.6,1.0,0.2,1.0,5,3,0,3,0.5,0.6,3,4,1,4077
3,2,3,1,1,1.0,0.6666666666666666,1.0,0.3333333333333333,1.0,6,4,0,4,0.5,0.6666666666666666,3,4,1,4078
1,1,0,1,0,0.2,0.0,0.0,0.0,0.0,0,0,0,0,0.0,0.0,0,2,0,4079
1,7,1,1,1,0.4,1.0,1.0,0.0,0.0,1,1,0,1,0.0,1.0,0,2,0,4080
2,1,0,1,1,0.6,1.0,1.0,0.5,1.0,2,2,0,2,0.5,1.0,0,2,1,4081
2,6,1,1,1,0.8,1.0,1.0,0.6666666666666666,1.0,3,3,0,3,0.5,1.0,0,2,1,4082
3,7,1,1,1,1.0,1.0,1.0,0.75,1.0,4,4,0,4,0.5,1.0,0,2,1,4083
1,1,0,1,0,0.2,0.0,0.0,0.0,0.0,0,0,0,0,0.0,0.0,2,2,0,4084
1,7,1,1,1,0.4,1.0,1.0,0.0,0.0,1,1,0,1,0.0,1.0,2,2,0,4085
2,1,0,1,1,0.6,1.0,1.0,0.5,1.0,2,2,0,2,0.5,1.0,2,2,1,4086
2,6,1,1,1,0.8,1.0,1.0,0.6666666666666666,1.0,3,3,0,3,0.5,1.0,2,2,1,4087
3,7,1,1,1,1.0,1.0,1.0,0.75,1.0,4,4,0,4,0.5,1.0,2,2,1,4088
1,2,3,0,0,0.1667,0.0,0.0,0.0,0.0,0,0,0,0,0.0,0.0,0,2,0,4089
1,1,0,1,0,0.3333,0.0,0.0,0.0,0.0,1,0,0,0,0.0,0.0,0,2,0,4090
1,1,0,1,0,0.5,0.5,1.0,0.0,0.0,2,1,0,1,0.0,0.5,0,2,0,4091
2,7,1,1,1,0.6667,0.6666666666666666,1.0,0.0,0.0,3,2,0,2,0.0,0.6666666666666666,0,2,0,4092
2,7,1,1,1,0.8333,0.75,1.0,0.25,1.0,4,3,0,3,0.5,0.75,0,2,1,4093
3,6,1,1,1,1.0,0.8,1.0,0.4,1.0,5,4,0,4,0.5,0.8,0,2,1,4094
1,2,3,0,0,0.1667,0.0,0.0,0.0,0.0,0,0,0,0,0.0,0.0,0,2,0,4095
1,1,0,1,0,0.3333,0.0,0.0,0.0,0.0,1,0,0,0,0.0,0.0,0,2,0,4096
1,1,0,1,0,0.5,0.5,1.0,0.0,0.0,2,1,0,1,0.0,0.5,0,2,0,4097
2,7,1,1,1,0.6667,0.6666666666666666,1.0,0.0,0.0,3,2,0,2,0.0,0.6666666666666666,0,2,0,4098
2,7,1,1,1,0.8333,0.75,1.0,0.25,1.0,4,3,0,3,0.5,0.75,0,2,1,4099
3,6,1,1,1,1.0,0.8,1.0,0.4,1.0,5,4,0,4,0.5,0.8,0,2,1,4100
1,0,0,0,0,0.1429,0.0,0.0,0.0,0.0,0,0,0,0,0.0,0.0,0,4,0,4101
1,1,0,0,0,0.2857,0.0,0.0,0.0,0.0,1,0,0,0,0.0,0.0,0,4,0,4102
1,1,0,1,0,0.4286,0.0,0.0,0.0,0.0,2,0,0,0,0.0,0.0,0,4,0,4103
1,1,0,1,0,0.5714,0.3333333333333333,1.0,0.0,0.0,3,1,0,1,0.0,0.3333333333333333,0,4,0,4104
2,7,1,1,1,0.7143,0.5,1.0,0.0,0.0,4,2,0,2,0.0,0.5,0,4,0,4105
2,7,1,1,1,0.8571,0.6,1.0,0.2,1.0,5,3,0,3,0.5,0.6,0,4,1,4106
3,2,3,1,1,1.0,0.6666666666666666,1.0,0.3333333333333333,1.0,6,4,0,4,0.5,0.6666666666666666,0,4,1,4107
1,1,0,1,0,0.2,0.0,0.0,0.0,0.0,0,0,0,0,0.0,0.0,0,4,0,4108
1,7,1,1,1,0.4,1.0,1.0,0.0,0.0,1,1,0,1,0.0,1.0,0,4,0,4109
2,1,0,1,1,0.6,1.0,1.0,0.5,1.0,2,2,0,2,0.5,1.0,0,4,1,4110
2,6,1,1,1,0.8,1.0,1.0,0.6666666666666666,1.0,3,3,0,3,0.5,1.0,0,4,1,4111
3,7,1,1,1,1.0,1.0,1.0,0.75,1.0,4,4,0,4,0.5,1.0,0,4,1,4112
1,1,0,1,0,0.2,0.0,0.0,0.0,0.0,0,0,0,0,0.0,0.0,2,4,0,4113
1,7,1,1,1,0.4,1.0,1.0,0.0,0.0,1,1,0,1,0.0,1.0,2,4,0,4114
2,1,0,1,1,0.6,1.0,1.0,0.5,1.0,2,2,0,2,0.5,1.0,2,4,1,4115
2,6,1,1,1,0.8,1.0,1.0,0.6666666666666666,1.0,3,3,0,3,0.5,1.0,2,4,1,4116
3,7,1,1,1,1.0,1.0,1.0,0.75,1.0,4,4,0,4,0.5,1.0,2,4,1,4117
1,1,0,1,0,0.2,0.0,0.0,0.0,0.0,0,0,0,0,0.0,0.0,3,2,0,4118
1,7,1,1,1,0.4,1.0,1.0,0.0,0.0,1,1,0,1,0.0,1.0,3,2,0,4119
2,1,0,1,1,0.6,1.0,1.0,0.5,1.0,2,2,0,2,0.5,1.0,3,2,1,4120
2,6,1,1,1,0.8,1.0,1.0,0.6666666666666666,1.0,3,3,0,3,0.5,1.0,3,2,1,4121
3,7,1,1,1,1.0,1.0,1.0,0.75,1.0,4,4,0,4,0.5,1.0,3,2,1,4122
1,1,0,1,0,0.2,0.0,0.0,0.0,0.0,0,0,0,0,0.0,0.0,1,2,0,4123
1,7,1,1,1,0.4,1.0,1.0,0.0,0.0,1,1,0,1,0.0,1.0,1,2,0,4124
2,1,0,1,1,0.6,1.0,1.0,0.5,1.0,2,2,0,2,0.5,1.0,1,2,1,4125
2,6,1,1,1,0.8,1.0,1.0,0.6666666666666666,1.0,3,3,0,3,0.5,1.0,1,2,1,4126
3,7,1,1,1,1.0,1.0,1.0,0.75,1.0,4,4,0,4,0.5,1.0,1,2,1,4127
1,0,0,0,0,0.1429,0.0,0.0,0.0,0.0,0,0,0,0,0.0,0.0,1,2,0,4128
1,1,0,0,0,0.2857,0.0,0.0,0.0,0.0,1,0,0,0,0.0,0.0,1,2,0,4129
1,1,0,1,0,0.4286,0.0,0.0,0.0,0.0,2,0,0,0,0.0,0.0,1,2,0,4130
1,1,0,1,0,0.5714,0.3333333333333333,1.0,0.0,0.0,3,1,0,1,0.0,0.3333333333333333,1,2,0,4131
2,7,1,1,1,0.7143,0.5,1.0,0.0,0.0,4,2,0,2,0.0,0.5,1,2,0,4132
2,7,1,1,1,0.8571,0.6,1.0,0.2,1.0,5,3,0,3,0.5,0.6,1,2,1,4133
3,2,3,1,1,1.0,0.6666666666666666,1.0,0.3333333333333333,1.0,6,4,0,4,0.5,0.6666666666666666,1,2,1,4134
1,0,0,0,0,0.1429,0.0,0.0,0.0,0.0,0,0,0,0,0.0,0.0,2,3,0,4135
1,1,0,0,0,0.2857,0.0,0.0,0.0,0.0,1,0,0,0,0.0,0.0,2,3,0,4136
1,1,0,1,0,0.4286,0.0,0.0,0.0,0.0,2,0,0,0,0.0,0.0,2,3,0,4137
1,1,0,1,0,0.5714,0.3333333333333333,1.0,0.0,0.0,3,1,0,1,0.0,0.3333333333333333,2,3,0,4138
2,7,1,1,1,0.7143,0.5,1.0,0.0,0.0,4,2,0,2,0.0,0.5,2,3,0,4139
2,7,1,1,1,0.8571,0.6,1.0,0.2,1.0,5,3,0,3,0.5,0.6,2,3,1,4140
3,2,3,1,1,1.0,0.6666666666666666,1.0,0.3333333333333333,1.0,6,4,0,4,0.5,0.6666666666666666,2,3,1,4141
1,1,0,1,0,0.2,0.0,0.0,0.0,0.0,0,0,0,0,0.0,0.0,2,3,0,4142
1,7,1,1,1,0.4,1.0,1.0,0.0,0.0,1,1,0,1,0.0,1.0,2,3,0,4143
2,1,0,1,1,0.6,1.0,1.0,0.5,1.0,2,2,0,2,0.5,1.0,2,3,1,4144
2,6,1,1,1,0.8,1.0,1.0,0.6666666666666666,1.0,3,3,0,3,0.5,1.0,2,3,1,4145
3,7,1,1,1,1.0,1.0,1.0,0.75,1.0,4,4,0,4,0.5,1.0,2,3,1,4146
1,2,3,0,0,0.1667,0.0,0.0,0.0,0.0,0,0,0,0,0.0,0.0,2,3,0,4147
1,1,0,1,0,0.3333,0.0,0.0,0.0,0.0,1,0,0,0,0.0,0.0,2,3,0,4148
1,1,0,1,0,0.5,0.5,1.0,0.0,0.0,2,1,0,1,0.0,0.5,2,3,0,4149
2,7,1,1,1,0.6667,0.6666666666666666,1.0,0.0,0.0,3,2,0,2,0.0,0.6666666666666666,2,3,0,4150
2,7,1,1,1,0.8333,0.75,1.0,0.25,1.0,4,3,0,3,0.5,0.75,2,3,1,4151
3,6,1,1,1,1.0,0.8,1.0,0.4,1.0,5,4,0,4,0.5,0.8,2,3,1,4152
1,0,0,0,0,0.1429,0.0,0.0,0.0,0.0,0,0,0,0,0.0,0.0,0,4,0,4153
1,1,0,0,0,0.2857,0.0,0.0,0.0,0.0,1,0,0,0,0.0,0.0,0,4,0,4154
1,1,0,1,0,0.4286,0.0,0.0,0.0,0.0,2,0,0,0,0.0,0.0,0,4,0,4155
1,1,0,1,0,0.5714,0.3333333333333333,1.0,0.0,0.0,3,1,0,1,0.0,0.3333333333333333,0,4,0,4156
2,7,1,1,1,0.7143,0.5,1.0,0.0,0.0,4,2,0,2,0.0,0.5,0,4,0,4157
2,7,1,1,1,0.8571,0.6,1.0,0.2,1.0,5,3,0,3,0.5,0.6,0,4,1,4158
3,2,3,1,1,1.0,0.6666666666666666,1.0,0.3333333333333333,1.0,6,4,0,4,0.5,0.6666666666666666,0,4,1,4159
1,2,3,0,0,0.1667,0.0,0.0,0.0,0.0,0,0,0,0,0.0,0.0,0,3,0,4160
1,1,0,1,0,0.3333,0.0,0.0,0.0,0.0,1,0,0,0,0.0,0.0,0,3,0,4161
1,1,0,1,0,0.5,0.5,1.0,0.0,0.0,2,1,0,1,0.0,0.5,0,3,0,4162
2,7,1,1,1,0.6667,0.6666666666666666,1.0,0.0,0.0,3,2,0,2,0.0,0.6666666666666666,0,3,0,4163
2,7,1,1,1,0.8333,0.75,1.0,0.25,1.0,4,3,0,3,0.5,0.75,0,3,1,4164
3,6,1,1,1,1.0,0.8,1.0,0.4,1.0,5,4,0,4,0.5,0.8,0,3,1,4165
1,0,0,0,0,0.1429,0.0,0.0,0.0,0.0,0,0,0,0,0.0,0.0,2,3,0,4166
1,1,0,0,0,0.2857,0.0,0.0,0.0,0.0,1,0,0,0,0.0,0.0,2,3,0,4167
1,1,0,1,0,0.4286,0.0,0.0,0.0,0.0,2,0,0,0,0.0,0.0,2,3,0,4168
1,1,0,1,0,0.5714,0.3333333333333333,1.0,0.0,0.0,3,1,0,1,0.0,0.3333333333333333,2,3,0,4169
2,7,1,1,1,0.7143,0.5,1.0,0.0,0.0,4,2,0,2,0.0,0.5,2,3,0,4170
2,7,1,1,1,0.8571,0.6,1.0,0.2,1.0,5,3,0,3,0.5,0.6,2,3,1,4171
3,2,3,1,1,1.0,0.6666666666666666,1.0,0.3333333333333333,1.0,6,4,0,4,0.5,0.6666666666666666,2,3,1,4172
1,2,3,0,0,0.1667,0.0,0.0,0.0,0.0,0,0,0,0,0.0,0.0,2,2,0,4173
1,1,0,1,0,0.3333,0.0,0.0,0.0,0.0,1,0,0,0,0.0,0.0,2,2,0,4174
1,1,0,1,0,0.5,0.5,1.0,0.0,0.0,2,1,0,1,0.0,0.5,2,2,0,4175
2,7,1,1,1,0.6667,0.6666666666666666,1.0,0.0,0.0,3,2,0,2,0.0,0.6666666666666666,2,2,0,4176
2,7,1,1,1,0.8333,0.75,1.0,0.25,1.0,4,3,0,3,0.5,0.75,2,2,1,4177
3,6,1,1,1,1.0,0.8,1.0,0.4,1.0,5,4,0,4,0.5,0.8,2,2,1,4178
1,1,0,1,0,0.2,0.0,0.0,0.0,0.0,0,0,0,0,0.0,0.0,0,3,0,4179
1,7,1,1,1,0.4,1.0,1.0,0.0,0.0,1,1,0,1,0.0,1.0,0,3,0,4180
2,1,0,1,1,0.6,1.0,1.0,0.5,1.0,2,2,0,2,0.5,1.0,0,3,1,4181
2,6,1,1,1,0.8,1.0,1.0,0.6666666666666666,1.0,3,3,0,3,0.5,1.0,0,3,1,4182
3,7,1,1,1,1.0,1.0,1.0,0.75,1.0,4,4,0,4,0.5,1.0,0,3,1,4183
1,2,3,0,0,0.1667,0.0,0.0,0.0,0.0,0,0,0,0,0.0,0.0,3,2,0,4184
1,1,0,1,0,0.3333,0.0,0.0,0.0,0.0,1,0,0,0,0.0,0.0,3,2,0,4185
1,1,0,1,0,0.5,0.5,1.0,0.0,0.0,2,1,0,1,0.0,0.5,3,2,0,4186
2,7,1,1,1,0.6667,0.6666666666666666,1.0,0.0,0.0,3,2,0,2,0.0,0.6666666666666666,3,2,0,4187
2,7,1,1,1,0.8333,0.75,1.0,0.25,1.0,4,3,0,3,0.5,0.75,3,2,1,4188
3,6,1,1,1,1.0,0.8,1.0,0.4,1.0,5,4,0,4,0.5,0.8,3,2,1,4189
1,2,3,0,0,0.1667,0.0,0.0,0.0,0.0,0,0,0,0,0.0,0.0,3,3,0,4190
1,1,0,1,0,0.3333,0.0,0.0,0.0,0.0,1,0,0,0,0.0,0.0,3,3,0,4191
1,1,0,1,0,0.5,0.5,1.0,0.0,0.0,2,1,0,1,0.0,0.5,3,3,0,4192
2,7,1,1,1,0.6667,0.6666666666666666,1.0,0.0,0.0,3,2,0,2,0.0,0.6666666666666666,3,3,0,4193
2,7,1,1,1,0.8333,0.75,1.0,0.25,1.0,4,3,0,3,0.5,0.75,3,3,1,4194
3,6,1,1,1,1.0,0.8,1.0,0.4,1.0,5,4,0,4,0.5,0.8,3,3,1,4195
1,0,0,0,0,0.1429,0.0,0.0,0.0,0.0,0,0,0,0,0.0,0.0,1,2,0,4196
1,1,0,0,0,0.2857,0.0,0.0,0.0,0.0,1,0,0,0,0.0,0.0,1,2,0,4197
1,1,0,1,0,0.4286,0.0,0.0,0.0,0.0,2,0,0,0,0.0,0.0,1,2,0,4198
1,1,0,1,0,0.5714,0.3333333333333333,1.0,0.0,0.0,3,1,0,1,0.0,0.3333333333333333,1,2,0,4199
2,7,1,1,1,0.7143,0.5,1.0,0.0,0.0,4,2,0,2,0.0,0.5,1,2,0,4200
2,7,1,1,1,0.8571,0.6,1.0,0.2,1.0,5,3,0,3,0.5,0.6,1,2,1,4201
3,2,3,1,1,1.0,0.6666666666666666,1.0,0.3333333333333333,1.0,6,4,0,4,0.5,0.6666666666666666,1,2,1,4202
1,0,0,0,0,0.1429,0.0,0.0,0.0,0.0,0,0,0,0,0.0,0.0,0,4,0,4203
1,1,0,0,0,0.2857,0.0,0.0,0.0,0.0,1,0,0,0,0.0,0.0,0,4,0,4204
1,1,0,1,0,0.4286,0.0,0.0,0.0,0.0,2,0,0,0,0.0,0.0,0,4,0,4205
1,1,0,1,0,0.5714,0.3333333333333333,1.0,0.0,0.0,3,1,0,1,0.0,0.3333333333333333,0,4,0,4206
2,7,1,1,1,0.7143,0.5,1.0,0.0,0.0,4,2,0,2,0.0,0.5,0,4,0,4207
2,7,1,1,1,0.8571,0.6,1.0,0.2,1.0,5,3,0,3,0.5,0.6,0,4,1,4208
3,2,3,1,1,1.0,0.6666666666666666,1.0,0.3333333333333333,1.0,6,4,0,4,0.5,0.6666666666666666,0,4,1,4209
1,1,0,1,0,0.2,0.0,0.0,0.0,0.0,0,0,0,0,0.0,0.0,3,3,0,4210
1,7,1,1,1,0.4,1.0,1.0,0.0,0.0,1,1,0,1,0.0,1.0,3,3,0,4211
2,1,0,1,1,0.6,1.0,1.0,0.5,1.0,2,2,0,2,0.5,1.0,3,3,1,4212
2,6,1,1,1,0.8,1.0,1.0,0.6666666666666666,1.0,3,3,0,3,0.5,1.0,3,3,1,4213
3,7,1,1,1,1.0,1.0,1.0,0.75,1.0,4,4,0,4,0.5,1.0,3,3,1,4214
1,2,3,0,0,0.1667,0.0,0.0,0.0,0.0,0,0,0,0,0.0,0.0,0,3,0,4215
1,1,0,1,0,0.3333,0.0,0.0,0.0,0.0,1,0,0,0,0.0,0.0,0,3,0,4216
1,1,0,1,0,0.5,0.5,1.0,0.0,0.0,2,1,0,1,0.0,0.5,0,3,0,4217
2,7,1,1,1,0.6667,0.6666666666666666,1.0,0.0,0.0,3,2,0,2,0.0,0.6666666666666666,0,3,0,4218
2,7,1,1,1,0.8333,0.75,1.0,0.25,1.0,4,3,0,3,0.5,0.75,0,3,1,4219
3,6,1,1,1,1.0,0.8,1.0,0.4,1.0,5,4,0,4,0.5,0.8,0,3,1,4220
1,1,0,1,0,0.2,0.0,0.0,0.0,0.0,0,0,0,0,0.0,0.0,1,2,0,4221
1,7,1,1,1,0.4,1.0,1.0,0.0,0.0,1,1,0,1,0.0,1.0,1,2,0,4222
2,1,0,1,1,0.6,1.0,1.0,0.5,1.0,2,2,0,2,0.5,1.0,1,2,1,4223
2,6,1,1,1,0.8,1.0,1.0,0.6666666666666666,1.0,3,3,0,3,0.5,1.0,1,2,1,4224
3,7,1,1,1,1.0,1.0,1.0,0.75,1.0,4,4,0,4,0.5,1.0,1,2,1,4225
1,1,0,1,0,0.2,0.0,0.0,0.0,0.0,0,0,0,0,0.0,0.0,2,3,0,4226
1,7,1,1,1,0.4,1.0,1.0,0.0,0.0,1,1,0,1,0.0,1.0,2,3,0,4227
2,1,0,1,1,0.6,1.0,1.0,0.5,1.0,2,2,0,2,0.5,1.0,2,3,1,4228
2,6,1,1,1,0.8,1.0,1.0,0.6666666666666666,1.0,3,3,0,3,0.5,1.0,2,3,1,4229
3,7,1,1,1,1.0,1.0,1.0,0.75,1.0,4,4,0,4,0.5,1.0,2,3,1,4230
1,1,0,1,0,0.2,0.0,0.0,0.0,0.0,0,0,0,0,0.0,0.0,2,3,0,4231
1,7,1,1,1,0.4,1.0,1.0,0.0,0.0,1,1,0,1,0.0,1.0,2,3,0,4232
2,1,0,1,1,0.6,1.0,1.0,0.5,1.0,2,2,0,2,0.5,1.0,2,3,1,4233
2,6,1,1,1,0.8,1.0,1.0,0.6666666666666666,1.0,3,3,0,3,0.5,1.0,2,3,1,4234
3,7,1,1,1,1.0,1.0,1.0,0.75,1.0,4,4,0,4,0.5,1.0,2,3,1,4235
1,2,3,0,0,0.1667,0.0,0.0,0.0,0.0,0,0,0,0,0.0,0.0,3,4,0,4236
1,1,0,1,0,0.3333,0.0,0.0,0.0,0.0,1,0,0,0,0.0,0.0,3,4,0,4237
1,1,0,1,0,0.5,0.5,1.0,0.0,0.0,2,1,0,1,0.0,0.5,3,4,0,4238
2,7,1,1,1,0.6667,0.6666666666666666,1.0,0.0,0.0,3,2,0,2,0.0,0.6666666666666666,3,4,0,4239
2,7,1,1,1,0.8333,0.75,1.0,0.25,1.0,4,3,0,3,0.5,0.75,3,4,1,4240
3,6,1,1,1,1.0,0.8,1.0,0.4,1.0,5,4,0,4,0.5,0.8,3,4,1,4241
1,0,0,0,0,0.1429,0.0,0.0,0.0,0.0,0,0,0,0,0.0,0.0,0,2,0,4242
1,1,0,0,0,0.2857,0.0,0.0,0.0,0.0,1,0,0,0,0.0,0.0,0,2,0,4243
1,1,0,1,0,0.4286,0.0,0.0,0.0,0.0,2,0,0,0,0.0,0.0,0,2,0,4244
1,1,0,1,0,0.5714,0.3333333333333333,1.0,0.0,0.0,3,1,0,1,0.0,0.3333333333333333,0,2,0,4245
2,7,1,1,1,0.7143,0.5,1.0,0.0,0.0,4,2,0,2,0.0,0.5,0,2,0,4246
2,7,1,1,1,0.8571,0.6,1.0,0.2,1.0,5,3,0,3,0.5,0.6,0,2,1,4247
3,2,3,1,1,1.0,0.6666666666666666,1.0,0.3333333333333333,1.0,6,4,0,4,0.5,0.6666666666666666,0,2,1,4248
1,1,0,1,0,0.2,0.0,0.0,0.0,0.0,0,0,0,0,0.0,0.0,1,4,0,4249
1,7,1,1,1,0.4,1.0,1.0,0.0,0.0,1,1,0,1,0.0,1.0,1,4,0,4250
2,1,0,1,1,0.6,1.0,1.0,0.5,1.0,2,2,0,2,0.5,1.0,1,4,1,4251
2,6,1,1,1,0.8,1.0,1.0,0.6666666666666666,1.0,3,3,0,3,0.5,1.0,1,4,1,4252
3,7,1,1,1,1.0,1.0,1.0,0.75,1.0,4,4,0,4,0.5,1.0,1,4,1,4253
1,0,0,0,0,0.1429,0.0,0.0,0.0,0.0,0,0,0,0,0.0,0.0,0,4,0,4254
1,1,0,0,0,0.2857,0.0,0.0,0.0,0.0,1,0,0,0,0.0,0.0,0,4,0,4255
1,1,0,1,0,0.4286,0.0,0.0,0.0,0.0,2,0,0,0,0.0,0.0,0,4,0,4256
1,1,0,1,0,0.5714,0.3333333333333333,1.0,0.0,0.0,3,1,0,1,0.0,0.3333333333333333,0,4,0,4257
2,7,1,1,1,0.7143,0.5,1.0,0.0,0.0,4,2,0,2,0.0,0.5,0,4,0,4258
2,7,1,1,1,0.8571,0.6,1.0,0.2,1.0,5,3,0,3,0.5,0.6,0,4,1,4259
3,2,3,1,1,1.0,0.6666666666666666,1.0,0.3333333333333333,1.0,6,4,0,4,0.5,0.6666666666666666,0,4,1,4260
1,2,3,0,0,0.1667,0.0,0.0,0.0,0.0,0,0,0,0,0.0,0.0,2,3,0,4261
1,1,0,1,0,0.3333,0.0,0.0,0.0,0.0,1,0,0,0,0.0,0.0,2,3,0,4262
1,1,0,1,0,0.5,0.5,1.0,0.0,0.0,2,1,0,1,0.0,0.5,2,3,0,4263
2,7,1,1,1,0.6667,0.6666666666666666,1.0,0.0,0.0,3,2,0,2,0.0,0.6666666666666666,2,3,0,4264
2,7,1,1,1,0.8333,0.75,1.0,0.25,1.0,4,3,0,3,0.5,0.75,2,3,1,4265
3,6,1,1,1,1.0,0.8,1.0,0.4,1.0,5,4,0,4,0.5,0.8,2,3,1,4266
1,1,0,1,0,0.2,0.0,0.0,0.0,0.0,0,0,0,0,0.0,0.0,1,3,0,4267
1,7,1,1,1,0.4,1.0,1.0,0.0,0.0,1,1,0,1,0.0,1.0,1,3,0,4268
2,1,0,1,1,0.6,1.0,1.0,0.5,1.0,2,2,0,2,0.5,1.0,1,3,1,4269
2,6,1,1,1,0.8,1.0,1.0,0.6666666666666666,1.0,3,3,0,3,0.5,1.0,1,3,1,4270
3,7,1,1,1,1.0,1.0,1.0,0.75,1.0,4,4,0,4,0.5,1.0,1,3,1,4271
1,0,0,0,0,0.1429,0.0,0.0,0.0,0.0,0,0,0,0,0.0,0.0,2,3,0,4272
1,1,0,0,0,0.2857,0.0,0.0,0.0,0.0,1,0,0,0,0.0,0.0,2,3,0,4273
1,1,0,1,0,0.4286,0.0,0.0,0.0,0.0,2,0,0,0,0.0,0.0,2,3,0,4274
1,1,0,1,0,0.5714,0.3333333333333333,1.0,0.0,0.0,3,1,0,1,0.0,0.3333333333333333,2,3,0,4275
2,7,1,1,1,0.7143,0.5,1.0,0.0,0.0,4,2,0,2,0.0,0.5,2,3,0,4276
2,7,1,1,1,0.8571,0.6,1.0,0.2,1.0,5,3,0,3,0.5,0.6,2,3,1,4277
3,2,3,1,1,1.0,0.6666666666666666,1.0,0.3333333333333333,1.0,6,4,0,4,0.5,0.6666666666666666,2,3,1,4278
1,1,0,1,0,0.2,0.0,0.0,0.0,0.0,0,0,0,0,0.0,0.0,0,2,0,4279
1,7,1,1,1,0.4,1.0,1.0,0.0,0.0,1,1,0,1,0.0,1.0,0,2,0,4280
2,1,0,1,1,0.6,1.0,1.0,0.5,1.0,2,2,0,2,0.5,1.0,0,2,1,4281
2,6,1,1,1,0.8,1.0,1.0,0.6666666666666666,1.0,3,3,0,3,0.5,1.0,0,2,1,4282
3,7,1,1,1,1.0,1.0,1.0,0.75,1.0,4,4,0,4,0.5,1.0,0,2,1,4283
1,2,3,0,0,0.1667,0.0,0.0,0.0,0.0,0,0,0,0,0.0,0.0,2,4,0,4284
1,1,0,1,0,0.3333,0.0,0.0,0.0,0.0,1,0,0,0,0.0,0.0,2,4,0,4285
1,1,0,1,0,0.5,0.5,1.0,0.0,0.0,2,1,0,1,0.0,0.5,2,4,0,4286
2,7,1,1,1,0.6667,0.6666666666666666,1.0,0.0,0.0,3,2,0,2,0.0,0.6666666666666666,2,4,0,4287
2,7,1,1,1,0.8333,0.75,1.0,0.25,1.0,4,3,0,3,0.5,0.75,2,4,1,4288
3,6,1,1,1,1.0,0.8,1.0,0.4,1.0,5,4,0,4,0.5,0.8,2,4,1,4289
1,1,0,1,0,0.2,0.0,0.0,0.0,0.0,0,0,0,0,0.0,0.0,2,4,0,4290
1,7,1,1,1,0.4,1.0,1.0,0.0,0.0,1,1,0,1,0.0,1.0,2,4,0,4291
2,1,0,1,1,0.6,1.0,1.0,0.5,1.0,2,2,0,2,0.5,1.0,2,4,1,4292
2,6,1,1,1,0.8,1.0,1.0,0.6666666666666666,1.0,3,3,0,3,0.5,1.0,2,4,1,4293
3,7,1,1,1,1.0,1.0,1.0,0.75,1.0,4,4,0,4,0.5,1.0,2,4,1,4294
1,0,0,0,0,0.1429,0.0,0.0,0.0,0.0,0,0,0,0,0.0,0.0,1,2,0,4295
1,1,0,0,0,0.2857,0.0,0.0,0.0,0.0,1,0,0,0,0.0,0.0,1,2,0,4296
1,1,0,1,0,0.4286,0.0,0.0,0.0,0.0,2,0,0,0,0.0,0.0,1,2,0,4297
1,1,0,1,0,0.5714,0.3333333333333333,1.0,0.0,0.0,3,1,0,1,0.0,0.3333333333333333,1,2,0,4298
2,7,1,1,1,0.7143,0.5,1.0,0.0,0.0,4,2,0,2,0.0,0.5,1,2,0,4299
2,7,1,1,1,0.8571,0.6,1.0,0.2,1.0,5,3,0,3,0.5,0.6,1,2,1,4300
3,2,3,1,1,1.0,0.6666666666666666,1.0,0.3333333333333333,1.0,6,4,0,4,0.5,0.6666666666666666,1,2,1,4301
1,1,0,1,0,0.2,0.0,0.0,0.0,0.0,0,0,0,0,0.0,0.0,2,4,0,4302
1,7,1,1,1,0.4,1.0,1.0,0.0,0.0,1,1,0,1,0.0,1.0,2,4,0,4303
2,1,0,1,1,0.6,1.0,1.0,0.5,1.0,2,2,0,2,0.5,1.0,2,4,1,4304
2,6,1,1,1,0.8,1.0,1.0,0.6666666666666666,1.0,3,3,0,3,0.5,1.0,2,4,1,4305
3,7,1,1,1,1.0,1.0,1.0,0.75,1.0,4,4,0,4,0.5,1.0,2,4,1,4306
1,1,0,1,0,0.2,0.0,0.0,0.0,0.0,0,0,0,0,0.0,0.0,2,2,0,4307
1,7,1,1,1,0.4,1.0,1.0,0.0,0.0,1,1,0,1,0.0,1.0,2,2,0,4308
2,1,0,1,1,0.6,1.0,1.0,0.5,1.0,2,2,0,2,0.5,1.0,2,2,1,4309
2,6,1,1,1,0.8,1.0,1.0,0.6666666666666666,1.0,3,3,0,3,0.5,1.0,2,2,1,4310
3,7,1,1,1,1.0,1.0,1.0,0.75,1.0,4,4,0,4,0.5,1.0,2,2,1,4311
1,0,0,0,0,0.1429,0.0,0.0,0.0,0.0,0,0,0,0,0.0,0.0,2,4,0,4312
1,1,0,0,0,0.2857,0.0,0.0,0.0,0.0,1,0,0,0,0.0,0.0,2,4,0,4313
1,1,0,1,0,0.4286,0.0,0.0,0.0,0.0,2,0,0,0,0.0,0.0,2,4,0,4314
1,1,0,1,0,0.5714,0.3333333333333333,1.0,0.0,0.0,3,1,0,1,0.0,0.3333333333333333,2,4,0,4315
2,7,1,1,1,0.7143,0.5,1.0,0.0,0.0,4,2,0,2,0.0,0.5,2,4,0,4316
2,7,1,1,1,0.8571,0.6,1.0,0.2,1.0,5,3,0,3,0.5,0.6,2,4,1,4317
3,2,3,1,1,1.0,0.6666666666666666,1.0,0.3333333333333333,1.0,6,4,0,4,0.5,0.6666666666666666,2,4,1,4318
1,2,3,0,0,0.1667,0.0,0.0,0.0,0.0,0,0,0,0,0.0,0.0,3,2,0,4319
1,1,0,1,0,0.3333,0.0,0.0,0.0,0.0,1,0,0,0,0.0,0.0,3,2,0,4320
1,1,0,1,0,0.5,0.5,1.0,0.0,0.0,2,1,0,1,0.0,0.5,3,2,0,4321
2,7,1,1,1,0.6667,0.6666666666666666,1.0,0.0,0.0,3,2,0,2,0.0,0.6666666666666666,3,2,0,4322
2,7,1,1,1,0.8333,0.75,1.0,0.25,1.0,4,3,0,3,0.5,0.75,3,2,1,4323
3,6,1,1,1,1.0,0.8,1.0,0.4,1.0,5,4,0,4,0.5,0.8,3,2,1,4324
1,2,3,0,0,0.1667,0.0,0.0,0.0,0.0,0,0,0,0,0.0,0.0,3,4,0,4325
1,1,0,1,0,0.3333,0.0,0.0,0.0,0.0,1,0,0,0,0.0,0.0,3,4,0,4326
1,1,0,1,0,0.5,0.5,1.0,0.0,0.0,2,1,0,1,0.0,0.5,3,4,0,4327
2,7,1,1,1,0.6667,0.6666666666666666,1.0,0.0,0.0,3,2,0,2,0.0,0.6666666666666666,3,4,0,4328
2,7,1,1,1,0.8333,0.75,1.0,0.25,1.0,4,3,0,3,0.5,0.75,3,4,1,4329
3,6,1,1,1,1.0,0.8,1.0,0.4,1.0,5,4,0,4,0.5,0.8,3,4,1,4330
1,0,0,0,0,0.1429,0.0,0.0,0.0,0.0,0,0,0,0,0.0,0.0,1,2,0,4331
1,1,0,0,0,0.2857,0.0,0.0,0.0,0.0,1,0,0,0,0.0,0.0,1,2,0,4332
1,1,0,1,0,0.4286,0.0,0.0,0.0,0.0,2,0,0,0,0.0,0.0,1,2,0,4333
1,1,0,1,0,0.5714,0.3333333333333333,1.0,0.0,0.0,3,1,0,1,0.0,0.3333333333333333,1,2,0,4334
2,7,1,1,1,0.7143,0.5,1.0,0.0,0.0,4,2,0,2,0.0,0.5,1,2,0,4335
2,7,1,1,1,0.8571,0.6,1.0,0.2,1.0,5,3,0,3,0.5,0.6,1,2,1,4336
3,2,3,1,1,1.0,0.6666666666666666,1.0,0.3333333333333333,1.0,6,4,0,4,0.5,0.6666666666666666,1,2,1,4337
1,0,0,0,0,0.1429,0.0,0.0,0.0,0.0,0,0,0,0,0.0,0.0,3,2,0,4338
1,1,0,0,0,0.2857,0.0,0.0,0.0,0.0,1,0,0,0,0.0,0.0,3,2,0,4339
1,1,0,1,0,0.4286,0.0,0.0,0.0,0.0,2,0,0,0,0.0,0.0,3,2,0,4340
1,1,0,1,0,0.5714,0.3333333333333333,1.0,0.0,0.0,3,1,0,1,0.0,0.3333333333333333,3,2,0,4341
2,7,1,1,1,0.7143,0.5,1.0,0.0,0.0,4,2,0,2,0.0,0.5,3,2,0,4342
2,7,1,1,1,0.8571,0.6,1.0,0.2,1.0,5,3,0,3,0.5,0.6,3,2,1,4343
3,2,3,1,1,1.0,0.6666666666666666,1.0,0.3333333333333333,1.0,6,4,0,4,0.5,0.6666666666666666,3,2,1,4344
1,1,0,1,0,0.2,0.0,0.0,0.0,0.0,0,0,0,0,0.0,0.0,3,4,0,4345
1,7,1,1,1,0.4,1.0,1.0,0.0,0.0,1,1,0,1,0.0,1.0,3,4,0,4346
2,1,0,1,1,0.6,1.0,1.0,0.5,1.0,2,2,0,2,0.5,1.0,3,4,1,4347
2,6,1,1,1,0.8,1.0,1.0,0.6666666666666666,1.0,3,3,0,3,0.5,1.0,3,4,1,4348
3,7,1,1,1,1.0,1.0,1.0,0.75,1.0,4,4,0,4,0.5,1.0,3,4,1,4349
1,2,3,0,0,0.1667,0.0,0.0,0.0,0.0,0,0,0,0,0.0,0.0,2,2,0,4350
1,1,0,1,0,0.3333,0.0,0.0,0.0,0.0,1,0,0,0,0.0,0.0,2,2,0,4351
1,1,0,1,0,0.5,0.5,1.0,0.0,0.0,2,1,0,1,0.0,0.5,2,2,0,4352
2,7,1,1,1,0.6667,0.6666666666666666,1.0,0.0,0.0,3,2,0,2,0.0,0.6666666666666666,2,2,0,4353
2,7,1,1,1,0.8333,0.75,1.0,0.25,1.0,4,3,0,3,0.5,0.75,2,2,1,4354
3,6,1,1,1,1.0,0.8,1.0,0.4,1.0,5,4,0,4,0.5,0.8,2,2,1,4355
1,2,3,0,0,0.1667,0.0,0.0,0.0,0.0,0,0,0,0,0.0,0.0,2,4,0,4356
1,1,0,1,0,0.3333,0.0,0.0,0.0,0.0,1,0,0,0,0.0,0.0,2,4,0,4357
1,1,0,1,0,0.5,0.5,1.0,0.0,0.0,2,1,0,1,0.0,0.5,2,4,0,4358
2,7,1,1,1,0.6667,0.6666666666666666,1.0,0.0,0.0,3,2,0,2,0.0,0.6666666666666666,2,4,0,4359
2,7,1,1,1,0.8333,0.75,1.0,0.25,1.0,4,3,0,3,0.5,0.75,2,4,1,4360
3,6,1,1,1,1.0,0.8,1.0,0.4,1.0,5,4,0,4,0.5,0.8,2,4,1,4361
1,0,0,0,0,0.1429,0.0,0.0,0.0,0.0,0,0,0,0,0.0,0.0,3,2,0,4362
1,1,0,0,0,0.2857,0.0,0.0,0.0,0.0,1,0,0,0,0.0,0.0,3,2,0,4363
1,1,0,1,0,0.4286,0.0,0.0,0.0,0.0,2,0,0,0,0.0,0.0,3,2,0,4364
1,1,0,1,0,0.5714,0.3333333333333333,1.0,0.0,0.0,3,1,0,1,0.0,0.3333333333333333,3,2,0,4365
2,7,1,1,1,0.7143,0.5,1.0,0.0,0.0,4,2,0,2,0.0,0.5,3,2,0,4366
2,7,1,1,1,0.8571,0.6,1.0,0.2,1.0,5,3,0,3,0.5,0.6,3,2,1,4367
3,2,3,1,1,1.0,0.6666666666666666,1.0,0.3333333333333333,1.0,6,4,0,4,0.5,0.6666666666666666,3,2,1,4368
1,2,3,0,0,0.1667,0.0,0.0,0.0,0.0,0,0,0,0,0.0,0.0,0,3,0,4369
1,1,0,1,0,0.3333,0.0,0.0,0.0,0.0,1,0,0,0,0.0,0.0,0,3,0,4370
1,1,0,1,0,0.5,0.5,1.0,0.0,0.0,2,1,0,1,0.0,0.5,0,3,0,4371
2,7,1,1,1,0.6667,0.6666666666666666,1.0,0.0,0.0,3,2,0,2,0.0,0.6666666666666666,0,3,0,4372
2,7,1,1,1,0.8333,0.75,1.0,0.25,1.0,4,3,0,3,0.5,0.75,0,3,1,4373
3,6,1,1,1,1.0,0.8,1.0,0.4,1.0,5,4,0,4,0.5,0.8,0,3,1,4374
1,1,0,1,0,0.2,0.0,0.0,0.0,0.0,0,0,0,0,0.0,0.0,0,3,0,4375
1,7,1,1,1,0.4,1.0,1.0,0.0,0.0,1,1,0,1,0.0,1.0,0,3,0,4376
2,1,0,1,1,0.6,1.0,1.0,0.5,1.0,2,2,0,2,0.5,1.0,0,3,1,4377
2,6,1,1,1,0.8,1.0,1.0,0.6666666666666666,1.0,3,3,0,3,0.5,1.0,0,3,1,4378
3,7,1,1,1,1.0,1.0,1.0,0.75,1.0,4,4,0,4,0.5,1.0,0,3,1,4379
1,0,0,0,0,0.1429,0.0,0.0,0.0,0.0,0,0,0,0,0.0,0.0,3,3,0,4380
1,1,0,0,0,0.2857,0.0,0.0,0.0,0.0,1,0,0,0,0.0,0.0,3,3,0,4381
1,1,0,1,0,0.4286,0.0,0.0,0.0,0.0,2,0,0,0,0.0,0.0,3,3,0,4382
1,1,0,1,0,0.5714,0.3333333333333333,1.0,0.0,0.0,3,1,0,1,0.0,0.3333333333333333,3,3,0,4383
2,7,1,1,1,0.7143,0.5,1.0,0.0,0.0,4,2,0,2,0.0,0.5,3,3,0,4384
2,7,1,1,1,0.8571,0.6,1.0,0.2,1.0,5,3,0,3,0.5,0.6,3,3,1,4385
3,2,3,1,1,1.0,0.6666666666666666,1.0,0.3333333333333333,1.0,6,4,0,4,0.5,0.6666666666666666,3,3,1,4386
1,2,3,0,0,0.1667,0.0,0.0,0.0,0.0,0,0,0,0,0.0,0.0,2,2,0,4387
1,1,0,1,0,0.3333,0.0,0.0,0.0,0.0,1,0,0,0,0.0,0.0,2,2,0,4388
1,1,0,1,0,0.5,0.5,1.0,0.0,0.0,2,1,0,1,0.0,0.5,2,2,0,4389
2,7,1,1,1,0.6667,0.6666666666666666,1.0,0.0,0.0,3,2,0,2,0.0,0.6666666666666666,2,2,0,4390
2,7,1,1,1,0.8333,0.75,1.0,0.25,1.0,4,3,0,3,0.5,0.75,2,2,1,4391
3,6,1,1,1,1.0,0.8,1.0,0.4,1.0,5,4,0,4,0.5,0.8,2,2,1,4392
1,1,0,1,0,0.2,0.0,0.0,0.0,0.0,0,0,0,0,0.0,0.0,3,3,0,4393
1,7,1,1,1,0.4,1.0,1.0,0.0,0.0,1,1,0,1,0.0,1.0,3,3,0,4394
2,1,0,1,1,0.6,1.0,1.0,0.5,1.0,2,2,0,2,0.5,1.0,3,3,1,4395
2,6,1,1,1,0.8,1.0,1.0,0.6666666666666666,1.0,3,3,0,3,0.5,1.0,3,3,1,4396
3,7,1,1,1,1.0,1.0,1.0,0.75,1.0,4,4,0,4,0.5,1.0,3,3,1,4397
1,1,0,1,0,0.2,0.0,0.0,0.0,0.0,0,0,0,0,0.0,0.0,2,3,0,4398
1,7,1,1,1,0.4,1.0,1.0,0.0,0.0,1,1,0,1,0.0,1.0,2,3,0,4399
2,1,0,1,1,0.6,1.0,1.0,0.5,1.0,2,2,0,2,0.5,1.0,2,3,1,4400
2,6,1,1,1,0.8,1.0,1.0,0.6666666666666666,1.0,3,3,0,3,0.5,1.0,2,3,1,4401
3,7,1,1,1,1.0,1.0,1.0,0.75,1.0,4,4,0,4,0.5,1.0,2,3,1,4402
1,1,0,1,0,0.2,0.0,0.0,0.0,0.0,0,0,0,0,0.0,0.0,1,3,0,4403
1,7,1,1,1,0.4,1.0,1.0,0.0,0.0,1,1,0,1,0.0,1.0,1,3,0,4404
2,1,0,1,1,0.6,1.0,1.0,0.5,1.0,2,2,0,2,0.5,1.0,1,3,1,4405
2,6,1,1,1,0.8,1.0,1.0,0.6666666666666666,1.0,3,3,0,3,0.5,1.0,1,3,1,4406
3,7,1,1,1,1.0,1.0,1.0,0.75,1.0,4,4,0,4,0.5,1.0,1,3,1,4407
1,2,3,0,0,0.1667,0.0,0.0,0.0,0.0,0,0,0,0,0.0,0.0,2,4,0,4408
1,1,0,1,0,0.3333,0.0,0.0,0.0,0.0,1,0,0,0,0.0,0.0,2,4,0,4409
1,1,0,1,0,0.5,0.5,1.0,0.0,0.0,2,1,0,1,0.0,0.5,2,4,0,4410
2,7,1,1,1,0.6667,0.6666666666666666,1.0,0.0,0.0,3,2,0,2,0.0,0.6666666666666666,2,4,0,4411
2,7,1,1,1,0.8333,0.75,1.0,0.25,1.0,4,3,0,3,0.5,0.75,2,4,1,4412
3,6,1,1,1,1.0,0.8,1.0,0.4,1.0,5,4,0,4,0.5,0.8,2,4,1,4413
1,0,0,0,0,0.1429,0.0,0.0,0.0,0.0,0,0,0,0,0.0,0.0,2,4,0,4414
1,1,0,0,0,0.2857,0.0,0.0,0.0,0.0,1,0,0,0,0.0,0.0,2,4,0,4415
1,1,0,1,0,0.4286,0.0,0.0,0.0,0.0,2,0,0,0,0.0,0.0,2,4,0,4416
1,1,0,1,0,0.5714,0.3333333333333333,1.0,0.0,0.0,3,1,0,1,0.0,0.3333333333333333,2,4,0,4417
2,7,1,1,1,0.7143,0.5,1.0,0.0,0.0,4,2,0,2,0.0,0.5,2,4,0,4418
2,7,1,1,1,0.8571,0.6,1.0,0.2,1.0,5,3,0,3,0.5,0.6,2,4,1,4419
3,2,3,1,1,1.0,0.6666666666666666,1.0,0.3333333333333333,1.0,6,4,0,4,0.5,0.6666666666666666,2,4,1,4420
1,2,3,0,0,0.1667,0.0,0.0,0.0,0.0,0,0,0,0,0.0,0.0,3,4,0,4421
1,1,0,1,0,0.3333,0.0,0.0,0.0,0.0,1,0,0,0,0.0,0.0,3,4,0,4422
1,1,0,1,0,0.5,0.5,1.0,0.0,0.0,2,1,0,1,0.0,0.5,3,4,0,4423
2,7,1,1,1,0.6667,0.6666666666666666,1.0,0.0,0.0,3,2,0,2,0.0,0.6666666666666666,3,4,0,4424
2,7,1,1,1,0.8333,0.75,1.0,0.25,1.0,4,3,0,3,0.5,0.75,3,4,1,4425
3,6,1,1,1,1.0,0.8,1.0,0.4,1.0,5,4,0,4,0.5,0.8,3,4,1,4426
1,1,0,1,0,0.2,0.0,0.0,0.0,0.0,0,0,0,0,0.0,0.0,2,2,0,4427
1,7,1,1,1,0.4,1.0,1.0,0.0,0.0,1,1,0,1,0.0,1.0,2,2,0,4428
2,1,0,1,1,0.6,1.0,1.0,0.5,1.0,2,2,0,2,0.5,1.0,2,2,1,4429
2,6,1,1,1,0.8,1.0,1.0,0.6666666666666666,1.0,3,3,0,3,0.5,1.0,2,2,1,4430
3,7,1,1,1,1.0,1.0,1.0,0.75,1.0,4,4,0,4,0.5,1.0,2,2,1,4431
1,0,0,0,0,0.1429,0.0,0.0,0.0,0.0,0,0,0,0,0.0,0.0,3,3,0,4432
1,1,0,0,0,0.2857,0.0,0.0,0.0,0.0,1,0,0,0,0.0,0.0,3,3,0,4433
1,1,0,1,0,0.4286,0.0,0.0,0.0,0.0,2,0,0,0,0.0,0.0,3,3,0,4434
1,1,0,1,0,0.5714,0.3333333333333333,1.0,0.0,0.0,3,1,0,1,0.0,0.3333333333333333,3,3,0,4435
2,7,1,1,1,0.7143,0.5,1.0,0.0,0.0,4,2,0,2,0.0,0.5,3,3,0,4436
2,7,1,1,1,0.8571,0.6,1.0,0.2,1.0,5,3,0,3,0.5,0.6,3,3,1,4437
3,2,3,1,1,1.0,0.6666666666666666,1.0,0.3333333333333333,1.0,6,4,0,4,0.5,0.6666666666666666,3,3,1,4438
1,1,0,1,0,0.2,0.0,0.0,0.0,0.0,0,0,0,0,0.0,0.0,3,4,0,4439
1,7,1,1,1,0.4,1.0,1.0,0.0,0.0,1,1,0,1,0.0,1.0,3,4,0,4440
2,1,0,1,1,0.6,1.0,1.0,0.5,1.0,2,2,0,2,0.5,1.0,3,4,1,4441
2,6,1,1,1,0.8,1.0,1.0,0.6666666666666666,1.0,3,3,0,3,0.5,1.0,3,4,1,4442
3,7,1,1,1,1.0,1.0,1.0,0.75,1.0,4,4,0,4,0.5,1.0,3,4,1,4443
1,0,0,0,0,0.1429,0.0,0.0,0.0,0.0,0,0,0,0,0.0,0.0,2,4,0,4444
1,1,0,0,0,0.2857,0.0,0.0,0.0,0.0,1,0,0,0,0.0,0.0,2,4,0,4445
1,1,0,1,0,0.4286,0.0,0.0,0.0,0.0,2,0,0,0,0.0,0.0,2,4,0,4446
1,1,0,1,0,0.5714,0.3333333333333333,1.0,0.0,0.0,3,1,0,1,0.0,0.3333333333333333,2,4,0,4447
2,7,1,1,1,0.7143,0.5,1.0,0.0,0.0,4,2,0,2,0.0,0.5,2,4,0,4448
2,7,1,1,1,0.8571,0.6,1.0,0.2,1.0,5,3,0,3,0.5,0.6,2,4,1,4449
3,2,3,1,1,1.0,0.6666666666666666,1.0,0.3333333333333333,1.0,6,4,0,4,0.5,0.6666666666666666,2,4,1,4450
1,1,0,1,0,0.2,0.0,0.0,0.0,0.0,0,0,0,0,0.0,0.0,2,4,0,4451
1,7,1,1,1,0.4,1.0,1.0,0.0,0.0,1,1,0,1,0.0,1.0,2,4,0,4452
2,1,0,1,1,0.6,1.0,1.0,0.5,1.0,2,2,0,2,0.5,1.0,2,4,1,4453
2,6,1,1,1,0.8,1.0,1.0,0.6666666666666666,1.0,3,3,0,3,0.5,1.0,2,4,1,4454
3,7,1,1,1,1.0,1.0,1.0,0.75,1.0,4,4,0,4,0.5,1.0,2,4,1,4455
1,1,0,1,0,0.2,0.0,0.0,0.0,0.0,0,0,0,0,0.0,0.0,1,2,0,4456
1,7,1,1,1,0.4,1.0,1.0,0.0,0.0,1,1,0,1,0.0,1.0,1,2,0,4457
2,1,0,1,1,0.6,1.0,1.0,0.5,1.0,2,2,0,2,0.5,1.0,1,2,1,4458
2,6,1,1,1,0.8,1.0,1.0,0.6666666666666666,1.0,3,3,0,3,0.5,1.0,1,2,1,4459
3,7,1,1,1,1.0,1.0,1.0,0.75,1.0,4,4,0,4,0.5,1.0,1,2,1,4460
1,0,0,0,0,0.1429,0.0,0.0,0.0,0.0,0,0,0,0,0.0,0.0,3,2,0,4461
1,1,0,0,0,0.2857,0.0,0.0,0.0,0.0,1,0,0,0,0.0,0.0,3,2,0,4462
1,1,0,1,0,0.4286,0.0,0.0,0.0,0.0,2,0,0,0,0.0,0.0,3,2,0,4463
1,1,0,1,0,0.5714,0.3333333333333333,1.0,0.0,0.0,3,1,0,1,0.0,0.3333333333333333,3,2,0,4464
2,7,1,1,1,0.7143,0.5,1.0,0.0,0.0,4,2,0,2,0.0,0.5,3,2,0,4465
2,7,1,1,1,0.8571,0.6,1.0,0.2,1.0,5,3,0,3,0.5,0.6,3,2,1,4466
3,2,3,1,1,1.0,0.6666666666666666,1.0,0.3333333333333333,1.0,6,4,0,4,0.5,0.6666666666666666,3,2,1,4467
1,1,0,1,0,0.2,0.0,0.0,0.0,0.0,0,0,0,0,0.0,0.0,1,2,0,4468
1,7,1,1,1,0.4,1.0,1.0,0.0,0.0,1,1,0,1,0.0,1.0,1,2,0,4469
2,1,0,1,1,0.6,1.0,1.0,0.5,1.0,2,2,0,2,0.5,1.0,1,2,1,4470
2,6,1,1,1,0.8,1.0,1.0,0.6666666666666666,1.0,3,3,0,3,0.5,1.0,1,2,1,4471
3,7,1,1,1,1.0,1.0,1.0,0.75,1.0,4,4,0,4,0.5,1.0,1,2,1,4472
1,1,0,1,0,0.2,0.0,0.0,0.0,0.0,0,0,0,0,0.0,0.0,0,3,0,4473
1,7,1,1,1,0.4,1.0,1.0,0.0,0.0,1,1,0,1,0.0,1.0,0,3,0,4474
2,1,0,1,1,0.6,1.0,1.0,0.5,1.0,2,2,0,2,0.5,1.0,0,3,1,4475
2,6,1,1,1,0.8,1.0,1.0,0.6666666666666666,1.0,3,3,0,3,0.5,1.0,0,3,1,4476
3,7,1,1,1,1.0,1.0,1.0,0.75,1.0,4,4,0,4,0.5,1.0,0,3,1,4477
1,1,0,1,0,0.2,0.0,0.0,0.0,0.0,0,0,0,0,0.0,0.0,0,4,0,4478
1,7,1,1,1,0.4,1.0,1.0,0.0,0.0,1,1,0,1,0.0,1.0,0,4,0,4479
2,1,0,1,1,0.6,1.0,1.0,0.5,1.0,2,2,0,2,0.5,1.0,0,4,1,4480
2,6,1,1,1,0.8,1.0,1.0,0.6666666666666666,1.0,3,3,0,3,0.5,1.0,0,4,1,4481
3,7,1,1,1,1.0,1.0,1.0,0.75,1.0,4,4,0,4,0.5,1.0,0,4,1,4482
1,1,0,1,0,0.2,0.0,0.0,0.0,0.0,0,0,0,0,0.0,0.0,3,2,0,4483
1,7,1,1,1,0.4,1.0,1.0,0.0,0.0,1,1,0,1,0.0,1.0,3,2,0,4484
2,1,0,1,1,0.6,1.0,1.0,0.5,1.0,2,2,0,2,0.5,1.0,3,2,1,4485
2,6,1,1,1,0.8,1.0,1.0,0.6666666666666666,1.0,3,3,0,3,0.5,1.0,3,2,1,4486
3,7,1,1,1,1.0,1.0,1.0,0.75,1.0,4,4,0,4,0.5,1.0,3,2,1,4487
1,2,3,0,0,0.1667,0.0,0.0,0.0,0.0,0,0,0,0,0.0,0.0,0,3,0,4488
1,1,0,1,0,0.3333,0.0,0.0,0.0,0.0,1,0,0,0,0.0,0.0,0,3,0,4489
1,1,0,1,0,0.5,0.5,1.0,0.0,0.0,2,1,0,1,0.0,0.5,0,3,0,4490
2,7,1,1,1,0.6667,0.6666666666666666,1.0,0.0,0.0,3,2,0,2,0.0,0.6666666666666666,0,3,0,4491
2,7,1,1,1,0.8333,0.75,1.0,0.25,1.0,4,3,0,3,0.5,0.75,0,3,1,4492
3,6,1,1,1,1.0,0.8,1.0,0.4,1.0,5,4,0,4,0.5,0.8,0,3,1,4493
1,1,0,1,0,0.2,0.0,0.0,0.0,0.0,0,0,0,0,0.0,0.0,2,2,0,4494
1,7,1,1,1,0.4,1.0,1.0,0.0,0.0,1,1,0,1,0.0,1.0,2,2,0,4495
2,1,0,1,1,0.6,1.0,1.0,0.5,1.0,2,2,0,2,0.5,1.0,2,2,1,4496
2,6,1,1,1,0.8,1.0,1.0,0.6666666666666666,1.0,3,3,0,3,0.5,1.0,2,2,1,4497
3,7,1,1,1,1.0,1.0,1.0,0.75,1.0,4,4,0,4,0.5,1.0,2,2,1,4498
1,2,3,0,0,0.1667,0.0,0.0,0.0,0.0,0,0,0,0,0.0,0.0,2,4,0,4499
1,1,0,1,0,0.3333,0.0,0.0,0.0,0.0,1,0,0,0,0.0,0.0,2,4,0,4500
1,1,0,1,0,0.5,0.5,1.0,0.0,0.0,2,1,0,1,0.0,0.5,2,4,0,4501
2,7,1,1,1,0.6667,0.6666666666666666,1.0,0.0,0.0,3,2,0,2,0.0,0.6666666666666666,2,4,0,4502
2,7,1,1,1,0.8333,0.75,1.0,0.25,1.0,4,3,0,3,0.5,0.75,2,4,1,4503
3,6,1,1,1,1.0,0.8,1.0,0.4,1.0,5,4,0,4,0.5,0.8,2,4,1,4504
1,2,3,0,0,0.1667,0.0,0.0,0.0,0.0,0,0,0,0,0.0,0.0,3,3,0,4505
1,1,0,1,0,0.3333,0.0,0.0,0.0,0.0,1,0,0,0,0.0,0.0,3,3,0,4506
1,1,0,1,0,0.5,0.5,1.0,0.0,0.0,2,1,0,1,0.0,0.5,3,3,0,4507
2,7,1,1,1,0.6667,0.6666666666666666,1.0,0.0,0.0,3,2,0,2,0.0,0.6666666666666666,3,3,0,4508
2,7,1,1,1,0.8333,0.75,1.0,0.25,1.0,4,3,0,3,0.5,0.75,3,3,1,4509
3,6,1,1,1,1.0,0.8,1.0,0.4,1.0,5,4,0,4,0.5,0.8,3,3,1,4510
1,0,0,0,0,0.1429,0.0,0.0,0.0,0.0,0,0,0,0,0.0,0.0,0,2,0,4511
1,1,0,0,0,0.2857,0.0,0.0,0.0,0.0,1,0,0,0,0.0,0.0,0,2,0,4512
1,1,0,1,0,0.4286,0.0,0.0,0.0,0.0,2,0,0,0,0.0,0.0,0,2,0,4513
1,1,0,1,0,0.5714,0.3333333333333333,1.0,0.0,0.0,3,1,0,1,0.0,0.3333333333333333,0,2,0,4514
2,7,1,1,1,0.7143,0.5,1.0,0.0,0.0,4,2,0,2,0.0,0.5,0,2,0,4515
2,7,1,1,1,0.8571,0.6,1.0,0.2,1.0,5,3,0,3,0.5,0.6,0,2,1,4516
3,2,3,1,1,1.0,0.6666666666666666,1.0,0.3333333333333333,1.0,6,4,0,4,0.5,0.6666666666666666,0,2,1,4517
1,0,0,0,0,0.1429,0.0,0.0,0.0,0.0,0,0,0,0,0.0,0.0,1,3,0,4518
1,1,0,0,0,0.2857,0.0,0.0,0.0,0.0,1,0,0,0,0.0,0.0,1,3,0,4519
1,1,0,1,0,0.4286,0.0,0.0,0.0,0.0,2,0,0,0,0.0,0.0,1,3,0,4520
1,1,0,1,0,0.5714,0.3333333333333333,1.0,0.0,0.0,3,1,0,1,0.0,0.3333333333333333,1,3,0,4521
2,7,1,1,1,0.7143,0.5,1.0,0.0,0.0,4,2,0,2,0.0,0.5,1,3,0,4522
2,7,1,1,1,0.8571,0.6,1.0,0.2,1.0,5,3,0,3,0.5,0.6,1,3,1,4523
3,2,3,1,1,1.0,0.6666666666666666,1.0,0.3333333333333333,1.0,6,4,0,4,0.5,0.6666666666666666,1,3,1,4524
1,1,0,1,0,0.2,0.0,0.0,0.0,0.0,0,0,0,0,0.0,0.0,1,4,0,4525
1,7,1,1,1,0.4,1.0,1.0,0.0,0.0,1,1,0,1,0.0,1.0,1,4,0,4526
2,1,0,1,1,0.6,1.0,1.0,0.5,1.0,2,2,0,2,0.5,1.0,1,4,1,4527
2,6,1,1,1,0.8,1.0,1.0,0.6666666666666666,1.0,3,3,0,3,0.5,1.0,1,4,1,4528
3,7,1,1,1,1.0,1.0,1.0,0.75,1.0,4,4,0,4,0.5,1.0,1,4,1,4529
1,1,0,1,0,0.2,0.0,0.0,0.0,0.0,0,0,0,0,0.0,0.0,0,2,0,4530
1,7,1,1,1,0.4,1.0,1.0,0.0,0.0,1,1,0,1,0.0,1.0,0,2,0,4531
2,1,0,1,1,0.6,1.0,1.0,0.5,1.0,2,2,0,2,0.5,1.0,0,2,1,4532
2,6,1,1,1,0.8,1.0,1.0,0.6666666666666666,1.0,3,3,0,3,0.5,1.0,0,2,1,4533
3,7,1,1,1,1.0,1.0,1.0,0.75,1.0,4,4,0,4,0.5,1.0,0,2,1,4534
1,2,3,0,0,0.1667,0.0,0.0,0.0,0.0,0,0,0,0,0.0,0.0,3,2,0,4535
1,1,0,1,0,0.3333,0.0,0.0,0.0,0.0,1,0,0,0,0.0,0.0,3,2,0,4536
1,1,0,1,0,0.5,0.5,1.0,0.0,0.0,2,1,0,1,0.0,0.5,3,2,0,4537
2,7,1,1,1,0.6667,0.6666666666666666,1.0,0.0,0.0,3,2,0,2,0.0,0.6666666666666666,3,2,0,4538
2,7,1,1,1,0.8333,0.75,1.0,0.25,1.0,4,3,0,3,0.5,0.75,3,2,1,4539
3,6,1,1,1,1.0,0.8,1.0,0.4,1.0,5,4,0,4,0.5,0.8,3,2,1,4540
1,0,0,0,0,0.1429,0.0,0.0,0.0,0.0,0,0,0,0,0.0,0.0,0,4,0,4541
1,1,0,0,0,0.2857,0.0,0.0,0.0,0.0,1,0,0,0,0.0,0.0,0,4,0,4542
1,1,0,1,0,0.4286,0.0,0.0,0.0,0.0,2,0,0,0,0.0,0.0,0,4,0,4543
1,1,0,1,0,0.5714,0.3333333333333333,1.0,0.0,0.0,3,1,0,1,0.0,0.3333333333333333,0,4,0,4544
2,7,1,1,1,0.7143,0.5,1.0,0.0,0.0,4,2,0,2,0.0,0.5,0,4,0,4545
2,7,1,1,1,0.8571,0.6,1.0,0.2,1.0,5,3,0,3,0.5,0.6,0,4,1,4546
3,2,3,1,1,1.0,0.6666666666666666,1.0,0.3333333333333333,1.0,6,4,0,4,0.5,0.6666666666666666,0,4,1,4547
1,1,0,1,0,0.2,0.0,0.0,0.0,0.0,0,0,0,0,0.0,0.0,2,4,0,4548
1,7,1,1,1,0.4,1.0,1.0,0.0,0.0,1,1,0,1,0.0,1.0,2,4,0,4549
2,1,0,1,1,0.6,1.0,1.0,0.5,1.0,2,2,0,2,0.5,1.0,2,4,1,4550
2,6,1,1,1,0.8,1.0,1.0,0.6666666666666666,1.0,3,3,0,3,0.5,1.0,2,4,1,4551
3,7,1,1,1,1.0,1.0,1.0,0.75,1.0,4,4,0,4,0.5,1.0,2,4,1,4552
1,1,0,1,0,0.2,0.0,0.0,0.0,0.0,0,0,0,0,0.0,0.0,0,2,0,4553
1,7,1,1,1,0.4,1.0,1.0,0.0,0.0,1,1,0,1,0.0,1.0,0,2,0,4554
2,1,0,1,1,0.6,1.0,1.0,0.5,1.0,2,2,0,2,0.5,1.0,0,2,1,4555
2,6,1,1,1,0.8,1.0,1.0,0.6666666666666666,1.0,3,3,0,3,0.5,1.0,0,2,1,4556
3,7,1,1,1,1.0,1.0,1.0,0.75,1.0,4,4,0,4,0.5,1.0,0,2,1,4557
1,0,0,0,0,0.1429,0.0,0.0,0.0,0.0,0,0,0,0,0.0,0.0,0,2,0,4558
1,1,0,0,0,0.2857,0.0,0.0,0.0,0.0,1,0,0,0,0.0,0.0,0,2,0,4559
1,1,0,1,0,0.4286,0.0,0.0,0.0,0.0,2,0,0,0,0.0,0.0,0,2,0,4560
1,1,0,1,0,0.5714,0.3333333333333333,1.0,0.0,0.0,3,1,0,1,0.0,0.3333333333333333,0,2,0,4561
2,7,1,1,1,0.7143,0.5,1.0,0.0,0.0,4,2,0,2,0.0,0.5,0,2,0,4562
2,7,1,1,1,0.8571,0.6,1.0,0.2,1.0,5,3,0,3,0.5,0.6,0,2,1,4563
3,2,3,1,1,1.0,0.6666666666666666,1.0,0.3333333333333333,1.0,6,4,0,4,0.5,0.6666666666666666,0,2,1,4564
1,1,0,1,0,0.2,0.0,0.0,0.0,0.0,0,0,0,0,0.0,0.0,1,2,0,4565
1,7,1,1,1,0.4,1.0,1.0,0.0,0.0,1,1,0,1,0.0,1.0,1,2,0,4566
2,1,0,1,1,0.6,1.0,1.0,0.5,1.0,2,2,0,2,0.5,1.0,1,2,1,4567
2,6,1,1,1,0.8,1.0,1.0,0.6666666666666666,1.0,3,3,0,3,0.5,1.0,1,2,1,4568
3,7,1,1,1,1.0,1.0,1.0,0.75,1.0,4,4,0,4,0.5,1.0,1,2,1,4569
1,1,0,1,0,0.2,0.0,0.0,0.0,0.0,0,0,0,0,0.0,0.0,3,2,0,4570
1,7,1,1,1,0.4,1.0,1.0,0.0,0.0,1,1,0,1,0.0,1.0,3,2,0,4571
2,1,0,1,1,0.6,1.0,1.0,0.5,1.0,2,2,0,2,0.5,1.0,3,2,1,4572
2,6,1,1,1,0.8,1.0,1.0,0.6666666666666666,1.0,3,3,0,3,0.5,1.0,3,2,1,4573
3,7,1,1,1,1.0,1.0,1.0,0.75,1.0,4,4,0,4,0.5,1.0,3,2,1,4574
1,2,3,0,0,0.1667,0.0,0.0,0.0,0.0,0,0,0,0,0.0,0.0,3,4,0,4575
1,1,0,1,0,0.3333,0.0,0.0,0.0,0.0,1,0,0,0,0.0,0.0,3,4,0,4576
1,1,0,1,0,0.5,0.5,1.0,0.0,0.0,2,1,0,1,0.0,0.5,3,4,0,4577
2,7,1,1,1,0.6667,0.6666666666666666,1.0,0.0,0.0,3,2,0,2,0.0,0.6666666666666666,3,4,0,4578
2,7,1,1,1,0.8333,0.75,1.0,0.25,1.0,4,3,0,3,0.5,0.75,3,4,1,4579
3,6,1,1,1,1.0,0.8,1.0,0.4,1.0,5,4,0,4,0.5,0.8,3,4,1,4580
1,0,0,0,0,0.1429,0.0,0.0,0.0,0.0,0,0,0,0,0.0,0.0,0,2,0,4581
1,1,0,0,0,0.2857,0.0,0.0,0.0,0.0,1,0,0,0,0.0,0.0,0,2,0,4582
1,1,0,1,0,0.4286,0.0,0.0,0.0,0.0,2,0,0,0,0.0,0.0,0,2,0,4583
1,1,0,1,0,0.5714,0.3333333333333333,1.0,0.0,0.0,3,1,0,1,0.0,0.3333333333333333,0,2,0,4584
2,7,1,1,1,0.7143,0.5,1.0,0.0,0.0,4,2,0,2,0.0,0.5,0,2,0,4585
2,7,1,1,1,0.8571,0.6,1.0,0.2,1.0,5,3,0,3,0.5,0.6,0,2,1,4586
3,2,3,1,1,1.0,0.6666666666666666,1.0,0.3333333333333333,1.0,6,4,0,4,0.5,0.6666666666666666,0,2,1,4587
1,0,0,0,0,0.1429,0.0,0.0,0.0,0.0,0,0,0,0,0.0,0.0,1,4,0,4588
1,1,0,0,0,0.2857,0.0,0.0,0.0,0.0,1,0,0,0,0.0,0.0,1,4,0,4589
1,1,0,1,0,0.4286,0.0,0.0,0.0,0.0,2,0,0,0,0.0,0.0,1,4,0,4590
1,1,0,1,0,0.5714,0.3333333333333333,1.0,0.0,0.0,3,1,0,1,0.0,0.3333333333333333,1,4,0,4591
2,7,1,1,1,0.7143,0.5,1.0,0.0,0.0,4,2,0,2,0.0,0.5,1,4,0,4592
2,7,1,1,1,0.8571,0.6,1.0,0.2,1.0,5,3,0,3,0.5,0.6,1,4,1,4593
3,2,3,1,1,1.0,0.6666666666666666,1.0,0.3333333333333333,1.0,6,4,0,4,0.5,0.6666666666666666,1,4,1,4594
1,0,0,0,0,0.1429,0.0,0.0,0.0,0.0,0,0,0,0,0.0,0.0,0,3,0,4595
1,1,0,0,0,0.2857,0.0,0.0,0.0,0.0,1,0,0,0,0.0,0.0,0,3,0,4596
1,1,0,1,0,0.4286,0.0,0.0,0.0,0.0,2,0,0,0,0.0,0.0,0,3,0,4597
1,1,0,1,0,0.5714,0.3333333333333333,1.0,0.0,0.0,3,1,0,1,0.0,0.3333333333333333,0,3,0,4598
2,7,1,1,1,0.7143,0.5,1.0,0.0,0.0,4,2,0,2,0.0,0.5,0,3,0,4599
2,7,1,1,1,0.8571,0.6,1.0,0.2,1.0,5,3,0,3,0.5,0.6,0,3,1,4600
3,2,3,1,1,1.0,0.6666666666666666,1.0,0.3333333333333333,1.0,6,4,0,4,0.5,0.6666666666666666,0,3,1,4601
1,2,3,0,0,0.1667,0.0,0.0,0.0,0.0,0,0,0,0,0.0,0.0,3,2,0,4602
1,1,0,1,0,0.3333,0.0,0.0,0.0,0.0,1,0,0,0,0.0,0.0,3,2,0,4603
1,1,0,1,0,0.5,0.5,1.0,0.0,0.0,2,1,0,1,0.0,0.5,3,2,0,4604
2,7,1,1,1,0.6667,0.6666666666666666,1.0,0.0,0.0,3,2,0,2,0.0,0.6666666666666666,3,2,0,4605
2,7,1,1,1,0.8333,0.75,1.0,0.25,1.0,4,3,0,3,0.5,0.75,3,2,1,4606
3,6,1,1,1,1.0,0.8,1.0,0.4,1.0,5,4,0,4,0.5,0.8,3,2,1,4607
1,2,3,0,0,0.1667,0.0,0.0,0.0,0.0,0,0,0,0,0.0,0.0,2,4,0,4608
1,1,0,1,0,0.3333,0.0,0.0,0.0,0.0,1,0,0,0,0.0,0.0,2,4,0,4609
1,1,0,1,0,0.5,0.5,1.0,0.0,0.0,2,1,0,1,0.0,0.5,2,4,0,4610
2,7,1,1,1,0.6667,0.6666666666666666,1.0,0.0,0.0,3,2,0,2,0.0,0.6666666666666666,2,4,0,4611
2,7,1,1,1,0.8333,0.75,1.0,0.25,1.0,4,3,0,3,0.5,0.75,2,4,1,4612
3,6,1,1,1,1.0,0.8,1.0,0.4,1.0,5,4,0,4,0.5,0.8,2,4,1,4613
1,0,0,0,0,0.1429,0.0,0.0,0.0,0.0,0,0,0,0,0.0,0.0,1,2,0,4614
1,1,0,0,0,0.2857,0.0,0.0,0.0,0.0,1,0,0,0,0.0,0.0,1,2,0,4615
1,1,0,1,0,0.4286,0.0,0.0,0.0,0.0,2,0,0,0,0.0,0.0,1,2,0,4616
1,1,0,1,0,0.5714,0.3333333333333333,1.0,0.0,0.0,3,1,0,1,0.0,0.3333333333333333,1,2,0,4617
2,7,1,1,1,0.7143,0.5,1.0,0.0,0.0,4,2,0,2,0.0,0.5,1,2,0,4618
2,7,1,1,1,0.8571,0.6,1.0,0.2,1.0,5,3,0,3,0.5,0.6,1,2,1,4619
3,2,3,1,1,1.0,0.6666666666666666,1.0,0.3333333333333333,1.0,6,4,0,4,0.5,0.6666666666666666,1,2,1,4620
1,1,0,1,0,0.2,0.0,0.0,0.0,0.0,0,0,0,0,0.0,0.0,3,3,0,4621
1,7,1,1,1,0.4,1.0,1.0,0.0,0.0,1,1,0,1,0.0,1.0,3,3,0,4622
2,1,0,1,1,0.6,1.0,1.0,0.5,1.0,2,2,0,2,0.5,1.0,3,3,1,4623
2,6,1,1,1,0.8,1.0,1.0,0.6666666666666666,1.0,3,3,0,3,0.5,1.0,3,3,1,4624
3,7,1,1,1,1.0,1.0,1.0,0.75,1.0,4,4,0,4,0.5,1.0,3,3,1,4625
1,2,3,0,0,0.1667,0.0,0.0,0.0,0.0,0,0,0,0,0.0,0.0,2,2,0,4626
1,1,0,1,0,0.3333,0.0,0.0,0.0,0.0,1,0,0,0,0.0,0.0,2,2,0,4627
1,1,0,1,0,0.5,0.5,1.0,0.0,0.0,2,1,0,1,0.0,0.5,2,2,0,4628
2,7,1,1,1,0.6667,0.6666666666666666,1.0,0.0,0.0,3,2,0,2,0.0,0.6666666666666666,2,2,0,4629
2,7,1,1,1,0.8333,0.75,1.0,0.25,1.0,4,3,0,3,0.5,0.75,2,2,1,4630
3,6,1,1,1,1.0,0.8,1.0,0.4,1.0,5,4,0,4,0.5,0.8,2,2,1,4631
1,0,0,0,0,0.1429,0.0,0.0,0.0,0.0,0,0,0,0,0.0,0.0,3,3,0,4632
1,1,0,0,0,0.2857,0.0,0.0,0.0,0.0,1,0,0,0,0.0,0.0,3,3,0,4633
1,1,0,1,0,0.4286,0.0,0.0,0.0,0.0,2,0,0,0,0.0,0.0,3,3,0,4634
1,1,0,1,0,0.5714,0.3333333333333333,1.0,0.0,0.0,3,1,0,1,0.0,0.3333333333333333,3,3,0,4635
2,7,1,1,1,0.7143,0.5,1.0,0.0,0.0,4,2,0,2,0.0,0.5,3,3,0,4636
2,7,1,1,1,0.8571,0.6,1.0,0.2,1.0,5,3,0,3,0.5,0.6,3,3,1,4637
3,2,3,1,1,1.0,0.6666666666666666,1.0,0.3333333333333333,1.0,6,4,0,4,0.5,0.6666666666666666,3,3,1,4638
1,1,0,1,0,0.2,0.0,0.0,0.0,0.0,0,0,0,0,0.0,0.0,3,2,0,4639
1,7,1,1,1,0.4,1.0,1.0,0.0,0.0,1,1,0,1,0.0,1.0,3,2,0,4640
2,1,0,1,1,0.6,1.0,1.0,0.5,1.0,2,2,0,2,0.5,1.0,3,2,1,4641
2,6,1,1,1,0.8,1.0,1.0,0.6666666666666666,1.0,3,3,0,3,0.5,1.0,3,2,1,4642
3,7,1,1,1,1.0,1.0,1.0,0.75,1.0,4,4,0,4,0.5,1.0,3,2,1,4643
1,2,3,0,0,0.1667,0.0,0.0,0.0,0.0,0,0,0,0,0.0,0.0,0,2,0,4644
1,1,0,1,0,0.3333,0.0,0.0,0.0,0.0,1,0,0,0,0.0,0.0,0,2,0,4645
1,1,0,1,0,0.5,0.5,1.0,0.0,0.0,2,1,0,1,0.0,0.5,0,2,0,4646
2,7,1,1,1,0.6667,0.6666666666666666,1.0,0.0,0.0,3,2,0,2,0.0,0.6666666666666666,0,2,0,4647
2,7,1,1,1,0.8333,0.75,1.0,0.25,1.0,4,3,0,3,0.5,0.75,0,2,1,4648
3,6,1,1,1,1.0,0.8,1.0,0.4,1.0,5,4,0,4,0.5,0.8,0,2,1,4649
1,0,0,0,0,0.1429,0.0,0.0,0.0,0.0,0,0,0,0,0.0,0.0,3,4,0,4650
1,1,0,0,0,0.2857,0.0,0.0,0.0,0.0,1,0,0,0,0.0,0.0,3,4,0,4651
1,1,0,1,0,0.4286,0.0,0.0,0.0,0.0,2,0,0,0,0.0,0.0,3,4,0,4652
1,1,0,1,0,0.5714,0.3333333333333333,1.0,0.0,0.0,3,1,0,1,0.0,0.3333333333333333,3,4,0,4653
2,7,1,1,1,0.7143,0.5,1.0,0.0,0.0,4,2,0,2,0.0,0.5,3,4,0,4654
2,7,1,1,1,0.8571,0.6,1.0,0.2,1.0,5,3,0,3,0.5,0.6,3,4,1,4655
3,2,3,1,1,1.0,0.6666666666666666,1.0,0.3333333333333333,1.0,6,4,0,4,0.5,0.6666666666666666,3,4,1,4656
1,0,0,0,0,0.1429,0.0,0.0,0.0,0.0,0,0,0,0,0.0,0.0,2,4,0,4657
1,1,0,0,0,0.2857,0.0,0.0,0.0,0.0,1,0,0,0,0.0,0.0,2,4,0,4658
1,1,0,1,0,0.4286,0.0,0.0,0.0,0.0,2,0,0,0,0.0,0.0,2,4,0,4659
1,1,0,1,0,0.5714,0.3333333333333333,1.0,0.0,0.0,3,1,0,1,0.0,0.3333333333333333,2,4,0,4660
2,7,1,1,1,0.7143,0.5,1.0,0.0,0.0,4,2,0,2,0.0,0.5,2,4,0,4661
2,7,1,1,1,0.8571,0.6,1.0,0.2,1.0,5,3,0,3,0.5,0.6,2,4,1,4662
3,2,3,1,1,1.0,0.6666666666666666,1.0,0.3333333333333333,1.0,6,4,0,4,0.5,0.6666666666666666,2,4,1,4663
1,1,0,1,0,0.2,0.0,0.0,0.0,0.0,0,0,0,0,0.0,0.0,2,4,0,4664
1,7,1,1,1,0.4,1.0,1.0,0.0,0.0,1,1,0,1,0.0,1.0,2,4,0,4665
2,1,0,1,1,0.6,1.0,1.0,0.5,1.0,2,2,0,2,0.5,1.0,2,4,1,4666
2,6,1,1,1,0.8,1.0,1.0,0.6666666666666666,1.0,3,3,0,3,0.5,1.0,2,4,1,4667
3,7,1,1,1,1.0,1.0,1.0,0.75,1.0,4,4,0,4,0.5,1.0,2,4,1,4668
1,2,3,0,0,0.1667,0.0,0.0,0.0,0.0,0,0,0,0,0.0,0.0,1,3,0,4669
1,1,0,1,0,0.3333,0.0,0.0,0.0,0.0,1,0,0,0,0.0,0.0,1,3,0,4670
1,1,0,1,0,0.5,0.5,1.0,0.0,0.0,2,1,0,1,0.0,0.5,1,3,0,4671
2,7,1,1,1,0.6667,0.6666666666666666,1.0,0.0,0.0,3,2,0,2,0.0,0.6666666666666666,1,3,0,4672
2,7,1,1,1,0.8333,0.75,1.0,0.25,1.0,4,3,0,3,0.5,0.75,1,3,1,4673
3,6,1,1,1,1.0,0.8,1.0,0.4,1.0,5,4,0,4,0.5,0.8,1,3,1,4674
1,2,3,0,0,0.1667,0.0,0.0,0.0,0.0,0,0,0,0,0.0,0.0,2,4,0,4675
1,1,0,1,0,0.3333,0.0,0.0,0.0,0.0,1,0,0,0,0.0,0.0,2,4,0,4676
1,1,0,1,0,0.5,0.5,1.0,0.0,0.0,2,1,0,1,0.0,0.5,2,4,0,4677
2,7,1,1,1,0.6667,0.6666666666666666,1.0,0.0,0.0,3,2,0,2,0.0,0.6666666666666666,2,4,0,4678
2,7,1,1,1,0.8333,0.75,1.0,0.25,1.0,4,3,0,3,0.5,0.75,2,4,1,4679
3,6,1,1,1,1.0,0.8,1.0,0.4,1.0,5,4,0,4,0.5,0.8,2,4,1,4680
1,1,0,1,0,0.2,0.0,0.0,0.0,0.0,0,0,0,0,0.0,0.0,2,4,0,4681
1,7,1,1,1,0.4,1.0,1.0,0.0,0.0,1,1,0,1,0.0,1.0,2,4,0,4682
2,1,0,1,1,0.6,1.0,1.0,0.5,1.0,2,2,0,2,0.5,1.0,2,4,1,4683
2,6,1,1,1,0.8,1.0,1.0,0.6666666666666666,1.0,3,3,0,3,0.5,1.0,2,4,1,4684
3,7,1,1,1,1.0,1.0,1.0,0.75,1.0,4,4,0,4,0.5,1.0,2,4,1,4685
1,1,0,1,0,0.2,0.0,0.0,0.0,0.0,0,0,0,0,0.0,0.0,0,4,0,4686
1,7,1,1,1,0.4,1.0,1.0,0.0,0.0,1,1,0,1,0.0,1.0,0,4,0,4687
2,1,0,1,1,0.6,1.0,1.0,0.5,1.0,2,2,0,2,0.5,1.0,0,4,1,4688
2,6,1,1,1,0.8,1.0,1.0,0.6666666666666666,1.0,3,3,0,3,0.5,1.0,0,4,1,4689
3,7,1,1,1,1.0,1.0,1.0,0.75,1.0,4,4,0,4,0.5,1.0,0,4,1,4690
1,1,0,1,0,0.2,0.0,0.0,0.0,0.0,0,0,0,0,0.0,0.0,3,4,0,4691
1,7,1,1,1,0.4,1.0,1.0,0.0,0.0,1,1,0,1,0.0,1.0,3,4,0,4692
2,1,0,1,1,0.6,1.0,1.0,0.5,1.0,2,2,0,2,0.5,1.0,3,4,1,4693
2,6,1,1,1,0.8,1.0,1.0,0.6666666666666666,1.0,3,3,0,3,0.5,1.0,3,4,1,4694
3,7,1,1,1,1.0,1.0,1.0,0.75,1.0,4,4,0,4,0.5,1.0,3,4,1,4695
1,2,3,0,0,0.1667,0.0,0.0,0.0,0.0,0,0,0,0,0.0,0.0,0,4,0,4696
1,1,0,1,0,0.3333,0.0,0.0,0.0,0.0,1,0,0,0,0.0,0.0,0,4,0,4697
1,1,0,1,0,0.5,0.5,1.0,0.0,0.0,2,1,0,1,0.0,0.5,0,4,0,4698
2,7,1,1,1,0.6667,0.6666666666666666,1.0,0.0,0.0,3,2,0,2,0.0,0.6666666666666666,0,4,0,4699
2,7,1,1,1,0.8333,0.75,1.0,0.25,1.0,4,3,0,3,0.5,0.75,0,4,1,4700
3,6,1,1,1,1.0,0.8,1.0,0.4,1.0,5,4,0,4,0.5,0.8,0,4,1,4701
1,2,3,0,0,0.1667,0.0,0.0,0.0,0.0,0,0,0,0,0.0,0.0,2,3,0,4702
1,1,0,1,0,0.3333,0.0,0.0,0.0,0.0,1,0,0,0,0.0,0.0,2,3,0,4703
1,1,0,1,0,0.5,0.5,1.0,0.0,0.0,2,1,0,1,0.0,0.5,2,3,0,4704
2,7,1,1,1,0.6667,0.6666666666666666,1.0,0.0,0.0,3,2,0,2,0.0,0.6666666666666666,2,3,0,4705
2,7,1,1,1,0.8333,0.75,1.0,0.25,1.0,4,3,0,3,0.5,0.75,2,3,1,4706
3,6,1,1,1,1.0,0.8,1.0,0.4,1.0,5,4,0,4,0.5,0.8,2,3,1,4707
1,0,0,0,0,0.1429,0.0,0.0,0.0,0.0,0,0,0,0,0.0,0.0,2,3,0,4708
1,1,0,0,0,0.2857,0.0,0.0,0.0,0.0,1,0,0,0,0.0,0.0,2,3,0,4709
1,1,0,1,0,0.4286,0.0,0.0,0.0,0.0,2,0,0,0,0.0,0.0,2,3,0,4710
1,1,0,1,0,0.5714,0.3333333333333333,1.0,0.0,0.0,3,1,0,1,0.0,0.3333333333333333,2,3,0,4711
2,7,1,1,1,0.7143,0.5,1.0,0.0,0.0,4,2,0,2,0.0,0.5,2,3,0,4712
2,7,1,1,1,0.8571,0.6,1.0,0.2,1.0,5,3,0,3,0.5,0.6,2,3,1,4713
3,2,3,1,1,1.0,0.6666666666666666,1.0,0.3333333333333333,1.0,6,4,0,4,0.5,0.6666666666666666,2,3,1,4714
1,2,3,0,0,0.1667,0.0,0.0,0.0,0.0,0,0,0,0,0.0,0.0,2,3,0,4715
1,1,0,1,0,0.3333,0.0,0.0,0.0,0.0,1,0,0,0,0.0,0.0,2,3,0,4716
1,1,0,1,0,0.5,0.5,1.0,0.0,0.0,2,1,0,1,0.0,0.5,2,3,0,4717
2,7,1,1,1,0.6667,0.6666666666666666,1.0,0.0,0.0,3,2,0,2,0.0,0.6666666666666666,2,3,0,4718
2,7,1,1,1,0.8333,0.75,1.0,0.25,1.0,4,3,0,3,0.5,0.75,2,3,1,4719
3,6,1,1,1,1.0,0.8,1.0,0.4,1.0,5,4,0,4,0.5,0.8,2,3,1,4720
1,1,0,1,0,0.2,0.0,0.0,0.0,0.0,0,0,0,0,0.0,0.0,1,2,0,4721
1,7,1,1,1,0.4,1.0,1.0,0.0,0.0,1,1,0,1,0.0,1.0,1,2,0,4722
2,1,0,1,1,0.6,1.0,1.0,0.5,1.0,2,2,0,2,0.5,1.0,1,2,1,4723
2,6,1,1,1,0.8,1.0,1.0,0.6666666666666666,1.0,3,3,0,3,0.5,1.0,1,2,1,4724
3,7,1,1,1,1.0,1.0,1.0,0.75,1.0,4,4,0,4,0.5,1.0,1,2,1,4725
1,2,3,0,0,0.1667,0.0,0.0,0.0,0.0,0,0,0,0,0.0,0.0,0,2,0,4726
1,1,0,1,0,0.3333,0.0,0.0,0.0,0.0,1,0,0,0,0.0,0.0,0,2,0,4727
1,1,0,1,0,0.5,0.5,1.0,0.0,0.0,2,1,0,1,0.0,0.5,0,2,0,4728
2,7,1,1,1,0.6667,0.6666666666666666,1.0,0.0,0.0,3,2,0,2,0.0,0.6666666666666666,0,2,0,4729
2,7,1,1,1,0.8333,0.75,1.0,0.25,1.0,4,3,0,3,0.5,0.75,0,2,1,4730
3,6,1,1,1,1.0,0.8,1.0,0.4,1.0,5,4,0,4,0.5,0.8,0,2,1,4731
1,1,0,1,0,0.2,0.0,0.0,0.0,0.0,0,0,0,0,0.0,0.0,1,3,0,4732
1,7,1,1,1,0.4,1.0,1.0,0.0,0.0,1,1,0,1,0.0,1.0,1,3,0,4733
2,1,0,1,1,0.6,1.0,1.0,0.5,1.0,2,2,0,2,0.5,1.0,1,3,1,4734
2,6,1,1,1,0.8,1.0,1.0,0.6666666666666666,1.0,3,3,0,3,0.5,1.0,1,3,1,4735
3,7,1,1,1,1.0,1.0,1.0,0.75,1.0,4,4,0,4,0.5,1.0,1,3,1,4736
1,2,3,0,0,0.1667,0.0,0.0,0.0,0.0,0,0,0,0,0.0,0.0,2,4,0,4737
1,1,0,1,0,0.3333,0.0,0.0,0.0,0.0,1,0,0,0,0.0,0.0,2,4,0,4738
1,1,0,1,0,0.5,0.5,1.0,0.0,0.0,2,1,0,1,0.0,0.5,2,4,0,4739
2,7,1,1,1,0.6667,0.6666666666666666,1.0,0.0,0.0,3,2,0,2,0.0,0.6666666666666666,2,4,0,4740
2,7,1,1,1,0.8333,0.75,1.0,0.25,1.0,4,3,0,3,0.5,0.75,2,4,1,4741
3,6,1,1,1,1.0,0.8,1.0,0.4,1.0,5,4,0,4,0.5,0.8,2,4,1,4742
1,2,3,0,0,0.1667,0.0,0.0,0.0,0.0,0,0,0,0,0.0,0.0,3,2,0,4743
1,1,0,1,0,0.3333,0.0,0.0,0.0,0.0,1,0,0,0,0.0,0.0,3,2,0,4744
1,1,0,1,0,0.5,0.5,1.0,0.0,0.0,2,1,0,1,0.0,0.5,3,2,0,4745
2,7,1,1,1,0.6667,0.6666666666666666,1.0,0.0,0.0,3,2,0,2,0.0,0.6666666666666666,3,2,0,4746
2,7,1,1,1,0.8333,0.75,1.0,0.25,1.0,4,3,0,3,0.5,0.75,3,2,1,4747
3,6,1,1,1,1.0,0.8,1.0,0.4,1.0,5,4,0,4,0.5,0.8,3,2,1,4748
1,0,0,0,0,0.1429,0.0,0.0,0.0,0.0,0,0,0,0,0.0,0.0,3,4,0,4749
1,1,0,0,0,0.2857,0.0,0.0,0.0,0.0,1,0,0,0,0.0,0.0,3,4,0,4750
1,1,0,1,0,0.4286,0.0,0.0,0.0,0.0,2,0,0,0,0.0,0.0,3,4,0,4751
1,1,0,1,0,0.5714,0.3333333333333333,1.0,0.0,0.0,3,1,0,1,0.0,0.3333333333333333,3,4,0,4752
2,7,1,1,1,0.7143,0.5,1.0,0.0,0.0,4,2,0,2,0.0,0.5,3,4,0,4753
2,7,1,1,1,0.8571,0.6,1.0,0.2,1.0,5,3,0,3,0.5,0.6,3,4,1,4754
3,2,3,1,1,1.0,0.6666666666666666,1.0,0.3333333333333333,1.0,6,4,0,4,0.5,0.6666666666666666,3,4,1,4755
1,0,0,0,0,0.1429,0.0,0.0,0.0,0.0,0,0,0,0,0.0,0.0,3,4,0,4756
1,1,0,0,0,0.2857,0.0,0.0,0.0,0.0,1,0,0,0,0.0,0.0,3,4,0,4757
1,1,0,1,0,0.4286,0.0,0.0,0.0,0.0,2,0,0,0,0.0,0.0,3,4,0,4758
1,1,0,1,0,0.5714,0.3333333333333333,1.0,0.0,0.0,3,1,0,1,0.0,0.3333333333333333,3,4,0,4759
2,7,1,1,1,0.7143,0.5,1.0,0.0,0.0,4,2,0,2,0.0,0.5,3,4,0,4760
2,7,1,1,1,0.8571,0.6,1.0,0.2,1.0,5,3,0,3,0.5,0.6,3,4,1,4761
3,2,3,1,1,1.0,0.6666666666666666,1.0,0.3333333333333333,1.0,6,4,0,4,0.5,0.6666666666666666,3,4,1,4762
1,0,0,0,0,0.1429,0.0,0.0,0.0,0.0,0,0,0,0,0.0,0.0,3,4,0,4763
1,1,0,0,0,0.2857,0.0,0.0,0.0,0.0,1,0,0,0,0.0,0.0,3,4,0,4764
1,1,0,1,0,0.4286,0.0,0.0,0.0,0.0,2,0,0,0,0.0,0.0,3,4,0,4765
1,1,0,1,0,0.5714,0.3333333333333333,1.0,0.0,0.0,3,1,0,1,0.0,0.3333333333333333,3,4,0,4766
2,7,1,1,1,0.7143,0.5,1.0,0.0,0.0,4,2,0,2,0.0,0.5,3,4,0,4767
2,7,1,1,1,0.8571,0.6,1.0,0.2,1.0,5,3,0,3,0.5,0.6,3,4,1,4768
3,2,3,1,1,1.0,0.6666666666666666,1.0,0.3333333333333333,1.0,6,4,0,4,0.5,0.6666666666666666,3,4,1,4769
1,1,0,1,0,0.2,0.0,0.0,0.0,0.0,0,0,0,0,0.0,0.0,1,2,0,4770
1,7,1,1,1,0.4,1.0,1.0,0.0,0.0,1,1,0,1,0.0,1.0,1,2,0,4771
2,1,0,1,1,0.6,1.0,1.0,0.5,1.0,2,2,0,2,0.5,1.0,1,2,1,4772
2,6,1,1,1,0.8,1.0,1.0,0.6666666666666666,1.0,3,3,0,3,0.5,1.0,1,2,1,4773
3,7,1,1,1,1.0,1.0,1.0,0.75,1.0,4,4,0,4,0.5,1.0,1,2,1,4774
1,2,3,0,0,0.1667,0.0,0.0,0.0,0.0,0,0,0,0,0.0,0.0,3,4,0,4775
1,1,0,1,0,0.3333,0.0,0.0,0.0,0.0,1,0,0,0,0.0,0.0,3,4,0,4776
1,1,0,1,0,0.5,0.5,1.0,0.0,0.0,2,1,0,1,0.0,0.5,3,4,0,4777
2,7,1,1,1,0.6667,0.6666666666666666,1.0,0.0,0.0,3,2,0,2,0.0,0.6666666666666666,3,4,0,4778
2,7,1,1,1,0.8333,0.75,1.0,0.25,1.0,4,3,0,3,0.5,0.75,3,4,1,4779
3,6,1,1,1,1.0,0.8,1.0,0.4,1.0,5,4,0,4,0.5,0.8,3,4,1,4780
1,0,0,0,0,0.1429,0.0,0.0,0.0,0.0,0,0,0,0,0.0,0.0,2,2,0,4781
1,1,0,0,0,0.2857,0.0,0.0,0.0,0.0,1,0,0,0,0.0,0.0,2,2,0,4782
1,1,0,1,0,0.4286,0.0,0.0,0.0,0.0,2,0,0,0,0.0,0.0,2,2,0,4783
1,1,0,1,0,0.5714,0.3333333333333333,1.0,0.0,0.0,3,1,0,1,0.0,0.3333333333333333,2,2,0,4784
2,7,1,1,1,0.7143,0.5,1.0,0.0,0.0,4,2,0,2,0.0,0.5,2,2,0,4785
2,7,1,1,1,0.8571,0.6,1.0,0.2,1.0,5,3,0,3,0.5,0.6,2,2,1,4786
3,2,3,1,1,1.0,0.6666666666666666,1.0,0.3333333333333333,1.0,6,4,0,4,0.5,0.6666666666666666,2,2,1,4787
1,0,0,0,0,0.1429,0.0,0.0,0.0,0.0,0,0,0,0,0.0,0.0,0,3,0,4788
1,1,0,0,0,0.2857,0.0,0.0,0.0,0.0,1,0,0,0,0.0,0.0,0,3,0,4789
1,1,0,1,0,0.4286,0.0,0.0,0.0,0.0,2,0,0,0,0.0,0.0,0,3,0,4790
1,1,0,1,0,0.5714,0.3333333333333333,1.0,0.0,0.0,3,1,0,1,0.0,0.3333333333333333,0,3,0,4791
2,7,1,1,1,0.7143,0.5,1.0,0.0,0.0,4,2,0,2,0.0,0.5,0,3,0,4792
2,7,1,1,1,0.8571,0.6,1.0,0.2,1.0,5,3,0,3,0.5,0.6,0,3,1,4793
3,2,3,1,1,1.0,0.6666666666666666,1.0,0.3333333333333333,1.0,6,4,0,4,0.5,0.6666666666666666,0,3,1,4794
1,0,0,0,0,0.1429,0.0,0.0,0.0,0.0,0,0,0,0,0.0,0.0,0,4,0,4795
1,1,0,0,0,0.2857,0.0,0.0,0.0,0.0,1,0,0,0,0.0,0.0,0,4,0,4796
1,1,0,1,0,0.4286,0.0,0.0,0.0,0.0,2,0,0,0,0.0,0.0,0,4,0,4797
1,1,0,1,0,0.5714,0.3333333333333333,1.0,0.0,0.0,3,1,0,1,0.0,0.3333333333333333,0,4,0,4798
2,7,1,1,1,0.7143,0.5,1.0,0.0,0.0,4,2,0,2,0.0,0.5,0,4,0,4799
2,7,1,1,1,0.8571,0.6,1.0,0.2,1.0,5,3,0,3,0.5,0.6,0,4,1,4800
3,2,3,1,1,1.0,0.6666666666666666,1.0,0.3333333333333333,1.0,6,4,0,4,0.5,0.6666666666666666,0,4,1,4801
1,1,0,1,0,0.2,0.0,0.0,0.0,0.0,0,0,0,0,0.0,0.0,0,2,0,4802
1,7,1,1,1,0.4,1.0,1.0,0.0,0.0,1,1,0,1,0.0,1.0,0,2,0,4803
2,1,0,1,1,0.6,1.0,1.0,0.5,1.0,2,2,0,2,0.5,1.0,0,2,1,4804
2,6,1,1,1,0.8,1.0,1.0,0.6666666666666666,1.0,3,3,0,3,0.5,1.0,0,2,1,4805
3,7,1,1,1,1.0,1.0,1.0,0.75,1.0,4,4,0,4,0.5,1.0,0,2,1,4806
1,0,0,0,0,0.1429,0.0,0.0,0.0,0.0,0,0,0,0,0.0,0.0,0,4,0,4807
1,1,0,0,0,0.2857,0.0,0.0,0.0,0.0,1,0,0,0,0.0,0.0,0,4,0,4808
1,1,0,1,0,0.4286,0.0,0.0,0.0,0.0,2,0,0,0,0.0,0.0,0,4,0,4809
1,1,0,1,0,0.5714,0.3333333333333333,1.0,0.0,0.0,3,1,0,1,0.0,0.3333333333333333,0,4,0,4810
2,7,1,1,1,0.7143,0.5,1.0,0.0,0.0,4,2,0,2,0.0,0.5,0,4,0,4811
2,7,1,1,1,0.8571,0.6,1.0,0.2,1.0,5,3,0,3,0.5,0.6,0,4,1,4812
3,2,3,1,1,1.0,0.6666666666666666,1.0,0.3333333333333333,1.0,6,4,0,4,0.5,0.6666666666666666,0,4,1,4813
1,2,3,0,0,0.1667,0.0,0.0,0.0,0.0,0,0,0,0,0.0,0.0,1,3,0,4814
1,1,0,1,0,0.3333,0.0,0.0,0.0,0.0,1,0,0,0,0.0,0.0,1,3,0,4815
1,1,0,1,0,0.5,0.5,1.0,0.0,0.0,2,1,0,1,0.0,0.5,1,3,0,4816
2,7,1,1,1,0.6667,0.6666666666666666,1.0,0.0,0.0,3,2,0,2,0.0,0.6666666666666666,1,3,0,4817
2,7,1,1,1,0.8333,0.75,1.0,0.25,1.0,4,3,0,3,0.5,0.75,1,3,1,4818
3,6,1,1,1,1.0,0.8,1.0,0.4,1.0,5,4,0,4,0.5,0.8,1,3,1,4819
1,0,0,0,0,0.1429,0.0,0.0,0.0,0.0,0,0,0,0,0.0,0.0,0,4,0,4820
1,1,0,0,0,0.2857,0.0,0.0,0.0,0.0,1,0,0,0,0.0,0.0,0,4,0,4821
1,1,0,1,0,0.4286,0.0,0.0,0.0,0.0,2,0,0,0,0.0,0.0,0,4,0,4822
1,1,0,1,0,0.5714,0.3333333333333333,1.0,0.0,0.0,3,1,0,1,0.0,0.3333333333333333,0,4,0,4823
2,7,1,1,1,0.7143,0.5,1.0,0.0,0.0,4,2,0,2,0.0,0.5,0,4,0,4824
2,7,1,1,1,0.8571,0.6,1.0,0.2,1.0,5,3,0,3,0.5,0.6,0,4,1,4825
3,2,3,1,1,1.0,0.6666666666666666,1.0,0.3333333333333333,1.0,6,4,0,4,0.5,0.6666666666666666,0,4,1,4826
1,1,0,1,0,0.2,0.0,0.0,0.0,0.0,0,0,0,0,0.0,0.0,2,4,0,4827
1,7,1,1,1,0.4,1.0,1.0,0.0,0.0,1,1,0,1,0.0,1.0,2,4,0,4828
2,1,0,1,1,0.6,1.0,1.0,0.5,1.0,2,2,0,2,0.5,1.0,2,4,1,4829
2,6,1,1,1,0.8,1.0,1.0,0.6666666666666666,1.0,3,3,0,3,0.5,1.0,2,4,1,4830
3,7,1,1,1,1.0,1.0,1.0,0.75,1.0,4,4,0,4,0.5,1.0,2,4,1,4831
1,0,0,0,0,0.1429,0.0,0.0,0.0,0.0,0,0,0,0,0.0,0.0,3,4,0,4832
1,1,0,0,0,0.2857,0.0,0.0,0.0,0.0,1,0,0,0,0.0,0.0,3,4,0,4833
1,1,0,1,0,0.4286,0.0,0.0,0.0,0.0,2,0,0,0,0.0,0.0,3,4,0,4834
1,1,0,1,0,0.5714,0.3333333333333333,1.0,0.0,0.0,3,1,0,1,0.0,0.3333333333333333,3,4,0,4835
2,7,1,1,1,0.7143,0.5,1.0,0.0,0.0,4,2,0,2,0.0,0.5,3,4,0,4836
2,7,1,1,1,0.8571,0.6,1.0,0.2,1.0,5,3,0,3,0.5,0.6,3,4,1,4837
3,2,3,1,1,1.0,0.6666666666666666,1.0,0.3333333333333333,1.0,6,4,0,4,0.5,0.6666666666666666,3,4,1,4838
1,2,3,0,0,0.1667,0.0,0.0,0.0,0.0,0,0,0,0,0.0,0.0,0,4,0,4839
1,1,0,1,0,0.3333,0.0,0.0,0.0,0.0,1,0,0,0,0.0,0.0,0,4,0,4840
1,1,0,1,0,0.5,0.5,1.0,0.0,0.0,2,1,0,1,0.0,0.5,0,4,0,4841
2,7,1,1,1,0.6667,0.6666666666666666,1.0,0.0,0.0,3,2,0,2,0.0,0.6666666666666666,0,4,0,4842
2,7,1,1,1,0.8333,0.75,1.0,0.25,1.0,4,3,0,3,0.5,0.75,0,4,1,4843
3,6,1,1,1,1.0,0.8,1.0,0.4,1.0,5,4,0,4,0.5,0.8,0,4,1,4844
1,1,0,1,0,0.2,0.0,0.0,0.0,0.0,0,0,0,0,0.0,0.0,2,3,0,4845
1,7,1,1,1,0.4,1.0,1.0,0.0,0.0,1,1,0,1,0.0,1.0,2,3,0,4846
2,1,0,1,1,0.6,1.0,1.0,0.5,1.0,2,2,0,2,0.5,1.0,2,3,1,4847
2,6,1,1,1,0.8,1.0,1.0,0.6666666666666666,1.0,3,3,0,3,0.5,1.0,2,3,1,4848
3,7,1,1,1,1.0,1.0,1.0,0.75,1.0,4,4,0,4,0.5,1.0,2,3,1,4849
1,0,0,0,0,0.1429,0.0,0.0,0.0,0.0,0,0,0,0,0.0,0.0,1,2,0,4850
1,1,0,0,0,0.2857,0.0,0.0,0.0,0.0,1,0,0,0,0.0,0.0,1,2,0,4851
1,1,0,1,0,0.4286,0.0,0.0,0.0,0.0,2,0,0,0,0.0,0.0,1,2,0,4852
1,1,0,1,0,0.5714,0.3333333333333333,1.0,0.0,0.0,3,1,0,1,0.0,0.3333333333333333,1,2,0,4853
2,7,1,1,1,0.7143,0.5,1.0,0.0,0.0,4,2,0,2,0.0,0.5,1,2,0,4854
2,7,1,1,1,0.8571,0.6,1.0,0.2,1.0,5,3,0,3,0.5,0.6,1,2,1,4855
3,2,3,1,1,1.0,0.6666666666666666,1.0,0.3333333333333333,1.0,6,4,0,4,0.5,0.6666666666666666,1,2,1,4856
1,1,0,1,0,0.2,0.0,0.0,0.0,0.0,0,0,0,0,0.0,0.0,3,4,0,4857
1,7,1,1,1,0.4,1.0,1.0,0.0,0.0,1,1,0,1,0.0,1.0,3,4,0,4858
2,1,0,1,1,0.6,1.0,1.0,0.5,1.0,2,2,0,2,0.5,1.0,3,4,1,4859
2,6,1,1,1,0.8,1.0,1.0,0.6666666666666666,1.0,3,3,0,3,0.5,1.0,3,4,1,4860
3,7,1,1,1,1.0,1.0,1.0,0.75,1.0,4,4,0,4,0.5,1.0,3,4,1,4861
1,2,3,0,0,0.1667,0.0,0.0,0.0,0.0,0,0,0,0,0.0,0.0,1,3,0,4862
1,1,0,1,0,0.3333,0.0,0.0,0.0,0.0,1,0,0,0,0.0,0.0,1,3,0,4863
1,1,0,1,0,0.5,0.5,1.0,0.0,0.0,2,1,0,1,0.0,0.5,1,3,0,4864
2,7,1,1,1,0.6667,0.6666666666666666,1.0,0.0,0.0,3,2,0,2,0.0,0.6666666666666666,1,3,0,4865
2,7,1,1,1,0.8333,0.75,1.0,0.25,1.0,4,3,0,3,0.5,0.75,1,3,1,4866
3,6,1,1,1,1.0,0.8,1.0,0.4,1.0,5,4,0,4,0.5,0.8,1,3,1,4867
1,1,0,1,0,0.2,0.0,0.0,0.0,0.0,0,0,0,0,0.0,0.0,1,4,0,4868
1,7,1,1,1,0.4,1.0,1.0,0.0,0.0,1,1,0,1,0.0,1.0,1,4,0,4869
2,1,0,1,1,0.6,1.0,1.0,0.5,1.0,2,2,0,2,0.5,1.0,1,4,1,4870
2,6,1,1,1,0.8,1.0,1.0,0.6666666666666666,1.0,3,3,0,3,0.5,1.0,1,4,1,4871
3,7,1,1,1,1.0,1.0,1.0,0.75,1.0,4,4,0,4,0.5,1.0,1,4,1,4872
1,1,0,1,0,0.2,0.0,0.0,0.0,0.0,0,0,0,0,0.0,0.0,2,4,0,4873
1,7,1,1,1,0.4,1.0,1.0,0.0,0.0,1,1,0,1,0.0,1.0,2,4,0,4874
2,1,0,1,1,0.6,1.0,1.0,0.5,1.0,2,2,0,2,0.5,1.0,2,4,1,4875
2,6,1,1,1,0.8,1.0,1.0,0.6666666666666666,1.0,3,3,0,3,0.5,1.0,2,4,1,4876
3,7,1,1,1,1.0,1.0,1.0,0.75,1.0,4,4,0,4,0.5,1.0,2,4,1,4877
1,0,0,0,0,0.1429,0.0,0.0,0.0,0.0,0,0,0,0,0.0,0.0,0,4,0,4878
1,1,0,0,0,0.2857,0.0,0.0,0.0,0.0,1,0,0,0,0.0,0.0,0,4,0,4879
1,1,0,1,0,0.4286,0.0,0.0,0.0,0.0,2,0,0,0,0.0,0.0,0,4,0,4880
1,1,0,1,0,0.5714,0.3333333333333333,1.0,0.0,0.0,3,1,0,1,0.0,0.3333333333333333,0,4,0,4881
2,7,1,1,1,0.7143,0.5,1.0,0.0,0.0,4,2,0,2,0.0,0.5,0,4,0,4882
2,7,1,1,1,0.8571,0.6,1.0,0.2,1.0,5,3,0,3,0.5,0.6,0,4,1,4883
3,2,3,1,1,1.0,0.6666666666666666,1.0,0.3333333333333333,1.0,6,4,0,4,0.5,0.6666666666666666,0,4,1,4884
1,2,3,0,0,0.1667,0.0,0.0,0.0,0.0,0,0,0,0,0.0,0.0,1,4,0,4885
1,1,0,1,0,0.3333,0.0,0.0,0.0,0.0,1,0,0,0,0.0,0.0,1,4,0,4886
1,1,0,1,0,0.5,0.5,1.0,0.0,0.0,2,1,0,1,0.0,0.5,1,4,0,4887
2,7,1,1,1,0.6667,0.6666666666666666,1.0,0.0,0.0,3,2,0,2,0.0,0.6666666666666666,1,4,0,4888
2,7,1,1,1,0.8333,0.75,1.0,0.25,1.0,4,3,0,3,0.5,0.75,1,4,1,4889
3,6,1,1,1,1.0,0.8,1.0,0.4,1.0,5,4,0,4,0.5,0.8,1,4,1,4890
1,1,0,1,0,0.2,0.0,0.0,0.0,0.0,0,0,0,0,0.0,0.0,2,4,0,4891
1,7,1,1,1,0.4,1.0,1.0,0.0,0.0,1,1,0,1,0.0,1.0,2,4,0,4892
2,1,0,1,1,0.6,1.0,1.0,0.5,1.0,2,2,0,2,0.5,1.0,2,4,1,4893
2,6,1,1,1,0.8,1.0,1.0,0.6666666666666666,1.0,3,3,0,3,0.5,1.0,2,4,1,4894
3,7,1,1,1,1.0,1.0,1.0,0.75,1.0,4,4,0,4,0.5,1.0,2,4,1,4895
1,2,3,0,0,0.1667,0.0,0.0,0.0,0.0,0,0,0,0,0.0,0.0,1,3,0,4896
1,1,0,1,0,0.3333,0.0,0.0,0.0,0.0,1,0,0,0,0.0,0.0,1,3,0,4897
1,1,0,1,0,0.5,0.5,1.0,0.0,0.0,2,1,0,1,0.0,0.5,1,3,0,4898
2,7,1,1,1,0.6667,0.6666666666666666,1.0,0.0,0.0,3,2,0,2,0.0,0.6666666666666666,1,3,0,4899
2,7,1,1,1,0.8333,0.75,1.0,0.25,1.0,4,3,0,3,0.5,0.75,1,3,1,4900
3,6,1,1,1,1.0,0.8,1.0,0.4,1.0,5,4,0,4,0.5,0.8,1,3,1,4901
1,0,0,0,0,0.1429,0.0,0.0,0.0,0.0,0,0,0,0,0.0,0.0,3,3,0,4902
1,1,0,0,0,0.2857,0.0,0.0,0.0,0.0,1,0,0,0,0.0,0.0,3,3,0,4903
1,1,0,1,0,0.4286,0.0,0.0,0.0,0.0,2,0,0,0,0.0,0.0,3,3,0,4904
1,1,0,1,0,0.5714,0.3333333333333333,1.0,0.0,0.0,3,1,0,1,0.0,0.3333333333333333,3,3,0,4905
2,7,1,1,1,0.7143,0.5,1.0,0.0,0.0,4,2,0,2,0.0,0.5,3,3,0,4906
2,7,1,1,1,0.8571,0.6,1.0,0.2,1.0,5,3,0,3,0.5,0.6,3,3,1,4907
3,2,3,1,1,1.0,0.6666666666666666,1.0,0.3333333333333333,1.0,6,4,0,4,0.5,0.6666666666666666,3,3,1,4908
1,0,0,0,0,0.1429,0.0,0.0,0.0,0.0,0,0,0,0,0.0,0.0,2,2,0,4909
1,1,0,0,0,0.2857,0.0,0.0,0.0,0.0,1,0,0,0,0.0,0.0,2,2,0,4910
1,1,0,1,0,0.4286,0.0,0.0,0.0,0.0,2,0,0,0,0.0,0.0,2,2,0,4911
1,1,0,1,0,0.5714,0.3333333333333333,1.0,0.0,0.0,3,1,0,1,0.0,0.3333333333333333,2,2,0,4912
2,7,1,1,1,0.7143,0.5,1.0,0.0,0.0,4,2,0,2,0.0,0.5,2,2,0,4913
2,7,1,1,1,0.8571,0.6,1.0,0.2,1.0,5,3,0,3,0.5,0.6,2,2,1,4914
3,2,3,1,1,1.0,0.6666666666666666,1.0,0.3333333333333333,1.0,6,4,0,4,0.5,0.6666666666666666,2,2,1,4915
1,1,0,1,0,0.2,0.0,0.0,0.0,0.0,0,0,0,0,0.0,0.0,1,3,0,4916
1,7,1,1,1,0.4,1.0,1.0,0.0,0.0,1,1,0,1,0.0,1.0,1,3,0,4917
2,1,0,1,1,0.6,1.0,1.0,0.5,1.0,2,2,0,2,0.5,1.0,1,3,1,4918
2,6,1,1,1,0.8,1.0,1.0,0.6666666666666666,1.0,3,3,0,3,0.5,1.0,1,3,1,4919
3,7,1,1,1,1.0,1.0,1.0,0.75,1.0,4,4,0,4,0.5,1.0,1,3,1,4920
1,1,0,1,0,0.2,0.0,0.0,0.0,0.0,0,0,0,0,0.0,0.0,0,2,0,4921
1,7,1,1,1,0.4,1.0,1.0,0.0,0.0,1,1,0,1,0.0,1.0,0,2,0,4922
2,1,0,1,1,0.6,1.0,1.0,0.5,1.0,2,2,0,2,0.5,1.0,0,2,1,4923
2,6,1,1,1,0.8,1.0,1.0,0.6666666666666666,1.0,3,3,0,3,0.5,1.0,0,2,1,4924
3,7,1,1,1,1.0,1.0,1.0,0.75,1.0,4,4,0,4,0.5,1.0,0,2,1,4925
1,1,0,1,0,0.2,0.0,0.0,0.0,0.0,0,0,0,0,0.0,0.0,3,3,0,4926
1,7,1,1,1,0.4,1.0,1.0,0.0,0.0,1,1,0,1,0.0,1.0,3,3,0,4927
2,1,0,1,1,0.6,1.0,1.0,0.5,1.0,2,2,0,2,0.5,1.0,3,3,1,4928
2,6,1,1,1,0.8,1.0,1.0,0.6666666666666666,1.0,3,3,0,3,0.5,1.0,3,3,1,4929
3,7,1,1,1,1.0,1.0,1.0,0.75,1.0,4,4,0,4,0.5,1.0,3,3,1,4930
1,0,0,0,0,0.1429,0.0,0.0,0.0,0.0,0,0,0,0,0.0,0.0,0,3,0,4931
1,1,0,0,0,0.2857,0.0,0.0,0.0,0.0,1,0,0,0,0.0,0.0,0,3,0,4932
1,1,0,1,0,0.4286,0.0,0.0,0.0,0.0,2,0,0,0,0.0,0.0,0,3,0,4933
1,1,0,1,0,0.5714,0.3333333333333333,1.0,0.0,0.0,3,1,0,1,0.0,0.3333333333333333,0,3,0,4934
2,7,1,1,1,0.7143,0.5,1.0,0.0,0.0,4,2,0,2,0.0,0.5,0,3,0,4935
2,7,1,1,1,0.8571,0.6,1.0,0.2,1.0,5,3,0,3,0.5,0.6,0,3,1,4936
3,2,3,1,1,1.0,0.6666666666666666,1.0,0.3333333333333333,1.0,6,4,0,4,0.5,0.6666666666666666,0,3,1,4937
1,1,0,1,0,0.2,0.0,0.0,0.0,0.0,0,0,0,0,0.0,0.0,0,4,0,4938
1,7,1,1,1,0.4,1.0,1.0,0.0,0.0,1,1,0,1,0.0,1.0,0,4,0,4939
2,1,0,1,1,0.6,1.0,1.0,0.5,1.0,2,2,0,2,0.5,1.0,0,4,1,4940
2,6,1,1,1,0.8,1.0,1.0,0.6666666666666666,1.0,3,3,0,3,0.5,1.0,0,4,1,4941
3,7,1,1,1,1.0,1.0,1.0,0.75,1.0,4,4,0,4,0.5,1.0,0,4,1,4942
1,1,0,1,0,0.2,0.0,0.0,0.0,0.0,0,0,0,0,0.0,0.0,0,2,0,4943
1,7,1,1,1,0.4,1.0,1.0,0.0,0.0,1,1,0,1,0.0,1.0,0,2,0,4944
2,1,0,1,1,0.6,1.0,1.0,0.5,1.0,2,2,0,2,0.5,1.0,0,2,1,4945
2,6,1,1,1,0.8,1.0,1.0,0.6666666666666666,1.0,3,3,0,3,0.5,1.0,0,2,1,4946
3,7,1,1,1,1.0,1.0,1.0,0.75,1.0,4,4,0,4,0.5,1.0,0,2,1,4947
1,1,0,1,0,0.2,0.0,0.0,0.0,0.0,0,0,0,0,0.0,0.0,1,4,0,4948
1,7,1,1,1,0.4,1.0,1.0,0.0,0.0,1,1,0,1,0.0,1.0,1,4,0,4949
2,1,0,1,1,0.6,1.0,1.0,0.5,1.0,2,2,0,2,0.5,1.0,1,4,1,4950
2,6,1,1,1,0.8,1.0,1.0,0.6666666666666666,1.0,3,3,0,3,0.5,1.0,1,4,1,4951
3,7,1,1,1,1.0,1.0,1.0,0.75,1.0,4,4,0,4,0.5,1.0,1,4,1,4952
1,2,3,0,0,0.1667,0.0,0.0,0.0,0.0,0,0,0,0,0.0,0.0,1,2,0,4953
1,1,0,1,0,0.3333,0.0,0.0,0.0,0.0,1,0,0,0,0.0,0.0,1,2,0,4954
1,1,0,1,0,0.5,0.5,1.0,0.0,0.0,2,1,0,1,0.0,0.5,1,2,0,4955
2,7,1,1,1,0.6667,0.6666666666666666,1.0,0.0,0.0,3,2,0,2,0.0,0.6666666666666666,1,2,0,4956
2,7,1,1,1,0.8333,0.75,1.0,0.25,1.0,4,3,0,3,0.5,0.75,1,2,1,4957
3,6,1,1,1,1.0,0.8,1.0,0.4,1.0,5,4,0,4,0.5,0.8,1,2,1,4958
1,0,0,0,0,0.1429,0.0,0.0,0.0,0.0,0,0,0,0,0.0,0.0,1,3,0,4959
1,1,0,0,0,0.2857,0.0,0.0,0.0,0.0,1,0,0,0,0.0,0.0,1,3,0,4960
1,1,0,1,0,0.4286,0.0,0.0,0.0,0.0,2,0,0,0,0.0,0.0,1,3,0,4961
1,1,0,1,0,0.5714,0.3333333333333333,1.0,0.0,0.0,3,1,0,1,0.0,0.3333333333333333,1,3,0,4962
2,7,1,1,1,0.7143,0.5,1.0,0.0,0.0,4,2,0,2,0.0,0.5,1,3,0,4963
2,7,1,1,1,0.8571,0.6,1.0,0.2,1.0,5,3,0,3,0.5,0.6,1,3,1,4964
3,2,3,1,1,1.0,0.6666666666666666,1.0,0.3333333333333333,1.0,6,4,0,4,0.5,0.6666666666666666,1,3,1,4965
1,1,0,1,0,0.2,0.0,0.0,0.0,0.0,0,0,0,0,0.0,0.0,0,2,0,4966
1,7,1,1,1,0.4,1.0,1.0,0.0,0.0,1,1,0,1,0.0,1.0,0,2,0,4967
2,1,0,1,1,0.6,1.0,1.0,0.5,1.0,2,2,0,2,0.5,1.0,0,2,1,4968
2,6,1,1,1,0.8,1.0,1.0,0.6666666666666666,1.0,3,3,0,3,0.5,1.0,0,2,1,4969
3,7,1,1,1,1.0,1.0,1.0,0.75,1.0,4,4,0,4,0.5,1.0,0,2,1,4970
1,2,3,0,0,0.1667,0.0,0.0,0.0,0.0,0,0,0,0,0.0,0.0,0,3,0,4971
1,1,0,1,0,0.3333,0.0,0.0,0.0,0.0,1,0,0,0,0.0,0.0,0,3,0,4972
1,1,0,1,0,0.5,0.5,1.0,0.0,0.0,2,1,0,1,0.0,0.5,0,3,0,4973
2,7,1,1,1,0.6667,0.6666666666666666,1.0,0.0,0.0,3,2,0,2,0.0,0.6666666666666666,0,3,0,4974
2,7,1,1,1,0.8333,0.75,1.0,0.25,1.0,4,3,0,3,0.5,0.75,0,3,1,4975
3,6,1,1,1,1.0,0.8,1.0,0.4,1.0,5,4,0,4,0.5,0.8,0,3,1,4976
1,1,0,1,0,0.2,0.0,0.0,0.0,0.0,0,0,0,0,0.0,0.0,2,4,0,4977
1,7,1,1,1,0.4,1.0,1.0,0.0,0.0,1,1,0,1,0.0,1.0,2,4,0,4978
2,1,0,1,1,0.6,1.0,1.0,0.5,1.0,2,2,0,2,0.5,1.0,2,4,1,4979
2,6,1,1,1,0.8,1.0,1.0,0.6666666666666666,1.0,3,3,0,3,0.5,1.0,2,4,1,4980
3,7,1,1,1,1.0,1.0,1.0,0.75,1.0,4,4,0,4,0.5,1.0,2,4,1,4981
1,0,0,0,0,0.1429,0.0,0.0,0.0,0.0,0,0,0,0,0.0,0.0,0,4,0,4982
1,1,0,0,0,0.2857,0.0,0.0,0.0,0.0,1,0,0,0,0.0,0.0,0,4,0,4983
1,1,0,1,0,0.4286,0.0,0.0,0.0,0.0,2,0,0,0,0.0,0.0,0,4,0,4984
1,1,0,1,0,0.5714,0.3333333333333333,1.0,0.0,0.0,3,1,0,1,0.0,0.3333333333333333,0,4,0,4985
2,7,1,1,1,0.7143,0.5,1.0,0.0,0.0,4,2,0,2,0.0,0.5,0,4,0,4986
2,7,1,1,1,0.8571,0.6,1.0,0.2,1.0,5,3,0,3,0.5,0.6,0,4,1,4987
3,2,3,1,1,1.0,0.6666666666666666,1.0,0.3333333333333333,1.0,6,4,0,4,0.5,0.6666666666666666,0,4,1,4988
1,1,0,1,0,0.2,0.0,0.0,0.0,0.0,0,0,0,0,0.0,0.0,0,4,0,4989
1,7,1,1,1,0.4,1.0,1.0,0.0,0.0,1,1,0,1,0.0,1.0,0,4,0,4990
2,1,0,1,1,0.6,1.0,1.0,0.5,1.0,2,2,0,2,0.5,1.0,0,4,1,4991
2,6,1,1,1,0.8,1.0,1.0,0.6666666666666666,1.0,3,3,0,3,0.5,1.0,0,4,1,4992
3,7,1,1,1,1.0,1.0,1.0,0.75,1.0,4,4,0,4,0.5,1.0,0,4,1,4993
1,2,3,0,0,0.1667,0.0,0.0,0.0,0.0,0,0,0,0,0.0,0.0,1,3,0,4994
1,1,0,1,0,0.3333,0.0,0.0,0.0,0.0,1,0,0,0,0.0,0.0,1,3,0,4995
1,1,0,1,0,0.5,0.5,1.0,0.0,0.0,2,1,0,1,0.0,0.5,1,3,0,4996
2,7,1,1,1,0.6667,0.6666666666666666,1.0,0.0,0.0,3,2,0,2,0.0,0.6666666666666666,1,3,0,4997
2,7,1,1,1,0.8333,0.75,1.0,0.25,1.0,4,3,0,3,0.5,0.75,1,3,1,4998
3,6,1,1,1,1.0,0.8,1.0,0.4,1.0,5,4,0,4,0.5,0.8,1,3,1,4999
1,2,3,0,0,0.1667,0.0,0.0,0.0,0.0,0,0,0,0,0.0,0.0,2,3,0,5000
1,1,0,1,0,0.3333,0.0,0.0,0.0,0.0,1,0,0,0,0.0,0.0,2,3,0,5001
1,1,0,1,0,0.5,0.5,1.0,0.0,0.0,2,1,0,1,0.0,0.5,2,3,0,5002
2,7,1,1,1,0.6667,0.6666666666666666,1.0,0.0,0.0,3,2,0,2,0.0,0.6666666666666666,2,3,0,5003
2,7,1,1,1,0.8333,0.75,1.0,0.25,1.0,4,3,0,3,0.5,0.75,2,3,1,5004
3,6,1,1,1,1.0,0.8,1.0,0.4,1.0,5,4,0,4,0.5,0.8,2,3,1,5005
1,2,3,0,0,0.1667,0.0,0.0,0.0,0.0,0,0,0,0,0.0,0.0,0,3,0,5006
1,1,0,1,0,0.3333,0.0,0.0,0.0,0.0,1,0,0,0,0.0,0.0,0,3,0,5007
1,1,0,1,0,0.5,0.5,1.0,0.0,0.0,2,1,0,1,0.0,0.5,0,3,0,5008
2,7,1,1,1,0.6667,0.6666666666666666,1.0,0.0,0.0,3,2,0,2,0.0,0.6666666666666666,0,3,0,5009
2,7,1,1,1,0.8333,0.75,1.0,0.25,1.0,4,3,0,3,0.5,0.75,0,3,1,5010
3,6,1,1,1,1.0,0.8,1.0,0.4,1.0,5,4,0,4,0.5,0.8,0,3,1,5011
1,1,0,1,0,0.2,0.0,0.0,0.0,0.0,0,0,0,0,0.0,0.0,3,4,0,5012
1,7,1,1,1,0.4,1.0,1.0,0.0,0.0,1,1,0,1,0.0,1.0,3,4,0,5013
2,1,0,1,1,0.6,1.0,1.0,0.5,1.0,2,2,0,2,0.5,1.0,3,4,1,5014
2,6,1,1,1,0.8,1.0,1.0,0.6666666666666666,1.0,3,3,0,3,0.5,1.0,3,4,1,5015
3,7,1,1,1,1.0,1.0,1.0,0.75,1.0,4,4,0,4,0.5,1.0,3,4,1,5016
1,0,0,0,0,0.1429,0.0,0.0,0.0,0.0,0,0,0,0,0.0,0.0,3,4,0,5017
1,1,0,0,0,0.2857,0.0,0.0,0.0,0.0,1,0,0,0,0.0,0.0,3,4,0,5018
1,1,0,1,0,0.4286,0.0,0.0,0.0,0.0,2,0,0,0,0.0,0.0,3,4,0,5019
1,1,0,1,0,0.5714,0.3333333333333333,1.0,0.0,0.0,3,1,0,1,0.0,0.3333333333333333,3,4,0,5020
2,7,1,1,1,0.7143,0.5,1.0,0.0,0.0,4,2,0,2,0.0,0.5,3,4,0,5021
2,7,1,1,1,0.8571,0.6,1.0,0.2,1.0,5,3,0,3,0.5,0.6,3,4,1,5022
3,2,3,1,1,1.0,0.6666666666666666,1.0,0.3333333333333333,1.0,6,4,0,4,0.5,0.6666666666666666,3,4,1,5023
1,2,3,0,0,0.1667,0.0,0.0,0.0,0.0,0,0,0,0,0.0,0.0,0,2,0,5024
1,1,0,1,0,0.3333,0.0,0.0,0.0,0.0,1,0,0,0,0.0,0.0,0,2,0,5025
1,1,0,1,0,0.5,0.5,1.0,0.0,0.0,2,1,0,1,0.0,0.5,0,2,0,5026
2,7,1,1,1,0.6667,0.6666666666666666,1.0,0.0,0.0,3,2,0,2,0.0,0.6666666666666666,0,2,0,5027
2,7,1,1,1,0.8333,0.75,1.0,0.25,1.0,4,3,0,3,0.5,0.75,0,2,1,5028
3,6,1,1,1,1.0,0.8,1.0,0.4,1.0,5,4,0,4,0.5,0.8,0,2,1,5029
1,2,3,0,0,0.1667,0.0,0.0,0.0,0.0,0,0,0,0,0.0,0.0,0,2,0,5030
1,1,0,1,0,0.3333,0.0,0.0,0.0,0.0,1,0,0,0,0.0,0.0,0,2,0,5031
1,1,0,1,0,0.5,0.5,1.0,0.0,0.0,2,1,0,1,0.0,0.5,0,2,0,5032
2,7,1,1,1,0.6667,0.6666666666666666,1.0,0.0,0.0,3,2,0,2,0.0,0.6666666666666666,0,2,0,5033
2,7,1,1,1,0.8333,0.75,1.0,0.25,1.0,4,3,0,3,0.5,0.75,0,2,1,5034
3,6,1,1,1,1.0,0.8,1.0,0.4,1.0,5,4,0,4,0.5,0.8,0,2,1,5035
1,1,0,1,0,0.2,0.0,0.0,0.0,0.0,0,0,0,0,0.0,0.0,3,4,0,5036
1,7,1,1,1,0.4,1.0,1.0,0.0,0.0,1,1,0,1,0.0,1.0,3,4,0,5037
2,1,0,1,1,0.6,1.0,1.0,0.5,1.0,2,2,0,2,0.5,1.0,3,4,1,5038
2,6,1,1,1,0.8,1.0,1.0,0.6666666666666666,1.0,3,3,0,3,0.5,1.0,3,4,1,5039
3,7,1,1,1,1.0,1.0,1.0,0.75,1.0,4,4,0,4,0.5,1.0,3,4,1,5040
1,1,0,1,0,0.2,0.0,0.0,0.0,0.0,0,0,0,0,0.0,0.0,3,4,0,5041
1,7,1,1,1,0.4,1.0,1.0,0.0,0.0,1,1,0,1,0.0,1.0,3,4,0,5042
2,1,0,1,1,0.6,1.0,1.0,0.5,1.0,2,2,0,2,0.5,1.0,3,4,1,5043
2,6,1,1,1,0.8,1.0,1.0,0.6666666666666666,1.0,3,3,0,3,0.5,1.0,3,4,1,5044
3,7,1,1,1,1.0,1.0,1.0,0.75,1.0,4,4,0,4,0.5,1.0,3,4,1,5045
1,1,0,1,0,0.2,0.0,0.0,0.0,0.0,0,0,0,0,0.0,0.0,1,2,0,5046
1,7,1,1,1,0.4,1.0,1.0,0.0,0.0,1,1,0,1,0.0,1.0,1,2,0,5047
2,1,0,1,1,0.6,1.0,1.0,0.5,1.0,2,2,0,2,0.5,1.0,1,2,1,5048
2,6,1,1,1,0.8,1.0,1.0,0.6666666666666666,1.0,3,3,0,3,0.5,1.0,1,2,1,5049
3,7,1,1,1,1.0,1.0,1.0,0.75,1.0,4,4,0,4,0.5,1.0,1,2,1,5050
1,0,0,0,0,0.1429,0.0,0.0,0.0,0.0,0,0,0,0,0.0,0.0,3,2,0,5051
1,1,0,0,0,0.2857,0.0,0.0,0.0,0.0,1,0,0,0,0.0,0.0,3,2,0,5052
1,1,0,1,0,0.4286,0.0,0.0,0.0,0.0,2,0,0,0,0.0,0.0,3,2,0,5053
1,1,0,1,0,0.5714,0.3333333333333333,1.0,0.0,0.0,3,1,0,1,0.0,0.3333333333333333,3,2,0,5054
2,7,1,1,1,0.7143,0.5,1.0,0.0,0.0,4,2,0,2,0.0,0.5,3,2,0,5055
2,7,1,1,1,0.8571,0.6,1.0,0.2,1.0,5,3,0,3,0.5,0.6,3,2,1,5056
3,2,3,1,1,1.0,0.6666666666666666,1.0,0.3333333333333333,1.0,6,4,0,4,0.5,0.6666666666666666,3,2,1,5057
1,0,0,0,0,0.1429,0.0,0.0,0.0,0.0,0,0,0,0,0.0,0.0,3,3,0,5058
1,1,0,0,0,0.2857,0.0,0.0,0.0,0.0,1,0,0,0,0.0,0.0,3,3,0,5059
1,1,0,1,0,0.4286,0.0,0.0,0.0,0.0,2,0,0,0,0.0,0.0,3,3,0,5060
1,1,0,1,0,0.5714,0.3333333333333333,1.0,0.0,0.0,3,1,0,1,0.0,0.3333333333333333,3,3,0,5061
2,7,1,1,1,0.7143,0.5,1.0,0.0,0.0,4,2,0,2,0.0,0.5,3,3,0,5062
2,7,1,1,1,0.8571,0.6,1.0,0.2,1.0,5,3,0,3,0.5,0.6,3,3,1,5063
3,2,3,1,1,1.0,0.6666666666666666,1.0,0.3333333333333333,1.0,6,4,0,4,0.5,0.6666666666666666,3,3,1,5064
1,1,0,1,0,0.2,0.0,0.0,0.0,0.0,0,0,0,0,0.0,0.0,1,4,0,5065
1,7,1,1,1,0.4,1.0,1.0,0.0,0.0,1,1,0,1,0.0,1.0,1,4,0,5066
2,1,0,1,1,0.6,1.0,1.0,0.5,1.0,2,2,0,2,0.5,1.0,1,4,1,5067
2,6,1,1,1,0.8,1.0,1.0,0.6666666666666666,1.0,3,3,0,3,0.5,1.0,1,4,1,5068
3,7,1,1,1,1.0,1.0,1.0,0.75,1.0,4,4,0,4,0.5,1.0,1,4,1,5069
1,1,0,1,0,0.2,0.0,0.0,0.0,0.0,0,0,0,0,0.0,0.0,2,3,0,5070
1,7,1,1,1,0.4,1.0,1.0,0.0,0.0,1,1,0,1,0.0,1.0,2,3,0,5071
2,1,0,1,1,0.6,1.0,1.0,0.5,1.0,2,2,0,2,0.5,1.0,2,3,1,5072
2,6,1,1,1,0.8,1.0,1.0,0.6666666666666666,1.0,3,3,0,3,0.5,1.0,2,3,1,5073
3,7,1,1,1,1.0,1.0,1.0,0.75,1.0,4,4,0,4,0.5,1.0,2,3,1,5074
1,2,3,0,0,0.1667,0.0,0.0,0.0,0.0,0,0,0,0,0.0,0.0,0,4,0,5075
1,1,0,1,0,0.3333,0.0,0.0,0.0,0.0,1,0,0,0,0.0,0.0,0,4,0,5076
1,1,0,1,0,0.5,0.5,1.0,0.0,0.0,2,1,0,1,0.0,0.5,0,4,0,5077
2,7,1,1,1,0.6667,0.6666666666666666,1.0,0.0,0.0,3,2,0,2,0.0,0.6666666666666666,0,4,0,5078
2,7,1,1,1,0.8333,0.75,1.0,0.25,1.0,4,3,0,3,0.5,0.75,0,4,1,5079
3,6,1,1,1,1.0,0.8,1.0,0.4,1.0,5,4,0,4,0.5,0.8,0,4,1,5080
1,2,3,0,0,0.1667,0.0,0.0,0.0,0.0,0,0,0,0,0.0,0.0,0,3,0,5081
1,1,0,1,0,0.3333,0.0,0.0,0.0,0.0,1,0,0,0,0.0,0.0,0,3,0,5082
1,1,0,1,0,0.5,0.5,1.0,0.0,0.0,2,1,0,1,0.0,0.5,0,3,0,5083
2,7,1,1,1,0.6667,0.6666666666666666,1.0,0.0,0.0,3,2,0,2,0.0,0.6666666666666666,0,3,0,5084
2,7,1,1,1,0.8333,0.75,1.0,0.25,1.0,4,3,0,3,0.5,0.75,0,3,1,5085
3,6,1,1,1,1.0,0.8,1.0,0.4,1.0,5,4,0,4,0.5,0.8,0,3,1,5086
1,2,3,0,0,0.1667,0.0,0.0,0.0,0.0,0,0,0,0,0.0,0.0,3,2,0,5087
1,1,0,1,0,0.3333,0.0,0.0,0.0,0.0,1,0,0,0,0.0,0.0,3,2,0,5088
1,1,0,1,0,0.5,0.5,1.0,0.0,0.0,2,1,0,1,0.0,0.5,3,2,0,5089
2,7,1,1,1,0.6667,0.6666666666666666,1.0,0.0,0.0,3,2,0,2,0.0,0.6666666666666666,3,2,0,5090
2,7,1,1,1,0.8333,0.75,1.0,0.25,1.0,4,3,0,3,0.5,0.75,3,2,1,5091
3,6,1,1,1,1.0,0.8,1.0,0.4,1.0,5,4,0,4,0.5,0.8,3,2,1,5092
1,2,3,0,0,0.1667,0.0,0.0,0.0,0.0,0,0,0,0,0.0,0.0,0,2,0,5093
1,1,0,1,0,0.3333,0.0,0.0,0.0,0.0,1,0,0,0,0.0,0.0,0,2,0,5094
1,1,0,1,0,0.5,0.5,1.0,0.0,0.0,2,1,0,1,0.0,0.5,0,2,0,5095
2,7,1,1,1,0.6667,0.6666666666666666,1.0,0.0,0.0,3,2,0,2,0.0,0.6666666666666666,0,2,0,5096
2,7,1,1,1,0.8333,0.75,1.0,0.25,1.0,4,3,0,3,0.5,0.75,0,2,1,5097
3,6,1,1,1,1.0,0.8,1.0,0.4,1.0,5,4,0,4,0.5,0.8,0,2,1,5098
1,2,3,0,0,0.1667,0.0,0.0,0.0,0.0,0,0,0,0,0.0,0.0,0,3,0,5099
1,1,0,1,0,0.3333,0.0,0.0,0.0,0.0,1,0,0,0,0.0,0.0,0,3,0,5100
1,1,0,1,0,0.5,0.5,1.0,0.0,0.0,2,1,0,1,0.0,0.5,0,3,0,5101
2,7,1,1,1,0.6667,0.6666666666666666,1.0,0.0,0.0,3,2,0,2,0.0,0.6666666666666666,0,3,0,5102
2,7,1,1,1,0.8333,0.75,1.0,0.25,1.0,4,3,0,3,0.5,0.75,0,3,1,5103
3,6,1,1,1,1.0,0.8,1.0,0.4,1.0,5,4,0,4,0.5,0.8,0,3,1,5104
1,1,0,1,0,0.2,0.0,0.0,0.0,0.0,0,0,0,0,0.0,0.0,0,2,0,5105
1,7,1,1,1,0.4,1.0,1.0,0.0,0.0,1,1,0,1,0.0,1.0,0,2,0,5106
2,1,0,1,1,0.6,1.0,1.0,0.5,1.0,2,2,0,2,0.5,1.0,0,2,1,5107
2,6,1,1,1,0.8,1.0,1.0,0.6666666666666666,1.0,3,3,0,3,0.5,1.0,0,2,1,5108
3,7,1,1,1,1.0,1.0,1.0,0.75,1.0,4,4,0,4,0.5,1.0,0,2,1,5109
1,0,0,0,0,0.1429,0.0,0.0,0.0,0.0,0,0,0,0,0.0,0.0,2,4,0,5110
1,1,0,0,0,0.2857,0.0,0.0,0.0,0.0,1,0,0,0,0.0,0.0,2,4,0,5111
1,1,0,1,0,0.4286,0.0,0.0,0.0,0.0,2,0,0,0,0.0,0.0,2,4,0,5112
1,1,0,1,0,0.5714,0.3333333333333333,1.0,0.0,0.0,3,1,0,1,0.0,0.3333333333333333,2,4,0,5113
2,7,1,1,1,0.7143,0.5,1.0,0.0,0.0,4,2,0,2,0.0,0.5,2,4,0,5114
2,7,1,1,1,0.8571,0.6,1.0,0.2,1.0,5,3,0,3,0.5,0.6,2,4,1,5115
3,2,3,1,1,1.0,0.6666666666666666,1.0,0.3333333333333333,1.0,6,4,0,4,0.5,0.6666666666666666,2,4,1,5116
1,0,0,0,0,0.1429,0.0,0.0,0.0,0.0,0,0,0,0,0.0,0.0,0,3,0,5117
1,1,0,0,0,0.2857,0.0,0.0,0.0,0.0,1,0,0,0,0.0,0.0,0,3,0,5118
1,1,0,1,0,0.4286,0.0,0.0,0.0,0.0,2,0,0,0,0.0,0.0,0,3,0,5119
1,1,0,1,0,0.5714,0.3333333333333333,1.0,0.0,0.0,3,1,0,1,0.0,0.3333333333333333,0,3,0,5120
2,7,1,1,1,0.7143,0.5,1.0,0.0,0.0,4,2,0,2,0.0,0.5,0,3,0,5121
2,7,1,1,1,0.8571,0.6,1.0,0.2,1.0,5,3,0,3,0.5,0.6,0,3,1,5122
3,2,3,1,1,1.0,0.6666666666666666,1.0,0.3333333333333333,1.0,6,4,0,4,0.5,0.6666666666666666,0,3,1,5123
1,2,3,0,0,0.1667,0.0,0.0,0.0,0.0,0,0,0,0,0.0,0.0,1,4,0,5124
1,1,0,1,0,0.3333,0.0,0.0,0.0,0.0,1,0,0,0,0.0,0.0,1,4,0,5125
1,1,0,1,0,0.5,0.5,1.0,0.0,0.0,2,1,0,1,0.0,0.5,1,4,0,5126
2,7,1,1,1,0.6667,0.6666666666666666,1.0,0.0,0.0,3,2,0,2,0.0,0.6666666666666666,1,4,0,5127
2,7,1,1,1,0.8333,0.75,1.0,0.25,1.0,4,3,0,3,0.5,0.75,1,4,1,5128
3,6,1,1,1,1.0,0.8,1.0,0.4,1.0,5,4,0,4,0.5,0.8,1,4,1,5129
1,0,0,0,0,0.1429,0.0,0.0,0.0,0.0,0,0,0,0,0.0,0.0,2,3,0,5130
1,1,0,0,0,0.2857,0.0,0.0,0.0,0.0,1,0,0,0,0.0,0.0,2,3,0,5131
1,1,0,1,0,0.4286,0.0,0.0,0.0,0.0,2,0,0,0,0.0,0.0,2,3,0,5132
1,1,0,1,0,0.5714,0.3333333333333333,1.0,0.0,0.0,3,1,0,1,0.0,0.3333333333333333,2,3,0,5133
2,7,1,1,1,0.7143,0.5,1.0,0.0,0.0,4,2,0,2,0.0,0.5,2,3,0,5134
2,7,1,1,1,0.8571,0.6,1.0,0.2,1.0,5,3,0,3,0.5,0.6,2,3,1,5135
3,2,3,1,1,1.0,0.6666666666666666,1.0,0.3333333333333333,1.0,6,4,0,4,0.5,0.6666666666666666,2,3,1,5136
1,1,0,1,0,0.2,0.0,0.0,0.0,0.0,0,0,0,0,0.0,0.0,2,3,0,5137
1,7,1,1,1,0.4,1.0,1.0,0.0,0.0,1,1,0,1,0.0,1.0,2,3,0,5138
2,1,0,1,1,0.6,1.0,1.0,0.5,1.0,2,2,0,2,0.5,1.0,2,3,1,5139
2,6,1,1,1,0.8,1.0,1.0,0.6666666666666666,1.0,3,3,0,3,0.5,1.0,2,3,1,5140
3,7,1,1,1,1.0,1.0,1.0,0.75,1.0,4,4,0,4,0.5,1.0,2,3,1,5141
1,2,3,0,0,0.1667,0.0,0.0,0.0,0.0,0,0,0,0,0.0,0.0,0,3,0,5142
1,1,0,1,0,0.3333,0.0,0.0,0.0,0.0,1,0,0,0,0.0,0.0,0,3,0,5143
1,1,0,1,0,0.5,0.5,1.0,0.0,0.0,2,1,0,1,0.0,0.5,0,3,0,5144
2,7,1,1,1,0.6667,0.6666666666666666,1.0,0.0,0.0,3,2,0,2,0.0,0.6666666666666666,0,3,0,5145
2,7,1,1,1,0.8333,0.75,1.0,0.25,1.0,4,3,0,3,0.5,0.75,0,3,1,5146
3,6,1,1,1,1.0,0.8,1.0,0.4,1.0,5,4,0,4,0.5,0.8,0,3,1,5147
