agent_role,tool_name,action_type,data_sensitivity,destination_category,timestamp_norm,mean_sensitivity,max_sensitivity,mean_destination,max_destination,prev_tool_count,prev_sensitive_reads,prev_external_transmits,prev_risky_actions,max_prev_risk,cumulative_risk,task_type,agent_count,label,trajectory_id
1,2,0,0,0,0.1111,0.0,0.0,0.0,0.0,0,0,0,0,0.0,0.0,2,4,0,0
3,6,1,0,0,0.2222,0.0,0.0,0.0,0.0,1,0,0,0,0.0,0.0,2,4,0,1
3,6,1,0,0,0.3333,0.0,0.0,0.0,0.0,2,0,0,0,0.0,0.0,2,4,0,2
3,1,0,1,1,0.4444,0.0,0.0,0.0,0.0,3,0,0,0,0.0,0.0,2,4,0,3
3,2,0,0,1,0.5556,0.25,1.0,0.25,1.0,4,1,0,1,0.5,0.25,2,4,0,4
3,2,0,1,0,0.6667,0.2,1.0,0.4,1.0,5,1,0,1,0.5,0.2,2,4,0,5
3,2,0,0,1,0.7778,0.3333333333333333,1.0,0.3333333333333333,1.0,6,2,0,2,0.5,0.3333333333333333,2,4,0,6
2,0,0,0,1,0.8889,0.2857142857142857,1.0,0.42857142857142855,1.0,7,2,0,2,0.5,0.2857142857142857,2,4,0,7
3,0,0,0,1,1.0,0.25,1.0,0.5,1.0,8,2,0,2,0.5,0.25,2,4,0,8
1,1,0,0,0,0.1667,0.0,0.0,0.0,0.0,0,0,0,0,0.0,0.0,0,2,0,9
2,7,1,0,0,0.3333,0.0,0.0,0.0,0.0,1,0,0,0,0.0,0.0,0,2,0,10
2,1,0,0,0,0.5,0.0,0.0,0.0,0.0,2,0,0,0,0.0,0.0,0,2,0,11
2,0,0,0,0,0.6667,0.0,0.0,0.0,0.0,3,0,0,0,0.0,0.0,0,2,0,12
3,7,1,0,0,0.8333,0.0,0.0,0.0,0.0,4,0,0,0,0.0,0.0,0,2,0,13
1,0,0,1,0,1.0,0.0,0.0,0.0,0.0,5,0,0,0,0.0,0.0,0,2,0,14
1,6,1,0,0,0.1429,0.0,0.0,0.0,0.0,0,0,0,0,0.0,0.0,1,4,0,15
1,0,0,0,1,0.2857,0.0,0.0,0.0,0.0,1,0,0,0,0.0,0.0,1,4,0,16
3,7,1,0,0,0.4286,0.0,0.0,0.5,1.0,2,0,0,0,0.5,0.0,1,4,0,17
2,7,1,0,0,0.5714,0.0,0.0,0.3333333333333333,1.0,3,0,0,0,0.5,0.0,1,4,0,18
1,6,1,0,0,0.7143,0.0,0.0,0.25,1.0,4,0,0,0,0.5,0.0,1,4,0,19
1,6,1,0,0,0.8571,0.0,0.0,0.2,1.0,5,0,0,0,0.5,0.0,1,4,0,20
2,6,1,0,0,1.0,0.0,0.0,0.16666666666666666,1.0,6,0,0,0,0.5,0.0,1,4,0,21
2,2,0,0,1,0.2,0.0,0.0,0.0,0.0,0,0,0,0,0.0,0.0,1,2,0,22
1,0,0,0,0,0.4,0.0,0.0,1.0,1.0,1,0,0,0,0.5,0.0,1,2,0,23
1,0,0,0,0,0.6,0.0,0.0,0.5,1.0,2,0,0,0,0.5,0.0,1,2,0,24
3,1,0,0,1,0.8,0.0,0.0,0.3333333333333333,1.0,3,0,0,0,0.5,0.0,1,2,0,25
1,1,0,0,1,1.0,0.0,0.0,0.5,1.0,4,0,0,0,0.5,0.0,1,2,0,26
3,7,1,0,0,0.1111,0.0,0.0,0.0,0.0,0,0,0,0,0.0,0.0,2,2,0,27
3,7,1,0,0,0.2222,0.0,0.0,0.0,0.0,1,0,0,0,0.0,0.0,2,2,0,28
2,2,0,0,0,0.3333,0.0,0.0,0.0,0.0,2,0,0,0,0.0,0.0,2,2,0,29
1,2,0,0,0,0.4444,0.0,0.0,0.0,0.0,3,0,0,0,0.0,0.0,2,2,0,30
3,7,1,1,0,0.5556,0.0,0.0,0.0,0.0,4,0,0,0,0.0,0.0,2,2,0,31
3,1,0,0,0,0.6667,0.2,1.0,0.0,0.0,5,1,0,1,0.0,0.2,2,2,0,32
2,7,1,1,0,0.7778,0.16666666666666666,1.0,0.0,0.0,6,1,0,1,0.0,0.16666666666666666,2,2,0,33
2,7,1,0,0,0.8889,0.2857142857142857,1.0,0.0,0.0,7,2,0,2,0.0,0.2857142857142857,2,2,0,34
3,0,0,0,0,1.0,0.25,1.0,0.0,0.0,8,2,0,2,0.0,0.25,2,2,0,35
3,0,0,0,1,0.125,0.0,0.0,0.0,0.0,0,0,0,0,0.0,0.0,2,3,0,36
1,1,0,0,0,0.25,0.0,0.0,1.0,1.0,1,0,0,0,0.5,0.0,2,3,0,37
1,6,1,0,0,0.375,0.0,0.0,0.5,1.0,2,0,0,0,0.5,0.0,2,3,0,38
3,1,0,0,0,0.5,0.0,0.0,0.3333333333333333,1.0,3,0,0,0,0.5,0.0,2,3,0,39
1,2,0,0,0,0.625,0.0,0.0,0.25,1.0,4,0,0,0,0.5,0.0,2,3,0,40
1,6,1,0,0,0.75,0.0,0.0,0.2,1.0,5,0,0,0,0.5,0.0,2,3,0,41
1,6,1,0,0,0.875,0.0,0.0,0.16666666666666666,1.0,6,0,0,0,0.5,0.0,2,3,0,42
1,6,1,0,0,1.0,0.0,0.0,0.14285714285714285,1.0,7,0,0,0,0.5,0.0,2,3,0,43
1,0,0,0,0,0.125,0.0,0.0,0.0,0.0,0,0,0,0,0.0,0.0,0,3,0,44
3,6,1,0,0,0.25,0.0,0.0,0.0,0.0,1,0,0,0,0.0,0.0,0,3,0,45
3,2,0,0,0,0.375,0.0,0.0,0.0,0.0,2,0,0,0,0.0,0.0,0,3,0,46
1,0,0,0,1,0.5,0.0,0.0,0.0,0.0,3,0,0,0,0.0,0.0,0,3,0,47
3,6,1,0,1,0.625,0.0,0.0,0.25,1.0,4,0,0,0,0.5,0.0,0,3,0,48
2,7,1,1,0,0.75,0.0,0.0,0.4,1.0,5,0,0,0,0.5,0.0,0,3,0,49
2,7,1,0,0,0.875,0.16666666666666666,1.0,0.3333333333333333,1.0,6,1,0,1,0.5,0.16666666666666666,0,3,0,50
2,7,1,0,1,1.0,0.14285714285714285,1.0,0.2857142857142857,1.0,7,1,0,1,0.5,0.14285714285714285,0,3,0,51
3,7,1,1,1,0.1111,0.0,0.0,0.0,0.0,0,0,0,0,0.0,0.0,0,3,0,52
3,1,0,0,0,0.2222,1.0,1.0,1.0,1.0,1,1,0,1,0.5,1.0,0,3,0,53
2,0,0,0,0,0.3333,0.5,1.0,0.5,1.0,2,1,0,1,0.5,0.5,0,3,0,54
2,7,1,0,1,0.4444,0.3333333333333333,1.0,0.3333333333333333,1.0,3,1,0,1,0.5,0.3333333333333333,0,3,0,55
1,1,0,1,0,0.5556,0.25,1.0,0.5,1.0,4,1,0,1,0.5,0.25,0,3,0,56
2,7,1,0,0,0.6667,0.4,1.0,0.4,1.0,5,2,0,2,0.5,0.4,0,3,0,57
3,7,1,0,0,0.7778,0.3333333333333333,1.0,0.3333333333333333,1.0,6,2,0,2,0.5,0.3333333333333333,0,3,0,58
2,6,1,0,1,0.8889,0.2857142857142857,1.0,0.2857142857142857,1.0,7,2,0,2,0.5,0.2857142857142857,0,3,0,59
1,7,1,0,1,1.0,0.25,1.0,0.375,1.0,8,2,0,2,0.5,0.25,0,3,0,60
2,6,1,0,1,0.2,0.0,0.0,0.0,0.0,0,0,0,0,0.0,0.0,2,3,0,61
1,0,0,0,0,0.4,0.0,0.0,1.0,1.0,1,0,0,0,0.5,0.0,2,3,0,62
1,2,0,0,1,0.6,0.0,0.0,0.5,1.0,2,0,0,0,0.5,0.0,2,3,0,63
2,6,1,0,0,0.8,0.0,0.0,0.6666666666666666,1.0,3,0,0,0,0.5,0.0,2,3,0,64
2,2,0,0,1,1.0,0.0,0.0,0.5,1.0,4,0,0,0,0.5,0.0,2,3,0,65
2,0,0,0,0,0.1111,0.0,0.0,0.0,0.0,0,0,0,0,0.0,0.0,3,4,0,66
3,7,1,0,1,0.2222,0.0,0.0,0.0,0.0,1,0,0,0,0.0,0.0,3,4,0,67
3,2,0,0,1,0.3333,0.0,0.0,0.5,1.0,2,0,0,0,0.5,0.0,3,4,0,68
1,2,0,0,0,0.4444,0.0,0.0,0.6666666666666666,1.0,3,0,0,0,0.5,0.0,3,4,0,69
2,7,1,0,0,0.5556,0.0,0.0,0.5,1.0,4,0,0,0,0.5,0.0,3,4,0,70
2,1,0,1,0,0.6667,0.0,0.0,0.4,1.0,5,0,0,0,0.5,0.0,3,4,0,71
1,7,1,1,0,0.7778,0.16666666666666666,1.0,0.3333333333333333,1.0,6,1,0,1,0.5,0.16666666666666666,3,4,0,72
3,1,0,0,1,0.8889,0.2857142857142857,1.0,0.2857142857142857,1.0,7,2,0,2,0.5,0.2857142857142857,3,4,0,73
3,0,0,0,0,1.0,0.25,1.0,0.375,1.0,8,2,0,2,0.5,0.25,3,4,0,74
3,1,0,1,0,0.1667,0.0,0.0,0.0,0.0,0,0,0,0,0.0,0.0,3,3,0,75
1,0,0,1,0,0.3333,1.0,1.0,0.0,0.0,1,1,0,1,0.0,1.0,3,3,0,76
2,6,1,0,0,0.5,1.0,1.0,0.0,0.0,2,2,0,2,0.0,1.0,3,3,0,77
2,2,0,0,0,0.6667,0.6666666666666666,1.0,0.0,0.0,3,2,0,2,0.0,0.6666666666666666,3,3,0,78
1,2,0,0,0,0.8333,0.5,1.0,0.0,0.0,4,2,0,2,0.0,0.5,3,3,0,79
2,6,1,0,0,1.0,0.4,1.0,0.0,0.0,5,2,0,2,0.0,0.4,3,3,0,80
3,6,1,0,0,0.1111,0.0,0.0,0.0,0.0,0,0,0,0,0.0,0.0,2,2,0,81
1,7,1,0,0,0.2222,0.0,0.0,0.0,0.0,1,0,0,0,0.0,0.0,2,2,0,82
1,6,1,0,0,0.3333,0.0,0.0,0.0,0.0,2,0,0,0,0.0,0.0,2,2,0,83
3,1,0,0,1,0.4444,0.0,0.0,0.0,0.0,3,0,0,0,0.0,0.0,2,2,0,84
1,0,0,0,0,0.5556,0.0,0.0,0.25,1.0,4,0,0,0,0.5,0.0,2,2,0,85
2,1,0,1,0,0.6667,0.0,0.0,0.2,1.0,5,0,0,0,0.5,0.0,2,2,0,86
3,0,0,1,0,0.7778,0.16666666666666666,1.0,0.16666666666666666,1.0,6,1,0,1,0.5,0.16666666666666666,2,2,0,87
2,0,0,0,0,0.8889,0.2857142857142857,1.0,0.14285714285714285,1.0,7,2,0,2,0.5,0.2857142857142857,2,2,0,88
2,1,0,1,1,1.0,0.25,1.0,0.125,1.0,8,2,0,2,0.5,0.25,2,2,0,89
3,1,0,0,0,0.1111,0.0,0.0,0.0,0.0,0,0,0,0,0.0,0.0,0,2,0,90
1,0,0,0,0,0.2222,0.0,0.0,0.0,0.0,1,0,0,0,0.0,0.0,0,2,0,91
3,1,0,0,1,0.3333,0.0,0.0,0.0,0.0,2,0,0,0,0.0,0.0,0,2,0,92
3,6,1,0,0,0.4444,0.0,0.0,0.3333333333333333,1.0,3,0,0,0,0.5,0.0,0,2,0,93
2,0,0,0,1,0.5556,0.0,0.0,0.25,1.0,4,0,0,0,0.5,0.0,0,2,0,94
3,2,0,0,0,0.6667,0.0,0.0,0.4,1.0,5,0,0,0,0.5,0.0,0,2,0,95
1,2,0,0,0,0.7778,0.0,0.0,0.3333333333333333,1.0,6,0,0,0,0.5,0.0,0,2,0,96
1,2,0,1,0,0.8889,0.0,0.0,0.2857142857142857,1.0,7,0,0,0,0.5,0.0,0,2,0,97
3,7,1,1,0,1.0,0.125,1.0,0.25,1.0,8,1,0,1,0.5,0.125,0,2,0,98
3,1,0,0,0,0.1667,0.0,0.0,0.0,0.0,0,0,0,0,0.0,0.0,0,4,0,99
1,0,0,0,1,0.3333,0.0,0.0,0.0,0.0,1,0,0,0,0.0,0.0,0,4,0,100
3,6,1,0,1,0.5,0.0,0.0,0.5,1.0,2,0,0,0,0.5,0.0,0,4,0,101
2,0,0,0,0,0.6667,0.0,0.0,0.6666666666666666,1.0,3,0,0,0,0.5,0.0,0,4,0,102
3,1,0,0,0,0.8333,0.0,0.0,0.5,1.0,4,0,0,0,0.5,0.0,0,4,0,103
1,1,0,0,1,1.0,0.0,0.0,0.4,1.0,5,0,0,0,0.5,0.0,0,4,0,104
1,7,1,0,1,0.25,0.0,0.0,0.0,0.0,0,0,0,0,0.0,0.0,0,3,0,105
3,2,0,0,0,0.5,0.0,0.0,1.0,1.0,1,0,0,0,0.5,0.0,0,3,0,106
3,0,0,1,1,0.75,0.0,0.0,0.5,1.0,2,0,0,0,0.5,0.0,0,3,0,107
2,0,0,0,0,1.0,0.3333333333333333,1.0,0.6666666666666666,1.0,3,1,0,1,0.5,0.3333333333333333,0,3,0,108
2,0,0,1,0,0.2,0.0,0.0,0.0,0.0,0,0,0,0,0.0,0.0,1,4,0,109
3,0,0,0,0,0.4,1.0,1.0,0.0,0.0,1,1,0,1,0.0,1.0,1,4,0,110
3,2,0,0,1,0.6,0.5,1.0,0.0,0.0,2,1,0,1,0.0,0.5,1,4,0,111
2,6,1,1,1,0.8,0.3333333333333333,1.0,0.3333333333333333,1.0,3,1,0,1,0.5,0.3333333333333333,1,4,0,112
2,1,0,0,0,1.0,0.5,1.0,0.5,1.0,4,2,0,2,0.5,0.5,1,4,0,113
1,1,0,0,0,0.1429,0.0,0.0,0.0,0.0,0,0,0,0,0.0,0.0,0,2,0,114
2,6,1,0,0,0.2857,0.0,0.0,0.0,0.0,1,0,0,0,0.0,0.0,0,2,0,115
2,2,0,0,1,0.4286,0.0,0.0,0.0,0.0,2,0,0,0,0.0,0.0,0,2,0,116
3,1,0,0,0,0.5714,0.0,0.0,0.3333333333333333,1.0,3,0,0,0,0.5,0.0,0,2,0,117
1,1,0,0,0,0.7143,0.0,0.0,0.25,1.0,4,0,0,0,0.5,0.0,0,2,0,118
1,6,1,0,1,0.8571,0.0,0.0,0.2,1.0,5,0,0,0,0.5,0.0,0,2,0,119
2,1,0,1,0,1.0,0.0,0.0,0.3333333333333333,1.0,6,0,0,0,0.5,0.0,0,2,0,120
3,2,0,1,1,0.1,0.0,0.0,0.0,0.0,0,0,0,0,0.0,0.0,1,4,0,121
3,7,1,0,1,0.2,1.0,1.0,1.0,1.0,1,1,0,1,0.5,1.0,1,4,0,122
1,0,0,0,0,0.3,0.5,1.0,1.0,1.0,2,1,0,1,0.5,0.5,1,4,0,123
3,1,0,0,1,0.4,0.3333333333333333,1.0,0.6666666666666666,1.0,3,1,0,1,0.5,0.3333333333333333,1,4,0,124
3,7,1,0,0,0.5,0.25,1.0,0.75,1.0,4,1,0,1,0.5,0.25,1,4,0,125
2,6,1,0,0,0.6,0.2,1.0,0.6,1.0,5,1,0,1,0.5,0.2,1,4,0,126
3,0,0,0,0,0.7,0.16666666666666666,1.0,0.5,1.0,6,1,0,1,0.5,0.16666666666666666,1,4,0,127
3,1,0,0,0,0.8,0.14285714285714285,1.0,0.42857142857142855,1.0,7,1,0,1,0.5,0.14285714285714285,1,4,0,128
3,0,0,0,0,0.9,0.125,1.0,0.375,1.0,8,1,0,1,0.5,0.125,1,4,0,129
2,6,1,0,1,1.0,0.1111111111111111,1.0,0.3333333333333333,1.0,9,1,0,1,0.5,0.1111111111111111,1,4,0,130
2,7,1,0,0,0.25,0.0,0.0,0.0,0.0,0,0,0,0,0.0,0.0,1,4,0,131
2,7,1,1,1,0.5,0.0,0.0,0.0,0.0,1,0,0,0,0.0,0.0,1,4,0,132
1,0,0,0,1,0.75,0.5,1.0,0.5,1.0,2,1,0,1,0.5,0.5,1,4,0,133
2,1,0,0,0,1.0,0.3333333333333333,1.0,0.6666666666666666,1.0,3,1,0,1,0.5,0.3333333333333333,1,4,0,134
3,7,1,0,0,0.1,0.0,0.0,0.0,0.0,0,0,0,0,0.0,0.0,1,3,0,135
1,7,1,0,0,0.2,0.0,0.0,0.0,0.0,1,0,0,0,0.0,0.0,1,3,0,136
1,1,0,0,0,0.3,0.0,0.0,0.0,0.0,2,0,0,0,0.0,0.0,1,3,0,137
3,0,0,0,1,0.4,0.0,0.0,0.0,0.0,3,0,0,0,0.0,0.0,1,3,0,138
3,6,1,0,0,0.5,0.0,0.0,0.25,1.0,4,0,0,0,0.5,0.0,1,3,0,139
2,2,0,0,0,0.6,0.0,0.0,0.2,1.0,5,0,0,0,0.5,0.0,1,3,0,140
3,1,0,0,0,0.7,0.0,0.0,0.16666666666666666,1.0,6,0,0,0,0.5,0.0,1,3,0,141
2,1,0,0,0,0.8,0.0,0.0,0.14285714285714285,1.0,7,0,0,0,0.5,0.0,1,3,0,142
3,2,0,0,0,0.9,0.0,0.0,0.125,1.0,8,0,0,0,0.5,0.0,1,3,0,143
2,2,0,0,0,1.0,0.0,0.0,0.1111111111111111,1.0,9,0,0,0,0.5,0.0,1,3,0,144
1,7,1,0,1,0.1429,0.0,0.0,0.0,0.0,0,0,0,0,0.0,0.0,0,2,0,145
3,0,0,0,0,0.2857,0.0,0.0,1.0,1.0,1,0,0,0,0.5,0.0,0,2,0,146
1,2,0,0,0,0.4286,0.0,0.0,0.5,1.0,2,0,0,0,0.5,0.0,0,2,0,147
2,2,0,0,1,0.5714,0.0,0.0,0.3333333333333333,1.0,3,0,0,0,0.5,0.0,0,2,0,148
2,7,1,0,0,0.7143,0.0,0.0,0.5,1.0,4,0,0,0,0.5,0.0,0,2,0,149
3,6,1,0,1,0.8571,0.0,0.0,0.4,1.0,5,0,0,0,0.5,0.0,0,2,0,150
3,2,0,0,0,1.0,0.0,0.0,0.5,1.0,6,0,0,0,0.5,0.0,0,2,0,151
3,2,0,0,0,0.25,0.0,0.0,0.0,0.0,0,0,0,0,0.0,0.0,2,2,0,152
3,0,0,0,0,0.5,0.0,0.0,0.0,0.0,1,0,0,0,0.0,0.0,2,2,0,153
1,6,1,0,0,0.75,0.0,0.0,0.0,0.0,2,0,0,0,0.0,0.0,2,2,0,154
3,0,0,0,1,1.0,0.0,0.0,0.0,0.0,3,0,0,0,0.0,0.0,2,2,0,155
2,6,1,0,1,0.1429,0.0,0.0,0.0,0.0,0,0,0,0,0.0,0.0,1,3,0,156
1,7,1,0,0,0.2857,0.0,0.0,1.0,1.0,1,0,0,0,0.5,0.0,1,3,0,157
3,1,0,1,1,0.4286,0.0,0.0,0.5,1.0,2,0,0,0,0.5,0.0,1,3,0,158
1,1,0,0,1,0.5714,0.3333333333333333,1.0,0.6666666666666666,1.0,3,1,0,1,0.5,0.3333333333333333,1,3,0,159
1,6,1,0,0,0.7143,0.25,1.0,0.75,1.0,4,1,0,1,0.5,0.25,1,3,0,160
3,1,0,0,0,0.8571,0.2,1.0,0.6,1.0,5,1,0,1,0.5,0.2,1,3,0,161
3,6,1,0,0,1.0,0.16666666666666666,1.0,0.5,1.0,6,1,0,1,0.5,0.16666666666666666,1,3,0,162
3,6,1,0,1,0.1429,0.0,0.0,0.0,0.0,0,0,0,0,0.0,0.0,1,3,0,163
2,1,0,0,1,0.2857,0.0,0.0,1.0,1.0,1,0,0,0,0.5,0.0,1,3,0,164
1,7,1,1,0,0.4286,0.0,0.0,1.0,1.0,2,0,0,0,0.5,0.0,1,3,0,165
1,7,1,1,0,0.5714,0.3333333333333333,1.0,0.6666666666666666,1.0,3,1,0,1,0.5,0.3333333333333333,1,3,0,166
1,7,1,1,0,0.7143,0.5,1.0,0.5,1.0,4,2,0,2,0.5,0.5,1,3,0,167
3,2,0,0,0,0.8571,0.6,1.0,0.4,1.0,5,3,0,3,0.5,0.6,1,3,0,168
3,2,0,0,1,1.0,0.5,1.0,0.3333333333333333,1.0,6,3,0,3,0.5,0.5,1,3,0,169
1,6,1,0,0,0.1667,0.0,0.0,0.0,0.0,0,0,0,0,0.0,0.0,2,2,0,170
3,0,0,0,0,0.3333,0.0,0.0,0.0,0.0,1,0,0,0,0.0,0.0,2,2,0,171
3,2,0,0,1,0.5,0.0,0.0,0.0,0.0,2,0,0,0,0.0,0.0,2,2,0,172
2,1,0,0,1,0.6667,0.0,0.0,0.3333333333333333,1.0,3,0,0,0,0.5,0.0,2,2,0,173
3,6,1,1,0,0.8333,0.0,0.0,0.5,1.0,4,0,0,0,0.5,0.0,2,2,0,174
3,1,0,0,1,1.0,0.2,1.0,0.4,1.0,5,1,0,1,0.5,0.2,2,2,0,175
2,6,1,1,1,0.1667,0.0,0.0,0.0,0.0,0,0,0,0,0.0,0.0,0,3,0,176
1,2,0,0,0,0.3333,1.0,1.0,1.0,1.0,1,1,0,1,0.5,1.0,0,3,0,177
1,0,0,0,0,0.5,0.5,1.0,0.5,1.0,2,1,0,1,0.5,0.5,0,3,0,178
3,1,0,0,0,0.6667,0.3333333333333333,1.0,0.3333333333333333,1.0,3,1,0,1,0.5,0.3333333333333333,0,3,0,179
2,2,0,0,0,0.8333,0.25,1.0,0.25,1.0,4,1,0,1,0.5,0.25,0,3,0,180
1,1,0,0,1,1.0,0.2,1.0,0.2,1.0,5,1,0,1,0.5,0.2,0,3,0,181
1,0,0,0,0,0.25,0.0,0.0,0.0,0.0,0,0,0,0,0.0,0.0,2,4,0,182
2,7,1,0,0,0.5,0.0,0.0,0.0,0.0,1,0,0,0,0.0,0.0,2,4,0,183
3,7,1,0,0,0.75,0.0,0.0,0.0,0.0,2,0,0,0,0.0,0.0,2,4,0,184
3,1,0,0,0,1.0,0.0,0.0,0.0,0.0,3,0,0,0,0.0,0.0,2,4,0,185
2,0,0,1,0,0.1111,0.0,0.0,0.0,0.0,0,0,0,0,0.0,0.0,0,2,0,186
3,6,1,0,1,0.2222,1.0,1.0,0.0,0.0,1,1,0,1,0.0,1.0,0,2,0,187
3,6,1,1,0,0.3333,0.5,1.0,0.5,1.0,2,1,0,1,0.5,0.5,0,2,0,188
3,1,0,0,0,0.4444,0.6666666666666666,1.0,0.3333333333333333,1.0,3,2,0,2,0.5,0.6666666666666666,0,2,0,189
2,6,1,0,0,0.5556,0.5,1.0,0.25,1.0,4,2,0,2,0.5,0.5,0,2,0,190
1,0,0,0,1,0.6667,0.4,1.0,0.2,1.0,5,2,0,2,0.5,0.4,0,2,0,191
2,6,1,0,0,0.7778,0.3333333333333333,1.0,0.3333333333333333,1.0,6,2,0,2,0.5,0.3333333333333333,0,2,0,192
2,7,1,0,0,0.8889,0.2857142857142857,1.0,0.2857142857142857,1.0,7,2,0,2,0.5,0.2857142857142857,0,2,0,193
3,7,1,0,0,1.0,0.25,1.0,0.25,1.0,8,2,0,2,0.5,0.25,0,2,0,194
1,2,0,0,0,0.25,0.0,0.0,0.0,0.0,0,0,0,0,0.0,0.0,0,2,0,195
1,1,0,0,0,0.5,0.0,0.0,0.0,0.0,1,0,0,0,0.0,0.0,0,2,0,196
1,6,1,0,0,0.75,0.0,0.0,0.0,0.0,2,0,0,0,0.0,0.0,0,2,0,197
3,1,0,0,0,1.0,0.0,0.0,0.0,0.0,3,0,0,0,0.0,0.0,0,2,0,198
2,0,0,0,0,0.1667,0.0,0.0,0.0,0.0,0,0,0,0,0.0,0.0,2,3,0,199
3,1,0,0,0,0.3333,0.0,0.0,0.0,0.0,1,0,0,0,0.0,0.0,2,3,0,200
3,2,0,1,0,0.5,0.0,0.0,0.0,0.0,2,0,0,0,0.0,0.0,2,3,0,201
3,6,1,0,1,0.6667,0.3333333333333333,1.0,0.0,0.0,3,1,0,1,0.0,0.3333333333333333,2,3,0,202
2,2,0,0,0,0.8333,0.25,1.0,0.25,1.0,4,1,0,1,0.5,0.25,2,3,0,203
1,6,1,1,1,1.0,0.2,1.0,0.2,1.0,5,1,0,1,0.5,0.2,2,3,0,204
1,1,0,0,1,0.1667,0.0,0.0,0.0,0.0,0,0,0,0,0.0,0.0,2,3,0,205
2,2,0,0,1,0.3333,0.0,0.0,1.0,1.0,1,0,0,0,0.5,0.0,2,3,0,206
1,6,1,0,0,0.5,0.0,0.0,1.0,1.0,2,0,0,0,0.5,0.0,2,3,0,207
3,7,1,0,0,0.6667,0.0,0.0,0.6666666666666666,1.0,3,0,0,0,0.5,0.0,2,3,0,208
1,7,1,0,1,0.8333,0.0,0.0,0.5,1.0,4,0,0,0,0.5,0.0,2,3,0,209
3,7,1,0,1,1.0,0.0,0.0,0.6,1.0,5,0,0,0,0.5,0.0,2,3,0,210
3,0,0,0,0,0.125,0.0,0.0,0.0,0.0,0,0,0,0,0.0,0.0,3,4,0,211
3,2,0,1,1,0.25,0.0,0.0,0.0,0.0,1,0,0,0,0.0,0.0,3,4,0,212
3,1,0,0,0,0.375,0.5,1.0,0.5,1.0,2,1,0,1,0.5,0.5,3,4,0,213
2,1,0,0,0,0.5,0.3333333333333333,1.0,0.3333333333333333,1.0,3,1,0,1,0.5,0.3333333333333333,3,4,0,214
1,6,1,0,0,0.625,0.25,1.0,0.25,1.0,4,1,0,1,0.5,0.25,3,4,0,215
1,6,1,1,1,0.75,0.2,1.0,0.2,1.0,5,1,0,1,0.5,0.2,3,4,0,216
1,6,1,0,0,0.875,0.3333333333333333,1.0,0.3333333333333333,1.0,6,2,0,2,0.5,0.3333333333333333,3,4,0,217
2,2,0,0,1,1.0,0.2857142857142857,1.0,0.2857142857142857,1.0,7,2,0,2,0.5,0.2857142857142857,3,4,0,218
3,2,0,0,0,0.1,0.0,0.0,0.0,0.0,0,0,0,0,0.0,0.0,0,4,0,219
2,0,0,1,0,0.2,0.0,0.0,0.0,0.0,1,0,0,0,0.0,0.0,0,4,0,220
3,1,0,0,0,0.3,0.5,1.0,0.0,0.0,2,1,0,1,0.0,0.5,0,4,0,221
3,7,1,0,0,0.4,0.3333333333333333,1.0,0.0,0.0,3,1,0,1,0.0,0.3333333333333333,0,4,0,222
2,7,1,0,0,0.5,0.25,1.0,0.0,0.0,4,1,0,1,0.0,0.25,0,4,0,223
2,7,1,0,0,0.6,0.2,1.0,0.0,0.0,5,1,0,1,0.0,0.2,0,4,0,224
2,1,0,1,0,0.7,0.16666666666666666,1.0,0.0,0.0,6,1,0,1,0.0,0.16666666666666666,0,4,0,225
2,7,1,0,0,0.8,0.2857142857142857,1.0,0.0,0.0,7,2,0,2,0.0,0.2857142857142857,0,4,0,226
1,2,0,0,0,0.9,0.25,1.0,0.0,0.0,8,2,0,2,0.0,0.25,0,4,0,227
1,7,1,1,1,1.0,0.2222222222222222,1.0,0.0,0.0,9,2,0,2,0.0,0.2222222222222222,0,4,0,228
3,2,0,1,0,0.1,0.0,0.0,0.0,0.0,0,0,0,0,0.0,0.0,3,3,0,229
3,6,1,0,1,0.2,1.0,1.0,0.0,0.0,1,1,0,1,0.0,1.0,3,3,0,230
1,7,1,0,0,0.3,0.5,1.0,0.5,1.0,2,1,0,1,0.5,0.5,3,3,0,231
2,7,1,0,0,0.4,0.3333333333333333,1.0,0.3333333333333333,1.0,3,1,0,1,0.5,0.3333333333333333,3,3,0,232
3,7,1,0,0,0.5,0.25,1.0,0.25,1.0,4,1,0,1,0.5,0.25,3,3,0,233
3,6,1,1,0,0.6,0.2,1.0,0.2,1.0,5,1,0,1,0.5,0.2,3,3,0,234
1,0,0,0,0,0.7,0.3333333333333333,1.0,0.16666666666666666,1.0,6,2,0,2,0.5,0.3333333333333333,3,3,0,235
3,2,0,0,0,0.8,0.2857142857142857,1.0,0.14285714285714285,1.0,7,2,0,2,0.5,0.2857142857142857,3,3,0,236
1,2,0,0,0,0.9,0.25,1.0,0.125,1.0,8,2,0,2,0.5,0.25,3,3,0,237
3,1,0,0,1,1.0,0.2222222222222222,1.0,0.1111111111111111,1.0,9,2,0,2,0.5,0.2222222222222222,3,3,0,238
2,6,1,1,0,0.1429,0.0,0.0,0.0,0.0,0,0,0,0,0.0,0.0,2,2,0,239
1,6,1,0,1,0.2857,1.0,1.0,0.0,0.0,1,1,0,1,0.0,1.0,2,2,0,240
2,6,1,0,1,0.4286,0.5,1.0,0.5,1.0,2,1,0,1,0.5,0.5,2,2,0,241
2,7,1,0,0,0.5714,0.3333333333333333,1.0,0.6666666666666666,1.0,3,1,0,1,0.5,0.3333333333333333,2,2,0,242
3,6,1,0,0,0.7143,0.25,1.0,0.5,1.0,4,1,0,1,0.5,0.25,2,2,0,243
2,0,0,0,1,0.8571,0.2,1.0,0.4,1.0,5,1,0,1,0.5,0.2,2,2,0,244
1,6,1,1,0,1.0,0.16666666666666666,1.0,0.5,1.0,6,1,0,1,0.5,0.16666666666666666,2,2,0,245
1,6,1,0,0,0.1667,0.0,0.0,0.0,0.0,0,0,0,0,0.0,0.0,2,2,0,246
2,6,1,0,0,0.3333,0.0,0.0,0.0,0.0,1,0,0,0,0.0,0.0,2,2,0,247
3,1,0,0,1,0.5,0.0,0.0,0.0,0.0,2,0,0,0,0.0,0.0,2,2,0,248
1,2,0,0,0,0.6667,0.0,0.0,0.3333333333333333,1.0,3,0,0,0,0.5,0.0,2,2,0,249
1,0,0,0,1,0.8333,0.0,0.0,0.25,1.0,4,0,0,0,0.5,0.0,2,2,0,250
3,7,1,0,0,1.0,0.0,0.0,0.4,1.0,5,0,0,0,0.5,0.0,2,2,0,251
1,2,0,0,0,0.1111,0.0,0.0,0.0,0.0,0,0,0,0,0.0,0.0,2,4,0,252
3,1,0,0,0,0.2222,0.0,0.0,0.0,0.0,1,0,0,0,0.0,0.0,2,4,0,253
2,2,0,0,1,0.3333,0.0,0.0,0.0,0.0,2,0,0,0,0.0,0.0,2,4,0,254
1,2,0,0,0,0.4444,0.0,0.0,0.3333333333333333,1.0,3,0,0,0,0.5,0.0,2,4,0,255
1,7,1,1,0,0.5556,0.0,0.0,0.25,1.0,4,0,0,0,0.5,0.0,2,4,0,256
1,1,0,0,0,0.6667,0.2,1.0,0.2,1.0,5,1,0,1,0.5,0.2,2,4,0,257
3,0,0,0,0,0.7778,0.16666666666666666,1.0,0.16666666666666666,1.0,6,1,0,1,0.5,0.16666666666666666,2,4,0,258
3,7,1,0,1,0.8889,0.14285714285714285,1.0,0.14285714285714285,1.0,7,1,0,1,0.5,0.14285714285714285,2,4,0,259
2,0,0,0,0,1.0,0.125,1.0,0.25,1.0,8,1,0,1,0.5,0.125,2,4,0,260
1,6,1,0,1,0.125,0.0,0.0,0.0,0.0,0,0,0,0,0.0,0.0,3,2,0,261
2,2,0,0,0,0.25,0.0,0.0,1.0,1.0,1,0,0,0,0.5,0.0,3,2,0,262
2,1,0,0,0,0.375,0.0,0.0,0.5,1.0,2,0,0,0,0.5,0.0,3,2,0,263
2,6,1,0,0,0.5,0.0,0.0,0.3333333333333333,1.0,3,0,0,0,0.5,0.0,3,2,0,264
3,0,0,0,1,0.625,0.0,0.0,0.25,1.0,4,0,0,0,0.5,0.0,3,2,0,265
3,2,0,0,0,0.75,0.0,0.0,0.4,1.0,5,0,0,0,0.5,0.0,3,2,0,266
3,1,0,1,0,0.875,0.0,0.0,0.3333333333333333,1.0,6,0,0,0,0.5,0.0,3,2,0,267
3,1,0,0,0,1.0,0.14285714285714285,1.0,0.2857142857142857,1.0,7,1,0,1,0.5,0.14285714285714285,3,2,0,268
3,7,1,0,1,0.25,0.0,0.0,0.0,0.0,0,0,0,0,0.0,0.0,1,4,0,269
3,6,1,1,0,0.5,0.0,0.0,1.0,1.0,1,0,0,0,0.5,0.0,1,4,0,270
2,2,0,0,0,0.75,0.5,1.0,0.5,1.0,2,1,0,1,0.5,0.5,1,4,0,271
2,0,0,0,0,1.0,0.3333333333333333,1.0,0.3333333333333333,1.0,3,1,0,1,0.5,0.3333333333333333,1,4,0,272
3,2,0,0,1,0.2,0.0,0.0,0.0,0.0,0,0,0,0,0.0,0.0,0,4,0,273
3,0,0,1,0,0.4,0.0,0.0,1.0,1.0,1,0,0,0,0.5,0.0,0,4,0,274
2,0,0,1,0,0.6,0.5,1.0,0.5,1.0,2,1,0,1,0.5,0.5,0,4,0,275
3,1,0,0,0,0.8,0.6666666666666666,1.0,0.3333333333333333,1.0,3,2,0,2,0.5,0.6666666666666666,0,4,0,276
2,7,1,1,1,1.0,0.5,1.0,0.25,1.0,4,2,0,2,0.5,0.5,0,4,0,277
1,2,0,1,0,0.1667,0.0,0.0,0.0,0.0,0,0,0,0,0.0,0.0,2,4,0,278
1,2,0,0,0,0.3333,1.0,1.0,0.0,0.0,1,1,0,1,0.0,1.0,2,4,0,279
2,1,0,1,0,0.5,0.5,1.0,0.0,0.0,2,1,0,1,0.0,0.5,2,4,0,280
1,6,1,1,0,0.6667,0.6666666666666666,1.0,0.0,0.0,3,2,0,2,0.0,0.6666666666666666,2,4,0,281
2,0,0,1,1,0.8333,0.75,1.0,0.0,0.0,4,3,0,3,0.0,0.75,2,4,0,282
1,1,0,0,0,1.0,0.8,1.0,0.2,1.0,5,4,0,4,0.5,0.8,2,4,0,283
3,1,0,0,0,0.1111,0.0,0.0,0.0,0.0,0,0,0,0,0.0,0.0,0,2,0,284
2,6,1,0,0,0.2222,0.0,0.0,0.0,0.0,1,0,0,0,0.0,0.0,0,2,0,285
3,2,0,0,0,0.3333,0.0,0.0,0.0,0.0,2,0,0,0,0.0,0.0,0,2,0,286
1,0,0,0,0,0.4444,0.0,0.0,0.0,0.0,3,0,0,0,0.0,0.0,0,2,0,287
1,0,0,0,0,0.5556,0.0,0.0,0.0,0.0,4,0,0,0,0.0,0.0,0,2,0,288
2,7,1,0,1,0.6667,0.0,0.0,0.0,0.0,5,0,0,0,0.0,0.0,0,2,0,289
2,7,1,1,1,0.7778,0.0,0.0,0.16666666666666666,1.0,6,0,0,0,0.5,0.0,0,2,0,290
1,1,0,0,0,0.8889,0.14285714285714285,1.0,0.2857142857142857,1.0,7,1,0,1,0.5,0.14285714285714285,0,2,0,291
1,2,0,0,0,1.0,0.125,1.0,0.25,1.0,8,1,0,1,0.5,0.125,0,2,0,292
1,7,1,0,0,0.125,0.0,0.0,0.0,0.0,0,0,0,0,0.0,0.0,3,2,0,293
1,2,0,0,0,0.25,0.0,0.0,0.0,0.0,1,0,0,0,0.0,0.0,3,2,0,294
3,2,0,0,0,0.375,0.0,0.0,0.0,0.0,2,0,0,0,0.0,0.0,3,2,0,295
3,1,0,0,1,0.5,0.0,0.0,0.0,0.0,3,0,0,0,0.0,0.0,3,2,0,296
1,1,0,0,1,0.625,0.0,0.0,0.25,1.0,4,0,0,0,0.5,0.0,3,2,0,297
2,6,1,0,0,0.75,0.0,0.0,0.4,1.0,5,0,0,0,0.5,0.0,3,2,0,298
2,0,0,0,1,0.875,0.0,0.0,0.3333333333333333,1.0,6,0,0,0,0.5,0.0,3,2,0,299
3,6,1,0,1,1.0,0.0,0.0,0.42857142857142855,1.0,7,0,0,0,0.5,0.0,3,2,0,300
1,6,1,1,0,0.1111,0.0,0.0,0.0,0.0,0,0,0,0,0.0,0.0,0,2,0,301
3,1,0,0,0,0.2222,1.0,1.0,0.0,0.0,1,1,0,1,0.0,1.0,0,2,0,302
3,2,0,1,0,0.3333,0.5,1.0,0.0,0.0,2,1,0,1,0.0,0.5,0,2,0,303
1,1,0,0,1,0.4444,0.6666666666666666,1.0,0.0,0.0,3,2,0,2,0.0,0.6666666666666666,0,2,0,304
2,7,1,1,1,0.5556,0.5,1.0,0.25,1.0,4,2,0,2,0.5,0.5,0,2,0,305
3,7,1,1,1,0.6667,0.6,1.0,0.4,1.0,5,3,0,3,0.5,0.6,0,2,0,306
2,1,0,1,0,0.7778,0.6666666666666666,1.0,0.5,1.0,6,4,0,4,0.5,0.6666666666666666,0,2,0,307
3,6,1,0,0,0.8889,0.7142857142857143,1.0,0.42857142857142855,1.0,7,5,0,5,0.5,0.7142857142857143,0,2,0,308
2,7,1,1,0,1.0,0.625,1.0,0.375,1.0,8,5,0,5,0.5,0.625,0,2,0,309
2,2,0,1,0,0.2,0.0,0.0,0.0,0.0,0,0,0,0,0.0,0.0,0,4,0,310
1,0,0,0,0,0.4,1.0,1.0,0.0,0.0,1,1,0,1,0.0,1.0,0,4,0,311
3,7,1,0,0,0.6,0.5,1.0,0.0,0.0,2,1,0,1,0.0,0.5,0,4,0,312
2,6,1,0,0,0.8,0.3333333333333333,1.0,0.0,0.0,3,1,0,1,0.0,0.3333333333333333,0,4,0,313
3,6,1,0,0,1.0,0.25,1.0,0.0,0.0,4,1,0,1,0.0,0.25,0,4,0,314
2,6,1,1,1,0.125,0.0,0.0,0.0,0.0,0,0,0,0,0.0,0.0,2,4,0,315
3,2,0,0,0,0.25,1.0,1.0,1.0,1.0,1,1,0,1,0.5,1.0,2,4,0,316
1,2,0,1,0,0.375,0.5,1.0,0.5,1.0,2,1,0,1,0.5,0.5,2,4,0,317
2,7,1,1,0,0.5,0.6666666666666666,1.0,0.3333333333333333,1.0,3,2,0,2,0.5,0.6666666666666666,2,4,0,318
3,7,1,1,0,0.625,0.75,1.0,0.25,1.0,4,3,0,3,0.5,0.75,2,4,0,319
3,0,0,0,0,0.75,0.8,1.0,0.2,1.0,5,4,0,4,0.5,0.8,2,4,0,320
2,6,1,0,0,0.875,0.6666666666666666,1.0,0.16666666666666666,1.0,6,4,0,4,0.5,0.6666666666666666,2,4,0,321
3,1,0,0,1,1.0,0.5714285714285714,1.0,0.14285714285714285,1.0,7,4,0,4,0.5,0.5714285714285714,2,4,0,322
3,0,0,0,0,0.1111,0.0,0.0,0.0,0.0,0,0,0,0,0.0,0.0,0,2,0,323
1,2,0,0,1,0.2222,0.0,0.0,0.0,0.0,1,0,0,0,0.0,0.0,0,2,0,324
3,2,0,0,0,0.3333,0.0,0.0,0.5,1.0,2,0,0,0,0.5,0.0,0,2,0,325
1,6,1,0,0,0.4444,0.0,0.0,0.3333333333333333,1.0,3,0,0,0,0.5,0.0,0,2,0,326
2,1,0,1,0,0.5556,0.0,0.0,0.25,1.0,4,0,0,0,0.5,0.0,0,2,0,327
1,0,0,0,1,0.6667,0.2,1.0,0.2,1.0,5,1,0,1,0.5,0.2,0,2,0,328
1,0,0,0,0,0.7778,0.16666666666666666,1.0,0.3333333333333333,1.0,6,1,0,1,0.5,0.16666666666666666,0,2,0,329
2,2,0,0,0,0.8889,0.14285714285714285,1.0,0.2857142857142857,1.0,7,1,0,1,0.5,0.14285714285714285,0,2,0,330
2,6,1,0,0,1.0,0.125,1.0,0.25,1.0,8,1,0,1,0.5,0.125,0,2,0,331
2,2,0,0,0,0.1111,0.0,0.0,0.0,0.0,0,0,0,0,0.0,0.0,3,3,0,332
3,7,1,0,0,0.2222,0.0,0.0,0.0,0.0,1,0,0,0,0.0,0.0,3,3,0,333
3,6,1,1,1,0.3333,0.0,0.0,0.0,0.0,2,0,0,0,0.0,0.0,3,3,0,334
2,6,1,0,1,0.4444,0.3333333333333333,1.0,0.3333333333333333,1.0,3,1,0,1,0.5,0.3333333333333333,3,3,0,335
3,7,1,0,0,0.5556,0.25,1.0,0.5,1.0,4,1,0,1,0.5,0.25,3,3,0,336
1,2,0,1,0,0.6667,0.2,1.0,0.4,1.0,5,1,0,1,0.5,0.2,3,3,0,337
1,1,0,0,1,0.7778,0.3333333333333333,1.0,0.3333333333333333,1.0,6,2,0,2,0.5,0.3333333333333333,3,3,0,338
1,7,1,0,0,0.8889,0.2857142857142857,1.0,0.42857142857142855,1.0,7,2,0,2,0.5,0.2857142857142857,3,3,0,339
3,6,1,1,0,1.0,0.25,1.0,0.375,1.0,8,2,0,2,0.5,0.25,3,3,0,340
3,0,0,1,0,0.1667,0.0,0.0,0.0,0.0,0,0,0,0,0.0,0.0,2,4,0,341
3,1,0,0,1,0.3333,1.0,1.0,0.0,0.0,1,1,0,1,0.0,1.0,2,4,0,342
3,0,0,0,0,0.5,0.5,1.0,0.5,1.0,2,1,0,1,0.5,0.5,2,4,0,343
1,0,0,1,0,0.6667,0.3333333333333333,1.0,0.3333333333333333,1.0,3,1,0,1,0.5,0.3333333333333333,2,4,0,344
3,1,0,0,1,0.8333,0.5,1.0,0.25,1.0,4,2,0,2,0.5,0.5,2,4,0,345
3,2,0,0,0,1.0,0.4,1.0,0.4,1.0,5,2,0,2,0.5,0.4,2,4,0,346
3,7,1,0,0,0.125,0.0,0.0,0.0,0.0,0,0,0,0,0.0,0.0,2,4,0,347
2,2,0,0,1,0.25,0.0,0.0,0.0,0.0,1,0,0,0,0.0,0.0,2,4,0,348
2,1,0,0,0,0.375,0.0,0.0,0.5,1.0,2,0,0,0,0.5,0.0,2,4,0,349
3,1,0,1,0,0.5,0.0,0.0,0.3333333333333333,1.0,3,0,0,0,0.5,0.0,2,4,0,350
1,7,1,0,1,0.625,0.25,1.0,0.25,1.0,4,1,0,1,0.5,0.25,2,4,0,351
1,7,1,1,0,0.75,0.2,1.0,0.4,1.0,5,1,0,1,0.5,0.2,2,4,0,352
3,0,0,0,0,0.875,0.3333333333333333,1.0,0.3333333333333333,1.0,6,2,0,2,0.5,0.3333333333333333,2,4,0,353
1,2,0,1,1,1.0,0.2857142857142857,1.0,0.2857142857142857,1.0,7,2,0,2,0.5,0.2857142857142857,2,4,0,354
1,7,1,0,0,0.25,0.0,0.0,0.0,0.0,0,0,0,0,0.0,0.0,3,2,0,355
1,7,1,0,0,0.5,0.0,0.0,0.0,0.0,1,0,0,0,0.0,0.0,3,2,0,356
2,0,0,0,0,0.75,0.0,0.0,0.0,0.0,2,0,0,0,0.0,0.0,3,2,0,357
3,7,1,0,1,1.0,0.0,0.0,0.0,0.0,3,0,0,0,0.0,0.0,3,2,0,358
2,7,1,0,0,0.1,0.0,0.0,0.0,0.0,0,0,0,0,0.0,0.0,2,3,0,359
1,0,0,0,0,0.2,0.0,0.0,0.0,0.0,1,0,0,0,0.0,0.0,2,3,0,360
1,6,1,0,0,0.3,0.0,0.0,0.0,0.0,2,0,0,0,0.0,0.0,2,3,0,361
2,6,1,0,1,0.4,0.0,0.0,0.0,0.0,3,0,0,0,0.0,0.0,2,3,0,362
3,0,0,0,0,0.5,0.0,0.0,0.25,1.0,4,0,0,0,0.5,0.0,2,3,0,363
3,2,0,0,0,0.6,0.0,0.0,0.2,1.0,5,0,0,0,0.5,0.0,2,3,0,364
1,1,0,0,0,0.7,0.0,0.0,0.16666666666666666,1.0,6,0,0,0,0.5,0.0,2,3,0,365
1,6,1,0,1,0.8,0.0,0.0,0.14285714285714285,1.0,7,0,0,0,0.5,0.0,2,3,0,366
1,0,0,0,1,0.9,0.0,0.0,0.25,1.0,8,0,0,0,0.5,0.0,2,3,0,367
1,6,1,0,1,1.0,0.0,0.0,0.3333333333333333,1.0,9,0,0,0,0.5,0.0,2,3,0,368
1,2,0,0,0,0.25,0.0,0.0,0.0,0.0,0,0,0,0,0.0,0.0,1,2,0,369
2,6,1,1,0,0.5,0.0,0.0,0.0,0.0,1,0,0,0,0.0,0.0,1,2,0,370
1,6,1,0,1,0.75,0.5,1.0,0.0,0.0,2,1,0,1,0.0,0.5,1,2,0,371
3,6,1,0,0,1.0,0.3333333333333333,1.0,0.3333333333333333,1.0,3,1,0,1,0.5,0.3333333333333333,1,2,0,372
3,2,0,0,0,0.125,0.0,0.0,0.0,0.0,0,0,0,0,0.0,0.0,0,4,0,373
3,2,0,1,1,0.25,0.0,0.0,0.0,0.0,1,0,0,0,0.0,0.0,0,4,0,374
2,6,1,0,1,0.375,0.5,1.0,0.5,1.0,2,1,0,1,0.5,0.5,0,4,0,375
1,7,1,0,0,0.5,0.3333333333333333,1.0,0.6666666666666666,1.0,3,1,0,1,0.5,0.3333333333333333,0,4,0,376
2,7,1,1,1,0.625,0.25,1.0,0.5,1.0,4,1,0,1,0.5,0.25,0,4,0,377
3,7,1,0,0,0.75,0.4,1.0,0.6,1.0,5,2,0,2,0.5,0.4,0,4,0,378
2,6,1,0,0,0.875,0.3333333333333333,1.0,0.5,1.0,6,2,0,2,0.5,0.3333333333333333,0,4,0,379
3,0,0,0,0,1.0,0.2857142857142857,1.0,0.42857142857142855,1.0,7,2,0,2,0.5,0.2857142857142857,0,4,0,380
1,2,0,0,1,0.1,0.0,0.0,0.0,0.0,0,0,0,0,0.0,0.0,1,3,0,381
1,7,1,1,0,0.2,0.0,0.0,1.0,1.0,1,0,0,0,0.5,0.0,1,3,0,382
1,0,0,0,1,0.3,0.5,1.0,0.5,1.0,2,1,0,1,0.5,0.5,1,3,0,383
2,7,1,0,1,0.4,0.3333333333333333,1.0,0.6666666666666666,1.0,3,1,0,1,0.5,0.3333333333333333,1,3,0,384
3,1,0,0,0,0.5,0.25,1.0,0.75,1.0,4,1,0,1,0.5,0.25,1,3,0,385
3,2,0,0,0,0.6,0.2,1.0,0.6,1.0,5,1,0,1,0.5,0.2,1,3,0,386
3,0,0,0,0,0.7,0.16666666666666666,1.0,0.5,1.0,6,1,0,1,0.5,0.16666666666666666,1,3,0,387
2,0,0,0,0,0.8,0.14285714285714285,1.0,0.42857142857142855,1.0,7,1,0,1,0.5,0.14285714285714285,1,3,0,388
1,1,0,0,0,0.9,0.125,1.0,0.375,1.0,8,1,0,1,0.5,0.125,1,3,0,389
2,2,0,0,1,1.0,0.1111111111111111,1.0,0.3333333333333333,1.0,9,1,0,1,0.5,0.1111111111111111,1,3,0,390
2,2,0,0,1,0.1111,0.0,0.0,0.0,0.0,0,0,0,0,0.0,0.0,2,4,0,391
1,6,1,0,0,0.2222,0.0,0.0,1.0,1.0,1,0,0,0,0.5,0.0,2,4,0,392
3,1,0,0,1,0.3333,0.0,0.0,0.5,1.0,2,0,0,0,0.5,0.0,2,4,0,393
3,6,1,1,0,0.4444,0.0,0.0,0.6666666666666666,1.0,3,0,0,0,0.5,0.0,2,4,0,394
2,0,0,0,0,0.5556,0.25,1.0,0.5,1.0,4,1,0,1,0.5,0.25,2,4,0,395
2,6,1,0,0,0.6667,0.2,1.0,0.4,1.0,5,1,0,1,0.5,0.2,2,4,0,396
2,1,0,1,0,0.7778,0.16666666666666666,1.0,0.3333333333333333,1.0,6,1,0,1,0.5,0.16666666666666666,2,4,0,397
2,0,0,0,0,0.8889,0.2857142857142857,1.0,0.2857142857142857,1.0,7,2,0,2,0.5,0.2857142857142857,2,4,0,398
3,1,0,0,0,1.0,0.25,1.0,0.25,1.0,8,2,0,2,0.5,0.25,2,4,0,399
3,1,0,1,0,0.1111,0.0,0.0,0.0,0.0,0,0,0,0,0.0,0.0,1,3,0,400
3,6,1,0,0,0.2222,1.0,1.0,0.0,0.0,1,1,0,1,0.0,1.0,1,3,0,401
1,7,1,1,0,0.3333,0.5,1.0,0.0,0.0,2,1,0,1,0.0,0.5,1,3,0,402
1,1,0,1,0,0.4444,0.6666666666666666,1.0,0.0,0.0,3,2,0,2,0.0,0.6666666666666666,1,3,0,403
3,7,1,0,0,0.5556,0.75,1.0,0.0,0.0,4,3,0,3,0.0,0.75,1,3,0,404
1,0,0,0,1,0.6667,0.6,1.0,0.0,0.0,5,3,0,3,0.0,0.6,1,3,0,405
1,1,0,0,1,0.7778,0.5,1.0,0.16666666666666666,1.0,6,3,0,3,0.5,0.5,1,3,0,406
3,0,0,0,0,0.8889,0.42857142857142855,1.0,0.2857142857142857,1.0,7,3,0,3,0.5,0.42857142857142855,1,3,0,407
2,1,0,0,1,1.0,0.375,1.0,0.25,1.0,8,3,0,3,0.5,0.375,1,3,0,408
2,1,0,0,0,0.2,0.0,0.0,0.0,0.0,0,0,0,0,0.0,0.0,2,3,0,409
3,2,0,0,1,0.4,0.0,0.0,0.0,0.0,1,0,0,0,0.0,0.0,2,3,0,410
1,2,0,1,0,0.6,0.0,0.0,0.5,1.0,2,0,0,0,0.5,0.0,2,3,0,411
1,2,0,0,0,0.8,0.3333333333333333,1.0,0.3333333333333333,1.0,3,1,0,1,0.5,0.3333333333333333,2,3,0,412
1,7,1,0,1,1.0,0.25,1.0,0.25,1.0,4,1,0,1,0.5,0.25,2,3,0,413
2,7,1,0,0,0.1667,0.0,0.0,0.0,0.0,0,0,0,0,0.0,0.0,0,2,0,414
3,6,1,0,0,0.3333,0.0,0.0,0.0,0.0,1,0,0,0,0.0,0.0,0,2,0,415
1,6,1,0,1,0.5,0.0,0.0,0.0,0.0,2,0,0,0,0.0,0.0,0,2,0,416
1,7,1,0,1,0.6667,0.0,0.0,0.3333333333333333,1.0,3,0,0,0,0.5,0.0,0,2,0,417
2,2,0,0,0,0.8333,0.0,0.0,0.5,1.0,4,0,0,0,0.5,0.0,0,2,0,418
3,7,1,1,0,1.0,0.0,0.0,0.4,1.0,5,0,0,0,0.5,0.0,0,2,0,419
3,0,0,0,1,0.1111,0.0,0.0,0.0,0.0,0,0,0,0,0.0,0.0,0,3,0,420
2,7,1,0,1,0.2222,0.0,0.0,1.0,1.0,1,0,0,0,0.5,0.0,0,3,0,421
1,7,1,0,0,0.3333,0.0,0.0,1.0,1.0,2,0,0,0,0.5,0.0,0,3,0,422
3,1,0,0,1,0.4444,0.0,0.0,0.6666666666666666,1.0,3,0,0,0,0.5,0.0,0,3,0,423
2,7,1,0,0,0.5556,0.0,0.0,0.75,1.0,4,0,0,0,0.5,0.0,0,3,0,424
3,2,0,0,0,0.6667,0.0,0.0,0.6,1.0,5,0,0,0,0.5,0.0,0,3,0,425
1,2,0,1,0,0.7778,0.0,0.0,0.5,1.0,6,0,0,0,0.5,0.0,0,3,0,426
3,2,0,0,1,0.8889,0.14285714285714285,1.0,0.42857142857142855,1.0,7,1,0,1,0.5,0.14285714285714285,0,3,0,427
1,2,0,0,1,1.0,0.125,1.0,0.5,1.0,8,1,0,1,0.5,0.125,0,3,0,428
1,7,1,0,1,0.1667,0.0,0.0,0.0,0.0,0,0,0,0,0.0,0.0,0,3,0,429
3,7,1,0,0,0.3333,0.0,0.0,1.0,1.0,1,0,0,0,0.5,0.0,0,3,0,430
2,6,1,0,0,0.5,0.0,0.0,0.5,1.0,2,0,0,0,0.5,0.0,0,3,0,431
2,0,0,0,0,0.6667,0.0,0.0,0.3333333333333333,1.0,3,0,0,0,0.5,0.0,0,3,0,432
3,1,0,1,1,0.8333,0.0,0.0,0.25,1.0,4,0,0,0,0.5,0.0,0,3,0,433
3,1,0,1,0,1.0,0.2,1.0,0.4,1.0,5,1,0,1,0.5,0.2,0,3,0,434
2,2,0,0,0,0.1667,0.0,0.0,0.0,0.0,0,0,0,0,0.0,0.0,3,2,0,435
2,2,0,0,0,0.3333,0.0,0.0,0.0,0.0,1,0,0,0,0.0,0.0,3,2,0,436
1,6,1,0,0,0.5,0.0,0.0,0.0,0.0,2,0,0,0,0.0,0.0,3,2,0,437
2,2,0,0,0,0.6667,0.0,0.0,0.0,0.0,3,0,0,0,0.0,0.0,3,2,0,438
2,1,0,0,0,0.8333,0.0,0.0,0.0,0.0,4,0,0,0,0.0,0.0,3,2,0,439
3,6,1,0,0,1.0,0.0,0.0,0.0,0.0,5,0,0,0,0.0,0.0,3,2,0,440
2,1,0,0,0,0.25,0.0,0.0,0.0,0.0,0,0,0,0,0.0,0.0,3,3,0,441
1,6,1,0,0,0.5,0.0,0.0,0.0,0.0,1,0,0,0,0.0,0.0,3,3,0,442
2,0,0,0,0,0.75,0.0,0.0,0.0,0.0,2,0,0,0,0.0,0.0,3,3,0,443
1,6,1,0,1,1.0,0.0,0.0,0.0,0.0,3,0,0,0,0.0,0.0,3,3,0,444
1,6,1,0,0,0.1111,0.0,0.0,0.0,0.0,0,0,0,0,0.0,0.0,1,4,0,445
1,6,1,0,0,0.2222,0.0,0.0,0.0,0.0,1,0,0,0,0.0,0.0,1,4,0,446
2,2,0,0,0,0.3333,0.0,0.0,0.0,0.0,2,0,0,0,0.0,0.0,1,4,0,447
1,7,1,0,1,0.4444,0.0,0.0,0.0,0.0,3,0,0,0,0.0,0.0,1,4,0,448
2,6,1,0,0,0.5556,0.0,0.0,0.25,1.0,4,0,0,0,0.5,0.0,1,4,0,449
2,7,1,0,0,0.6667,0.0,0.0,0.2,1.0,5,0,0,0,0.5,0.0,1,4,0,450
3,2,0,0,1,0.7778,0.0,0.0,0.16666666666666666,1.0,6,0,0,0,0.5,0.0,1,4,0,451
3,1,0,1,1,0.8889,0.0,0.0,0.2857142857142857,1.0,7,0,0,0,0.5,0.0,1,4,0,452
1,1,0,0,0,1.0,0.125,1.0,0.375,1.0,8,1,0,1,0.5,0.125,1,4,0,453
3,6,1,0,1,0.25,0.0,0.0,0.0,0.0,0,0,0,0,0.0,0.0,2,2,0,454
3,6,1,0,0,0.5,0.0,0.0,1.0,1.0,1,0,0,0,0.5,0.0,2,2,0,455
3,0,0,0,0,0.75,0.0,0.0,0.5,1.0,2,0,0,0,0.5,0.0,2,2,0,456
1,6,1,0,1,1.0,0.0,0.0,0.3333333333333333,1.0,3,0,0,0,0.5,0.0,2,2,0,457
3,0,0,0,0,0.1667,0.0,0.0,0.0,0.0,0,0,0,0,0.0,0.0,2,2,0,458
1,6,1,0,1,0.3333,0.0,0.0,0.0,0.0,1,0,0,0,0.0,0.0,2,2,0,459
1,0,0,0,1,0.5,0.0,0.0,0.5,1.0,2,0,0,0,0.5,0.0,2,2,0,460
2,6,1,0,0,0.6667,0.0,0.0,0.6666666666666666,1.0,3,0,0,0,0.5,0.0,2,2,0,461
2,6,1,0,1,0.8333,0.0,0.0,0.5,1.0,4,0,0,0,0.5,0.0,2,2,0,462
1,1,0,0,0,1.0,0.0,0.0,0.6,1.0,5,0,0,0,0.5,0.0,2,2,0,463
3,2,0,0,0,0.1667,0.0,0.0,0.0,0.0,0,0,0,0,0.0,0.0,3,3,0,464
3,6,1,1,1,0.3333,0.0,0.0,0.0,0.0,1,0,0,0,0.0,0.0,3,3,0,465
1,6,1,0,0,0.5,0.5,1.0,0.5,1.0,2,1,0,1,0.5,0.5,3,3,0,466
1,7,1,0,0,0.6667,0.3333333333333333,1.0,0.3333333333333333,1.0,3,1,0,1,0.5,0.3333333333333333,3,3,0,467
3,7,1,1,1,0.8333,0.25,1.0,0.25,1.0,4,1,0,1,0.5,0.25,3,3,0,468
3,6,1,0,0,1.0,0.4,1.0,0.4,1.0,5,2,0,2,0.5,0.4,3,3,0,469
1,0,0,0,0,0.1,0.0,0.0,0.0,0.0,0,0,0,0,0.0,0.0,3,2,0,470
3,2,0,0,0,0.2,0.0,0.0,0.0,0.0,1,0,0,0,0.0,0.0,3,2,0,471
2,6,1,0,0,0.3,0.0,0.0,0.0,0.0,2,0,0,0,0.0,0.0,3,2,0,472
3,2,0,0,0,0.4,0.0,0.0,0.0,0.0,3,0,0,0,0.0,0.0,3,2,0,473
3,1,0,0,1,0.5,0.0,0.0,0.0,0.0,4,0,0,0,0.0,0.0,3,2,0,474
2,2,0,0,1,0.6,0.0,0.0,0.2,1.0,5,0,0,0,0.5,0.0,3,2,0,475
1,6,1,0,0,0.7,0.0,0.0,0.3333333333333333,1.0,6,0,0,0,0.5,0.0,3,2,0,476
1,2,0,0,0,0.8,0.0,0.0,0.2857142857142857,1.0,7,0,0,0,0.5,0.0,3,2,0,477
2,0,0,1,1,0.9,0.0,0.0,0.25,1.0,8,0,0,0,0.5,0.0,3,2,0,478
2,6,1,0,0,1.0,0.1111111111111111,1.0,0.3333333333333333,1.0,9,1,0,1,0.5,0.1111111111111111,3,2,0,479
2,1,0,0,1,0.25,0.0,0.0,0.0,0.0,0,0,0,0,0.0,0.0,0,4,0,480
1,0,0,0,0,0.5,0.0,0.0,1.0,1.0,1,0,0,0,0.5,0.0,0,4,0,481
2,1,0,1,0,0.75,0.0,0.0,0.5,1.0,2,0,0,0,0.5,0.0,0,4,0,482
2,6,1,0,1,1.0,0.3333333333333333,1.0,0.3333333333333333,1.0,3,1,0,1,0.5,0.3333333333333333,0,4,0,483
3,1,0,1,0,0.1667,0.0,0.0,0.0,0.0,0,0,0,0,0.0,0.0,3,4,0,484
2,2,0,0,0,0.3333,1.0,1.0,0.0,0.0,1,1,0,1,0.0,1.0,3,4,0,485
3,7,1,0,1,0.5,0.5,1.0,0.0,0.0,2,1,0,1,0.0,0.5,3,4,0,486
1,0,0,0,0,0.6667,0.3333333333333333,1.0,0.3333333333333333,1.0,3,1,0,1,0.5,0.3333333333333333,3,4,0,487
1,2,0,1,0,0.8333,0.25,1.0,0.25,1.0,4,1,0,1,0.5,0.25,3,4,0,488
3,1,0,0,1,1.0,0.4,1.0,0.2,1.0,5,2,0,2,0.5,0.4,3,4,0,489
2,6,1,0,0,0.25,0.0,0.0,0.0,0.0,0,0,0,0,0.0,0.0,1,4,0,490
2,7,1,0,0,0.5,0.0,0.0,0.0,0.0,1,0,0,0,0.0,0.0,1,4,0,491
1,0,0,0,0,0.75,0.0,0.0,0.0,0.0,2,0,0,0,0.0,0.0,1,4,0,492
3,0,0,0,0,1.0,0.0,0.0,0.0,0.0,3,0,0,0,0.0,0.0,1,4,0,493
2,6,1,1,0,0.1429,0.0,0.0,0.0,0.0,0,0,0,0,0.0,0.0,1,4,0,494
1,7,1,0,1,0.2857,1.0,1.0,0.0,0.0,1,1,0,1,0.0,1.0,1,4,0,495
2,2,0,0,1,0.4286,0.5,1.0,0.5,1.0,2,1,0,1,0.5,0.5,1,4,0,496
3,0,0,0,1,0.5714,0.3333333333333333,1.0,0.6666666666666666,1.0,3,1,0,1,0.5,0.3333333333333333,1,4,0,497
2,6,1,0,0,0.7143,0.25,1.0,0.75,1.0,4,1,0,1,0.5,0.25,1,4,0,498
1,7,1,0,1,0.8571,0.2,1.0,0.6,1.0,5,1,0,1,0.5,0.2,1,4,0,499
1,2,0,0,0,1.0,0.16666666666666666,1.0,0.6666666666666666,1.0,6,1,0,1,0.5,0.16666666666666666,1,4,0,500
2,1,0,0,0,0.25,0.0,0.0,0.0,0.0,0,0,0,0,0.0,0.0,1,4,0,501
3,1,0,1,0,0.5,0.0,0.0,0.0,0.0,1,0,0,0,0.0,0.0,1,4,0,502
3,6,1,1,1,0.75,0.5,1.0,0.0,0.0,2,1,0,1,0.0,0.5,1,4,0,503
1,6,1,0,0,1.0,0.6666666666666666,1.0,0.3333333333333333,1.0,3,2,0,2,0.5,0.6666666666666666,1,4,0,504
1,0,0,1,0,0.125,0.0,0.0,0.0,0.0,0,0,0,0,0.0,0.0,1,2,0,505
2,0,0,0,0,0.25,1.0,1.0,0.0,0.0,1,1,0,1,0.0,1.0,1,2,0,506
2,2,0,0,0,0.375,0.5,1.0,0.0,0.0,2,1,0,1,0.0,0.5,1,2,0,507
2,7,1,1,0,0.5,0.3333333333333333,1.0,0.0,0.0,3,1,0,1,0.0,0.3333333333333333,1,2,0,508
1,6,1,0,0,0.625,0.5,1.0,0.0,0.0,4,2,0,2,0.0,0.5,1,2,0,509
3,1,0,0,0,0.75,0.4,1.0,0.0,0.0,5,2,0,2,0.0,0.4,1,2,0,510
1,1,0,0,0,0.875,0.3333333333333333,1.0,0.0,0.0,6,2,0,2,0.0,0.3333333333333333,1,2,0,511
3,1,0,0,0,1.0,0.2857142857142857,1.0,0.0,0.0,7,2,0,2,0.0,0.2857142857142857,1,2,0,512
2,2,0,0,0,0.1,0.0,0.0,0.0,0.0,0,0,0,0,0.0,0.0,1,2,0,513
3,1,0,0,0,0.2,0.0,0.0,0.0,0.0,1,0,0,0,0.0,0.0,1,2,0,514
1,6,1,0,1,0.3,0.0,0.0,0.0,0.0,2,0,0,0,0.0,0.0,1,2,0,515
2,6,1,0,0,0.4,0.0,0.0,0.3333333333333333,1.0,3,0,0,0,0.5,0.0,1,2,0,516
1,1,0,0,0,0.5,0.0,0.0,0.25,1.0,4,0,0,0,0.5,0.0,1,2,0,517
1,1,0,0,0,0.6,0.0,0.0,0.2,1.0,5,0,0,0,0.5,0.0,1,2,0,518
1,7,1,0,0,0.7,0.0,0.0,0.16666666666666666,1.0,6,0,0,0,0.5,0.0,1,2,0,519
2,1,0,1,0,0.8,0.0,0.0,0.14285714285714285,1.0,7,0,0,0,0.5,0.0,1,2,0,520
2,0,0,0,0,0.9,0.125,1.0,0.125,1.0,8,1,0,1,0.5,0.125,1,2,0,521
3,7,1,1,0,1.0,0.1111111111111111,1.0,0.1111111111111111,1.0,9,1,0,1,0.5,0.1111111111111111,1,2,0,522
1,2,0,0,0,0.1667,0.0,0.0,0.0,0.0,0,0,0,0,0.0,0.0,2,2,0,523
1,0,0,0,0,0.3333,0.0,0.0,0.0,0.0,1,0,0,0,0.0,0.0,2,2,0,524
2,7,1,0,0,0.5,0.0,0.0,0.0,0.0,2,0,0,0,0.0,0.0,2,2,0,525
3,2,0,1,0,0.6667,0.0,0.0,0.0,0.0,3,0,0,0,0.0,0.0,2,2,0,526
3,7,1,0,0,0.8333,0.25,1.0,0.0,0.0,4,1,0,1,0.0,0.25,2,2,0,527
1,0,0,0,0,1.0,0.2,1.0,0.0,0.0,5,1,0,1,0.0,0.2,2,2,0,528
3,6,1,0,0,0.125,0.0,0.0,0.0,0.0,0,0,0,0,0.0,0.0,1,4,0,529
1,6,1,0,0,0.25,0.0,0.0,0.0,0.0,1,0,0,0,0.0,0.0,1,4,0,530
1,0,0,0,1,0.375,0.0,0.0,0.0,0.0,2,0,0,0,0.0,0.0,1,4,0,531
1,0,0,0,0,0.5,0.0,0.0,0.3333333333333333,1.0,3,0,0,0,0.5,0.0,1,4,0,532
3,6,1,0,0,0.625,0.0,0.0,0.25,1.0,4,0,0,0,0.5,0.0,1,4,0,533
1,7,1,0,0,0.75,0.0,0.0,0.2,1.0,5,0,0,0,0.5,0.0,1,4,0,534
2,1,0,0,1,0.875,0.0,0.0,0.16666666666666666,1.0,6,0,0,0,0.5,0.0,1,4,0,535
3,6,1,1,0,1.0,0.0,0.0,0.2857142857142857,1.0,7,0,0,0,0.5,0.0,1,4,0,536
3,0,0,1,0,0.2,0.0,0.0,0.0,0.0,0,0,0,0,0.0,0.0,1,2,0,537
2,2,0,1,0,0.4,1.0,1.0,0.0,0.0,1,1,0,1,0.0,1.0,1,2,0,538
1,2,0,1,0,0.6,1.0,1.0,0.0,0.0,2,2,0,2,0.0,1.0,1,2,0,539
1,7,1,0,0,0.8,1.0,1.0,0.0,0.0,3,3,0,3,0.0,1.0,1,2,0,540
3,6,1,0,1,1.0,0.75,1.0,0.0,0.0,4,3,0,3,0.0,0.75,1,2,0,541
2,2,0,0,0,0.1,0.0,0.0,0.0,0.0,0,0,0,0,0.0,0.0,3,2,0,542
1,1,0,0,0,0.2,0.0,0.0,0.0,0.0,1,0,0,0,0.0,0.0,3,2,0,543
3,1,0,1,0,0.3,0.0,0.0,0.0,0.0,2,0,0,0,0.0,0.0,3,2,0,544
3,2,0,0,1,0.4,0.3333333333333333,1.0,0.0,0.0,3,1,0,1,0.0,0.3333333333333333,3,2,0,545
3,1,0,0,0,0.5,0.25,1.0,0.25,1.0,4,1,0,1,0.5,0.25,3,2,0,546
1,0,0,0,0,0.6,0.2,1.0,0.2,1.0,5,1,0,1,0.5,0.2,3,2,0,547
1,6,1,0,0,0.7,0.16666666666666666,1.0,0.16666666666666666,1.0,6,1,0,1,0.5,0.16666666666666666,3,2,0,548
1,1,0,0,0,0.8,0.14285714285714285,1.0,0.14285714285714285,1.0,7,1,0,1,0.5,0.14285714285714285,3,2,0,549
1,6,1,1,0,0.9,0.125,1.0,0.125,1.0,8,1,0,1,0.5,0.125,3,2,0,550
3,1,0,0,1,1.0,0.2222222222222222,1.0,0.1111111111111111,1.0,9,2,0,2,0.5,0.2222222222222222,3,2,0,551
1,6,1,1,0,0.1667,0.0,0.0,0.0,0.0,0,0,0,0,0.0,0.0,1,2,0,552
3,1,0,0,1,0.3333,1.0,1.0,0.0,0.0,1,1,0,1,0.0,1.0,1,2,0,553
3,1,0,1,0,0.5,0.5,1.0,0.5,1.0,2,1,0,1,0.5,0.5,1,2,0,554
1,0,0,0,1,0.6667,0.6666666666666666,1.0,0.3333333333333333,1.0,3,2,0,2,0.5,0.6666666666666666,1,2,0,555
2,6,1,0,1,0.8333,0.5,1.0,0.5,1.0,4,2,0,2,0.5,0.5,1,2,0,556
1,1,0,0,1,1.0,0.4,1.0,0.6,1.0,5,2,0,2,0.5,0.4,1,2,0,557
1,7,1,0,0,0.1667,0.0,0.0,0.0,0.0,0,0,0,0,0.0,0.0,2,4,0,558
1,7,1,0,1,0.3333,0.0,0.0,0.0,0.0,1,0,0,0,0.0,0.0,2,4,0,559
1,0,0,0,0,0.5,0.0,0.0,0.5,1.0,2,0,0,0,0.5,0.0,2,4,0,560
1,0,0,0,0,0.6667,0.0,0.0,0.3333333333333333,1.0,3,0,0,0,0.5,0.0,2,4,0,561
3,0,0,1,0,0.8333,0.0,0.0,0.25,1.0,4,0,0,0,0.5,0.0,2,4,0,562
1,2,0,0,0,1.0,0.2,1.0,0.2,1.0,5,1,0,1,0.5,0.2,2,4,0,563
1,7,1,1,1,0.25,0.0,0.0,0.0,0.0,0,0,0,0,0.0,0.0,3,4,0,564
2,7,1,0,0,0.5,1.0,1.0,1.0,1.0,1,1,0,1,0.5,1.0,3,4,0,565
2,2,0,0,0,0.75,0.5,1.0,0.5,1.0,2,1,0,1,0.5,0.5,3,4,0,566
1,2,0,0,0,1.0,0.3333333333333333,1.0,0.3333333333333333,1.0,3,1,0,1,0.5,0.3333333333333333,3,4,0,567
2,2,0,0,0,0.1667,0.0,0.0,0.0,0.0,0,0,0,0,0.0,0.0,3,4,0,568
2,2,0,1,0,0.3333,0.0,0.0,0.0,0.0,1,0,0,0,0.0,0.0,3,4,0,569
2,6,1,0,0,0.5,0.5,1.0,0.0,0.0,2,1,0,1,0.0,0.5,3,4,0,570
1,1,0,1,0,0.6667,0.3333333333333333,1.0,0.0,0.0,3,1,0,1,0.0,0.3333333333333333,3,4,0,571
2,6,1,0,0,0.8333,0.5,1.0,0.0,0.0,4,2,0,2,0.0,0.5,3,4,0,572
1,1,0,0,0,1.0,0.4,1.0,0.0,0.0,5,2,0,2,0.0,0.4,3,4,0,573
3,0,0,1,0,0.2,0.0,0.0,0.0,0.0,0,0,0,0,0.0,0.0,2,2,0,574
2,0,0,0,0,0.4,1.0,1.0,0.0,0.0,1,1,0,1,0.0,1.0,2,2,0,575
1,1,0,0,0,0.6,0.5,1.0,0.0,0.0,2,1,0,1,0.0,0.5,2,2,0,576
2,6,1,0,0,0.8,0.3333333333333333,1.0,0.0,0.0,3,1,0,1,0.0,0.3333333333333333,2,2,0,577
2,0,0,0,0,1.0,0.25,1.0,0.0,0.0,4,1,0,1,0.0,0.25,2,2,0,578
2,1,0,0,1,0.2,0.0,0.0,0.0,0.0,0,0,0,0,0.0,0.0,3,4,0,579
2,2,0,0,0,0.4,0.0,0.0,1.0,1.0,1,0,0,0,0.5,0.0,3,4,0,580
3,6,1,0,0,0.6,0.0,0.0,0.5,1.0,2,0,0,0,0.5,0.0,3,4,0,581
2,6,1,0,0,0.8,0.0,0.0,0.3333333333333333,1.0,3,0,0,0,0.5,0.0,3,4,0,582
3,6,1,0,0,1.0,0.0,0.0,0.25,1.0,4,0,0,0,0.5,0.0,3,4,0,583
2,2,0,0,1,0.1,0.0,0.0,0.0,0.0,0,0,0,0,0.0,0.0,1,3,0,584
2,7,1,0,0,0.2,0.0,0.0,1.0,1.0,1,0,0,0,0.5,0.0,1,3,0,585
3,7,1,0,0,0.3,0.0,0.0,0.5,1.0,2,0,0,0,0.5,0.0,1,3,0,586
1,1,0,0,1,0.4,0.0,0.0,0.3333333333333333,1.0,3,0,0,0,0.5,0.0,1,3,0,587
2,7,1,1,1,0.5,0.0,0.0,0.5,1.0,4,0,0,0,0.5,0.0,1,3,0,588
3,2,0,0,0,0.6,0.2,1.0,0.6,1.0,5,1,0,1,0.5,0.2,1,3,0,589
3,7,1,1,0,0.7,0.16666666666666666,1.0,0.5,1.0,6,1,0,1,0.5,0.16666666666666666,1,3,0,590
3,6,1,0,0,0.8,0.2857142857142857,1.0,0.42857142857142855,1.0,7,2,0,2,0.5,0.2857142857142857,1,3,0,591
2,2,0,0,0,0.9,0.25,1.0,0.375,1.0,8,2,0,2,0.5,0.25,1,3,0,592
1,2,0,1,0,1.0,0.2222222222222222,1.0,0.3333333333333333,1.0,9,2,0,2,0.5,0.2222222222222222,1,3,0,593
2,7,1,0,0,0.1429,0.0,0.0,0.0,0.0,0,0,0,0,0.0,0.0,0,2,0,594
3,6,1,0,0,0.2857,0.0,0.0,0.0,0.0,1,0,0,0,0.0,0.0,0,2,0,595
2,0,0,0,0,0.4286,0.0,0.0,0.0,0.0,2,0,0,0,0.0,0.0,0,2,0,596
3,0,0,0,0,0.5714,0.0,0.0,0.0,0.0,3,0,0,0,0.0,0.0,0,2,0,597
3,6,1,1,0,0.7143,0.0,0.0,0.0,0.0,4,0,0,0,0.0,0.0,0,2,0,598
1,0,0,0,1,0.8571,0.2,1.0,0.0,0.0,5,1,0,1,0.0,0.2,0,2,0,599
3,1,0,0,0,1.0,0.16666666666666666,1.0,0.16666666666666666,1.0,6,1,0,1,0.5,0.16666666666666666,0,2,0,600
2,1,0,0,0,0.1111,0.0,0.0,0.0,0.0,0,0,0,0,0.0,0.0,3,2,0,601
3,0,0,0,0,0.2222,0.0,0.0,0.0,0.0,1,0,0,0,0.0,0.0,3,2,0,602
2,6,1,0,0,0.3333,0.0,0.0,0.0,0.0,2,0,0,0,0.0,0.0,3,2,0,603
1,2,0,0,1,0.4444,0.0,0.0,0.0,0.0,3,0,0,0,0.0,0.0,3,2,0,604
3,1,0,0,1,0.5556,0.0,0.0,0.25,1.0,4,0,0,0,0.5,0.0,3,2,0,605
3,2,0,0,0,0.6667,0.0,0.0,0.4,1.0,5,0,0,0,0.5,0.0,3,2,0,606
3,0,0,0,0,0.7778,0.0,0.0,0.3333333333333333,1.0,6,0,0,0,0.5,0.0,3,2,0,607
1,6,1,0,0,0.8889,0.0,0.0,0.2857142857142857,1.0,7,0,0,0,0.5,0.0,3,2,0,608
3,6,1,0,0,1.0,0.0,0.0,0.25,1.0,8,0,0,0,0.5,0.0,3,2,0,609
1,0,0,1,0,0.125,0.0,0.0,0.0,0.0,0,0,0,0,0.0,0.0,3,3,0,610
1,1,0,1,0,0.25,1.0,1.0,0.0,0.0,1,1,0,1,0.0,1.0,3,3,0,611
3,0,0,0,1,0.375,1.0,1.0,0.0,0.0,2,2,0,2,0.0,1.0,3,3,0,612
1,0,0,0,1,0.5,0.6666666666666666,1.0,0.3333333333333333,1.0,3,2,0,2,0.5,0.6666666666666666,3,3,0,613
1,0,0,0,0,0.625,0.5,1.0,0.5,1.0,4,2,0,2,0.5,0.5,3,3,0,614
2,1,0,0,0,0.75,0.4,1.0,0.4,1.0,5,2,0,2,0.5,0.4,3,3,0,615
1,7,1,0,1,0.875,0.3333333333333333,1.0,0.3333333333333333,1.0,6,2,0,2,0.5,0.3333333333333333,3,3,0,616
3,6,1,1,0,1.0,0.2857142857142857,1.0,0.42857142857142855,1.0,7,2,0,2,0.5,0.2857142857142857,3,3,0,617
1,2,0,0,0,0.1,0.0,0.0,0.0,0.0,0,0,0,0,0.0,0.0,3,4,0,618
2,2,0,0,0,0.2,0.0,0.0,0.0,0.0,1,0,0,0,0.0,0.0,3,4,0,619
1,1,0,1,0,0.3,0.0,0.0,0.0,0.0,2,0,0,0,0.0,0.0,3,4,0,620
2,6,1,0,1,0.4,0.3333333333333333,1.0,0.0,0.0,3,1,0,1,0.0,0.3333333333333333,3,4,0,621
3,6,1,0,1,0.5,0.25,1.0,0.25,1.0,4,1,0,1,0.5,0.25,3,4,0,622
1,2,0,0,1,0.6,0.2,1.0,0.4,1.0,5,1,0,1,0.5,0.2,3,4,0,623
2,2,0,0,0,0.7,0.16666666666666666,1.0,0.5,1.0,6,1,0,1,0.5,0.16666666666666666,3,4,0,624
2,2,0,0,0,0.8,0.14285714285714285,1.0,0.42857142857142855,1.0,7,1,0,1,0.5,0.14285714285714285,3,4,0,625
3,7,1,1,0,0.9,0.125,1.0,0.375,1.0,8,1,0,1,0.5,0.125,3,4,0,626
1,7,1,0,0,1.0,0.2222222222222222,1.0,0.3333333333333333,1.0,9,2,0,2,0.5,0.2222222222222222,3,4,0,627
2,2,0,1,1,0.25,0.0,0.0,0.0,0.0,0,0,0,0,0.0,0.0,0,2,0,628
3,2,0,0,0,0.5,1.0,1.0,1.0,1.0,1,1,0,1,0.5,1.0,0,2,0,629
2,1,0,0,1,0.75,0.5,1.0,0.5,1.0,2,1,0,1,0.5,0.5,0,2,0,630
2,7,1,1,1,1.0,0.3333333333333333,1.0,0.6666666666666666,1.0,3,1,0,1,0.5,0.3333333333333333,0,2,0,631
2,2,0,0,0,0.125,0.0,0.0,0.0,0.0,0,0,0,0,0.0,0.0,2,4,0,632
1,1,0,0,0,0.25,0.0,0.0,0.0,0.0,1,0,0,0,0.0,0.0,2,4,0,633
2,0,0,0,0,0.375,0.0,0.0,0.0,0.0,2,0,0,0,0.0,0.0,2,4,0,634
1,6,1,0,1,0.5,0.0,0.0,0.0,0.0,3,0,0,0,0.0,0.0,2,4,0,635
1,2,0,0,0,0.625,0.0,0.0,0.25,1.0,4,0,0,0,0.5,0.0,2,4,0,636
3,2,0,0,0,0.75,0.0,0.0,0.2,1.0,5,0,0,0,0.5,0.0,2,4,0,637
1,7,1,0,0,0.875,0.0,0.0,0.16666666666666666,1.0,6,0,0,0,0.5,0.0,2,4,0,638
2,1,0,0,1,1.0,0.0,0.0,0.14285714285714285,1.0,7,0,0,0,0.5,0.0,2,4,0,639
1,2,0,0,1,0.1429,0.0,0.0,0.0,0.0,0,0,0,0,0.0,0.0,1,2,0,640
2,0,0,0,0,0.2857,0.0,0.0,1.0,1.0,1,0,0,0,0.5,0.0,1,2,0,641
2,1,0,0,1,0.4286,0.0,0.0,0.5,1.0,2,0,0,0,0.5,0.0,1,2,0,642
2,2,0,0,0,0.5714,0.0,0.0,0.6666666666666666,1.0,3,0,0,0,0.5,0.0,1,2,0,643
1,2,0,0,0,0.7143,0.0,0.0,0.5,1.0,4,0,0,0,0.5,0.0,1,2,0,644
2,1,0,1,1,0.8571,0.0,0.0,0.4,1.0,5,0,0,0,0.5,0.0,1,2,0,645
2,7,1,0,0,1.0,0.16666666666666666,1.0,0.5,1.0,6,1,0,1,0.5,0.16666666666666666,1,2,0,646
2,1,0,0,0,0.2,0.0,0.0,0.0,0.0,0,0,0,0,0.0,0.0,1,2,0,647
1,6,1,1,0,0.4,0.0,0.0,0.0,0.0,1,0,0,0,0.0,0.0,1,2,0,648
2,7,1,0,0,0.6,0.5,1.0,0.0,0.0,2,1,0,1,0.0,0.5,1,2,0,649
2,6,1,1,0,0.8,0.3333333333333333,1.0,0.0,0.0,3,1,0,1,0.0,0.3333333333333333,1,2,0,650
2,0,0,0,1,1.0,0.5,1.0,0.0,0.0,4,2,0,2,0.0,0.5,1,2,0,651
1,1,0,0,0,0.1667,0.0,0.0,0.0,0.0,0,0,0,0,0.0,0.0,3,4,0,652
3,1,0,1,1,0.3333,0.0,0.0,0.0,0.0,1,0,0,0,0.0,0.0,3,4,0,653
1,2,0,0,0,0.5,0.5,1.0,0.5,1.0,2,1,0,1,0.5,0.5,3,4,0,654
3,2,0,0,1,0.6667,0.3333333333333333,1.0,0.3333333333333333,1.0,3,1,0,1,0.5,0.3333333333333333,3,4,0,655
1,1,0,0,1,0.8333,0.25,1.0,0.5,1.0,4,1,0,1,0.5,0.25,3,4,0,656
2,1,0,0,0,1.0,0.2,1.0,0.6,1.0,5,1,0,1,0.5,0.2,3,4,0,657
1,0,0,0,0,0.1,0.0,0.0,0.0,0.0,0,0,0,0,0.0,0.0,1,3,0,658
3,6,1,0,0,0.2,0.0,0.0,0.0,0.0,1,0,0,0,0.0,0.0,1,3,0,659
2,6,1,0,0,0.3,0.0,0.0,0.0,0.0,2,0,0,0,0.0,0.0,1,3,0,660
1,6,1,1,0,0.4,0.0,0.0,0.0,0.0,3,0,0,0,0.0,0.0,1,3,0,661
3,7,1,1,0,0.5,0.25,1.0,0.0,0.0,4,1,0,1,0.0,0.25,1,3,0,662
3,7,1,0,0,0.6,0.4,1.0,0.0,0.0,5,2,0,2,0.0,0.4,1,3,0,663
2,0,0,1,1,0.7,0.3333333333333333,1.0,0.0,0.0,6,2,0,2,0.0,0.3333333333333333,1,3,0,664
2,2,0,1,1,0.8,0.42857142857142855,1.0,0.14285714285714285,1.0,7,3,0,3,0.5,0.42857142857142855,1,3,0,665
1,1,0,0,0,0.9,0.5,1.0,0.25,1.0,8,4,0,4,0.5,0.5,1,3,0,666
1,6,1,1,0,1.0,0.4444444444444444,1.0,0.2222222222222222,1.0,9,4,0,4,0.5,0.4444444444444444,1,3,0,667
1,7,1,0,0,0.2,0.0,0.0,0.0,0.0,0,0,0,0,0.0,0.0,1,4,0,668
2,0,0,0,0,0.4,0.0,0.0,0.0,0.0,1,0,0,0,0.0,0.0,1,4,0,669
1,1,0,1,0,0.6,0.0,0.0,0.0,0.0,2,0,0,0,0.0,0.0,1,4,0,670
3,0,0,0,0,0.8,0.3333333333333333,1.0,0.0,0.0,3,1,0,1,0.0,0.3333333333333333,1,4,0,671
2,0,0,0,0,1.0,0.25,1.0,0.0,0.0,4,1,0,1,0.0,0.25,1,4,0,672
2,2,0,0,0,0.25,0.0,0.0,0.0,0.0,0,0,0,0,0.0,0.0,3,3,0,673
3,2,0,1,1,0.5,0.0,0.0,0.0,0.0,1,0,0,0,0.0,0.0,3,3,0,674
2,2,0,0,1,0.75,0.5,1.0,0.5,1.0,2,1,0,1,0.5,0.5,3,3,0,675
2,2,0,0,0,1.0,0.3333333333333333,1.0,0.6666666666666666,1.0,3,1,0,1,0.5,0.3333333333333333,3,3,0,676
3,2,0,1,1,0.1111,0.0,0.0,0.0,0.0,0,0,0,0,0.0,0.0,3,3,0,677
2,2,0,1,0,0.2222,1.0,1.0,1.0,1.0,1,1,0,1,0.5,1.0,3,3,0,678
1,7,1,0,1,0.3333,1.0,1.0,0.5,1.0,2,2,0,2,0.5,1.0,3,3,0,679
2,1,0,1,0,0.4444,0.6666666666666666,1.0,0.6666666666666666,1.0,3,2,0,2,0.5,0.6666666666666666,3,3,0,680
2,7,1,0,1,0.5556,0.75,1.0,0.5,1.0,4,3,0,3,0.5,0.75,3,3,0,681
1,2,0,0,0,0.6667,0.6,1.0,0.6,1.0,5,3,0,3,0.5,0.6,3,3,0,682
3,1,0,1,0,0.7778,0.5,1.0,0.5,1.0,6,3,0,3,0.5,0.5,3,3,0,683
2,6,1,0,0,0.8889,0.5714285714285714,1.0,0.42857142857142855,1.0,7,4,0,4,0.5,0.5714285714285714,3,3,0,684
2,6,1,0,1,1.0,0.5,1.0,0.375,1.0,8,4,0,4,0.5,0.5,3,3,0,685
2,0,0,0,0,0.1,0.0,0.0,0.0,0.0,0,0,0,0,0.0,0.0,2,4,0,686
3,1,0,0,1,0.2,0.0,0.0,0.0,0.0,1,0,0,0,0.0,0.0,2,4,0,687
2,0,0,0,0,0.3,0.0,0.0,0.5,1.0,2,0,0,0,0.5,0.0,2,4,0,688
3,6,1,0,1,0.4,0.0,0.0,0.3333333333333333,1.0,3,0,0,0,0.5,0.0,2,4,0,689
1,7,1,0,0,0.5,0.0,0.0,0.5,1.0,4,0,0,0,0.5,0.0,2,4,0,690
1,7,1,0,0,0.6,0.0,0.0,0.4,1.0,5,0,0,0,0.5,0.0,2,4,0,691
3,1,0,1,1,0.7,0.0,0.0,0.3333333333333333,1.0,6,0,0,0,0.5,0.0,2,4,0,692
2,1,0,0,0,0.8,0.14285714285714285,1.0,0.42857142857142855,1.0,7,1,0,1,0.5,0.14285714285714285,2,4,0,693
1,0,0,0,0,0.9,0.125,1.0,0.375,1.0,8,1,0,1,0.5,0.125,2,4,0,694
2,7,1,0,0,1.0,0.1111111111111111,1.0,0.3333333333333333,1.0,9,1,0,1,0.5,0.1111111111111111,2,4,0,695
2,7,1,1,0,0.125,0.0,0.0,0.0,0.0,0,0,0,0,0.0,0.0,2,3,0,696
1,6,1,0,0,0.25,1.0,1.0,0.0,0.0,1,1,0,1,0.0,1.0,2,3,0,697
1,6,1,0,0,0.375,0.5,1.0,0.0,0.0,2,1,0,1,0.0,0.5,2,3,0,698
1,7,1,1,0,0.5,0.3333333333333333,1.0,0.0,0.0,3,1,0,1,0.0,0.3333333333333333,2,3,0,699
3,6,1,1,0,0.625,0.5,1.0,0.0,0.0,4,2,0,2,0.0,0.5,2,3,0,700
3,6,1,0,1,0.75,0.6,1.0,0.0,0.0,5,3,0,3,0.0,0.6,2,3,0,701
2,1,0,0,0,0.875,0.5,1.0,0.16666666666666666,1.0,6,3,0,3,0.5,0.5,2,3,0,702
2,2,0,1,0,1.0,0.42857142857142855,1.0,0.14285714285714285,1.0,7,3,0,3,0.5,0.42857142857142855,2,3,0,703
1,7,1,1,1,0.125,0.0,0.0,0.0,0.0,0,0,0,0,0.0,0.0,2,2,0,704
3,2,0,0,0,0.25,1.0,1.0,1.0,1.0,1,1,0,1,0.5,1.0,2,2,0,705
3,2,0,0,0,0.375,0.5,1.0,0.5,1.0,2,1,0,1,0.5,0.5,2,2,0,706
1,6,1,0,0,0.5,0.3333333333333333,1.0,0.3333333333333333,1.0,3,1,0,1,0.5,0.3333333333333333,2,2,0,707
2,1,0,0,0,0.625,0.25,1.0,0.25,1.0,4,1,0,1,0.5,0.25,2,2,0,708
1,2,0,0,1,0.75,0.2,1.0,0.2,1.0,5,1,0,1,0.5,0.2,2,2,0,709
1,7,1,0,1,0.875,0.16666666666666666,1.0,0.3333333333333333,1.0,6,1,0,1,0.5,0.16666666666666666,2,2,0,710
3,7,1,0,1,1.0,0.14285714285714285,1.0,0.42857142857142855,1.0,7,1,0,1,0.5,0.14285714285714285,2,2,0,711
1,0,0,0,0,0.125,0.0,0.0,0.0,0.0,0,0,0,0,0.0,0.0,3,2,0,712
3,2,0,0,0,0.25,0.0,0.0,0.0,0.0,1,0,0,0,0.0,0.0,3,2,0,713
3,0,0,0,0,0.375,0.0,0.0,0.0,0.0,2,0,0,0,0.0,0.0,3,2,0,714
3,1,0,0,0,0.5,0.0,0.0,0.0,0.0,3,0,0,0,0.0,0.0,3,2,0,715
1,1,0,0,0,0.625,0.0,0.0,0.0,0.0,4,0,0,0,0.0,0.0,3,2,0,716
3,7,1,0,1,0.75,0.0,0.0,0.0,0.0,5,0,0,0,0.0,0.0,3,2,0,717
3,6,1,1,0,0.875,0.0,0.0,0.16666666666666666,1.0,6,0,0,0,0.5,0.0,3,2,0,718
1,0,0,0,0,1.0,0.14285714285714285,1.0,0.14285714285714285,1.0,7,1,0,1,0.5,0.14285714285714285,3,2,0,719
2,6,1,0,0,0.125,0.0,0.0,0.0,0.0,0,0,0,0,0.0,0.0,0,2,0,720
3,1,0,0,0,0.25,0.0,0.0,0.0,0.0,1,0,0,0,0.0,0.0,0,2,0,721
3,6,1,0,1,0.375,0.0,0.0,0.0,0.0,2,0,0,0,0.0,0.0,0,2,0,722
2,2,0,0,1,0.5,0.0,0.0,0.3333333333333333,1.0,3,0,0,0,0.5,0.0,0,2,0,723
2,2,0,0,0,0.625,0.0,0.0,0.5,1.0,4,0,0,0,0.5,0.0,0,2,0,724
1,1,0,1,0,0.75,0.0,0.0,0.4,1.0,5,0,0,0,0.5,0.0,0,2,0,725
3,2,0,1,0,0.875,0.16666666666666666,1.0,0.3333333333333333,1.0,6,1,0,1,0.5,0.16666666666666666,0,2,0,726
2,6,1,1,0,1.0,0.2857142857142857,1.0,0.2857142857142857,1.0,7,2,0,2,0.5,0.2857142857142857,0,2,0,727
3,2,0,0,0,0.1,0.0,0.0,0.0,0.0,0,0,0,0,0.0,0.0,3,3,0,728
1,1,0,0,0,0.2,0.0,0.0,0.0,0.0,1,0,0,0,0.0,0.0,3,3,0,729
2,7,1,1,0,0.3,0.0,0.0,0.0,0.0,2,0,0,0,0.0,0.0,3,3,0,730
2,0,0,0,0,0.4,0.3333333333333333,1.0,0.0,0.0,3,1,0,1,0.0,0.3333333333333333,3,3,0,731
1,1,0,0,0,0.5,0.25,1.0,0.0,0.0,4,1,0,1,0.0,0.25,3,3,0,732
3,1,0,0,0,0.6,0.2,1.0,0.0,0.0,5,1,0,1,0.0,0.2,3,3,0,733
3,7,1,0,1,0.7,0.16666666666666666,1.0,0.0,0.0,6,1,0,1,0.0,0.16666666666666666,3,3,0,734
2,0,0,1,0,0.8,0.14285714285714285,1.0,0.14285714285714285,1.0,7,1,0,1,0.5,0.14285714285714285,3,3,0,735
3,7,1,0,1,0.9,0.25,1.0,0.125,1.0,8,2,0,2,0.5,0.25,3,3,0,736
2,7,1,0,0,1.0,0.2222222222222222,1.0,0.2222222222222222,1.0,9,2,0,2,0.5,0.2222222222222222,3,3,0,737
2,6,1,0,0,0.1429,0.0,0.0,0.0,0.0,0,0,0,0,0.0,0.0,0,4,0,738
3,2,0,0,1,0.2857,0.0,0.0,0.0,0.0,1,0,0,0,0.0,0.0,0,4,0,739
3,2,0,0,0,0.4286,0.0,0.0,0.5,1.0,2,0,0,0,0.5,0.0,0,4,0,740
2,6,1,0,0,0.5714,0.0,0.0,0.3333333333333333,1.0,3,0,0,0,0.5,0.0,0,4,0,741
2,6,1,1,0,0.7143,0.0,0.0,0.25,1.0,4,0,0,0,0.5,0.0,0,4,0,742
3,2,0,0,0,0.8571,0.2,1.0,0.2,1.0,5,1,0,1,0.5,0.2,0,4,0,743
3,6,1,0,1,1.0,0.16666666666666666,1.0,0.16666666666666666,1.0,6,1,0,1,0.5,0.16666666666666666,0,4,0,744
3,6,1,1,1,0.2,0.0,0.0,0.0,0.0,0,0,0,0,0.0,0.0,1,2,0,745
3,7,1,0,0,0.4,1.0,1.0,1.0,1.0,1,1,0,1,0.5,1.0,1,2,0,746
1,1,0,0,1,0.6,0.5,1.0,0.5,1.0,2,1,0,1,0.5,0.5,1,2,0,747
3,6,1,1,0,0.8,0.3333333333333333,1.0,0.6666666666666666,1.0,3,1,0,1,0.5,0.3333333333333333,1,2,0,748
3,6,1,1,1,1.0,0.5,1.0,0.5,1.0,4,2,0,2,0.5,0.5,1,2,0,749
3,1,0,1,0,0.1,0.0,0.0,0.0,0.0,0,0,0,0,0.0,0.0,2,2,0,750
2,7,1,0,0,0.2,1.0,1.0,0.0,0.0,1,1,0,1,0.0,1.0,2,2,0,751
1,6,1,0,0,0.3,0.5,1.0,0.0,0.0,2,1,0,1,0.0,0.5,2,2,0,752
3,7,1,0,0,0.4,0.3333333333333333,1.0,0.0,0.0,3,1,0,1,0.0,0.3333333333333333,2,2,0,753
2,0,0,0,0,0.5,0.25,1.0,0.0,0.0,4,1,0,1,0.0,0.25,2,2,0,754
2,2,0,0,0,0.6,0.2,1.0,0.0,0.0,5,1,0,1,0.0,0.2,2,2,0,755
2,6,1,0,0,0.7,0.16666666666666666,1.0,0.0,0.0,6,1,0,1,0.0,0.16666666666666666,2,2,0,756
1,6,1,0,1,0.8,0.14285714285714285,1.0,0.0,0.0,7,1,0,1,0.0,0.14285714285714285,2,2,0,757
3,0,0,0,0,0.9,0.125,1.0,0.125,1.0,8,1,0,1,0.5,0.125,2,2,0,758
3,1,0,1,0,1.0,0.1111111111111111,1.0,0.1111111111111111,1.0,9,1,0,1,0.5,0.1111111111111111,2,2,0,759
1,0,0,0,0,0.1,0.0,0.0,0.0,0.0,0,0,0,0,0.0,0.0,0,3,0,760
3,7,1,0,0,0.2,0.0,0.0,0.0,0.0,1,0,0,0,0.0,0.0,0,3,0,761
1,2,0,0,0,0.3,0.0,0.0,0.0,0.0,2,0,0,0,0.0,0.0,0,3,0,762
3,1,0,0,0,0.4,0.0,0.0,0.0,0.0,3,0,0,0,0.0,0.0,0,3,0,763
1,1,0,0,0,0.5,0.0,0.0,0.0,0.0,4,0,0,0,0.0,0.0,0,3,0,764
2,7,1,1,1,0.6,0.0,0.0,0.0,0.0,5,0,0,0,0.0,0.0,0,3,0,765
3,6,1,0,1,0.7,0.16666666666666666,1.0,0.16666666666666666,1.0,6,1,0,1,0.5,0.16666666666666666,0,3,0,766
2,7,1,0,0,0.8,0.14285714285714285,1.0,0.2857142857142857,1.0,7,1,0,1,0.5,0.14285714285714285,0,3,0,767
1,7,1,1,0,0.9,0.125,1.0,0.25,1.0,8,1,0,1,0.5,0.125,0,3,0,768
3,1,0,1,0,1.0,0.2222222222222222,1.0,0.2222222222222222,1.0,9,2,0,2,0.5,0.2222222222222222,0,3,0,769
3,2,0,0,0,0.25,0.0,0.0,0.0,0.0,0,0,0,0,0.0,0.0,1,3,0,770
2,0,0,0,1,0.5,0.0,0.0,0.0,0.0,1,0,0,0,0.0,0.0,1,3,0,771
1,6,1,0,0,0.75,0.0,0.0,0.5,1.0,2,0,0,0,0.5,0.0,1,3,0,772
1,0,0,1,0,1.0,0.0,0.0,0.3333333333333333,1.0,3,0,0,0,0.5,0.0,1,3,0,773
2,7,1,0,0,0.1,0.0,0.0,0.0,0.0,0,0,0,0,0.0,0.0,1,2,0,774
1,7,1,1,1,0.2,0.0,0.0,0.0,0.0,1,0,0,0,0.0,0.0,1,2,0,775
3,1,0,0,0,0.3,0.5,1.0,0.5,1.0,2,1,0,1,0.5,0.5,1,2,0,776
3,0,0,0,0,0.4,0.3333333333333333,1.0,0.3333333333333333,1.0,3,1,0,1,0.5,0.3333333333333333,1,2,0,777
1,7,1,0,0,0.5,0.25,1.0,0.25,1.0,4,1,0,1,0.5,0.25,1,2,0,778
2,6,1,0,1,0.6,0.2,1.0,0.2,1.0,5,1,0,1,0.5,0.2,1,2,0,779
1,6,1,0,1,0.7,0.16666666666666666,1.0,0.3333333333333333,1.0,6,1,0,1,0.5,0.16666666666666666,1,2,0,780
1,2,0,0,0,0.8,0.14285714285714285,1.0,0.42857142857142855,1.0,7,1,0,1,0.5,0.14285714285714285,1,2,0,781
3,2,0,1,1,0.9,0.125,1.0,0.375,1.0,8,1,0,1,0.5,0.125,1,2,0,782
2,0,0,1,1,1.0,0.2222222222222222,1.0,0.4444444444444444,1.0,9,2,0,2,0.5,0.2222222222222222,1,2,0,783
3,0,0,0,0,0.25,0.0,0.0,0.0,0.0,0,0,0,0,0.0,0.0,0,4,0,784
3,7,1,0,1,0.5,0.0,0.0,0.0,0.0,1,0,0,0,0.0,0.0,0,4,0,785
3,1,0,0,0,0.75,0.0,0.0,0.5,1.0,2,0,0,0,0.5,0.0,0,4,0,786
3,7,1,0,0,1.0,0.0,0.0,0.3333333333333333,1.0,3,0,0,0,0.5,0.0,0,4,0,787
3,7,1,0,0,0.1111,0.0,0.0,0.0,0.0,0,0,0,0,0.0,0.0,2,4,0,788
1,0,0,1,0,0.2222,0.0,0.0,0.0,0.0,1,0,0,0,0.0,0.0,2,4,0,789
3,7,1,0,0,0.3333,0.5,1.0,0.0,0.0,2,1,0,1,0.0,0.5,2,4,0,790
1,0,0,0,0,0.4444,0.3333333333333333,1.0,0.0,0.0,3,1,0,1,0.0,0.3333333333333333,2,4,0,791
3,1,0,0,1,0.5556,0.25,1.0,0.0,0.0,4,1,0,1,0.0,0.25,2,4,0,792
3,6,1,0,1,0.6667,0.2,1.0,0.2,1.0,5,1,0,1,0.5,0.2,2,4,0,793
3,1,0,1,0,0.7778,0.16666666666666666,1.0,0.3333333333333333,1.0,6,1,0,1,0.5,0.16666666666666666,2,4,0,794
2,2,0,0,0,0.8889,0.2857142857142857,1.0,0.2857142857142857,1.0,7,2,0,2,0.5,0.2857142857142857,2,4,0,795
3,1,0,0,1,1.0,0.25,1.0,0.25,1.0,8,2,0,2,0.5,0.25,2,4,0,796
1,6,1,0,0,0.1667,0.0,0.0,0.0,0.0,0,0,0,0,0.0,0.0,2,2,0,797
2,0,0,1,0,0.3333,0.0,0.0,0.0,0.0,1,0,0,0,0.0,0.0,2,2,0,798
3,2,0,0,0,0.5,0.5,1.0,0.0,0.0,2,1,0,1,0.0,0.5,2,2,0,799
1,1,0,0,0,0.6667,0.3333333333333333,1.0,0.0,0.0,3,1,0,1,0.0,0.3333333333333333,2,2,0,800
3,1,0,0,0,0.8333,0.25,1.0,0.0,0.0,4,1,0,1,0.0,0.25,2,2,0,801
2,6,1,1,0,1.0,0.2,1.0,0.0,0.0,5,1,0,1,0.0,0.2,2,2,0,802
3,1,0,0,0,0.1667,0.0,0.0,0.0,0.0,0,0,0,0,0.0,0.0,0,2,0,803
3,1,0,1,0,0.3333,0.0,0.0,0.0,0.0,1,0,0,0,0.0,0.0,0,2,0,804
2,0,0,0,1,0.5,0.5,1.0,0.0,0.0,2,1,0,1,0.0,0.5,0,2,0,805
1,2,0,0,0,0.6667,0.3333333333333333,1.0,0.3333333333333333,1.0,3,1,0,1,0.5,0.3333333333333333,0,2,0,806
3,6,1,0,0,0.8333,0.25,1.0,0.25,1.0,4,1,0,1,0.5,0.25,0,2,0,807
2,1,0,0,0,1.0,0.2,1.0,0.2,1.0,5,1,0,1,0.5,0.2,0,2,0,808
2,6,1,0,1,0.125,0.0,0.0,0.0,0.0,0,0,0,0,0.0,0.0,2,2,0,809
3,7,1,0,0,0.25,0.0,0.0,1.0,1.0,1,0,0,0,0.5,0.0,2,2,0,810
2,7,1,0,0,0.375,0.0,0.0,0.5,1.0,2,0,0,0,0.5,0.0,2,2,0,811
2,1,0,0,0,0.5,0.0,0.0,0.3333333333333333,1.0,3,0,0,0,0.5,0.0,2,2,0,812
1,7,1,0,1,0.625,0.0,0.0,0.25,1.0,4,0,0,0,0.5,0.0,2,2,0,813
3,0,0,0,0,0.75,0.0,0.0,0.4,1.0,5,0,0,0,0.5,0.0,2,2,0,814
2,0,0,0,0,0.875,0.0,0.0,0.3333333333333333,1.0,6,0,0,0,0.5,0.0,2,2,0,815
3,1,0,0,0,1.0,0.0,0.0,0.2857142857142857,1.0,7,0,0,0,0.5,0.0,2,2,0,816
2,2,0,0,0,0.25,0.0,0.0,0.0,0.0,0,0,0,0,0.0,0.0,1,2,0,817
3,1,0,1,0,0.5,0.0,0.0,0.0,0.0,1,0,0,0,0.0,0.0,1,2,0,818
1,2,0,1,1,0.75,0.5,1.0,0.0,0.0,2,1,0,1,0.0,0.5,1,2,0,819
3,7,1,0,0,1.0,0.6666666666666666,1.0,0.3333333333333333,1.0,3,2,0,2,0.5,0.6666666666666666,1,2,0,820
2,2,0,0,0,0.1,0.0,0.0,0.0,0.0,0,0,0,0,0.0,0.0,3,2,0,821
1,7,1,0,0,0.2,0.0,0.0,0.0,0.0,1,0,0,0,0.0,0.0,3,2,0,822
3,2,0,0,0,0.3,0.0,0.0,0.0,0.0,2,0,0,0,0.0,0.0,3,2,0,823
3,0,0,1,0,0.4,0.0,0.0,0.0,0.0,3,0,0,0,0.0,0.0,3,2,0,824
1,2,0,0,1,0.5,0.25,1.0,0.0,0.0,4,1,0,1,0.0,0.25,3,2,0,825
3,6,1,0,1,0.6,0.2,1.0,0.2,1.0,5,1,0,1,0.5,0.2,3,2,0,826
2,1,0,0,0,0.7,0.16666666666666666,1.0,0.3333333333333333,1.0,6,1,0,1,0.5,0.16666666666666666,3,2,0,827
3,7,1,1,0,0.8,0.14285714285714285,1.0,0.2857142857142857,1.0,7,1,0,1,0.5,0.14285714285714285,3,2,0,828
1,1,0,0,0,0.9,0.25,1.0,0.25,1.0,8,2,0,2,0.5,0.25,3,2,0,829
3,0,0,1,0,1.0,0.2222222222222222,1.0,0.2222222222222222,1.0,9,2,0,2,0.5,0.2222222222222222,3,2,0,830
2,6,1,0,0,0.2,0.0,0.0,0.0,0.0,0,0,0,0,0.0,0.0,0,2,0,831
1,2,0,0,0,0.4,0.0,0.0,0.0,0.0,1,0,0,0,0.0,0.0,0,2,0,832
1,6,1,0,0,0.6,0.0,0.0,0.0,0.0,2,0,0,0,0.0,0.0,0,2,0,833
1,2,0,0,0,0.8,0.0,0.0,0.0,0.0,3,0,0,0,0.0,0.0,0,2,0,834
3,7,1,0,0,1.0,0.0,0.0,0.0,0.0,4,0,0,0,0.0,0.0,0,2,0,835
1,6,1,0,0,0.1667,0.0,0.0,0.0,0.0,0,0,0,0,0.0,0.0,3,2,0,836
2,1,0,1,0,0.3333,0.0,0.0,0.0,0.0,1,0,0,0,0.0,0.0,3,2,0,837
1,7,1,0,1,0.5,0.5,1.0,0.0,0.0,2,1,0,1,0.0,0.5,3,2,0,838
2,2,0,0,0,0.6667,0.3333333333333333,1.0,0.3333333333333333,1.0,3,1,0,1,0.5,0.3333333333333333,3,2,0,839
2,2,0,0,0,0.8333,0.25,1.0,0.25,1.0,4,1,0,1,0.5,0.25,3,2,0,840
1,0,0,0,0,1.0,0.2,1.0,0.2,1.0,5,1,0,1,0.5,0.2,3,2,0,841
3,2,0,0,0,0.1111,0.0,0.0,0.0,0.0,0,0,0,0,0.0,0.0,0,4,0,842
1,2,0,0,1,0.2222,0.0,0.0,0.0,0.0,1,0,0,0,0.0,0.0,0,4,0,843
1,2,0,0,1,0.3333,0.0,0.0,0.5,1.0,2,0,0,0,0.5,0.0,0,4,0,844
1,7,1,0,1,0.4444,0.0,0.0,0.6666666666666666,1.0,3,0,0,0,0.5,0.0,0,4,0,845
3,0,0,0,0,0.5556,0.0,0.0,0.75,1.0,4,0,0,0,0.5,0.0,0,4,0,846
3,2,0,0,1,0.6667,0.0,0.0,0.6,1.0,5,0,0,0,0.5,0.0,0,4,0,847
3,2,0,0,0,0.7778,0.0,0.0,0.6666666666666666,1.0,6,0,0,0,0.5,0.0,0,4,0,848
1,1,0,0,0,0.8889,0.0,0.0,0.5714285714285714,1.0,7,0,0,0,0.5,0.0,0,4,0,849
3,1,0,0,0,1.0,0.0,0.0,0.5,1.0,8,0,0,0,0.5,0.0,0,4,0,850
3,2,0,1,0,0.1429,0.0,0.0,0.0,0.0,0,0,0,0,0.0,0.0,2,3,0,851
1,1,0,0,0,0.2857,1.0,1.0,0.0,0.0,1,1,0,1,0.0,1.0,2,3,0,852
2,1,0,0,0,0.4286,0.5,1.0,0.0,0.0,2,1,0,1,0.0,0.5,2,3,0,853
2,7,1,1,0,0.5714,0.3333333333333333,1.0,0.0,0.0,3,1,0,1,0.0,0.3333333333333333,2,3,0,854
3,2,0,0,1,0.7143,0.5,1.0,0.0,0.0,4,2,0,2,0.0,0.5,2,3,0,855
3,2,0,0,0,0.8571,0.4,1.0,0.2,1.0,5,2,0,2,0.5,0.4,2,3,0,856
1,2,0,1,0,1.0,0.3333333333333333,1.0,0.16666666666666666,1.0,6,2,0,2,0.5,0.3333333333333333,2,3,0,857
3,1,0,0,1,0.25,0.0,0.0,0.0,0.0,0,0,0,0,0.0,0.0,2,3,0,858
1,6,1,0,0,0.5,0.0,0.0,1.0,1.0,1,0,0,0,0.5,0.0,2,3,0,859
1,2,0,0,0,0.75,0.0,0.0,0.5,1.0,2,0,0,0,0.5,0.0,2,3,0,860
2,0,0,1,0,1.0,0.0,0.0,0.3333333333333333,1.0,3,0,0,0,0.5,0.0,2,3,0,861
1,7,1,0,1,0.1111,0.0,0.0,0.0,0.0,0,0,0,0,0.0,0.0,0,2,0,862
1,6,1,1,0,0.2222,0.0,0.0,1.0,1.0,1,0,0,0,0.5,0.0,0,2,0,863
3,7,1,0,0,0.3333,0.5,1.0,0.5,1.0,2,1,0,1,0.5,0.5,0,2,0,864
2,2,0,0,1,0.4444,0.3333333333333333,1.0,0.3333333333333333,1.0,3,1,0,1,0.5,0.3333333333333333,0,2,0,865
3,6,1,1,0,0.5556,0.25,1.0,0.5,1.0,4,1,0,1,0.5,0.25,0,2,0,866
1,6,1,1,0,0.6667,0.4,1.0,0.4,1.0,5,2,0,2,0.5,0.4,0,2,0,867
3,6,1,0,0,0.7778,0.5,1.0,0.3333333333333333,1.0,6,3,0,3,0.5,0.5,0,2,0,868
3,1,0,0,0,0.8889,0.42857142857142855,1.0,0.2857142857142857,1.0,7,3,0,3,0.5,0.42857142857142855,0,2,0,869
3,0,0,0,0,1.0,0.375,1.0,0.25,1.0,8,3,0,3,0.5,0.375,0,2,0,870
3,2,0,1,0,0.1,0.0,0.0,0.0,0.0,0,0,0,0,0.0,0.0,1,3,0,871
1,2,0,0,0,0.2,1.0,1.0,0.0,0.0,1,1,0,1,0.0,1.0,1,3,0,872
1,7,1,0,1,0.3,0.5,1.0,0.0,0.0,2,1,0,1,0.0,0.5,1,3,0,873
1,7,1,0,0,0.4,0.3333333333333333,1.0,0.3333333333333333,1.0,3,1,0,1,0.5,0.3333333333333333,1,3,0,874
3,6,1,1,0,0.5,0.25,1.0,0.25,1.0,4,1,0,1,0.5,0.25,1,3,0,875
2,1,0,1,0,0.6,0.4,1.0,0.2,1.0,5,2,0,2,0.5,0.4,1,3,0,876
3,7,1,1,0,0.7,0.5,1.0,0.16666666666666666,1.0,6,3,0,3,0.5,0.5,1,3,0,877
1,6,1,0,0,0.8,0.5714285714285714,1.0,0.14285714285714285,1.0,7,4,0,4,0.5,0.5714285714285714,1,3,0,878
2,7,1,0,0,0.9,0.5,1.0,0.125,1.0,8,4,0,4,0.5,0.5,1,3,0,879
3,2,0,0,1,1.0,0.4444444444444444,1.0,0.1111111111111111,1.0,9,4,0,4,0.5,0.4444444444444444,1,3,0,880
2,7,1,1,0,0.1429,0.0,0.0,0.0,0.0,0,0,0,0,0.0,0.0,2,3,0,881
3,6,1,0,1,0.2857,1.0,1.0,0.0,0.0,1,1,0,1,0.0,1.0,2,3,0,882
3,1,0,0,1,0.4286,0.5,1.0,0.5,1.0,2,1,0,1,0.5,0.5,2,3,0,883
1,0,0,0,1,0.5714,0.3333333333333333,1.0,0.6666666666666666,1.0,3,1,0,1,0.5,0.3333333333333333,2,3,0,884
2,6,1,0,0,0.7143,0.25,1.0,0.75,1.0,4,1,0,1,0.5,0.25,2,3,0,885
2,1,0,0,0,0.8571,0.2,1.0,0.6,1.0,5,1,0,1,0.5,0.2,2,3,0,886
2,1,0,0,0,1.0,0.16666666666666666,1.0,0.5,1.0,6,1,0,1,0.5,0.16666666666666666,2,3,0,887
3,7,1,1,0,0.125,0.0,0.0,0.0,0.0,0,0,0,0,0.0,0.0,0,3,0,888
3,6,1,0,0,0.25,1.0,1.0,0.0,0.0,1,1,0,1,0.0,1.0,0,3,0,889
3,6,1,1,0,0.375,0.5,1.0,0.0,0.0,2,1,0,1,0.0,0.5,0,3,0,890
2,0,0,0,0,0.5,0.6666666666666666,1.0,0.0,0.0,3,2,0,2,0.0,0.6666666666666666,0,3,0,891
1,0,0,0,1,0.625,0.5,1.0,0.0,0.0,4,2,0,2,0.0,0.5,0,3,0,892
1,1,0,0,0,0.75,0.4,1.0,0.2,1.0,5,2,0,2,0.5,0.4,0,3,0,893
3,2,0,0,0,0.875,0.3333333333333333,1.0,0.16666666666666666,1.0,6,2,0,2,0.5,0.3333333333333333,0,3,0,894
3,6,1,0,0,1.0,0.2857142857142857,1.0,0.14285714285714285,1.0,7,2,0,2,0.5,0.2857142857142857,0,3,0,895
2,7,1,0,1,0.2,0.0,0.0,0.0,0.0,0,0,0,0,0.0,0.0,0,3,0,896
2,1,0,1,0,0.4,0.0,0.0,1.0,1.0,1,0,0,0,0.5,0.0,0,3,0,897
2,2,0,1,0,0.6,0.5,1.0,0.5,1.0,2,1,0,1,0.5,0.5,0,3,0,898
2,2,0,1,0,0.8,0.6666666666666666,1.0,0.3333333333333333,1.0,3,2,0,2,0.5,0.6666666666666666,0,3,0,899
3,1,0,1,0,1.0,0.75,1.0,0.25,1.0,4,3,0,3,0.5,0.75,0,3,0,900
1,6,1,0,0,0.25,0.0,0.0,0.0,0.0,0,0,0,0,0.0,0.0,0,3,0,901
2,7,1,0,1,0.5,0.0,0.0,0.0,0.0,1,0,0,0,0.0,0.0,0,3,0,902
2,1,0,0,1,0.75,0.0,0.0,0.5,1.0,2,0,0,0,0.5,0.0,0,3,0,903
2,0,0,0,0,1.0,0.0,0.0,0.6666666666666666,1.0,3,0,0,0,0.5,0.0,0,3,0,904
3,2,0,0,0,0.2,0.0,0.0,0.0,0.0,0,0,0,0,0.0,0.0,2,3,0,905
2,1,0,0,0,0.4,0.0,0.0,0.0,0.0,1,0,0,0,0.0,0.0,2,3,0,906
3,6,1,0,0,0.6,0.0,0.0,0.0,0.0,2,0,0,0,0.0,0.0,2,3,0,907
1,1,0,0,1,0.8,0.0,0.0,0.0,0.0,3,0,0,0,0.0,0.0,2,3,0,908
1,6,1,0,0,1.0,0.0,0.0,0.25,1.0,4,0,0,0,0.5,0.0,2,3,0,909
3,2,0,0,0,0.1429,0.0,0.0,0.0,0.0,0,0,0,0,0.0,0.0,1,2,0,910
2,7,1,0,0,0.2857,0.0,0.0,0.0,0.0,1,0,0,0,0.0,0.0,1,2,0,911
2,7,1,1,0,0.4286,0.0,0.0,0.0,0.0,2,0,0,0,0.0,0.0,1,2,0,912
3,1,0,0,0,0.5714,0.3333333333333333,1.0,0.0,0.0,3,1,0,1,0.0,0.3333333333333333,1,2,0,913
3,2,0,0,1,0.7143,0.25,1.0,0.0,0.0,4,1,0,1,0.0,0.25,1,2,0,914
3,0,0,1,1,0.8571,0.2,1.0,0.2,1.0,5,1,0,1,0.5,0.2,1,2,0,915
1,2,0,0,0,1.0,0.3333333333333333,1.0,0.3333333333333333,1.0,6,2,0,2,0.5,0.3333333333333333,1,2,0,916
2,2,0,1,0,0.2,0.0,0.0,0.0,0.0,0,0,0,0,0.0,0.0,1,3,0,917
3,2,0,0,0,0.4,1.0,1.0,0.0,0.0,1,1,0,1,0.0,1.0,1,3,0,918
1,7,1,1,1,0.6,0.5,1.0,0.0,0.0,2,1,0,1,0.0,0.5,1,3,0,919
1,1,0,1,0,0.8,0.6666666666666666,1.0,0.3333333333333333,1.0,3,2,0,2,0.5,0.6666666666666666,1,3,0,920
1,6,1,0,0,1.0,0.75,1.0,0.25,1.0,4,3,0,3,0.5,0.75,1,3,0,921
1,1,0,0,0,0.25,0.0,0.0,0.0,0.0,0,0,0,0,0.0,0.0,2,3,0,922
3,1,0,0,0,0.5,0.0,0.0,0.0,0.0,1,0,0,0,0.0,0.0,2,3,0,923
2,2,0,0,1,0.75,0.0,0.0,0.0,0.0,2,0,0,0,0.0,0.0,2,3,0,924
3,6,1,0,0,1.0,0.0,0.0,0.3333333333333333,1.0,3,0,0,0,0.5,0.0,2,3,0,925
3,2,0,0,0,0.25,0.0,0.0,0.0,0.0,0,0,0,0,0.0,0.0,0,3,0,926
1,7,1,0,0,0.5,0.0,0.0,0.0,0.0,1,0,0,0,0.0,0.0,0,3,0,927
2,7,1,0,1,0.75,0.0,0.0,0.0,0.0,2,0,0,0,0.0,0.0,0,3,0,928
3,1,0,0,0,1.0,0.0,0.0,0.3333333333333333,1.0,3,0,0,0,0.5,0.0,0,3,0,929
3,2,0,0,0,0.125,0.0,0.0,0.0,0.0,0,0,0,0,0.0,0.0,2,2,0,930
1,7,1,0,1,0.25,0.0,0.0,0.0,0.0,1,0,0,0,0.0,0.0,2,2,0,931
1,6,1,0,0,0.375,0.0,0.0,0.5,1.0,2,0,0,0,0.5,0.0,2,2,0,932
2,2,0,0,1,0.5,0.0,0.0,0.3333333333333333,1.0,3,0,0,0,0.5,0.0,2,2,0,933
3,7,1,0,0,0.625,0.0,0.0,0.5,1.0,4,0,0,0,0.5,0.0,2,2,0,934
2,6,1,1,1,0.75,0.0,0.0,0.4,1.0,5,0,0,0,0.5,0.0,2,2,0,935
2,1,0,0,1,0.875,0.16666666666666666,1.0,0.5,1.0,6,1,0,1,0.5,0.16666666666666666,2,2,0,936
1,2,0,0,0,1.0,0.14285714285714285,1.0,0.5714285714285714,1.0,7,1,0,1,0.5,0.14285714285714285,2,2,0,937
2,6,1,0,0,0.25,0.0,0.0,0.0,0.0,0,0,0,0,0.0,0.0,0,2,0,938
3,0,0,0,0,0.5,0.0,0.0,0.0,0.0,1,0,0,0,0.0,0.0,0,2,0,939
1,0,0,0,1,0.75,0.0,0.0,0.0,0.0,2,0,0,0,0.0,0.0,0,2,0,940
3,6,1,0,0,1.0,0.0,0.0,0.3333333333333333,1.0,3,0,0,0,0.5,0.0,0,2,0,941
2,2,0,1,0,0.1429,0.0,0.0,0.0,0.0,0,0,0,0,0.0,0.0,0,2,0,942
2,2,0,0,0,0.2857,1.0,1.0,0.0,0.0,1,1,0,1,0.0,1.0,0,2,0,943
2,6,1,0,0,0.4286,0.5,1.0,0.0,0.0,2,1,0,1,0.0,0.5,0,2,0,944
1,0,0,0,0,0.5714,0.3333333333333333,1.0,0.0,0.0,3,1,0,1,0.0,0.3333333333333333,0,2,0,945
2,0,0,0,1,0.7143,0.25,1.0,0.0,0.0,4,1,0,1,0.0,0.25,0,2,0,946
3,6,1,1,1,0.8571,0.2,1.0,0.2,1.0,5,1,0,1,0.5,0.2,0,2,0,947
3,1,0,0,0,1.0,0.3333333333333333,1.0,0.3333333333333333,1.0,6,2,0,2,0.5,0.3333333333333333,0,2,0,948
3,6,1,0,1,0.125,0.0,0.0,0.0,0.0,0,0,0,0,0.0,0.0,1,3,0,949
3,1,0,0,0,0.25,0.0,0.0,1.0,1.0,1,0,0,0,0.5,0.0,1,3,0,950
2,6,1,0,0,0.375,0.0,0.0,0.5,1.0,2,0,0,0,0.5,0.0,1,3,0,951
2,2,0,0,1,0.5,0.0,0.0,0.3333333333333333,1.0,3,0,0,0,0.5,0.0,1,3,0,952
1,6,1,0,0,0.625,0.0,0.0,0.5,1.0,4,0,0,0,0.5,0.0,1,3,0,953
3,7,1,0,0,0.75,0.0,0.0,0.4,1.0,5,0,0,0,0.5,0.0,1,3,0,954
1,6,1,0,0,0.875,0.0,0.0,0.3333333333333333,1.0,6,0,0,0,0.5,0.0,1,3,0,955
1,6,1,0,0,1.0,0.0,0.0,0.2857142857142857,1.0,7,0,0,0,0.5,0.0,1,3,0,956
1,1,0,0,1,0.2,0.0,0.0,0.0,0.0,0,0,0,0,0.0,0.0,3,3,0,957
2,6,1,1,0,0.4,0.0,0.0,1.0,1.0,1,0,0,0,0.5,0.0,3,3,0,958
1,2,0,0,0,0.6,0.5,1.0,0.5,1.0,2,1,0,1,0.5,0.5,3,3,0,959
1,0,0,0,0,0.8,0.3333333333333333,1.0,0.3333333333333333,1.0,3,1,0,1,0.5,0.3333333333333333,3,3,0,960
1,6,1,0,0,1.0,0.25,1.0,0.25,1.0,4,1,0,1,0.5,0.25,3,3,0,961
3,6,1,0,0,0.25,0.0,0.0,0.0,0.0,0,0,0,0,0.0,0.0,3,4,0,962
2,1,0,0,0,0.5,0.0,0.0,0.0,0.0,1,0,0,0,0.0,0.0,3,4,0,963
1,6,1,0,0,0.75,0.0,0.0,0.0,0.0,2,0,0,0,0.0,0.0,3,4,0,964
2,7,1,0,1,1.0,0.0,0.0,0.0,0.0,3,0,0,0,0.0,0.0,3,4,0,965
3,7,1,0,0,0.2,0.0,0.0,0.0,0.0,0,0,0,0,0.0,0.0,1,4,0,966
3,6,1,0,0,0.4,0.0,0.0,0.0,0.0,1,0,0,0,0.0,0.0,1,4,0,967
2,6,1,0,0,0.6,0.0,0.0,0.0,0.0,2,0,0,0,0.0,0.0,1,4,0,968
1,7,1,1,0,0.8,0.0,0.0,0.0,0.0,3,0,0,0,0.0,0.0,1,4,0,969
1,6,1,0,0,1.0,0.25,1.0,0.0,0.0,4,1,0,1,0.0,0.25,1,4,0,970
2,0,0,1,0,0.2,0.0,0.0,0.0,0.0,0,0,0,0,0.0,0.0,3,3,0,971
3,7,1,0,0,0.4,1.0,1.0,0.0,0.0,1,1,0,1,0.0,1.0,3,3,0,972
2,7,1,0,1,0.6,0.5,1.0,0.0,0.0,2,1,0,1,0.0,0.5,3,3,0,973
1,7,1,0,0,0.8,0.3333333333333333,1.0,0.3333333333333333,1.0,3,1,0,1,0.5,0.3333333333333333,3,3,0,974
2,6,1,0,1,1.0,0.25,1.0,0.25,1.0,4,1,0,1,0.5,0.25,3,3,0,975
3,6,1,0,1,0.2,0.0,0.0,0.0,0.0,0,0,0,0,0.0,0.0,1,4,0,976
3,0,0,0,0,0.4,0.0,0.0,1.0,1.0,1,0,0,0,0.5,0.0,1,4,0,977
1,7,1,1,0,0.6,0.0,0.0,0.5,1.0,2,0,0,0,0.5,0.0,1,4,0,978
3,1,0,0,0,0.8,0.3333333333333333,1.0,0.3333333333333333,1.0,3,1,0,1,0.5,0.3333333333333333,1,4,0,979
2,1,0,0,1,1.0,0.25,1.0,0.25,1.0,4,1,0,1,0.5,0.25,1,4,0,980
2,1,0,0,0,0.1,0.0,0.0,0.0,0.0,0,0,0,0,0.0,0.0,3,3,0,981
2,1,0,0,0,0.2,0.0,0.0,0.0,0.0,1,0,0,0,0.0,0.0,3,3,0,982
1,6,1,0,0,0.3,0.0,0.0,0.0,0.0,2,0,0,0,0.0,0.0,3,3,0,983
1,7,1,0,1,0.4,0.0,0.0,0.0,0.0,3,0,0,0,0.0,0.0,3,3,0,984
3,1,0,0,0,0.5,0.0,0.0,0.25,1.0,4,0,0,0,0.5,0.0,3,3,0,985
1,0,0,0,1,0.6,0.0,0.0,0.2,1.0,5,0,0,0,0.5,0.0,3,3,0,986
3,1,0,0,1,0.7,0.0,0.0,0.3333333333333333,1.0,6,0,0,0,0.5,0.0,3,3,0,987
3,6,1,0,1,0.8,0.0,0.0,0.42857142857142855,1.0,7,0,0,0,0.5,0.0,3,3,0,988
2,7,1,0,1,0.9,0.0,0.0,0.5,1.0,8,0,0,0,0.5,0.0,3,3,0,989
3,6,1,0,0,1.0,0.0,0.0,0.5555555555555556,1.0,9,0,0,0,0.5,0.0,3,3,0,990
1,6,1,0,0,0.1111,0.0,0.0,0.0,0.0,0,0,0,0,0.0,0.0,2,3,0,991
1,7,1,0,0,0.2222,0.0,0.0,0.0,0.0,1,0,0,0,0.0,0.0,2,3,0,992
3,0,0,0,1,0.3333,0.0,0.0,0.0,0.0,2,0,0,0,0.0,0.0,2,3,0,993
1,2,0,0,0,0.4444,0.0,0.0,0.3333333333333333,1.0,3,0,0,0,0.5,0.0,2,3,0,994
1,6,1,0,0,0.5556,0.0,0.0,0.25,1.0,4,0,0,0,0.5,0.0,2,3,0,995
2,7,1,0,0,0.6667,0.0,0.0,0.2,1.0,5,0,0,0,0.5,0.0,2,3,0,996
1,6,1,0,0,0.7778,0.0,0.0,0.16666666666666666,1.0,6,0,0,0,0.5,0.0,2,3,0,997
1,2,0,1,0,0.8889,0.0,0.0,0.14285714285714285,1.0,7,0,0,0,0.5,0.0,2,3,0,998
3,1,0,0,0,1.0,0.125,1.0,0.125,1.0,8,1,0,1,0.5,0.125,2,3,0,999
3,2,0,0,0,0.1111,0.0,0.0,0.0,0.0,0,0,0,0,0.0,0.0,1,4,0,1000
1,1,0,0,1,0.2222,0.0,0.0,0.0,0.0,1,0,0,0,0.0,0.0,1,4,0,1001
1,6,1,0,0,0.3333,0.0,0.0,0.5,1.0,2,0,0,0,0.5,0.0,1,4,0,1002
3,2,0,0,1,0.4444,0.0,0.0,0.3333333333333333,1.0,3,0,0,0,0.5,0.0,1,4,0,1003
2,1,0,0,1,0.5556,0.0,0.0,0.5,1.0,4,0,0,0,0.5,0.0,1,4,0,1004
3,7,1,1,1,0.6667,0.0,0.0,0.6,1.0,5,0,0,0,0.5,0.0,1,4,0,1005
3,6,1,0,1,0.7778,0.16666666666666666,1.0,0.6666666666666666,1.0,6,1,0,1,0.5,0.16666666666666666,1,4,0,1006
2,2,0,0,0,0.8889,0.14285714285714285,1.0,0.7142857142857143,1.0,7,1,0,1,0.5,0.14285714285714285,1,4,0,1007
3,1,0,0,1,1.0,0.125,1.0,0.625,1.0,8,1,0,1,0.5,0.125,1,4,0,1008
1,7,1,1,0,0.1667,0.0,0.0,0.0,0.0,0,0,0,0,0.0,0.0,3,4,0,1009
3,2,0,1,0,0.3333,1.0,1.0,0.0,0.0,1,1,0,1,0.0,1.0,3,4,0,1010
3,0,0,0,0,0.5,1.0,1.0,0.0,0.0,2,2,0,2,0.0,1.0,3,4,0,1011
1,6,1,0,1,0.6667,0.6666666666666666,1.0,0.0,0.0,3,2,0,2,0.0,0.6666666666666666,3,4,0,1012
3,0,0,0,0,0.8333,0.5,1.0,0.25,1.0,4,2,0,2,0.5,0.5,3,4,0,1013
2,7,1,0,0,1.0,0.4,1.0,0.2,1.0,5,2,0,2,0.5,0.4,3,4,0,1014
1,0,0,0,1,0.2,0.0,0.0,0.0,0.0,0,0,0,0,0.0,0.0,0,2,0,1015
3,6,1,0,0,0.4,0.0,0.0,1.0,1.0,1,0,0,0,0.5,0.0,0,2,0,1016
3,1,0,0,0,0.6,0.0,0.0,0.5,1.0,2,0,0,0,0.5,0.0,0,2,0,1017
1,1,0,0,0,0.8,0.0,0.0,0.3333333333333333,1.0,3,0,0,0,0.5,0.0,0,2,0,1018
1,2,0,1,0,1.0,0.0,0.0,0.25,1.0,4,0,0,0,0.5,0.0,0,2,0,1019
3,0,0,0,1,0.1111,0.0,0.0,0.0,0.0,0,0,0,0,0.0,0.0,3,2,0,1020
1,1,0,0,1,0.2222,0.0,0.0,1.0,1.0,1,0,0,0,0.5,0.0,3,2,0,1021
3,0,0,0,0,0.3333,0.0,0.0,1.0,1.0,2,0,0,0,0.5,0.0,3,2,0,1022
1,7,1,0,0,0.4444,0.0,0.0,0.6666666666666666,1.0,3,0,0,0,0.5,0.0,3,2,0,1023
2,1,0,0,0,0.5556,0.0,0.0,0.5,1.0,4,0,0,0,0.5,0.0,3,2,0,1024
2,6,1,0,1,0.6667,0.0,0.0,0.4,1.0,5,0,0,0,0.5,0.0,3,2,0,1025
3,1,0,0,1,0.7778,0.0,0.0,0.5,1.0,6,0,0,0,0.5,0.0,3,2,0,1026
2,0,0,1,0,0.8889,0.0,0.0,0.5714285714285714,1.0,7,0,0,0,0.5,0.0,3,2,0,1027
1,6,1,0,1,1.0,0.125,1.0,0.5,1.0,8,1,0,1,0.5,0.125,3,2,0,1028
2,1,0,0,1,0.1111,0.0,0.0,0.0,0.0,0,0,0,0,0.0,0.0,3,3,0,1029
3,1,0,0,0,0.2222,0.0,0.0,1.0,1.0,1,0,0,0,0.5,0.0,3,3,0,1030
3,1,0,1,0,0.3333,0.0,0.0,0.5,1.0,2,0,0,0,0.5,0.0,3,3,0,1031
2,1,0,1,0,0.4444,0.3333333333333333,1.0,0.3333333333333333,1.0,3,1,0,1,0.5,0.3333333333333333,3,3,0,1032
2,7,1,0,0,0.5556,0.5,1.0,0.25,1.0,4,2,0,2,0.5,0.5,3,3,0,1033
1,7,1,0,1,0.6667,0.4,1.0,0.2,1.0,5,2,0,2,0.5,0.4,3,3,0,1034
1,6,1,0,1,0.7778,0.3333333333333333,1.0,0.3333333333333333,1.0,6,2,0,2,0.5,0.3333333333333333,3,3,0,1035
3,0,0,0,0,0.8889,0.2857142857142857,1.0,0.42857142857142855,1.0,7,2,0,2,0.5,0.2857142857142857,3,3,0,1036
2,0,0,0,0,1.0,0.25,1.0,0.375,1.0,8,2,0,2,0.5,0.25,3,3,0,1037
3,0,0,0,0,0.25,0.0,0.0,0.0,0.0,0,0,0,0,0.0,0.0,0,3,0,1038
2,7,1,1,0,0.5,0.0,0.0,0.0,0.0,1,0,0,0,0.0,0.0,0,3,0,1039
2,7,1,1,0,0.75,0.5,1.0,0.0,0.0,2,1,0,1,0.0,0.5,0,3,0,1040
2,7,1,1,0,1.0,0.6666666666666666,1.0,0.0,0.0,3,2,0,2,0.0,0.6666666666666666,0,3,0,1041
2,6,1,0,0,0.1111,0.0,0.0,0.0,0.0,0,0,0,0,0.0,0.0,0,2,0,1042
1,7,1,0,0,0.2222,0.0,0.0,0.0,0.0,1,0,0,0,0.0,0.0,0,2,0,1043
3,7,1,0,0,0.3333,0.0,0.0,0.0,0.0,2,0,0,0,0.0,0.0,0,2,0,1044
1,2,0,1,1,0.4444,0.0,0.0,0.0,0.0,3,0,0,0,0.0,0.0,0,2,0,1045
3,6,1,0,0,0.5556,0.25,1.0,0.25,1.0,4,1,0,1,0.5,0.25,0,2,0,1046
3,6,1,0,1,0.6667,0.2,1.0,0.2,1.0,5,1,0,1,0.5,0.2,0,2,0,1047
1,1,0,1,0,0.7778,0.16666666666666666,1.0,0.3333333333333333,1.0,6,1,0,1,0.5,0.16666666666666666,0,2,0,1048
1,2,0,1,0,0.8889,0.2857142857142857,1.0,0.2857142857142857,1.0,7,2,0,2,0.5,0.2857142857142857,0,2,0,1049
1,1,0,0,1,1.0,0.375,1.0,0.25,1.0,8,3,0,3,0.5,0.375,0,2,0,1050
3,7,1,1,0,0.1111,0.0,0.0,0.0,0.0,0,0,0,0,0.0,0.0,3,4,0,1051
1,0,0,1,1,0.2222,1.0,1.0,0.0,0.0,1,1,0,1,0.0,1.0,3,4,0,1052
1,1,0,1,0,0.3333,1.0,1.0,0.5,1.0,2,2,0,2,0.5,1.0,3,4,0,1053
3,7,1,1,0,0.4444,1.0,1.0,0.3333333333333333,1.0,3,3,0,3,0.5,1.0,3,4,0,1054
2,1,0,0,0,0.5556,1.0,1.0,0.25,1.0,4,4,0,4,0.5,1.0,3,4,0,1055
1,2,0,0,0,0.6667,0.8,1.0,0.2,1.0,5,4,0,4,0.5,0.8,3,4,0,1056
3,1,0,0,0,0.7778,0.6666666666666666,1.0,0.16666666666666666,1.0,6,4,0,4,0.5,0.6666666666666666,3,4,0,1057
1,0,0,1,0,0.8889,0.5714285714285714,1.0,0.14285714285714285,1.0,7,4,0,4,0.5,0.5714285714285714,3,4,0,1058
2,6,1,0,1,1.0,0.625,1.0,0.125,1.0,8,5,0,5,0.5,0.625,3,4,0,1059
3,2,0,0,0,0.2,0.0,0.0,0.0,0.0,0,0,0,0,0.0,0.0,3,2,0,1060
1,2,0,1,0,0.4,0.0,0.0,0.0,0.0,1,0,0,0,0.0,0.0,3,2,0,1061
1,0,0,0,0,0.6,0.5,1.0,0.0,0.0,2,1,0,1,0.0,0.5,3,2,0,1062
1,7,1,0,1,0.8,0.3333333333333333,1.0,0.0,0.0,3,1,0,1,0.0,0.3333333333333333,3,2,0,1063
2,6,1,1,1,1.0,0.25,1.0,0.25,1.0,4,1,0,1,0.5,0.25,3,2,0,1064
1,1,0,0,1,0.1667,0.0,0.0,0.0,0.0,0,0,0,0,0.0,0.0,0,3,0,1065
3,0,0,0,0,0.3333,0.0,0.0,1.0,1.0,1,0,0,0,0.5,0.0,0,3,0,1066
2,7,1,1,0,0.5,0.0,0.0,0.5,1.0,2,0,0,0,0.5,0.0,0,3,0,1067
2,1,0,0,0,0.6667,0.3333333333333333,1.0,0.3333333333333333,1.0,3,1,0,1,0.5,0.3333333333333333,0,3,0,1068
2,7,1,1,0,0.8333,0.25,1.0,0.25,1.0,4,1,0,1,0.5,0.25,0,3,0,1069
2,2,0,0,1,1.0,0.4,1.0,0.2,1.0,5,2,0,2,0.5,0.4,0,3,0,1070
3,0,0,1,1,0.2,0.0,0.0,0.0,0.0,0,0,0,0,0.0,0.0,1,3,0,1071
1,2,0,1,1,0.4,1.0,1.0,1.0,1.0,1,1,0,1,0.5,1.0,1,3,0,1072
3,7,1,0,0,0.6,1.0,1.0,1.0,1.0,2,2,0,2,0.5,1.0,1,3,0,1073
1,0,0,0,0,0.8,0.6666666666666666,1.0,0.6666666666666666,1.0,3,2,0,2,0.5,0.6666666666666666,1,3,0,1074
1,1,0,1,0,1.0,0.5,1.0,0.5,1.0,4,2,0,2,0.5,0.5,1,3,0,1075
1,7,1,0,0,0.25,0.0,0.0,0.0,0.0,0,0,0,0,0.0,0.0,2,4,0,1076
1,7,1,0,0,0.5,0.0,0.0,0.0,0.0,1,0,0,0,0.0,0.0,2,4,0,1077
1,7,1,0,1,0.75,0.0,0.0,0.0,0.0,2,0,0,0,0.0,0.0,2,4,0,1078
2,0,0,0,0,1.0,0.0,0.0,0.3333333333333333,1.0,3,0,0,0,0.5,0.0,2,4,0,1079
3,1,0,0,0,0.1429,0.0,0.0,0.0,0.0,0,0,0,0,0.0,0.0,0,4,0,1080
3,6,1,0,1,0.2857,0.0,0.0,0.0,0.0,1,0,0,0,0.0,0.0,0,4,0,1081
1,6,1,1,0,0.4286,0.0,0.0,0.5,1.0,2,0,0,0,0.5,0.0,0,4,0,1082
1,6,1,0,0,0.5714,0.3333333333333333,1.0,0.3333333333333333,1.0,3,1,0,1,0.5,0.3333333333333333,0,4,0,1083
3,2,0,0,0,0.7143,0.25,1.0,0.25,1.0,4,1,0,1,0.5,0.25,0,4,0,1084
2,2,0,0,1,0.8571,0.2,1.0,0.2,1.0,5,1,0,1,0.5,0.2,0,4,0,1085
3,0,0,0,1,1.0,0.16666666666666666,1.0,0.3333333333333333,1.0,6,1,0,1,0.5,0.16666666666666666,0,4,0,1086
2,2,0,0,0,0.1,0.0,0.0,0.0,0.0,0,0,0,0,0.0,0.0,3,4,0,1087
1,0,0,0,1,0.2,0.0,0.0,0.0,0.0,1,0,0,0,0.0,0.0,3,4,0,1088
2,1,0,0,1,0.3,0.0,0.0,0.5,1.0,2,0,0,0,0.5,0.0,3,4,0,1089
2,6,1,1,0,0.4,0.0,0.0,0.6666666666666666,1.0,3,0,0,0,0.5,0.0,3,4,0,1090
3,2,0,0,1,0.5,0.25,1.0,0.5,1.0,4,1,0,1,0.5,0.25,3,4,0,1091
1,2,0,0,1,0.6,0.2,1.0,0.6,1.0,5,1,0,1,0.5,0.2,3,4,0,1092
1,7,1,0,0,0.7,0.16666666666666666,1.0,0.6666666666666666,1.0,6,1,0,1,0.5,0.16666666666666666,3,4,0,1093
3,0,0,0,0,0.8,0.14285714285714285,1.0,0.5714285714285714,1.0,7,1,0,1,0.5,0.14285714285714285,3,4,0,1094
1,7,1,0,0,0.9,0.125,1.0,0.5,1.0,8,1,0,1,0.5,0.125,3,4,0,1095
1,2,0,0,0,1.0,0.1111111111111111,1.0,0.4444444444444444,1.0,9,1,0,1,0.5,0.1111111111111111,3,4,0,1096
1,7,1,0,0,0.1667,0.0,0.0,0.0,0.0,0,0,0,0,0.0,0.0,2,3,0,1097
3,2,0,0,1,0.3333,0.0,0.0,0.0,0.0,1,0,0,0,0.0,0.0,2,3,0,1098
3,0,0,0,0,0.5,0.0,0.0,0.5,1.0,2,0,0,0,0.5,0.0,2,3,0,1099
1,7,1,0,0,0.6667,0.0,0.0,0.3333333333333333,1.0,3,0,0,0,0.5,0.0,2,3,0,1100
3,7,1,1,0,0.8333,0.0,0.0,0.25,1.0,4,0,0,0,0.5,0.0,2,3,0,1101
2,7,1,0,0,1.0,0.2,1.0,0.2,1.0,5,1,0,1,0.5,0.2,2,3,0,1102
1,6,1,0,1,0.1,0.0,0.0,0.0,0.0,0,0,0,0,0.0,0.0,2,3,0,1103
3,0,0,0,0,0.2,0.0,0.0,1.0,1.0,1,0,0,0,0.5,0.0,2,3,0,1104
2,0,0,0,0,0.3,0.0,0.0,0.5,1.0,2,0,0,0,0.5,0.0,2,3,0,1105
1,7,1,0,0,0.4,0.0,0.0,0.3333333333333333,1.0,3,0,0,0,0.5,0.0,2,3,0,1106
1,0,0,0,0,0.5,0.0,0.0,0.25,1.0,4,0,0,0,0.5,0.0,2,3,0,1107
2,1,0,0,1,0.6,0.0,0.0,0.2,1.0,5,0,0,0,0.5,0.0,2,3,0,1108
3,0,0,0,0,0.7,0.0,0.0,0.3333333333333333,1.0,6,0,0,0,0.5,0.0,2,3,0,1109
3,1,0,0,1,0.8,0.0,0.0,0.2857142857142857,1.0,7,0,0,0,0.5,0.0,2,3,0,1110
2,6,1,0,0,0.9,0.0,0.0,0.375,1.0,8,0,0,0,0.5,0.0,2,3,0,1111
2,7,1,0,0,1.0,0.0,0.0,0.3333333333333333,1.0,9,0,0,0,0.5,0.0,2,3,0,1112
1,6,1,0,0,0.1111,0.0,0.0,0.0,0.0,0,0,0,0,0.0,0.0,2,2,0,1113
1,1,0,0,1,0.2222,0.0,0.0,0.0,0.0,1,0,0,0,0.0,0.0,2,2,0,1114
1,2,0,0,0,0.3333,0.0,0.0,0.5,1.0,2,0,0,0,0.5,0.0,2,2,0,1115
2,0,0,0,0,0.4444,0.0,0.0,0.3333333333333333,1.0,3,0,0,0,0.5,0.0,2,2,0,1116
1,6,1,0,0,0.5556,0.0,0.0,0.25,1.0,4,0,0,0,0.5,0.0,2,2,0,1117
1,0,0,0,1,0.6667,0.0,0.0,0.2,1.0,5,0,0,0,0.5,0.0,2,2,0,1118
2,2,0,0,0,0.7778,0.0,0.0,0.3333333333333333,1.0,6,0,0,0,0.5,0.0,2,2,0,1119
3,2,0,0,0,0.8889,0.0,0.0,0.2857142857142857,1.0,7,0,0,0,0.5,0.0,2,2,0,1120
2,0,0,0,0,1.0,0.0,0.0,0.25,1.0,8,0,0,0,0.5,0.0,2,2,0,1121
1,6,1,0,1,0.25,0.0,0.0,0.0,0.0,0,0,0,0,0.0,0.0,3,4,0,1122
2,7,1,1,0,0.5,0.0,0.0,1.0,1.0,1,0,0,0,0.5,0.0,3,4,0,1123
1,7,1,0,0,0.75,0.5,1.0,0.5,1.0,2,1,0,1,0.5,0.5,3,4,0,1124
1,2,0,0,1,1.0,0.3333333333333333,1.0,0.3333333333333333,1.0,3,1,0,1,0.5,0.3333333333333333,3,4,0,1125
2,1,0,0,0,0.2,0.0,0.0,0.0,0.0,0,0,0,0,0.0,0.0,0,3,0,1126
3,1,0,1,1,0.4,0.0,0.0,0.0,0.0,1,0,0,0,0.0,0.0,0,3,0,1127
1,2,0,0,0,0.6,0.5,1.0,0.5,1.0,2,1,0,1,0.5,0.5,0,3,0,1128
1,0,0,0,0,0.8,0.3333333333333333,1.0,0.3333333333333333,1.0,3,1,0,1,0.5,0.3333333333333333,0,3,0,1129
2,1,0,1,1,1.0,0.25,1.0,0.25,1.0,4,1,0,1,0.5,0.25,0,3,0,1130
2,2,0,0,0,0.25,0.0,0.0,0.0,0.0,0,0,0,0,0.0,0.0,1,3,0,1131
1,7,1,0,0,0.5,0.0,0.0,0.0,0.0,1,0,0,0,0.0,0.0,1,3,0,1132
1,7,1,1,0,0.75,0.0,0.0,0.0,0.0,2,0,0,0,0.0,0.0,1,3,0,1133
2,6,1,0,0,1.0,0.3333333333333333,1.0,0.0,0.0,3,1,0,1,0.0,0.3333333333333333,1,3,0,1134
3,1,0,0,0,0.125,0.0,0.0,0.0,0.0,0,0,0,0,0.0,0.0,2,3,0,1135
1,0,0,0,0,0.25,0.0,0.0,0.0,0.0,1,0,0,0,0.0,0.0,2,3,0,1136
1,6,1,0,0,0.375,0.0,0.0,0.0,0.0,2,0,0,0,0.0,0.0,2,3,0,1137
1,7,1,1,0,0.5,0.0,0.0,0.0,0.0,3,0,0,0,0.0,0.0,2,3,0,1138
1,7,1,0,1,0.625,0.25,1.0,0.0,0.0,4,1,0,1,0.0,0.25,2,3,0,1139
1,0,0,0,0,0.75,0.2,1.0,0.2,1.0,5,1,0,1,0.5,0.2,2,3,0,1140
3,6,1,1,0,0.875,0.16666666666666666,1.0,0.16666666666666666,1.0,6,1,0,1,0.5,0.16666666666666666,2,3,0,1141
3,1,0,0,1,1.0,0.2857142857142857,1.0,0.14285714285714285,1.0,7,2,0,2,0.5,0.2857142857142857,2,3,0,1142
2,6,1,0,0,0.1,0.0,0.0,0.0,0.0,0,0,0,0,0.0,0.0,1,3,0,1143
2,6,1,0,0,0.2,0.0,0.0,0.0,0.0,1,0,0,0,0.0,0.0,1,3,0,1144
1,7,1,1,1,0.3,0.0,0.0,0.0,0.0,2,0,0,0,0.0,0.0,1,3,0,1145
1,1,0,0,0,0.4,0.3333333333333333,1.0,0.3333333333333333,1.0,3,1,0,1,0.5,0.3333333333333333,1,3,0,1146
3,6,1,1,0,0.5,0.25,1.0,0.25,1.0,4,1,0,1,0.5,0.25,1,3,0,1147
3,2,0,1,0,0.6,0.4,1.0,0.2,1.0,5,2,0,2,0.5,0.4,1,3,0,1148
3,6,1,0,0,0.7,0.5,1.0,0.16666666666666666,1.0,6,3,0,3,0.5,0.5,1,3,0,1149
2,1,0,0,1,0.8,0.42857142857142855,1.0,0.14285714285714285,1.0,7,3,0,3,0.5,0.42857142857142855,1,3,0,1150
3,1,0,0,0,0.9,0.375,1.0,0.25,1.0,8,3,0,3,0.5,0.375,1,3,0,1151
1,1,0,0,1,1.0,0.3333333333333333,1.0,0.2222222222222222,1.0,9,3,0,3,0.5,0.3333333333333333,1,3,0,1152
2,7,1,0,0,0.125,0.0,0.0,0.0,0.0,0,0,0,0,0.0,0.0,3,2,0,1153
2,6,1,0,1,0.25,0.0,0.0,0.0,0.0,1,0,0,0,0.0,0.0,3,2,0,1154
2,2,0,1,0,0.375,0.0,0.0,0.5,1.0,2,0,0,0,0.5,0.0,3,2,0,1155
2,6,1,0,0,0.5,0.3333333333333333,1.0,0.3333333333333333,1.0,3,1,0,1,0.5,0.3333333333333333,3,2,0,1156
1,6,1,0,1,0.625,0.25,1.0,0.25,1.0,4,1,0,1,0.5,0.25,3,2,0,1157
2,7,1,0,0,0.75,0.2,1.0,0.4,1.0,5,1,0,1,0.5,0.2,3,2,0,1158
1,7,1,0,0,0.875,0.16666666666666666,1.0,0.3333333333333333,1.0,6,1,0,1,0.5,0.16666666666666666,3,2,0,1159
2,7,1,1,0,1.0,0.14285714285714285,1.0,0.2857142857142857,1.0,7,1,0,1,0.5,0.14285714285714285,3,2,0,1160
3,6,1,0,0,0.25,0.0,0.0,0.0,0.0,0,0,0,0,0.0,0.0,3,2,0,1161
2,2,0,0,0,0.5,0.0,0.0,0.0,0.0,1,0,0,0,0.0,0.0,3,2,0,1162
1,2,0,0,0,0.75,0.0,0.0,0.0,0.0,2,0,0,0,0.0,0.0,3,2,0,1163
2,6,1,0,0,1.0,0.0,0.0,0.0,0.0,3,0,0,0,0.0,0.0,3,2,0,1164
2,2,0,0,1,0.1667,0.0,0.0,0.0,0.0,0,0,0,0,0.0,0.0,3,2,0,1165
1,6,1,0,0,0.3333,0.0,0.0,1.0,1.0,1,0,0,0,0.5,0.0,3,2,0,1166
2,6,1,1,0,0.5,0.0,0.0,0.5,1.0,2,0,0,0,0.5,0.0,3,2,0,1167
2,1,0,0,0,0.6667,0.3333333333333333,1.0,0.3333333333333333,1.0,3,1,0,1,0.5,0.3333333333333333,3,2,0,1168
3,6,1,0,0,0.8333,0.25,1.0,0.25,1.0,4,1,0,1,0.5,0.25,3,2,0,1169
2,6,1,0,1,1.0,0.2,1.0,0.2,1.0,5,1,0,1,0.5,0.2,3,2,0,1170
3,6,1,1,0,0.1429,0.0,0.0,0.0,0.0,0,0,0,0,0.0,0.0,1,3,0,1171
3,1,0,1,0,0.2857,1.0,1.0,0.0,0.0,1,1,0,1,0.0,1.0,1,3,0,1172
3,2,0,0,0,0.4286,1.0,1.0,0.0,0.0,2,2,0,2,0.0,1.0,1,3,0,1173
3,6,1,0,1,0.5714,0.6666666666666666,1.0,0.0,0.0,3,2,0,2,0.0,0.6666666666666666,1,3,0,1174
1,1,0,0,0,0.7143,0.5,1.0,0.25,1.0,4,2,0,2,0.5,0.5,1,3,0,1175
2,0,0,0,1,0.8571,0.4,1.0,0.2,1.0,5,2,0,2,0.5,0.4,1,3,0,1176
3,7,1,1,0,1.0,0.3333333333333333,1.0,0.3333333333333333,1.0,6,2,0,2,0.5,0.3333333333333333,1,3,0,1177
3,2,0,0,1,0.125,0.0,0.0,0.0,0.0,0,0,0,0,0.0,0.0,3,4,0,1178
3,0,0,0,0,0.25,0.0,0.0,1.0,1.0,1,0,0,0,0.5,0.0,3,4,0,1179
1,6,1,0,0,0.375,0.0,0.0,0.5,1.0,2,0,0,0,0.5,0.0,3,4,0,1180
2,2,0,0,0,0.5,0.0,0.0,0.3333333333333333,1.0,3,0,0,0,0.5,0.0,3,4,0,1181
1,2,0,1,0,0.625,0.0,0.0,0.25,1.0,4,0,0,0,0.5,0.0,3,4,0,1182
2,1,0,0,1,0.75,0.2,1.0,0.2,1.0,5,1,0,1,0.5,0.2,3,4,0,1183
2,7,1,1,0,0.875,0.16666666666666666,1.0,0.3333333333333333,1.0,6,1,0,1,0.5,0.16666666666666666,3,4,0,1184
1,6,1,1,0,1.0,0.2857142857142857,1.0,0.2857142857142857,1.0,7,2,0,2,0.5,0.2857142857142857,3,4,0,1185
2,7,1,0,1,0.1667,0.0,0.0,0.0,0.0,0,0,0,0,0.0,0.0,0,3,0,1186
3,7,1,0,1,0.3333,0.0,0.0,1.0,1.0,1,0,0,0,0.5,0.0,0,3,0,1187
1,1,0,0,0,0.5,0.0,0.0,1.0,1.0,2,0,0,0,0.5,0.0,0,3,0,1188
2,1,0,0,1,0.6667,0.0,0.0,0.6666666666666666,1.0,3,0,0,0,0.5,0.0,0,3,0,1189
3,6,1,1,0,0.8333,0.0,0.0,0.75,1.0,4,0,0,0,0.5,0.0,0,3,0,1190
2,0,0,0,1,1.0,0.2,1.0,0.6,1.0,5,1,0,1,0.5,0.2,0,3,0,1191
3,1,0,0,0,0.25,0.0,0.0,0.0,0.0,0,0,0,0,0.0,0.0,3,2,0,1192
1,6,1,1,0,0.5,0.0,0.0,0.0,0.0,1,0,0,0,0.0,0.0,3,2,0,1193
1,7,1,0,1,0.75,0.5,1.0,0.0,0.0,2,1,0,1,0.0,0.5,3,2,0,1194
3,7,1,0,0,1.0,0.3333333333333333,1.0,0.3333333333333333,1.0,3,1,0,1,0.5,0.3333333333333333,3,2,0,1195
2,1,0,0,1,0.1667,0.0,0.0,0.0,0.0,0,0,0,0,0.0,0.0,1,2,0,1196
1,7,1,1,0,0.3333,0.0,0.0,1.0,1.0,1,0,0,0,0.5,0.0,1,2,0,1197
3,7,1,1,0,0.5,0.5,1.0,0.5,1.0,2,1,0,1,0.5,0.5,1,2,0,1198
3,2,0,1,1,0.6667,0.6666666666666666,1.0,0.3333333333333333,1.0,3,2,0,2,0.5,0.6666666666666666,1,2,0,1199
1,2,0,1,0,0.8333,0.75,1.0,0.5,1.0,4,3,0,3,0.5,0.75,1,2,0,1200
1,0,0,0,0,1.0,0.8,1.0,0.4,1.0,5,4,0,4,0.5,0.8,1,2,0,1201
1,6,1,0,1,0.1,0.0,0.0,0.0,0.0,0,0,0,0,0.0,0.0,0,4,0,1202
1,2,0,0,0,0.2,0.0,0.0,1.0,1.0,1,0,0,0,0.5,0.0,0,4,0,1203
2,7,1,0,0,0.3,0.0,0.0,0.5,1.0,2,0,0,0,0.5,0.0,0,4,0,1204
3,7,1,0,1,0.4,0.0,0.0,0.3333333333333333,1.0,3,0,0,0,0.5,0.0,0,4,0,1205
3,7,1,0,0,0.5,0.0,0.0,0.5,1.0,4,0,0,0,0.5,0.0,0,4,0,1206
2,6,1,0,0,0.6,0.0,0.0,0.4,1.0,5,0,0,0,0.5,0.0,0,4,0,1207
2,7,1,0,0,0.7,0.0,0.0,0.3333333333333333,1.0,6,0,0,0,0.5,0.0,0,4,0,1208
3,0,0,0,0,0.8,0.0,0.0,0.2857142857142857,1.0,7,0,0,0,0.5,0.0,0,4,0,1209
3,1,0,0,1,0.9,0.0,0.0,0.25,1.0,8,0,0,0,0.5,0.0,0,4,0,1210
2,7,1,0,0,1.0,0.0,0.0,0.3333333333333333,1.0,9,0,0,0,0.5,0.0,0,4,0,1211
3,7,1,0,0,0.1,0.0,0.0,0.0,0.0,0,0,0,0,0.0,0.0,2,3,0,1212
3,6,1,0,1,0.2,0.0,0.0,0.0,0.0,1,0,0,0,0.0,0.0,2,3,0,1213
2,2,0,0,0,0.3,0.0,0.0,0.5,1.0,2,0,0,0,0.5,0.0,2,3,0,1214
1,6,1,1,1,0.4,0.0,0.0,0.3333333333333333,1.0,3,0,0,0,0.5,0.0,2,3,0,1215
1,2,0,0,0,0.5,0.25,1.0,0.5,1.0,4,1,0,1,0.5,0.25,2,3,0,1216
2,6,1,0,1,0.6,0.2,1.0,0.4,1.0,5,1,0,1,0.5,0.2,2,3,0,1217
2,2,0,0,0,0.7,0.16666666666666666,1.0,0.5,1.0,6,1,0,1,0.5,0.16666666666666666,2,3,0,1218
3,2,0,0,0,0.8,0.14285714285714285,1.0,0.42857142857142855,1.0,7,1,0,1,0.5,0.14285714285714285,2,3,0,1219
3,1,0,0,1,0.9,0.125,1.0,0.375,1.0,8,1,0,1,0.5,0.125,2,3,0,1220
3,2,0,1,1,1.0,0.1111111111111111,1.0,0.4444444444444444,1.0,9,1,0,1,0.5,0.1111111111111111,2,3,0,1221
1,0,0,0,1,0.1,0.0,0.0,0.0,0.0,0,0,0,0,0.0,0.0,3,4,0,1222
2,7,1,0,1,0.2,0.0,0.0,1.0,1.0,1,0,0,0,0.5,0.0,3,4,0,1223
1,7,1,1,0,0.3,0.0,0.0,1.0,1.0,2,0,0,0,0.5,0.0,3,4,0,1224
1,2,0,0,0,0.4,0.3333333333333333,1.0,0.6666666666666666,1.0,3,1,0,1,0.5,0.3333333333333333,3,4,0,1225
2,6,1,0,1,0.5,0.25,1.0,0.5,1.0,4,1,0,1,0.5,0.25,3,4,0,1226
1,6,1,1,0,0.6,0.2,1.0,0.6,1.0,5,1,0,1,0.5,0.2,3,4,0,1227
3,6,1,1,1,0.7,0.3333333333333333,1.0,0.5,1.0,6,2,0,2,0.5,0.3333333333333333,3,4,0,1228
2,6,1,0,0,0.8,0.42857142857142855,1.0,0.5714285714285714,1.0,7,3,0,3,0.5,0.42857142857142855,3,4,0,1229
3,0,0,0,0,0.9,0.375,1.0,0.5,1.0,8,3,0,3,0.5,0.375,3,4,0,1230
3,1,0,1,1,1.0,0.3333333333333333,1.0,0.4444444444444444,1.0,9,3,0,3,0.5,0.3333333333333333,3,4,0,1231
3,7,1,0,1,0.25,0.0,0.0,0.0,0.0,0,0,0,0,0.0,0.0,1,2,0,1232
3,2,0,0,0,0.5,0.0,0.0,1.0,1.0,1,0,0,0,0.5,0.0,1,2,0,1233
1,0,0,0,1,0.75,0.0,0.0,0.5,1.0,2,0,0,0,0.5,0.0,1,2,0,1234
3,6,1,0,0,1.0,0.0,0.0,0.6666666666666666,1.0,3,0,0,0,0.5,0.0,1,2,0,1235
3,6,1,0,1,0.1,0.0,0.0,0.0,0.0,0,0,0,0,0.0,0.0,2,2,0,1236
1,7,1,0,0,0.2,0.0,0.0,1.0,1.0,1,0,0,0,0.5,0.0,2,2,0,1237
3,2,0,0,0,0.3,0.0,0.0,0.5,1.0,2,0,0,0,0.5,0.0,2,2,0,1238
2,7,1,0,0,0.4,0.0,0.0,0.3333333333333333,1.0,3,0,0,0,0.5,0.0,2,2,0,1239
3,6,1,0,1,0.5,0.0,0.0,0.25,1.0,4,0,0,0,0.5,0.0,2,2,0,1240
2,6,1,0,0,0.6,0.0,0.0,0.4,1.0,5,0,0,0,0.5,0.0,2,2,0,1241
3,6,1,0,0,0.7,0.0,0.0,0.3333333333333333,1.0,6,0,0,0,0.5,0.0,2,2,0,1242
2,6,1,0,0,0.8,0.0,0.0,0.2857142857142857,1.0,7,0,0,0,0.5,0.0,2,2,0,1243
1,1,0,1,1,0.9,0.0,0.0,0.25,1.0,8,0,0,0,0.5,0.0,2,2,0,1244
2,1,0,0,0,1.0,0.1111111111111111,1.0,0.3333333333333333,1.0,9,1,0,1,0.5,0.1111111111111111,2,2,0,1245
1,7,1,0,0,0.1429,0.0,0.0,0.0,0.0,0,0,0,0,0.0,0.0,2,4,0,1246
3,6,1,0,1,0.2857,0.0,0.0,0.0,0.0,1,0,0,0,0.0,0.0,2,4,0,1247
2,6,1,0,1,0.4286,0.0,0.0,0.5,1.0,2,0,0,0,0.5,0.0,2,4,0,1248
1,6,1,0,0,0.5714,0.0,0.0,0.6666666666666666,1.0,3,0,0,0,0.5,0.0,2,4,0,1249
1,7,1,0,1,0.7143,0.0,0.0,0.5,1.0,4,0,0,0,0.5,0.0,2,4,0,1250
3,7,1,0,0,0.8571,0.0,0.0,0.6,1.0,5,0,0,0,0.5,0.0,2,4,0,1251
2,0,0,0,0,1.0,0.0,0.0,0.5,1.0,6,0,0,0,0.5,0.0,2,4,0,1252
2,2,0,0,0,0.1,0.0,0.0,0.0,0.0,0,0,0,0,0.0,0.0,3,2,0,1253
1,0,0,0,1,0.2,0.0,0.0,0.0,0.0,1,0,0,0,0.0,0.0,3,2,0,1254
1,6,1,0,0,0.3,0.0,0.0,0.5,1.0,2,0,0,0,0.5,0.0,3,2,0,1255
2,6,1,0,1,0.4,0.0,0.0,0.3333333333333333,1.0,3,0,0,0,0.5,0.0,3,2,0,1256
3,1,0,0,1,0.5,0.0,0.0,0.5,1.0,4,0,0,0,0.5,0.0,3,2,0,1257
1,6,1,1,1,0.6,0.0,0.0,0.6,1.0,5,0,0,0,0.5,0.0,3,2,0,1258
1,0,0,0,1,0.7,0.16666666666666666,1.0,0.6666666666666666,1.0,6,1,0,1,0.5,0.16666666666666666,3,2,0,1259
1,2,0,0,0,0.8,0.14285714285714285,1.0,0.7142857142857143,1.0,7,1,0,1,0.5,0.14285714285714285,3,2,0,1260
1,1,0,1,0,0.9,0.125,1.0,0.625,1.0,8,1,0,1,0.5,0.125,3,2,0,1261
2,7,1,0,0,1.0,0.2222222222222222,1.0,0.5555555555555556,1.0,9,2,0,2,0.5,0.2222222222222222,3,2,0,1262
2,6,1,0,0,0.25,0.0,0.0,0.0,0.0,0,0,0,0,0.0,0.0,3,3,0,1263
3,6,1,1,0,0.5,0.0,0.0,0.0,0.0,1,0,0,0,0.0,0.0,3,3,0,1264
1,7,1,1,0,0.75,0.5,1.0,0.0,0.0,2,1,0,1,0.0,0.5,3,3,0,1265
3,7,1,0,0,1.0,0.6666666666666666,1.0,0.0,0.0,3,2,0,2,0.0,0.6666666666666666,3,3,0,1266
2,2,0,0,0,0.25,0.0,0.0,0.0,0.0,0,0,0,0,0.0,0.0,2,3,0,1267
1,2,0,0,0,0.5,0.0,0.0,0.0,0.0,1,0,0,0,0.0,0.0,2,3,0,1268
3,6,1,0,0,0.75,0.0,0.0,0.0,0.0,2,0,0,0,0.0,0.0,2,3,0,1269
2,1,0,0,0,1.0,0.0,0.0,0.0,0.0,3,0,0,0,0.0,0.0,2,3,0,1270
3,7,1,1,0,0.1111,0.0,0.0,0.0,0.0,0,0,0,0,0.0,0.0,2,3,0,1271
2,7,1,0,0,0.2222,1.0,1.0,0.0,0.0,1,1,0,1,0.0,1.0,2,3,0,1272
1,0,0,0,0,0.3333,0.5,1.0,0.0,0.0,2,1,0,1,0.0,0.5,2,3,0,1273
2,7,1,1,0,0.4444,0.3333333333333333,1.0,0.0,0.0,3,1,0,1,0.0,0.3333333333333333,2,3,0,1274
2,0,0,0,0,0.5556,0.5,1.0,0.0,0.0,4,2,0,2,0.0,0.5,2,3,0,1275
1,0,0,0,1,0.6667,0.4,1.0,0.0,0.0,5,2,0,2,0.0,0.4,2,3,0,1276
1,2,0,1,0,0.7778,0.3333333333333333,1.0,0.16666666666666666,1.0,6,2,0,2,0.5,0.3333333333333333,2,3,0,1277
2,7,1,0,1,0.8889,0.42857142857142855,1.0,0.14285714285714285,1.0,7,3,0,3,0.5,0.42857142857142855,2,3,0,1278
1,6,1,0,1,1.0,0.375,1.0,0.25,1.0,8,3,0,3,0.5,0.375,2,3,0,1279
2,0,0,1,1,0.125,0.0,0.0,0.0,0.0,0,0,0,0,0.0,0.0,3,3,0,1280
3,7,1,0,0,0.25,1.0,1.0,1.0,1.0,1,1,0,1,0.5,1.0,3,3,0,1281
2,1,0,0,1,0.375,0.5,1.0,0.5,1.0,2,1,0,1,0.5,0.5,3,3,0,1282
2,0,0,0,0,0.5,0.3333333333333333,1.0,0.6666666666666666,1.0,3,1,0,1,0.5,0.3333333333333333,3,3,0,1283
2,2,0,0,1,0.625,0.25,1.0,0.5,1.0,4,1,0,1,0.5,0.25,3,3,0,1284
2,2,0,0,0,0.75,0.2,1.0,0.6,1.0,5,1,0,1,0.5,0.2,3,3,0,1285
3,0,0,0,0,0.875,0.16666666666666666,1.0,0.5,1.0,6,1,0,1,0.5,0.16666666666666666,3,3,0,1286
3,0,0,1,0,1.0,0.14285714285714285,1.0,0.42857142857142855,1.0,7,1,0,1,0.5,0.14285714285714285,3,3,0,1287
1,1,0,1,1,0.2,0.0,0.0,0.0,0.0,0,0,0,0,0.0,0.0,3,4,0,1288
1,7,1,0,0,0.4,1.0,1.0,1.0,1.0,1,1,0,1,0.5,1.0,3,4,0,1289
1,1,0,0,1,0.6,0.5,1.0,0.5,1.0,2,1,0,1,0.5,0.5,3,4,0,1290
3,2,0,0,0,0.8,0.3333333333333333,1.0,0.6666666666666666,1.0,3,1,0,1,0.5,0.3333333333333333,3,4,0,1291
2,1,0,0,0,1.0,0.25,1.0,0.5,1.0,4,1,0,1,0.5,0.25,3,4,0,1292
3,0,0,0,0,0.125,0.0,0.0,0.0,0.0,0,0,0,0,0.0,0.0,1,3,0,1293
3,7,1,0,0,0.25,0.0,0.0,0.0,0.0,1,0,0,0,0.0,0.0,1,3,0,1294
2,0,0,1,0,0.375,0.0,0.0,0.0,0.0,2,0,0,0,0.0,0.0,1,3,0,1295
3,2,0,1,0,0.5,0.3333333333333333,1.0,0.0,0.0,3,1,0,1,0.0,0.3333333333333333,1,3,0,1296
2,0,0,0,0,0.625,0.5,1.0,0.0,0.0,4,2,0,2,0.0,0.5,1,3,0,1297
2,6,1,0,0,0.75,0.4,1.0,0.0,0.0,5,2,0,2,0.0,0.4,1,3,0,1298
3,6,1,0,0,0.875,0.3333333333333333,1.0,0.0,0.0,6,2,0,2,0.0,0.3333333333333333,1,3,0,1299
1,7,1,1,0,1.0,0.2857142857142857,1.0,0.0,0.0,7,2,0,2,0.0,0.2857142857142857,1,3,0,1300
3,6,1,1,0,0.1111,0.0,0.0,0.0,0.0,0,0,0,0,0.0,0.0,0,2,0,1301
1,1,0,1,0,0.2222,1.0,1.0,0.0,0.0,1,1,0,1,0.0,1.0,0,2,0,1302
3,0,0,1,0,0.3333,1.0,1.0,0.0,0.0,2,2,0,2,0.0,1.0,0,2,0,1303
2,6,1,0,1,0.4444,1.0,1.0,0.0,0.0,3,3,0,3,0.0,1.0,0,2,0,1304
2,0,0,0,0,0.5556,0.75,1.0,0.25,1.0,4,3,0,3,0.5,0.75,0,2,0,1305
3,7,1,0,0,0.6667,0.6,1.0,0.2,1.0,5,3,0,3,0.5,0.6,0,2,0,1306
3,0,0,0,0,0.7778,0.5,1.0,0.16666666666666666,1.0,6,3,0,3,0.5,0.5,0,2,0,1307
1,6,1,0,0,0.8889,0.42857142857142855,1.0,0.14285714285714285,1.0,7,3,0,3,0.5,0.42857142857142855,0,2,0,1308
1,7,1,1,0,1.0,0.375,1.0,0.125,1.0,8,3,0,3,0.5,0.375,0,2,0,1309
1,0,0,0,0,0.1667,0.0,0.0,0.0,0.0,0,0,0,0,0.0,0.0,1,2,0,1310
3,0,0,0,0,0.3333,0.0,0.0,0.0,0.0,1,0,0,0,0.0,0.0,1,2,0,1311
1,0,0,0,0,0.5,0.0,0.0,0.0,0.0,2,0,0,0,0.0,0.0,1,2,0,1312
2,2,0,1,0,0.6667,0.0,0.0,0.0,0.0,3,0,0,0,0.0,0.0,1,2,0,1313
1,1,0,0,0,0.8333,0.25,1.0,0.0,0.0,4,1,0,1,0.0,0.25,1,2,0,1314
2,2,0,0,0,1.0,0.2,1.0,0.0,0.0,5,1,0,1,0.0,0.2,1,2,0,1315
1,7,1,0,1,0.25,0.0,0.0,0.0,0.0,0,0,0,0,0.0,0.0,2,2,0,1316
3,1,0,0,0,0.5,0.0,0.0,1.0,1.0,1,0,0,0,0.5,0.0,2,2,0,1317
1,2,0,0,1,0.75,0.0,0.0,0.5,1.0,2,0,0,0,0.5,0.0,2,2,0,1318
1,6,1,0,1,1.0,0.0,0.0,0.6666666666666666,1.0,3,0,0,0,0.5,0.0,2,2,0,1319
3,1,0,0,0,0.125,0.0,0.0,0.0,0.0,0,0,0,0,0.0,0.0,0,3,0,1320
3,6,1,1,1,0.25,0.0,0.0,0.0,0.0,1,0,0,0,0.0,0.0,0,3,0,1321
2,7,1,0,0,0.375,0.5,1.0,0.5,1.0,2,1,0,1,0.5,0.5,0,3,0,1322
3,7,1,0,1,0.5,0.3333333333333333,1.0,0.3333333333333333,1.0,3,1,0,1,0.5,0.3333333333333333,0,3,0,1323
2,7,1,0,0,0.625,0.25,1.0,0.5,1.0,4,1,0,1,0.5,0.25,0,3,0,1324
1,0,0,0,0,0.75,0.2,1.0,0.4,1.0,5,1,0,1,0.5,0.2,0,3,0,1325
2,6,1,0,1,0.875,0.16666666666666666,1.0,0.3333333333333333,1.0,6,1,0,1,0.5,0.16666666666666666,0,3,0,1326
1,7,1,0,0,1.0,0.14285714285714285,1.0,0.42857142857142855,1.0,7,1,0,1,0.5,0.14285714285714285,0,3,0,1327
1,6,1,1,0,0.1429,0.0,0.0,0.0,0.0,0,0,0,0,0.0,0.0,0,4,0,1328
2,0,0,0,0,0.2857,1.0,1.0,0.0,0.0,1,1,0,1,0.0,1.0,0,4,0,1329
3,2,0,0,0,0.4286,0.5,1.0,0.0,0.0,2,1,0,1,0.0,0.5,0,4,0,1330
2,1,0,1,1,0.5714,0.3333333333333333,1.0,0.0,0.0,3,1,0,1,0.0,0.3333333333333333,0,4,0,1331
3,2,0,0,1,0.7143,0.5,1.0,0.25,1.0,4,2,0,2,0.5,0.5,0,4,0,1332
2,2,0,0,0,0.8571,0.4,1.0,0.4,1.0,5,2,0,2,0.5,0.4,0,4,0,1333
1,2,0,0,0,1.0,0.3333333333333333,1.0,0.3333333333333333,1.0,6,2,0,2,0.5,0.3333333333333333,0,4,0,1334
3,7,1,0,0,0.1,0.0,0.0,0.0,0.0,0,0,0,0,0.0,0.0,1,3,0,1335
2,6,1,0,1,0.2,0.0,0.0,0.0,0.0,1,0,0,0,0.0,0.0,1,3,0,1336
3,7,1,0,1,0.3,0.0,0.0,0.5,1.0,2,0,0,0,0.5,0.0,1,3,0,1337
1,0,0,0,0,0.4,0.0,0.0,0.6666666666666666,1.0,3,0,0,0,0.5,0.0,1,3,0,1338
1,1,0,0,0,0.5,0.0,0.0,0.5,1.0,4,0,0,0,0.5,0.0,1,3,0,1339
2,0,0,0,0,0.6,0.0,0.0,0.4,1.0,5,0,0,0,0.5,0.0,1,3,0,1340
3,6,1,0,0,0.7,0.0,0.0,0.3333333333333333,1.0,6,0,0,0,0.5,0.0,1,3,0,1341
1,1,0,0,0,0.8,0.0,0.0,0.2857142857142857,1.0,7,0,0,0,0.5,0.0,1,3,0,1342
1,6,1,0,0,0.9,0.0,0.0,0.25,1.0,8,0,0,0,0.5,0.0,1,3,0,1343
1,0,0,0,1,1.0,0.0,0.0,0.2222222222222222,1.0,9,0,0,0,0.5,0.0,1,3,0,1344
2,1,0,0,1,0.25,0.0,0.0,0.0,0.0,0,0,0,0,0.0,0.0,0,4,0,1345
1,7,1,1,1,0.5,0.0,0.0,1.0,1.0,1,0,0,0,0.5,0.0,0,4,0,1346
1,2,0,1,0,0.75,0.5,1.0,1.0,1.0,2,1,0,1,0.5,0.5,0,4,0,1347
1,0,0,0,0,1.0,0.6666666666666666,1.0,0.6666666666666666,1.0,3,2,0,2,0.5,0.6666666666666666,0,4,0,1348
2,1,0,0,0,0.25,0.0,0.0,0.0,0.0,0,0,0,0,0.0,0.0,1,2,0,1349
1,7,1,0,0,0.5,0.0,0.0,0.0,0.0,1,0,0,0,0.0,0.0,1,2,0,1350
1,7,1,0,0,0.75,0.0,0.0,0.0,0.0,2,0,0,0,0.0,0.0,1,2,0,1351
1,0,0,0,1,1.0,0.0,0.0,0.0,0.0,3,0,0,0,0.0,0.0,1,2,0,1352
3,0,0,0,0,0.1429,0.0,0.0,0.0,0.0,0,0,0,0,0.0,0.0,3,4,0,1353
3,6,1,1,1,0.2857,0.0,0.0,0.0,0.0,1,0,0,0,0.0,0.0,3,4,0,1354
3,6,1,0,1,0.4286,0.5,1.0,0.5,1.0,2,1,0,1,0.5,0.5,3,4,0,1355
2,0,0,0,0,0.5714,0.3333333333333333,1.0,0.6666666666666666,1.0,3,1,0,1,0.5,0.3333333333333333,3,4,0,1356
2,1,0,0,1,0.7143,0.25,1.0,0.5,1.0,4,1,0,1,0.5,0.25,3,4,0,1357
3,7,1,1,0,0.8571,0.2,1.0,0.6,1.0,5,1,0,1,0.5,0.2,3,4,0,1358
3,2,0,1,1,1.0,0.3333333333333333,1.0,0.5,1.0,6,2,0,2,0.5,0.3333333333333333,3,4,0,1359
3,6,1,0,0,0.1,0.0,0.0,0.0,0.0,0,0,0,0,0.0,0.0,1,2,0,1360
3,2,0,1,0,0.2,0.0,0.0,0.0,0.0,1,0,0,0,0.0,0.0,1,2,0,1361
3,2,0,0,1,0.3,0.5,1.0,0.0,0.0,2,1,0,1,0.0,0.5,1,2,0,1362
3,1,0,0,0,0.4,0.3333333333333333,1.0,0.3333333333333333,1.0,3,1,0,1,0.5,0.3333333333333333,1,2,0,1363
1,2,0,0,0,0.5,0.25,1.0,0.25,1.0,4,1,0,1,0.5,0.25,1,2,0,1364
2,2,0,1,0,0.6,0.2,1.0,0.2,1.0,5,1,0,1,0.5,0.2,1,2,0,1365
3,7,1,0,1,0.7,0.3333333333333333,1.0,0.16666666666666666,1.0,6,2,0,2,0.5,0.3333333333333333,1,2,0,1366
2,0,0,1,1,0.8,0.2857142857142857,1.0,0.2857142857142857,1.0,7,2,0,2,0.5,0.2857142857142857,1,2,0,1367
3,6,1,0,0,0.9,0.375,1.0,0.375,1.0,8,3,0,3,0.5,0.375,1,2,0,1368
1,2,0,0,0,1.0,0.3333333333333333,1.0,0.3333333333333333,1.0,9,3,0,3,0.5,0.3333333333333333,1,2,0,1369
2,0,0,0,0,0.1111,0.0,0.0,0.0,0.0,0,0,0,0,0.0,0.0,3,3,0,1370
1,2,0,0,1,0.2222,0.0,0.0,0.0,0.0,1,0,0,0,0.0,0.0,3,3,0,1371
2,2,0,0,0,0.3333,0.0,0.0,0.5,1.0,2,0,0,0,0.5,0.0,3,3,0,1372
3,0,0,0,1,0.4444,0.0,0.0,0.3333333333333333,1.0,3,0,0,0,0.5,0.0,3,3,0,1373
3,1,0,0,0,0.5556,0.0,0.0,0.5,1.0,4,0,0,0,0.5,0.0,3,3,0,1374
2,7,1,0,1,0.6667,0.0,0.0,0.4,1.0,5,0,0,0,0.5,0.0,3,3,0,1375
1,0,0,1,0,0.7778,0.0,0.0,0.5,1.0,6,0,0,0,0.5,0.0,3,3,0,1376
1,6,1,0,1,0.8889,0.14285714285714285,1.0,0.42857142857142855,1.0,7,1,0,1,0.5,0.14285714285714285,3,3,0,1377
3,7,1,1,0,1.0,0.125,1.0,0.5,1.0,8,1,0,1,0.5,0.125,3,3,0,1378
1,0,0,0,0,0.125,0.0,0.0,0.0,0.0,0,0,0,0,0.0,0.0,2,3,0,1379
3,2,0,0,0,0.25,0.0,0.0,0.0,0.0,1,0,0,0,0.0,0.0,2,3,0,1380
2,7,1,0,0,0.375,0.0,0.0,0.0,0.0,2,0,0,0,0.0,0.0,2,3,0,1381
2,0,0,0,1,0.5,0.0,0.0,0.0,0.0,3,0,0,0,0.0,0.0,2,3,0,1382
2,0,0,0,0,0.625,0.0,0.0,0.25,1.0,4,0,0,0,0.5,0.0,2,3,0,1383
3,1,0,0,0,0.75,0.0,0.0,0.2,1.0,5,0,0,0,0.5,0.0,2,3,0,1384
3,6,1,0,1,0.875,0.0,0.0,0.16666666666666666,1.0,6,0,0,0,0.5,0.0,2,3,0,1385
3,0,0,0,0,1.0,0.0,0.0,0.2857142857142857,1.0,7,0,0,0,0.5,0.0,2,3,0,1386
1,2,0,1,1,0.1667,0.0,0.0,0.0,0.0,0,0,0,0,0.0,0.0,2,2,0,1387
2,0,0,0,0,0.3333,1.0,1.0,1.0,1.0,1,1,0,1,0.5,1.0,2,2,0,1388
3,2,0,1,0,0.5,0.5,1.0,0.5,1.0,2,1,0,1,0.5,0.5,2,2,0,1389
1,7,1,0,0,0.6667,0.6666666666666666,1.0,0.3333333333333333,1.0,3,2,0,2,0.5,0.6666666666666666,2,2,0,1390
2,1,0,0,0,0.8333,0.5,1.0,0.25,1.0,4,2,0,2,0.5,0.5,2,2,0,1391
3,1,0,0,0,1.0,0.4,1.0,0.2,1.0,5,2,0,2,0.5,0.4,2,2,0,1392
3,2,0,1,1,0.1111,0.0,0.0,0.0,0.0,0,0,0,0,0.0,0.0,1,3,0,1393
1,1,0,0,0,0.2222,1.0,1.0,1.0,1.0,1,1,0,1,0.5,1.0,1,3,0,1394
3,6,1,0,0,0.3333,0.5,1.0,0.5,1.0,2,1,0,1,0.5,0.5,1,3,0,1395
2,1,0,0,0,0.4444,0.3333333333333333,1.0,0.3333333333333333,1.0,3,1,0,1,0.5,0.3333333333333333,1,3,0,1396
2,7,1,0,0,0.5556,0.25,1.0,0.25,1.0,4,1,0,1,0.5,0.25,1,3,0,1397
2,7,1,0,0,0.6667,0.2,1.0,0.2,1.0,5,1,0,1,0.5,0.2,1,3,0,1398
1,6,1,1,0,0.7778,0.16666666666666666,1.0,0.16666666666666666,1.0,6,1,0,1,0.5,0.16666666666666666,1,3,0,1399
1,0,0,0,1,0.8889,0.2857142857142857,1.0,0.14285714285714285,1.0,7,2,0,2,0.5,0.2857142857142857,1,3,0,1400
2,0,0,0,0,1.0,0.25,1.0,0.25,1.0,8,2,0,2,0.5,0.25,1,3,0,1401
1,6,1,0,0,0.1429,0.0,0.0,0.0,0.0,0,0,0,0,0.0,0.0,2,2,0,1402
2,2,0,1,0,0.2857,0.0,0.0,0.0,0.0,1,0,0,0,0.0,0.0,2,2,0,1403
1,7,1,1,0,0.4286,0.5,1.0,0.0,0.0,2,1,0,1,0.0,0.5,2,2,0,1404
2,0,0,1,1,0.5714,0.6666666666666666,1.0,0.0,0.0,3,2,0,2,0.0,0.6666666666666666,2,2,0,1405
2,6,1,1,0,0.7143,0.75,1.0,0.25,1.0,4,3,0,3,0.5,0.75,2,2,0,1406
3,2,0,0,1,0.8571,0.8,1.0,0.2,1.0,5,4,0,4,0.5,0.8,2,2,0,1407
2,0,0,0,0,1.0,0.6666666666666666,1.0,0.3333333333333333,1.0,6,4,0,4,0.5,0.6666666666666666,2,2,0,1408
1,1,0,0,0,0.1667,0.0,0.0,0.0,0.0,0,0,0,0,0.0,0.0,2,2,0,1409
1,0,0,1,1,0.3333,0.0,0.0,0.0,0.0,1,0,0,0,0.0,0.0,2,2,0,1410
1,0,0,0,0,0.5,0.5,1.0,0.5,1.0,2,1,0,1,0.5,0.5,2,2,0,1411
3,6,1,0,0,0.6667,0.3333333333333333,1.0,0.3333333333333333,1.0,3,1,0,1,0.5,0.3333333333333333,2,2,0,1412
3,7,1,0,1,0.8333,0.25,1.0,0.25,1.0,4,1,0,1,0.5,0.25,2,2,0,1413
1,0,0,0,1,1.0,0.2,1.0,0.4,1.0,5,1,0,1,0.5,0.2,2,2,0,1414
2,6,1,1,0,0.1111,0.0,0.0,0.0,0.0,0,0,0,0,0.0,0.0,3,4,0,1415
1,7,1,0,0,0.2222,1.0,1.0,0.0,0.0,1,1,0,1,0.0,1.0,3,4,0,1416
3,0,0,0,1,0.3333,0.5,1.0,0.0,0.0,2,1,0,1,0.0,0.5,3,4,0,1417
1,7,1,0,1,0.4444,0.3333333333333333,1.0,0.3333333333333333,1.0,3,1,0,1,0.5,0.3333333333333333,3,4,0,1418
3,6,1,0,1,0.5556,0.25,1.0,0.5,1.0,4,1,0,1,0.5,0.25,3,4,0,1419
3,6,1,0,1,0.6667,0.2,1.0,0.6,1.0,5,1,0,1,0.5,0.2,3,4,0,1420
1,2,0,0,0,0.7778,0.16666666666666666,1.0,0.6666666666666666,1.0,6,1,0,1,0.5,0.16666666666666666,3,4,0,1421
2,0,0,0,0,0.8889,0.14285714285714285,1.0,0.5714285714285714,1.0,7,1,0,1,0.5,0.14285714285714285,3,4,0,1422
2,1,0,0,0,1.0,0.125,1.0,0.5,1.0,8,1,0,1,0.5,0.125,3,4,0,1423
3,2,0,0,1,0.1,0.0,0.0,0.0,0.0,0,0,0,0,0.0,0.0,0,4,0,1424
1,6,1,0,0,0.2,0.0,0.0,1.0,1.0,1,0,0,0,0.5,0.0,0,4,0,1425
3,2,0,0,1,0.3,0.0,0.0,0.5,1.0,2,0,0,0,0.5,0.0,0,4,0,1426
1,1,0,0,1,0.4,0.0,0.0,0.6666666666666666,1.0,3,0,0,0,0.5,0.0,0,4,0,1427
3,0,0,1,1,0.5,0.0,0.0,0.75,1.0,4,0,0,0,0.5,0.0,0,4,0,1428
1,2,0,0,1,0.6,0.2,1.0,0.8,1.0,5,1,0,1,0.5,0.2,0,4,0,1429
1,6,1,0,0,0.7,0.16666666666666666,1.0,0.8333333333333334,1.0,6,1,0,1,0.5,0.16666666666666666,0,4,0,1430
1,0,0,1,0,0.8,0.14285714285714285,1.0,0.7142857142857143,1.0,7,1,0,1,0.5,0.14285714285714285,0,4,0,1431
3,7,1,0,0,0.9,0.25,1.0,0.625,1.0,8,2,0,2,0.5,0.25,0,4,0,1432
3,2,0,0,0,1.0,0.2222222222222222,1.0,0.5555555555555556,1.0,9,2,0,2,0.5,0.2222222222222222,0,4,0,1433
2,7,1,0,0,0.25,0.0,0.0,0.0,0.0,0,0,0,0,0.0,0.0,0,4,0,1434
3,7,1,0,0,0.5,0.0,0.0,0.0,0.0,1,0,0,0,0.0,0.0,0,4,0,1435
2,6,1,0,1,0.75,0.0,0.0,0.0,0.0,2,0,0,0,0.0,0.0,0,4,0,1436
1,0,0,0,0,1.0,0.0,0.0,0.3333333333333333,1.0,3,0,0,0,0.5,0.0,0,4,0,1437
3,2,0,0,0,0.125,0.0,0.0,0.0,0.0,0,0,0,0,0.0,0.0,3,3,0,1438
3,6,1,0,1,0.25,0.0,0.0,0.0,0.0,1,0,0,0,0.0,0.0,3,3,0,1439
2,7,1,0,0,0.375,0.0,0.0,0.5,1.0,2,0,0,0,0.5,0.0,3,3,0,1440
2,1,0,1,1,0.5,0.0,0.0,0.3333333333333333,1.0,3,0,0,0,0.5,0.0,3,3,0,1441
1,1,0,0,0,0.625,0.25,1.0,0.5,1.0,4,1,0,1,0.5,0.25,3,3,0,1442
1,0,0,0,0,0.75,0.2,1.0,0.4,1.0,5,1,0,1,0.5,0.2,3,3,0,1443
3,6,1,1,0,0.875,0.16666666666666666,1.0,0.3333333333333333,1.0,6,1,0,1,0.5,0.16666666666666666,3,3,0,1444
2,1,0,0,1,1.0,0.2857142857142857,1.0,0.2857142857142857,1.0,7,2,0,2,0.5,0.2857142857142857,3,3,0,1445
3,7,1,1,1,0.2,0.0,0.0,0.0,0.0,0,0,0,0,0.0,0.0,0,2,0,1446
3,2,0,0,0,0.4,1.0,1.0,1.0,1.0,1,1,0,1,0.5,1.0,0,2,0,1447
1,1,0,0,0,0.6,0.5,1.0,0.5,1.0,2,1,0,1,0.5,0.5,0,2,0,1448
2,7,1,0,0,0.8,0.3333333333333333,1.0,0.3333333333333333,1.0,3,1,0,1,0.5,0.3333333333333333,0,2,0,1449
3,2,0,0,0,1.0,0.25,1.0,0.25,1.0,4,1,0,1,0.5,0.25,0,2,0,1450
1,6,1,0,0,0.1111,0.0,0.0,0.0,0.0,0,0,0,0,0.0,0.0,3,3,0,1451
2,1,0,0,0,0.2222,0.0,0.0,0.0,0.0,1,0,0,0,0.0,0.0,3,3,0,1452
2,2,0,0,0,0.3333,0.0,0.0,0.0,0.0,2,0,0,0,0.0,0.0,3,3,0,1453
1,2,0,0,0,0.4444,0.0,0.0,0.0,0.0,3,0,0,0,0.0,0.0,3,3,0,1454
3,1,0,0,0,0.5556,0.0,0.0,0.0,0.0,4,0,0,0,0.0,0.0,3,3,0,1455
3,2,0,0,1,0.6667,0.0,0.0,0.0,0.0,5,0,0,0,0.0,0.0,3,3,0,1456
2,0,0,0,0,0.7778,0.0,0.0,0.16666666666666666,1.0,6,0,0,0,0.5,0.0,3,3,0,1457
3,0,0,0,1,0.8889,0.0,0.0,0.14285714285714285,1.0,7,0,0,0,0.5,0.0,3,3,0,1458
1,1,0,0,0,1.0,0.0,0.0,0.25,1.0,8,0,0,0,0.5,0.0,3,3,0,1459
2,0,0,0,0,0.25,0.0,0.0,0.0,0.0,0,0,0,0,0.0,0.0,2,4,0,1460
2,7,1,1,0,0.5,0.0,0.0,0.0,0.0,1,0,0,0,0.0,0.0,2,4,0,1461
1,2,0,1,1,0.75,0.5,1.0,0.0,0.0,2,1,0,1,0.0,0.5,2,4,0,1462
2,2,0,0,0,1.0,0.6666666666666666,1.0,0.3333333333333333,1.0,3,2,0,2,0.5,0.6666666666666666,2,4,0,1463
2,2,0,0,0,0.1667,0.0,0.0,0.0,0.0,0,0,0,0,0.0,0.0,3,4,0,1464
2,7,1,1,1,0.3333,0.0,0.0,0.0,0.0,1,0,0,0,0.0,0.0,3,4,0,1465
2,2,0,0,1,0.5,0.5,1.0,0.5,1.0,2,1,0,1,0.5,0.5,3,4,0,1466
1,1,0,0,0,0.6667,0.3333333333333333,1.0,0.6666666666666666,1.0,3,1,0,1,0.5,0.3333333333333333,3,4,0,1467
1,2,0,0,0,0.8333,0.25,1.0,0.5,1.0,4,1,0,1,0.5,0.25,3,4,0,1468
2,0,0,0,0,1.0,0.2,1.0,0.4,1.0,5,1,0,1,0.5,0.2,3,4,0,1469
3,2,0,0,0,0.2,0.0,0.0,0.0,0.0,0,0,0,0,0.0,0.0,3,3,0,1470
3,0,0,0,1,0.4,0.0,0.0,0.0,0.0,1,0,0,0,0.0,0.0,3,3,0,1471
1,7,1,0,0,0.6,0.0,0.0,0.5,1.0,2,0,0,0,0.5,0.0,3,3,0,1472
1,0,0,0,0,0.8,0.0,0.0,0.3333333333333333,1.0,3,0,0,0,0.5,0.0,3,3,0,1473
1,7,1,0,0,1.0,0.0,0.0,0.25,1.0,4,0,0,0,0.5,0.0,3,3,0,1474
2,1,0,0,0,0.125,0.0,0.0,0.0,0.0,0,0,0,0,0.0,0.0,3,4,0,1475
1,6,1,0,0,0.25,0.0,0.0,0.0,0.0,1,0,0,0,0.0,0.0,3,4,0,1476
3,6,1,0,0,0.375,0.0,0.0,0.0,0.0,2,0,0,0,0.0,0.0,3,4,0,1477
3,1,0,0,0,0.5,0.0,0.0,0.0,0.0,3,0,0,0,0.0,0.0,3,4,0,1478
2,6,1,0,0,0.625,0.0,0.0,0.0,0.0,4,0,0,0,0.0,0.0,3,4,0,1479
3,2,0,0,1,0.75,0.0,0.0,0.0,0.0,5,0,0,0,0.0,0.0,3,4,0,1480
3,2,0,1,0,0.875,0.0,0.0,0.16666666666666666,1.0,6,0,0,0,0.5,0.0,3,4,0,1481
3,2,0,1,1,1.0,0.14285714285714285,1.0,0.14285714285714285,1.0,7,1,0,1,0.5,0.14285714285714285,3,4,0,1482
3,7,1,0,0,0.1111,0.0,0.0,0.0,0.0,0,0,0,0,0.0,0.0,2,4,0,1483
1,2,0,0,1,0.2222,0.0,0.0,0.0,0.0,1,0,0,0,0.0,0.0,2,4,0,1484
2,1,0,0,0,0.3333,0.0,0.0,0.5,1.0,2,0,0,0,0.5,0.0,2,4,0,1485
2,1,0,0,0,0.4444,0.0,0.0,0.3333333333333333,1.0,3,0,0,0,0.5,0.0,2,4,0,1486
2,7,1,0,1,0.5556,0.0,0.0,0.25,1.0,4,0,0,0,0.5,0.0,2,4,0,1487
2,2,0,0,1,0.6667,0.0,0.0,0.4,1.0,5,0,0,0,0.5,0.0,2,4,0,1488
2,2,0,0,0,0.7778,0.0,0.0,0.5,1.0,6,0,0,0,0.5,0.0,2,4,0,1489
3,0,0,0,0,0.8889,0.0,0.0,0.42857142857142855,1.0,7,0,0,0,0.5,0.0,2,4,0,1490
3,1,0,0,0,1.0,0.0,0.0,0.375,1.0,8,0,0,0,0.5,0.0,2,4,0,1491
1,0,0,0,0,0.1111,0.0,0.0,0.0,0.0,0,0,0,0,0.0,0.0,3,4,0,1492
1,7,1,0,1,0.2222,0.0,0.0,0.0,0.0,1,0,0,0,0.0,0.0,3,4,0,1493
1,7,1,0,0,0.3333,0.0,0.0,0.5,1.0,2,0,0,0,0.5,0.0,3,4,0,1494
2,2,0,0,0,0.4444,0.0,0.0,0.3333333333333333,1.0,3,0,0,0,0.5,0.0,3,4,0,1495
3,1,0,1,0,0.5556,0.0,0.0,0.25,1.0,4,0,0,0,0.5,0.0,3,4,0,1496
2,1,0,0,1,0.6667,0.2,1.0,0.2,1.0,5,1,0,1,0.5,0.2,3,4,0,1497
2,6,1,0,0,0.7778,0.16666666666666666,1.0,0.3333333333333333,1.0,6,1,0,1,0.5,0.16666666666666666,3,4,0,1498
1,7,1,0,1,0.8889,0.14285714285714285,1.0,0.2857142857142857,1.0,7,1,0,1,0.5,0.14285714285714285,3,4,0,1499
2,7,1,0,0,1.0,0.125,1.0,0.375,1.0,8,1,0,1,0.5,0.125,3,4,0,1500
3,1,0,0,1,0.1,0.0,0.0,0.0,0.0,0,0,0,0,0.0,0.0,2,2,0,1501
1,6,1,0,0,0.2,0.0,0.0,1.0,1.0,1,0,0,0,0.5,0.0,2,2,0,1502
2,0,0,0,0,0.3,0.0,0.0,0.5,1.0,2,0,0,0,0.5,0.0,2,2,0,1503
3,2,0,0,0,0.4,0.0,0.0,0.3333333333333333,1.0,3,0,0,0,0.5,0.0,2,2,0,1504
2,7,1,0,0,0.5,0.0,0.0,0.25,1.0,4,0,0,0,0.5,0.0,2,2,0,1505
2,0,0,0,0,0.6,0.0,0.0,0.2,1.0,5,0,0,0,0.5,0.0,2,2,0,1506
1,2,0,0,1,0.7,0.0,0.0,0.16666666666666666,1.0,6,0,0,0,0.5,0.0,2,2,0,1507
3,0,0,0,1,0.8,0.0,0.0,0.2857142857142857,1.0,7,0,0,0,0.5,0.0,2,2,0,1508
3,2,0,0,0,0.9,0.0,0.0,0.375,1.0,8,0,0,0,0.5,0.0,2,2,0,1509
1,2,0,0,0,1.0,0.0,0.0,0.3333333333333333,1.0,9,0,0,0,0.5,0.0,2,2,0,1510
2,1,0,0,0,0.1,0.0,0.0,0.0,0.0,0,0,0,0,0.0,0.0,3,3,0,1511
2,0,0,0,0,0.2,0.0,0.0,0.0,0.0,1,0,0,0,0.0,0.0,3,3,0,1512
2,1,0,1,0,0.3,0.0,0.0,0.0,0.0,2,0,0,0,0.0,0.0,3,3,0,1513
2,2,0,0,0,0.4,0.3333333333333333,1.0,0.0,0.0,3,1,0,1,0.0,0.3333333333333333,3,3,0,1514
2,1,0,1,0,0.5,0.25,1.0,0.0,0.0,4,1,0,1,0.0,0.25,3,3,0,1515
3,1,0,0,0,0.6,0.4,1.0,0.0,0.0,5,2,0,2,0.0,0.4,3,3,0,1516
1,0,0,0,0,0.7,0.3333333333333333,1.0,0.0,0.0,6,2,0,2,0.0,0.3333333333333333,3,3,0,1517
1,1,0,0,0,0.8,0.2857142857142857,1.0,0.0,0.0,7,2,0,2,0.0,0.2857142857142857,3,3,0,1518
3,7,1,0,0,0.9,0.25,1.0,0.0,0.0,8,2,0,2,0.0,0.25,3,3,0,1519
2,6,1,0,0,1.0,0.2222222222222222,1.0,0.0,0.0,9,2,0,2,0.0,0.2222222222222222,3,3,0,1520
2,7,1,0,0,0.1111,0.0,0.0,0.0,0.0,0,0,0,0,0.0,0.0,0,4,0,1521
1,6,1,1,1,0.2222,0.0,0.0,0.0,0.0,1,0,0,0,0.0,0.0,0,4,0,1522
3,7,1,0,0,0.3333,0.5,1.0,0.5,1.0,2,1,0,1,0.5,0.5,0,4,0,1523
1,0,0,0,0,0.4444,0.3333333333333333,1.0,0.3333333333333333,1.0,3,1,0,1,0.5,0.3333333333333333,0,4,0,1524
3,1,0,0,0,0.5556,0.25,1.0,0.25,1.0,4,1,0,1,0.5,0.25,0,4,0,1525
3,1,0,0,1,0.6667,0.2,1.0,0.2,1.0,5,1,0,1,0.5,0.2,0,4,0,1526
3,0,0,0,1,0.7778,0.16666666666666666,1.0,0.3333333333333333,1.0,6,1,0,1,0.5,0.16666666666666666,0,4,0,1527
1,2,0,0,1,0.8889,0.14285714285714285,1.0,0.42857142857142855,1.0,7,1,0,1,0.5,0.14285714285714285,0,4,0,1528
1,2,0,0,0,1.0,0.125,1.0,0.5,1.0,8,1,0,1,0.5,0.125,0,4,0,1529
1,7,1,1,0,0.1111,0.0,0.0,0.0,0.0,0,0,0,0,0.0,0.0,2,3,0,1530
2,1,0,1,0,0.2222,1.0,1.0,0.0,0.0,1,1,0,1,0.0,1.0,2,3,0,1531
2,7,1,0,1,0.3333,1.0,1.0,0.0,0.0,2,2,0,2,0.0,1.0,2,3,0,1532
2,1,0,0,0,0.4444,0.6666666666666666,1.0,0.3333333333333333,1.0,3,2,0,2,0.5,0.6666666666666666,2,3,0,1533
2,7,1,0,1,0.5556,0.5,1.0,0.25,1.0,4,2,0,2,0.5,0.5,2,3,0,1534
1,1,0,0,0,0.6667,0.4,1.0,0.4,1.0,5,2,0,2,0.5,0.4,2,3,0,1535
1,0,0,0,1,0.7778,0.3333333333333333,1.0,0.3333333333333333,1.0,6,2,0,2,0.5,0.3333333333333333,2,3,0,1536
1,6,1,0,1,0.8889,0.2857142857142857,1.0,0.42857142857142855,1.0,7,2,0,2,0.5,0.2857142857142857,2,3,0,1537
2,0,0,1,0,1.0,0.25,1.0,0.5,1.0,8,2,0,2,0.5,0.25,2,3,0,1538
2,2,0,0,0,0.1111,0.0,0.0,0.0,0.0,0,0,0,0,0.0,0.0,2,3,0,1539
3,7,1,0,1,0.2222,0.0,0.0,0.0,0.0,1,0,0,0,0.0,0.0,2,3,0,1540
2,6,1,1,0,0.3333,0.0,0.0,0.5,1.0,2,0,0,0,0.5,0.0,2,3,0,1541
1,6,1,0,0,0.4444,0.3333333333333333,1.0,0.3333333333333333,1.0,3,1,0,1,0.5,0.3333333333333333,2,3,0,1542
2,1,0,0,0,0.5556,0.25,1.0,0.25,1.0,4,1,0,1,0.5,0.25,2,3,0,1543
3,0,0,1,0,0.6667,0.2,1.0,0.2,1.0,5,1,0,1,0.5,0.2,2,3,0,1544
3,0,0,0,0,0.7778,0.3333333333333333,1.0,0.16666666666666666,1.0,6,2,0,2,0.5,0.3333333333333333,2,3,0,1545
1,1,0,0,0,0.8889,0.2857142857142857,1.0,0.14285714285714285,1.0,7,2,0,2,0.5,0.2857142857142857,2,3,0,1546
2,7,1,0,1,1.0,0.25,1.0,0.125,1.0,8,2,0,2,0.5,0.25,2,3,0,1547
3,7,1,0,0,0.1,0.0,0.0,0.0,0.0,0,0,0,0,0.0,0.0,3,3,0,1548
1,2,0,0,0,0.2,0.0,0.0,0.0,0.0,1,0,0,0,0.0,0.0,3,3,0,1549
1,0,0,0,1,0.3,0.0,0.0,0.0,0.0,2,0,0,0,0.0,0.0,3,3,0,1550
1,0,0,0,0,0.4,0.0,0.0,0.3333333333333333,1.0,3,0,0,0,0.5,0.0,3,3,0,1551
1,2,0,0,0,0.5,0.0,0.0,0.25,1.0,4,0,0,0,0.5,0.0,3,3,0,1552
1,6,1,0,0,0.6,0.0,0.0,0.2,1.0,5,0,0,0,0.5,0.0,3,3,0,1553
2,7,1,0,0,0.7,0.0,0.0,0.16666666666666666,1.0,6,0,0,0,0.5,0.0,3,3,0,1554
1,0,0,0,1,0.8,0.0,0.0,0.14285714285714285,1.0,7,0,0,0,0.5,0.0,3,3,0,1555
1,0,0,0,0,0.9,0.0,0.0,0.25,1.0,8,0,0,0,0.5,0.0,3,3,0,1556
1,1,0,0,0,1.0,0.0,0.0,0.2222222222222222,1.0,9,0,0,0,0.5,0.0,3,3,0,1557
1,2,0,0,0,0.1429,0.0,0.0,0.0,0.0,0,0,0,0,0.0,0.0,0,3,0,1558
2,7,1,0,0,0.2857,0.0,0.0,0.0,0.0,1,0,0,0,0.0,0.0,0,3,0,1559
1,1,0,0,0,0.4286,0.0,0.0,0.0,0.0,2,0,0,0,0.0,0.0,0,3,0,1560
2,1,0,0,1,0.5714,0.0,0.0,0.0,0.0,3,0,0,0,0.0,0.0,0,3,0,1561
1,6,1,0,1,0.7143,0.0,0.0,0.25,1.0,4,0,0,0,0.5,0.0,0,3,0,1562
3,1,0,0,1,0.8571,0.0,0.0,0.4,1.0,5,0,0,0,0.5,0.0,0,3,0,1563
2,0,0,0,1,1.0,0.0,0.0,0.5,1.0,6,0,0,0,0.5,0.0,0,3,0,1564
3,0,0,0,0,0.1111,0.0,0.0,0.0,0.0,0,0,0,0,0.0,0.0,3,4,0,1565
2,0,0,0,0,0.2222,0.0,0.0,0.0,0.0,1,0,0,0,0.0,0.0,3,4,0,1566
2,7,1,0,0,0.3333,0.0,0.0,0.0,0.0,2,0,0,0,0.0,0.0,3,4,0,1567
3,7,1,0,0,0.4444,0.0,0.0,0.0,0.0,3,0,0,0,0.0,0.0,3,4,0,1568
1,6,1,1,0,0.5556,0.0,0.0,0.0,0.0,4,0,0,0,0.0,0.0,3,4,0,1569
3,1,0,0,0,0.6667,0.2,1.0,0.0,0.0,5,1,0,1,0.0,0.2,3,4,0,1570
1,2,0,0,1,0.7778,0.16666666666666666,1.0,0.0,0.0,6,1,0,1,0.0,0.16666666666666666,3,4,0,1571
2,0,0,0,0,0.8889,0.14285714285714285,1.0,0.14285714285714285,1.0,7,1,0,1,0.5,0.14285714285714285,3,4,0,1572
1,1,0,1,0,1.0,0.125,1.0,0.125,1.0,8,1,0,1,0.5,0.125,3,4,0,1573
3,1,0,0,1,0.2,0.0,0.0,0.0,0.0,0,0,0,0,0.0,0.0,3,2,0,1574
3,7,1,0,0,0.4,0.0,0.0,1.0,1.0,1,0,0,0,0.5,0.0,3,2,0,1575
1,2,0,0,0,0.6,0.0,0.0,0.5,1.0,2,0,0,0,0.5,0.0,3,2,0,1576
1,2,0,0,0,0.8,0.0,0.0,0.3333333333333333,1.0,3,0,0,0,0.5,0.0,3,2,0,1577
2,1,0,1,0,1.0,0.0,0.0,0.25,1.0,4,0,0,0,0.5,0.0,3,2,0,1578
3,6,1,1,0,0.1667,0.0,0.0,0.0,0.0,0,0,0,0,0.0,0.0,2,3,0,1579
1,0,0,0,0,0.3333,1.0,1.0,0.0,0.0,1,1,0,1,0.0,1.0,2,3,0,1580
2,1,0,1,1,0.5,0.5,1.0,0.0,0.0,2,1,0,1,0.0,0.5,2,3,0,1581
3,7,1,0,1,0.6667,0.6666666666666666,1.0,0.3333333333333333,1.0,3,2,0,2,0.5,0.6666666666666666,2,3,0,1582
3,2,0,1,0,0.8333,0.5,1.0,0.5,1.0,4,2,0,2,0.5,0.5,2,3,0,1583
1,1,0,0,1,1.0,0.6,1.0,0.4,1.0,5,3,0,3,0.5,0.6,2,3,0,1584
3,7,1,1,0,0.25,0.0,0.0,0.0,0.0,0,0,0,0,0.0,0.0,3,3,0,1585
1,2,0,0,0,0.5,1.0,1.0,0.0,0.0,1,1,0,1,0.0,1.0,3,3,0,1586
3,2,0,0,0,0.75,0.5,1.0,0.0,0.0,2,1,0,1,0.0,0.5,3,3,0,1587
3,2,0,0,1,1.0,0.3333333333333333,1.0,0.0,0.0,3,1,0,1,0.0,0.3333333333333333,3,3,0,1588
1,0,0,0,0,0.25,0.0,0.0,0.0,0.0,0,0,0,0,0.0,0.0,2,3,0,1589
1,0,0,1,1,0.5,0.0,0.0,0.0,0.0,1,0,0,0,0.0,0.0,2,3,0,1590
3,1,0,1,0,0.75,0.5,1.0,0.5,1.0,2,1,0,1,0.5,0.5,2,3,0,1591
1,6,1,0,0,1.0,0.6666666666666666,1.0,0.3333333333333333,1.0,3,2,0,2,0.5,0.6666666666666666,2,3,0,1592
1,1,0,0,0,0.1667,0.0,0.0,0.0,0.0,0,0,0,0,0.0,0.0,2,2,0,1593
2,2,0,0,1,0.3333,0.0,0.0,0.0,0.0,1,0,0,0,0.0,0.0,2,2,0,1594
2,0,0,1,0,0.5,0.0,0.0,0.5,1.0,2,0,0,0,0.5,0.0,2,2,0,1595
1,1,0,0,0,0.6667,0.3333333333333333,1.0,0.3333333333333333,1.0,3,1,0,1,0.5,0.3333333333333333,2,2,0,1596
3,2,0,1,0,0.8333,0.25,1.0,0.25,1.0,4,1,0,1,0.5,0.25,2,2,0,1597
2,6,1,0,1,1.0,0.4,1.0,0.2,1.0,5,2,0,2,0.5,0.4,2,2,0,1598
1,6,1,0,1,0.125,0.0,0.0,0.0,0.0,0,0,0,0,0.0,0.0,2,4,0,1599
2,2,0,0,1,0.25,0.0,0.0,1.0,1.0,1,0,0,0,0.5,0.0,2,4,0,1600
2,1,0,0,0,0.375,0.0,0.0,1.0,1.0,2,0,0,0,0.5,0.0,2,4,0,1601
1,0,0,0,0,0.5,0.0,0.0,0.6666666666666666,1.0,3,0,0,0,0.5,0.0,2,4,0,1602
1,6,1,1,0,0.625,0.0,0.0,0.5,1.0,4,0,0,0,0.5,0.0,2,4,0,1603
2,1,0,1,0,0.75,0.2,1.0,0.4,1.0,5,1,0,1,0.5,0.2,2,4,0,1604
3,1,0,0,1,0.875,0.3333333333333333,1.0,0.3333333333333333,1.0,6,2,0,2,0.5,0.3333333333333333,2,4,0,1605
3,2,0,0,1,1.0,0.2857142857142857,1.0,0.42857142857142855,1.0,7,2,0,2,0.5,0.2857142857142857,2,4,0,1606
2,0,0,0,1,0.1,0.0,0.0,0.0,0.0,0,0,0,0,0.0,0.0,3,4,0,1607
1,7,1,0,1,0.2,0.0,0.0,1.0,1.0,1,0,0,0,0.5,0.0,3,4,0,1608
2,0,0,0,0,0.3,0.0,0.0,1.0,1.0,2,0,0,0,0.5,0.0,3,4,0,1609
1,7,1,0,1,0.4,0.0,0.0,0.6666666666666666,1.0,3,0,0,0,0.5,0.0,3,4,0,1610
3,7,1,0,0,0.5,0.0,0.0,0.75,1.0,4,0,0,0,0.5,0.0,3,4,0,1611
2,7,1,0,0,0.6,0.0,0.0,0.6,1.0,5,0,0,0,0.5,0.0,3,4,0,1612
3,7,1,0,0,0.7,0.0,0.0,0.5,1.0,6,0,0,0,0.5,0.0,3,4,0,1613
2,7,1,0,0,0.8,0.0,0.0,0.42857142857142855,1.0,7,0,0,0,0.5,0.0,3,4,0,1614
2,7,1,0,0,0.9,0.0,0.0,0.375,1.0,8,0,0,0,0.5,0.0,3,4,0,1615
1,7,1,1,0,1.0,0.0,0.0,0.3333333333333333,1.0,9,0,0,0,0.5,0.0,3,4,0,1616
1,2,0,0,0,0.1111,0.0,0.0,0.0,0.0,0,0,0,0,0.0,0.0,3,4,0,1617
3,0,0,0,0,0.2222,0.0,0.0,0.0,0.0,1,0,0,0,0.0,0.0,3,4,0,1618
2,2,0,0,0,0.3333,0.0,0.0,0.0,0.0,2,0,0,0,0.0,0.0,3,4,0,1619
3,7,1,1,0,0.4444,0.0,0.0,0.0,0.0,3,0,0,0,0.0,0.0,3,4,0,1620
3,7,1,0,1,0.5556,0.25,1.0,0.0,0.0,4,1,0,1,0.0,0.25,3,4,0,1621
3,1,0,0,1,0.6667,0.2,1.0,0.2,1.0,5,1,0,1,0.5,0.2,3,4,0,1622
2,1,0,0,0,0.7778,0.16666666666666666,1.0,0.3333333333333333,1.0,6,1,0,1,0.5,0.16666666666666666,3,4,0,1623
3,2,0,1,0,0.8889,0.14285714285714285,1.0,0.2857142857142857,1.0,7,1,0,1,0.5,0.14285714285714285,3,4,0,1624
2,2,0,1,0,1.0,0.25,1.0,0.25,1.0,8,2,0,2,0.5,0.25,3,4,0,1625
3,7,1,0,0,0.1429,0.0,0.0,0.0,0.0,0,0,0,0,0.0,0.0,2,2,0,1626
3,7,1,0,0,0.2857,0.0,0.0,0.0,0.0,1,0,0,0,0.0,0.0,2,2,0,1627
3,6,1,1,0,0.4286,0.0,0.0,0.0,0.0,2,0,0,0,0.0,0.0,2,2,0,1628
1,2,0,0,0,0.5714,0.3333333333333333,1.0,0.0,0.0,3,1,0,1,0.0,0.3333333333333333,2,2,0,1629
2,0,0,0,0,0.7143,0.25,1.0,0.0,0.0,4,1,0,1,0.0,0.25,2,2,0,1630
2,6,1,0,0,0.8571,0.2,1.0,0.0,0.0,5,1,0,1,0.0,0.2,2,2,0,1631
1,6,1,0,0,1.0,0.16666666666666666,1.0,0.0,0.0,6,1,0,1,0.0,0.16666666666666666,2,2,0,1632
1,2,0,1,0,0.25,0.0,0.0,0.0,0.0,0,0,0,0,0.0,0.0,1,2,0,1633
3,1,0,0,1,0.5,1.0,1.0,0.0,0.0,1,1,0,1,0.0,1.0,1,2,0,1634
2,7,1,0,0,0.75,0.5,1.0,0.5,1.0,2,1,0,1,0.5,0.5,1,2,0,1635
1,7,1,1,0,1.0,0.3333333333333333,1.0,0.3333333333333333,1.0,3,1,0,1,0.5,0.3333333333333333,1,2,0,1636
3,2,0,0,0,0.1429,0.0,0.0,0.0,0.0,0,0,0,0,0.0,0.0,0,2,0,1637
1,2,0,1,1,0.2857,0.0,0.0,0.0,0.0,1,0,0,0,0.0,0.0,0,2,0,1638
1,1,0,0,0,0.4286,0.5,1.0,0.5,1.0,2,1,0,1,0.5,0.5,0,2,0,1639
3,7,1,0,0,0.5714,0.3333333333333333,1.0,0.3333333333333333,1.0,3,1,0,1,0.5,0.3333333333333333,0,2,0,1640
1,7,1,0,0,0.7143,0.25,1.0,0.25,1.0,4,1,0,1,0.5,0.25,0,2,0,1641
2,6,1,1,0,0.8571,0.2,1.0,0.2,1.0,5,1,0,1,0.5,0.2,0,2,0,1642
1,7,1,0,0,1.0,0.3333333333333333,1.0,0.16666666666666666,1.0,6,2,0,2,0.5,0.3333333333333333,0,2,0,1643
1,7,1,1,0,0.1429,0.0,0.0,0.0,0.0,0,0,0,0,0.0,0.0,1,4,0,1644
3,2,0,0,0,0.2857,1.0,1.0,0.0,0.0,1,1,0,1,0.0,1.0,1,4,0,1645
1,0,0,0,0,0.4286,0.5,1.0,0.0,0.0,2,1,0,1,0.0,0.5,1,4,0,1646
2,1,0,0,0,0.5714,0.3333333333333333,1.0,0.0,0.0,3,1,0,1,0.0,0.3333333333333333,1,4,0,1647
2,1,0,0,0,0.7143,0.25,1.0,0.0,0.0,4,1,0,1,0.0,0.25,1,4,0,1648
2,6,1,0,0,0.8571,0.2,1.0,0.0,0.0,5,1,0,1,0.0,0.2,1,4,0,1649
3,0,0,0,0,1.0,0.16666666666666666,1.0,0.0,0.0,6,1,0,1,0.0,0.16666666666666666,1,4,0,1650
2,2,0,0,0,0.2,0.0,0.0,0.0,0.0,0,0,0,0,0.0,0.0,1,2,0,1651
2,2,0,1,1,0.4,0.0,0.0,0.0,0.0,1,0,0,0,0.0,0.0,1,2,0,1652
1,7,1,0,0,0.6,0.5,1.0,0.5,1.0,2,1,0,1,0.5,0.5,1,2,0,1653
1,6,1,0,0,0.8,0.3333333333333333,1.0,0.3333333333333333,1.0,3,1,0,1,0.5,0.3333333333333333,1,2,0,1654
2,7,1,0,0,1.0,0.25,1.0,0.25,1.0,4,1,0,1,0.5,0.25,1,2,0,1655
3,6,1,0,0,0.125,0.0,0.0,0.0,0.0,0,0,0,0,0.0,0.0,0,3,0,1656
1,6,1,0,1,0.25,0.0,0.0,0.0,0.0,1,0,0,0,0.0,0.0,0,3,0,1657
3,0,0,0,1,0.375,0.0,0.0,0.5,1.0,2,0,0,0,0.5,0.0,0,3,0,1658
1,6,1,0,0,0.5,0.0,0.0,0.6666666666666666,1.0,3,0,0,0,0.5,0.0,0,3,0,1659
1,0,0,0,1,0.625,0.0,0.0,0.5,1.0,4,0,0,0,0.5,0.0,0,3,0,1660
1,0,0,0,1,0.75,0.0,0.0,0.6,1.0,5,0,0,0,0.5,0.0,0,3,0,1661
3,7,1,0,1,0.875,0.0,0.0,0.6666666666666666,1.0,6,0,0,0,0.5,0.0,0,3,0,1662
3,6,1,0,1,1.0,0.0,0.0,0.7142857142857143,1.0,7,0,0,0,0.5,0.0,0,3,0,1663
3,6,1,0,1,0.1,0.0,0.0,0.0,0.0,0,0,0,0,0.0,0.0,3,2,0,1664
2,1,0,1,0,0.2,0.0,0.0,1.0,1.0,1,0,0,0,0.5,0.0,3,2,0,1665
1,2,0,0,0,0.3,0.5,1.0,0.5,1.0,2,1,0,1,0.5,0.5,3,2,0,1666
1,7,1,0,1,0.4,0.3333333333333333,1.0,0.3333333333333333,1.0,3,1,0,1,0.5,0.3333333333333333,3,2,0,1667
1,0,0,1,1,0.5,0.25,1.0,0.5,1.0,4,1,0,1,0.5,0.25,3,2,0,1668
2,2,0,1,0,0.6,0.4,1.0,0.6,1.0,5,2,0,2,0.5,0.4,3,2,0,1669
1,2,0,1,0,0.7,0.5,1.0,0.5,1.0,6,3,0,3,0.5,0.5,3,2,0,1670
2,1,0,0,1,0.8,0.5714285714285714,1.0,0.42857142857142855,1.0,7,4,0,4,0.5,0.5714285714285714,3,2,0,1671
3,1,0,0,1,0.9,0.5,1.0,0.5,1.0,8,4,0,4,0.5,0.5,3,2,0,1672
1,7,1,0,1,1.0,0.4444444444444444,1.0,0.5555555555555556,1.0,9,4,0,4,0.5,0.4444444444444444,3,2,0,1673
1,2,0,1,1,0.1429,0.0,0.0,0.0,0.0,0,0,0,0,0.0,0.0,1,2,0,1674
3,1,0,1,1,0.2857,1.0,1.0,1.0,1.0,1,1,0,1,0.5,1.0,1,2,0,1675
3,2,0,0,1,0.4286,1.0,1.0,1.0,1.0,2,2,0,2,0.5,1.0,1,2,0,1676
3,1,0,1,0,0.5714,0.6666666666666666,1.0,1.0,1.0,3,2,0,2,0.5,0.6666666666666666,1,2,0,1677
3,7,1,0,1,0.7143,0.75,1.0,0.75,1.0,4,3,0,3,0.5,0.75,1,2,0,1678
3,2,0,1,0,0.8571,0.6,1.0,0.8,1.0,5,3,0,3,0.5,0.6,1,2,0,1679
2,2,0,0,0,1.0,0.6666666666666666,1.0,0.6666666666666666,1.0,6,4,0,4,0.5,0.6666666666666666,1,2,0,1680
2,2,0,0,0,0.1111,0.0,0.0,0.0,0.0,0,0,0,0,0.0,0.0,2,3,0,1681
1,1,0,0,0,0.2222,0.0,0.0,0.0,0.0,1,0,0,0,0.0,0.0,2,3,0,1682
2,1,0,1,0,0.3333,0.0,0.0,0.0,0.0,2,0,0,0,0.0,0.0,2,3,0,1683
2,2,0,1,0,0.4444,0.3333333333333333,1.0,0.0,0.0,3,1,0,1,0.0,0.3333333333333333,2,3,0,1684
3,6,1,0,0,0.5556,0.5,1.0,0.0,0.0,4,2,0,2,0.0,0.5,2,3,0,1685
3,7,1,1,0,0.6667,0.4,1.0,0.0,0.0,5,2,0,2,0.0,0.4,2,3,0,1686
1,6,1,0,0,0.7778,0.5,1.0,0.0,0.0,6,3,0,3,0.0,0.5,2,3,0,1687
1,2,0,0,0,0.8889,0.42857142857142855,1.0,0.0,0.0,7,3,0,3,0.0,0.42857142857142855,2,3,0,1688
2,0,0,1,0,1.0,0.375,1.0,0.0,0.0,8,3,0,3,0.0,0.375,2,3,0,1689
1,7,1,0,0,0.1,0.0,0.0,0.0,0.0,0,0,0,0,0.0,0.0,2,4,0,1690
1,6,1,0,1,0.2,0.0,0.0,0.0,0.0,1,0,0,0,0.0,0.0,2,4,0,1691
1,7,1,1,0,0.3,0.0,0.0,0.5,1.0,2,0,0,0,0.5,0.0,2,4,0,1692
3,1,0,0,0,0.4,0.3333333333333333,1.0,0.3333333333333333,1.0,3,1,0,1,0.5,0.3333333333333333,2,4,0,1693
2,7,1,0,0,0.5,0.25,1.0,0.25,1.0,4,1,0,1,0.5,0.25,2,4,0,1694
1,1,0,0,0,0.6,0.2,1.0,0.2,1.0,5,1,0,1,0.5,0.2,2,4,0,1695
2,0,0,1,1,0.7,0.16666666666666666,1.0,0.16666666666666666,1.0,6,1,0,1,0.5,0.16666666666666666,2,4,0,1696
1,2,0,0,0,0.8,0.2857142857142857,1.0,0.2857142857142857,1.0,7,2,0,2,0.5,0.2857142857142857,2,4,0,1697
2,2,0,0,0,0.9,0.25,1.0,0.25,1.0,8,2,0,2,0.5,0.25,2,4,0,1698
2,7,1,0,0,1.0,0.2222222222222222,1.0,0.2222222222222222,1.0,9,2,0,2,0.5,0.2222222222222222,2,4,0,1699
3,6,1,0,0,0.25,0.0,0.0,0.0,0.0,0,0,0,0,0.0,0.0,3,4,0,1700
2,1,0,1,0,0.5,0.0,0.0,0.0,0.0,1,0,0,0,0.0,0.0,3,4,0,1701
1,7,1,1,0,0.75,0.5,1.0,0.0,0.0,2,1,0,1,0.0,0.5,3,4,0,1702
1,6,1,1,0,1.0,0.6666666666666666,1.0,0.0,0.0,3,2,0,2,0.0,0.6666666666666666,3,4,0,1703
1,6,1,0,0,0.25,0.0,0.0,0.0,0.0,0,0,0,0,0.0,0.0,3,2,0,1704
2,6,1,0,0,0.5,0.0,0.0,0.0,0.0,1,0,0,0,0.0,0.0,3,2,0,1705
3,6,1,0,0,0.75,0.0,0.0,0.0,0.0,2,0,0,0,0.0,0.0,3,2,0,1706
3,1,0,1,0,1.0,0.0,0.0,0.0,0.0,3,0,0,0,0.0,0.0,3,2,0,1707
2,0,0,0,0,0.25,0.0,0.0,0.0,0.0,0,0,0,0,0.0,0.0,1,2,0,1708
1,1,0,1,0,0.5,0.0,0.0,0.0,0.0,1,0,0,0,0.0,0.0,1,2,0,1709
2,7,1,0,0,0.75,0.5,1.0,0.0,0.0,2,1,0,1,0.0,0.5,1,2,0,1710
2,0,0,0,1,1.0,0.3333333333333333,1.0,0.0,0.0,3,1,0,1,0.0,0.3333333333333333,1,2,0,1711
1,1,0,0,0,0.1429,0.0,0.0,0.0,0.0,0,0,0,0,0.0,0.0,2,2,0,1712
2,0,0,0,1,0.2857,0.0,0.0,0.0,0.0,1,0,0,0,0.0,0.0,2,2,0,1713
3,7,1,0,1,0.4286,0.0,0.0,0.5,1.0,2,0,0,0,0.5,0.0,2,2,0,1714
2,6,1,0,1,0.5714,0.0,0.0,0.6666666666666666,1.0,3,0,0,0,0.5,0.0,2,2,0,1715
2,2,0,0,0,0.7143,0.0,0.0,0.75,1.0,4,0,0,0,0.5,0.0,2,2,0,1716
3,7,1,0,0,0.8571,0.0,0.0,0.6,1.0,5,0,0,0,0.5,0.0,2,2,0,1717
1,2,0,0,0,1.0,0.0,0.0,0.5,1.0,6,0,0,0,0.5,0.0,2,2,0,1718
2,6,1,0,0,0.1667,0.0,0.0,0.0,0.0,0,0,0,0,0.0,0.0,2,3,0,1719
3,0,0,1,0,0.3333,0.0,0.0,0.0,0.0,1,0,0,0,0.0,0.0,2,3,0,1720
1,6,1,0,0,0.5,0.5,1.0,0.0,0.0,2,1,0,1,0.0,0.5,2,3,0,1721
2,2,0,0,0,0.6667,0.3333333333333333,1.0,0.0,0.0,3,1,0,1,0.0,0.3333333333333333,2,3,0,1722
2,7,1,0,0,0.8333,0.25,1.0,0.0,0.0,4,1,0,1,0.0,0.25,2,3,0,1723
2,6,1,0,0,1.0,0.2,1.0,0.0,0.0,5,1,0,1,0.0,0.2,2,3,0,1724
2,6,1,1,1,0.1429,0.0,0.0,0.0,0.0,0,0,0,0,0.0,0.0,3,3,0,1725
3,0,0,0,1,0.2857,1.0,1.0,1.0,1.0,1,1,0,1,0.5,1.0,3,3,0,1726
1,6,1,1,1,0.4286,0.5,1.0,1.0,1.0,2,1,0,1,0.5,0.5,3,3,0,1727
3,2,0,1,0,0.5714,0.6666666666666666,1.0,1.0,1.0,3,2,0,2,0.5,0.6666666666666666,3,3,0,1728
2,1,0,0,0,0.7143,0.75,1.0,0.75,1.0,4,3,0,3,0.5,0.75,3,3,0,1729
3,2,0,0,0,0.8571,0.6,1.0,0.6,1.0,5,3,0,3,0.5,0.6,3,3,0,1730
1,2,0,0,0,1.0,0.5,1.0,0.5,1.0,6,3,0,3,0.5,0.5,3,3,0,1731
2,0,0,0,0,0.1667,0.0,0.0,0.0,0.0,0,0,0,0,0.0,0.0,1,2,0,1732
3,1,0,0,0,0.3333,0.0,0.0,0.0,0.0,1,0,0,0,0.0,0.0,1,2,0,1733
1,2,0,1,0,0.5,0.0,0.0,0.0,0.0,2,0,0,0,0.0,0.0,1,2,0,1734
3,7,1,0,0,0.6667,0.3333333333333333,1.0,0.0,0.0,3,1,0,1,0.0,0.3333333333333333,1,2,0,1735
2,6,1,0,0,0.8333,0.25,1.0,0.0,0.0,4,1,0,1,0.0,0.25,1,2,0,1736
3,0,0,0,0,1.0,0.2,1.0,0.0,0.0,5,1,0,1,0.0,0.2,1,2,0,1737
3,6,1,0,0,0.2,0.0,0.0,0.0,0.0,0,0,0,0,0.0,0.0,3,3,0,1738
2,6,1,1,0,0.4,0.0,0.0,0.0,0.0,1,0,0,0,0.0,0.0,3,3,0,1739
2,0,0,0,0,0.6,0.5,1.0,0.0,0.0,2,1,0,1,0.0,0.5,3,3,0,1740
2,0,0,1,0,0.8,0.3333333333333333,1.0,0.0,0.0,3,1,0,1,0.0,0.3333333333333333,3,3,0,1741
1,1,0,1,0,1.0,0.5,1.0,0.0,0.0,4,2,0,2,0.0,0.5,3,3,0,1742
2,2,0,0,1,0.2,0.0,0.0,0.0,0.0,0,0,0,0,0.0,0.0,2,2,0,1743
3,2,0,0,1,0.4,0.0,0.0,1.0,1.0,1,0,0,0,0.5,0.0,2,2,0,1744
3,0,0,0,0,0.6,0.0,0.0,1.0,1.0,2,0,0,0,0.5,0.0,2,2,0,1745
3,2,0,0,0,0.8,0.0,0.0,0.6666666666666666,1.0,3,0,0,0,0.5,0.0,2,2,0,1746
1,1,0,0,0,1.0,0.0,0.0,0.5,1.0,4,0,0,0,0.5,0.0,2,2,0,1747
3,2,0,0,1,0.1667,0.0,0.0,0.0,0.0,0,0,0,0,0.0,0.0,0,3,0,1748
3,2,0,0,0,0.3333,0.0,0.0,1.0,1.0,1,0,0,0,0.5,0.0,0,3,0,1749
2,0,0,0,0,0.5,0.0,0.0,0.5,1.0,2,0,0,0,0.5,0.0,0,3,0,1750
2,6,1,0,1,0.6667,0.0,0.0,0.3333333333333333,1.0,3,0,0,0,0.5,0.0,0,3,0,1751
1,6,1,1,0,0.8333,0.0,0.0,0.5,1.0,4,0,0,0,0.5,0.0,0,3,0,1752
1,0,0,0,1,1.0,0.2,1.0,0.4,1.0,5,1,0,1,0.5,0.2,0,3,0,1753
1,1,0,0,0,0.125,0.0,0.0,0.0,0.0,0,0,0,0,0.0,0.0,1,2,0,1754
3,1,0,0,1,0.25,0.0,0.0,0.0,0.0,1,0,0,0,0.0,0.0,1,2,0,1755
2,7,1,0,0,0.375,0.0,0.0,0.5,1.0,2,0,0,0,0.5,0.0,1,2,0,1756
1,6,1,0,0,0.5,0.0,0.0,0.3333333333333333,1.0,3,0,0,0,0.5,0.0,1,2,0,1757
3,0,0,1,0,0.625,0.0,0.0,0.25,1.0,4,0,0,0,0.5,0.0,1,2,0,1758
2,6,1,0,1,0.75,0.2,1.0,0.2,1.0,5,1,0,1,0.5,0.2,1,2,0,1759
2,0,0,0,0,0.875,0.16666666666666666,1.0,0.3333333333333333,1.0,6,1,0,1,0.5,0.16666666666666666,1,2,0,1760
1,1,0,0,0,1.0,0.14285714285714285,1.0,0.2857142857142857,1.0,7,1,0,1,0.5,0.14285714285714285,1,2,0,1761
1,2,0,0,0,0.25,0.0,0.0,0.0,0.0,0,0,0,0,0.0,0.0,2,3,0,1762
2,6,1,0,0,0.5,0.0,0.0,0.0,0.0,1,0,0,0,0.0,0.0,2,3,0,1763
1,1,0,0,1,0.75,0.0,0.0,0.0,0.0,2,0,0,0,0.0,0.0,2,3,0,1764
1,1,0,0,0,1.0,0.0,0.0,0.3333333333333333,1.0,3,0,0,0,0.5,0.0,2,3,0,1765
2,1,0,1,0,0.1111,0.0,0.0,0.0,0.0,0,0,0,0,0.0,0.0,3,3,0,1766
1,6,1,1,0,0.2222,1.0,1.0,0.0,0.0,1,1,0,1,0.0,1.0,3,3,0,1767
1,7,1,0,1,0.3333,1.0,1.0,0.0,0.0,2,2,0,2,0.0,1.0,3,3,0,1768
1,6,1,0,1,0.4444,0.6666666666666666,1.0,0.3333333333333333,1.0,3,2,0,2,0.5,0.6666666666666666,3,3,0,1769
2,6,1,0,0,0.5556,0.5,1.0,0.5,1.0,4,2,0,2,0.5,0.5,3,3,0,1770
1,2,0,0,0,0.6667,0.4,1.0,0.4,1.0,5,2,0,2,0.5,0.4,3,3,0,1771
3,7,1,0,1,0.7778,0.3333333333333333,1.0,0.3333333333333333,1.0,6,2,0,2,0.5,0.3333333333333333,3,3,0,1772
2,1,0,0,0,0.8889,0.2857142857142857,1.0,0.42857142857142855,1.0,7,2,0,2,0.5,0.2857142857142857,3,3,0,1773
1,0,0,0,0,1.0,0.25,1.0,0.375,1.0,8,2,0,2,0.5,0.25,3,3,0,1774
2,1,0,0,0,0.2,0.0,0.0,0.0,0.0,0,0,0,0,0.0,0.0,1,4,0,1775
2,7,1,0,1,0.4,0.0,0.0,0.0,0.0,1,0,0,0,0.0,0.0,1,4,0,1776
2,0,0,0,0,0.6,0.0,0.0,0.5,1.0,2,0,0,0,0.5,0.0,1,4,0,1777
2,2,0,0,0,0.8,0.0,0.0,0.3333333333333333,1.0,3,0,0,0,0.5,0.0,1,4,0,1778
2,2,0,0,1,1.0,0.0,0.0,0.25,1.0,4,0,0,0,0.5,0.0,1,4,0,1779
2,0,0,0,1,0.1111,0.0,0.0,0.0,0.0,0,0,0,0,0.0,0.0,3,4,0,1780
3,2,0,0,0,0.2222,0.0,0.0,1.0,1.0,1,0,0,0,0.5,0.0,3,4,0,1781
1,2,0,0,1,0.3333,0.0,0.0,0.5,1.0,2,0,0,0,0.5,0.0,3,4,0,1782
1,7,1,0,1,0.4444,0.0,0.0,0.6666666666666666,1.0,3,0,0,0,0.5,0.0,3,4,0,1783
3,2,0,1,0,0.5556,0.0,0.0,0.75,1.0,4,0,0,0,0.5,0.0,3,4,0,1784
2,6,1,1,0,0.6667,0.2,1.0,0.6,1.0,5,1,0,1,0.5,0.2,3,4,0,1785
2,6,1,0,0,0.7778,0.3333333333333333,1.0,0.5,1.0,6,2,0,2,0.5,0.3333333333333333,3,4,0,1786
1,7,1,0,1,0.8889,0.2857142857142857,1.0,0.42857142857142855,1.0,7,2,0,2,0.5,0.2857142857142857,3,4,0,1787
3,7,1,0,0,1.0,0.25,1.0,0.5,1.0,8,2,0,2,0.5,0.25,3,4,0,1788
2,0,0,0,0,0.1667,0.0,0.0,0.0,0.0,0,0,0,0,0.0,0.0,3,3,0,1789
1,2,0,0,1,0.3333,0.0,0.0,0.0,0.0,1,0,0,0,0.0,0.0,3,3,0,1790
3,1,0,1,0,0.5,0.0,0.0,0.5,1.0,2,0,0,0,0.5,0.0,3,3,0,1791
2,1,0,1,1,0.6667,0.3333333333333333,1.0,0.3333333333333333,1.0,3,1,0,1,0.5,0.3333333333333333,3,3,0,1792
3,1,0,1,0,0.8333,0.5,1.0,0.5,1.0,4,2,0,2,0.5,0.5,3,3,0,1793
3,0,0,0,1,1.0,0.6,1.0,0.4,1.0,5,3,0,3,0.5,0.6,3,3,0,1794
2,0,0,0,0,0.125,0.0,0.0,0.0,0.0,0,0,0,0,0.0,0.0,2,4,0,1795
3,6,1,0,0,0.25,0.0,0.0,0.0,0.0,1,0,0,0,0.0,0.0,2,4,0,1796
1,6,1,0,0,0.375,0.0,0.0,0.0,0.0,2,0,0,0,0.0,0.0,2,4,0,1797
1,2,0,0,1,0.5,0.0,0.0,0.0,0.0,3,0,0,0,0.0,0.0,2,4,0,1798
1,7,1,1,1,0.625,0.0,0.0,0.25,1.0,4,0,0,0,0.5,0.0,2,4,0,1799
2,2,0,1,0,0.75,0.2,1.0,0.4,1.0,5,1,0,1,0.5,0.2,2,4,0,1800
2,0,0,0,0,0.875,0.3333333333333333,1.0,0.3333333333333333,1.0,6,2,0,2,0.5,0.3333333333333333,2,4,0,1801
1,7,1,0,1,1.0,0.2857142857142857,1.0,0.2857142857142857,1.0,7,2,0,2,0.5,0.2857142857142857,2,4,0,1802
3,1,0,1,0,0.1429,0.0,0.0,0.0,0.0,0,0,0,0,0.0,0.0,3,2,0,1803
3,1,0,0,0,0.2857,1.0,1.0,0.0,0.0,1,1,0,1,0.0,1.0,3,2,0,1804
1,7,1,0,1,0.4286,0.5,1.0,0.0,0.0,2,1,0,1,0.0,0.5,3,2,0,1805
3,7,1,0,0,0.5714,0.3333333333333333,1.0,0.3333333333333333,1.0,3,1,0,1,0.5,0.3333333333333333,3,2,0,1806
2,2,0,1,0,0.7143,0.25,1.0,0.25,1.0,4,1,0,1,0.5,0.25,3,2,0,1807
3,0,0,1,0,0.8571,0.4,1.0,0.2,1.0,5,2,0,2,0.5,0.4,3,2,0,1808
3,7,1,0,1,1.0,0.5,1.0,0.16666666666666666,1.0,6,3,0,3,0.5,0.5,3,2,0,1809
1,6,1,0,0,0.125,0.0,0.0,0.0,0.0,0,0,0,0,0.0,0.0,3,3,0,1810
2,7,1,0,0,0.25,0.0,0.0,0.0,0.0,1,0,0,0,0.0,0.0,3,3,0,1811
3,6,1,0,1,0.375,0.0,0.0,0.0,0.0,2,0,0,0,0.0,0.0,3,3,0,1812
2,7,1,1,1,0.5,0.0,0.0,0.3333333333333333,1.0,3,0,0,0,0.5,0.0,3,3,0,1813
2,6,1,0,1,0.625,0.25,1.0,0.5,1.0,4,1,0,1,0.5,0.25,3,3,0,1814
2,7,1,0,0,0.75,0.2,1.0,0.6,1.0,5,1,0,1,0.5,0.2,3,3,0,1815
3,7,1,0,1,0.875,0.16666666666666666,1.0,0.5,1.0,6,1,0,1,0.5,0.16666666666666666,3,3,0,1816
1,6,1,0,0,1.0,0.14285714285714285,1.0,0.5714285714285714,1.0,7,1,0,1,0.5,0.14285714285714285,3,3,0,1817
1,0,0,0,1,0.125,0.0,0.0,0.0,0.0,0,0,0,0,0.0,0.0,3,2,0,1818
2,0,0,0,0,0.25,0.0,0.0,1.0,1.0,1,0,0,0,0.5,0.0,3,2,0,1819
2,6,1,0,0,0.375,0.0,0.0,0.5,1.0,2,0,0,0,0.5,0.0,3,2,0,1820
1,1,0,0,0,0.5,0.0,0.0,0.3333333333333333,1.0,3,0,0,0,0.5,0.0,3,2,0,1821
2,0,0,0,0,0.625,0.0,0.0,0.25,1.0,4,0,0,0,0.5,0.0,3,2,0,1822
3,7,1,0,0,0.75,0.0,0.0,0.2,1.0,5,0,0,0,0.5,0.0,3,2,0,1823
2,2,0,1,0,0.875,0.0,0.0,0.16666666666666666,1.0,6,0,0,0,0.5,0.0,3,2,0,1824
2,0,0,0,0,1.0,0.14285714285714285,1.0,0.14285714285714285,1.0,7,1,0,1,0.5,0.14285714285714285,3,2,0,1825
2,7,1,1,1,0.1667,0.0,0.0,0.0,0.0,0,0,0,0,0.0,0.0,0,3,0,1826
3,7,1,0,0,0.3333,1.0,1.0,1.0,1.0,1,1,0,1,0.5,1.0,0,3,0,1827
1,6,1,1,1,0.5,0.5,1.0,0.5,1.0,2,1,0,1,0.5,0.5,0,3,0,1828
3,2,0,1,1,0.6667,0.6666666666666666,1.0,0.6666666666666666,1.0,3,2,0,2,0.5,0.6666666666666666,0,3,0,1829
2,1,0,0,0,0.8333,0.75,1.0,0.75,1.0,4,3,0,3,0.5,0.75,0,3,0,1830
3,1,0,0,0,1.0,0.6,1.0,0.6,1.0,5,3,0,3,0.5,0.6,0,3,0,1831
3,1,0,0,0,0.25,0.0,0.0,0.0,0.0,0,0,0,0,0.0,0.0,2,3,0,1832
1,1,0,0,0,0.5,0.0,0.0,0.0,0.0,1,0,0,0,0.0,0.0,2,3,0,1833
3,1,0,0,1,0.75,0.0,0.0,0.0,0.0,2,0,0,0,0.0,0.0,2,3,0,1834
1,1,0,1,1,1.0,0.0,0.0,0.3333333333333333,1.0,3,0,0,0,0.5,0.0,2,3,0,1835
3,6,1,1,0,0.1,0.0,0.0,0.0,0.0,0,0,0,0,0.0,0.0,0,2,0,1836
2,0,0,0,1,0.2,1.0,1.0,0.0,0.0,1,1,0,1,0.0,1.0,0,2,0,1837
3,6,1,0,1,0.3,0.5,1.0,0.5,1.0,2,1,0,1,0.5,0.5,0,2,0,1838
2,1,0,0,0,0.4,0.3333333333333333,1.0,0.6666666666666666,1.0,3,1,0,1,0.5,0.3333333333333333,0,2,0,1839
3,7,1,0,0,0.5,0.25,1.0,0.5,1.0,4,1,0,1,0.5,0.25,0,2,0,1840
2,7,1,0,1,0.6,0.2,1.0,0.4,1.0,5,1,0,1,0.5,0.2,0,2,0,1841
3,7,1,0,0,0.7,0.16666666666666666,1.0,0.5,1.0,6,1,0,1,0.5,0.16666666666666666,0,2,0,1842
2,2,0,0,0,0.8,0.14285714285714285,1.0,0.42857142857142855,1.0,7,1,0,1,0.5,0.14285714285714285,0,2,0,1843
1,7,1,0,1,0.9,0.125,1.0,0.375,1.0,8,1,0,1,0.5,0.125,0,2,0,1844
1,2,0,0,1,1.0,0.1111111111111111,1.0,0.4444444444444444,1.0,9,1,0,1,0.5,0.1111111111111111,0,2,0,1845
2,2,0,1,0,0.125,0.0,0.0,0.0,0.0,0,0,0,0,0.0,0.0,2,3,0,1846
1,2,0,0,1,0.25,1.0,1.0,0.0,0.0,1,1,0,1,0.0,1.0,2,3,0,1847
3,6,1,1,1,0.375,0.5,1.0,0.5,1.0,2,1,0,1,0.5,0.5,2,3,0,1848
3,0,0,0,0,0.5,0.6666666666666666,1.0,0.6666666666666666,1.0,3,2,0,2,0.5,0.6666666666666666,2,3,0,1849
3,7,1,0,0,0.625,0.5,1.0,0.5,1.0,4,2,0,2,0.5,0.5,2,3,0,1850
3,2,0,0,0,0.75,0.4,1.0,0.4,1.0,5,2,0,2,0.5,0.4,2,3,0,1851
2,0,0,1,0,0.875,0.3333333333333333,1.0,0.3333333333333333,1.0,6,2,0,2,0.5,0.3333333333333333,2,3,0,1852
1,1,0,0,0,1.0,0.42857142857142855,1.0,0.2857142857142857,1.0,7,3,0,3,0.5,0.42857142857142855,2,3,0,1853
3,2,0,1,0,0.25,0.0,0.0,0.0,0.0,0,0,0,0,0.0,0.0,0,3,0,1854
2,6,1,0,0,0.5,1.0,1.0,0.0,0.0,1,1,0,1,0.0,1.0,0,3,0,1855
2,0,0,0,0,0.75,0.5,1.0,0.0,0.0,2,1,0,1,0.0,0.5,0,3,0,1856
1,2,0,0,0,1.0,0.3333333333333333,1.0,0.0,0.0,3,1,0,1,0.0,0.3333333333333333,0,3,0,1857
3,6,1,0,0,0.1,0.0,0.0,0.0,0.0,0,0,0,0,0.0,0.0,3,3,0,1858
2,0,0,0,0,0.2,0.0,0.0,0.0,0.0,1,0,0,0,0.0,0.0,3,3,0,1859
2,6,1,0,1,0.3,0.0,0.0,0.0,0.0,2,0,0,0,0.0,0.0,3,3,0,1860
2,0,0,0,0,0.4,0.0,0.0,0.3333333333333333,1.0,3,0,0,0,0.5,0.0,3,3,0,1861
2,0,0,0,0,0.5,0.0,0.0,0.25,1.0,4,0,0,0,0.5,0.0,3,3,0,1862
3,2,0,1,0,0.6,0.0,0.0,0.2,1.0,5,0,0,0,0.5,0.0,3,3,0,1863
1,0,0,0,0,0.7,0.16666666666666666,1.0,0.16666666666666666,1.0,6,1,0,1,0.5,0.16666666666666666,3,3,0,1864
2,7,1,0,0,0.8,0.14285714285714285,1.0,0.14285714285714285,1.0,7,1,0,1,0.5,0.14285714285714285,3,3,0,1865
3,6,1,0,0,0.9,0.125,1.0,0.125,1.0,8,1,0,1,0.5,0.125,3,3,0,1866
1,6,1,0,0,1.0,0.1111111111111111,1.0,0.1111111111111111,1.0,9,1,0,1,0.5,0.1111111111111111,3,3,0,1867
1,0,0,0,1,0.1667,0.0,0.0,0.0,0.0,0,0,0,0,0.0,0.0,0,2,0,1868
3,1,0,1,0,0.3333,0.0,0.0,1.0,1.0,1,0,0,0,0.5,0.0,0,2,0,1869
1,2,0,0,0,0.5,0.5,1.0,0.5,1.0,2,1,0,1,0.5,0.5,0,2,0,1870
3,2,0,0,0,0.6667,0.3333333333333333,1.0,0.3333333333333333,1.0,3,1,0,1,0.5,0.3333333333333333,0,2,0,1871
2,2,0,0,1,0.8333,0.25,1.0,0.25,1.0,4,1,0,1,0.5,0.25,0,2,0,1872
1,7,1,0,0,1.0,0.2,1.0,0.4,1.0,5,1,0,1,0.5,0.2,0,2,0,1873
3,6,1,0,0,0.1,0.0,0.0,0.0,0.0,0,0,0,0,0.0,0.0,2,2,0,1874
1,2,0,0,0,0.2,0.0,0.0,0.0,0.0,1,0,0,0,0.0,0.0,2,2,0,1875
2,0,0,0,1,0.3,0.0,0.0,0.0,0.0,2,0,0,0,0.0,0.0,2,2,0,1876
2,2,0,0,1,0.4,0.0,0.0,0.3333333333333333,1.0,3,0,0,0,0.5,0.0,2,2,0,1877
3,0,0,0,1,0.5,0.0,0.0,0.5,1.0,4,0,0,0,0.5,0.0,2,2,0,1878
3,1,0,0,0,0.6,0.0,0.0,0.6,1.0,5,0,0,0,0.5,0.0,2,2,0,1879
1,0,0,0,0,0.7,0.0,0.0,0.5,1.0,6,0,0,0,0.5,0.0,2,2,0,1880
3,1,0,0,0,0.8,0.0,0.0,0.42857142857142855,1.0,7,0,0,0,0.5,0.0,2,2,0,1881
1,6,1,0,0,0.9,0.0,0.0,0.375,1.0,8,0,0,0,0.5,0.0,2,2,0,1882
3,0,0,0,0,1.0,0.0,0.0,0.3333333333333333,1.0,9,0,0,0,0.5,0.0,2,2,0,1883
1,7,1,0,0,0.1667,0.0,0.0,0.0,0.0,0,0,0,0,0.0,0.0,1,3,0,1884
2,0,0,1,1,0.3333,0.0,0.0,0.0,0.0,1,0,0,0,0.0,0.0,1,3,0,1885
2,6,1,0,0,0.5,0.5,1.0,0.5,1.0,2,1,0,1,0.5,0.5,1,3,0,1886
3,7,1,1,0,0.6667,0.3333333333333333,1.0,0.3333333333333333,1.0,3,1,0,1,0.5,0.3333333333333333,1,3,0,1887
1,6,1,0,0,0.8333,0.5,1.0,0.25,1.0,4,2,0,2,0.5,0.5,1,3,0,1888
1,6,1,0,0,1.0,0.4,1.0,0.2,1.0,5,2,0,2,0.5,0.4,1,3,0,1889
1,7,1,0,0,0.2,0.0,0.0,0.0,0.0,0,0,0,0,0.0,0.0,0,4,0,1890
3,0,0,0,1,0.4,0.0,0.0,0.0,0.0,1,0,0,0,0.0,0.0,0,4,0,1891
1,6,1,0,0,0.6,0.0,0.0,0.5,1.0,2,0,0,0,0.5,0.0,0,4,0,1892
3,7,1,1,1,0.8,0.0,0.0,0.3333333333333333,1.0,3,0,0,0,0.5,0.0,0,4,0,1893
2,1,0,0,0,1.0,0.25,1.0,0.5,1.0,4,1,0,1,0.5,0.25,0,4,0,1894
1,2,0,1,0,0.1429,0.0,0.0,0.0,0.0,0,0,0,0,0.0,0.0,1,3,0,1895
1,2,0,0,0,0.2857,1.0,1.0,0.0,0.0,1,1,0,1,0.0,1.0,1,3,0,1896
1,2,0,0,1,0.4286,0.5,1.0,0.0,0.0,2,1,0,1,0.0,0.5,1,3,0,1897
1,1,0,0,0,0.5714,0.3333333333333333,1.0,0.3333333333333333,1.0,3,1,0,1,0.5,0.3333333333333333,1,3,0,1898
1,6,1,0,0,0.7143,0.25,1.0,0.25,1.0,4,1,0,1,0.5,0.25,1,3,0,1899
2,1,0,0,0,0.8571,0.2,1.0,0.2,1.0,5,1,0,1,0.5,0.2,1,3,0,1900
3,7,1,0,0,1.0,0.16666666666666666,1.0,0.16666666666666666,1.0,6,1,0,1,0.5,0.16666666666666666,1,3,0,1901
3,6,1,1,1,0.25,0.0,0.0,0.0,0.0,0,0,0,0,0.0,0.0,2,3,0,1902
2,2,0,0,0,0.5,1.0,1.0,1.0,1.0,1,1,0,1,0.5,1.0,2,3,0,1903
2,6,1,0,0,0.75,0.5,1.0,0.5,1.0,2,1,0,1,0.5,0.5,2,3,0,1904
1,0,0,0,0,1.0,0.3333333333333333,1.0,0.3333333333333333,1.0,3,1,0,1,0.5,0.3333333333333333,2,3,0,1905
1,1,0,1,0,0.125,0.0,0.0,0.0,0.0,0,0,0,0,0.0,0.0,3,3,0,1906
3,2,0,1,1,0.25,1.0,1.0,0.0,0.0,1,1,0,1,0.0,1.0,3,3,0,1907
3,7,1,0,0,0.375,1.0,1.0,0.5,1.0,2,2,0,2,0.5,1.0,3,3,0,1908
2,7,1,0,0,0.5,0.6666666666666666,1.0,0.3333333333333333,1.0,3,2,0,2,0.5,0.6666666666666666,3,3,0,1909
3,2,0,0,0,0.625,0.5,1.0,0.25,1.0,4,2,0,2,0.5,0.5,3,3,0,1910
1,1,0,1,0,0.75,0.4,1.0,0.2,1.0,5,2,0,2,0.5,0.4,3,3,0,1911
2,6,1,0,1,0.875,0.5,1.0,0.16666666666666666,1.0,6,3,0,3,0.5,0.5,3,3,0,1912
2,6,1,1,1,1.0,0.42857142857142855,1.0,0.2857142857142857,1.0,7,3,0,3,0.5,0.42857142857142855,3,3,0,1913
1,7,1,0,1,0.1111,0.0,0.0,0.0,0.0,0,0,0,0,0.0,0.0,0,4,0,1914
1,7,1,0,0,0.2222,0.0,0.0,1.0,1.0,1,0,0,0,0.5,0.0,0,4,0,1915
3,0,0,0,0,0.3333,0.0,0.0,0.5,1.0,2,0,0,0,0.5,0.0,0,4,0,1916
3,7,1,0,0,0.4444,0.0,0.0,0.3333333333333333,1.0,3,0,0,0,0.5,0.0,0,4,0,1917
1,6,1,0,0,0.5556,0.0,0.0,0.25,1.0,4,0,0,0,0.5,0.0,0,4,0,1918
1,2,0,0,0,0.6667,0.0,0.0,0.2,1.0,5,0,0,0,0.5,0.0,0,4,0,1919
3,2,0,0,1,0.7778,0.0,0.0,0.16666666666666666,1.0,6,0,0,0,0.5,0.0,0,4,0,1920
2,2,0,1,0,0.8889,0.0,0.0,0.2857142857142857,1.0,7,0,0,0,0.5,0.0,0,4,0,1921
3,1,0,0,0,1.0,0.125,1.0,0.25,1.0,8,1,0,1,0.5,0.125,0,4,0,1922
3,2,0,0,1,0.25,0.0,0.0,0.0,0.0,0,0,0,0,0.0,0.0,0,4,0,1923
1,7,1,0,1,0.5,0.0,0.0,1.0,1.0,1,0,0,0,0.5,0.0,0,4,0,1924
3,1,0,0,1,0.75,0.0,0.0,1.0,1.0,2,0,0,0,0.5,0.0,0,4,0,1925
3,1,0,0,0,1.0,0.0,0.0,1.0,1.0,3,0,0,0,0.5,0.0,0,4,0,1926
2,1,0,0,1,0.1,0.0,0.0,0.0,0.0,0,0,0,0,0.0,0.0,0,3,0,1927
1,0,0,0,0,0.2,0.0,0.0,1.0,1.0,1,0,0,0,0.5,0.0,0,3,0,1928
3,7,1,0,1,0.3,0.0,0.0,0.5,1.0,2,0,0,0,0.5,0.0,0,3,0,1929
3,6,1,0,1,0.4,0.0,0.0,0.6666666666666666,1.0,3,0,0,0,0.5,0.0,0,3,0,1930
2,1,0,0,0,0.5,0.0,0.0,0.75,1.0,4,0,0,0,0.5,0.0,0,3,0,1931
1,1,0,0,0,0.6,0.0,0.0,0.6,1.0,5,0,0,0,0.5,0.0,0,3,0,1932
2,7,1,1,0,0.7,0.0,0.0,0.5,1.0,6,0,0,0,0.5,0.0,0,3,0,1933
1,2,0,0,0,0.8,0.14285714285714285,1.0,0.42857142857142855,1.0,7,1,0,1,0.5,0.14285714285714285,0,3,0,1934
3,7,1,0,0,0.9,0.125,1.0,0.375,1.0,8,1,0,1,0.5,0.125,0,3,0,1935
2,1,0,0,0,1.0,0.1111111111111111,1.0,0.3333333333333333,1.0,9,1,0,1,0.5,0.1111111111111111,0,3,0,1936
3,0,0,0,1,0.1111,0.0,0.0,0.0,0.0,0,0,0,0,0.0,0.0,0,4,0,1937
2,1,0,0,0,0.2222,0.0,0.0,1.0,1.0,1,0,0,0,0.5,0.0,0,4,0,1938
1,2,0,0,0,0.3333,0.0,0.0,0.5,1.0,2,0,0,0,0.5,0.0,0,4,0,1939
2,2,0,1,0,0.4444,0.0,0.0,0.3333333333333333,1.0,3,0,0,0,0.5,0.0,0,4,0,1940
1,2,0,1,0,0.5556,0.25,1.0,0.25,1.0,4,1,0,1,0.5,0.25,0,4,0,1941
3,2,0,0,0,0.6667,0.4,1.0,0.2,1.0,5,2,0,2,0.5,0.4,0,4,0,1942
3,2,0,0,0,0.7778,0.3333333333333333,1.0,0.16666666666666666,1.0,6,2,0,2,0.5,0.3333333333333333,0,4,0,1943
2,6,1,1,0,0.8889,0.2857142857142857,1.0,0.14285714285714285,1.0,7,2,0,2,0.5,0.2857142857142857,0,4,0,1944
1,7,1,0,0,1.0,0.375,1.0,0.125,1.0,8,3,0,3,0.5,0.375,0,4,0,1945
3,1,0,0,1,0.125,0.0,0.0,0.0,0.0,0,0,0,0,0.0,0.0,0,2,0,1946
1,6,1,0,1,0.25,0.0,0.0,1.0,1.0,1,0,0,0,0.5,0.0,0,2,0,1947
3,0,0,0,1,0.375,0.0,0.0,1.0,1.0,2,0,0,0,0.5,0.0,0,2,0,1948
3,2,0,1,0,0.5,0.0,0.0,1.0,1.0,3,0,0,0,0.5,0.0,0,2,0,1949
3,6,1,1,0,0.625,0.25,1.0,0.75,1.0,4,1,0,1,0.5,0.25,0,2,0,1950
1,2,0,0,0,0.75,0.4,1.0,0.6,1.0,5,2,0,2,0.5,0.4,0,2,0,1951
2,6,1,0,1,0.875,0.3333333333333333,1.0,0.5,1.0,6,2,0,2,0.5,0.3333333333333333,0,2,0,1952
2,1,0,0,0,1.0,0.2857142857142857,1.0,0.5714285714285714,1.0,7,2,0,2,0.5,0.2857142857142857,0,2,0,1953
2,0,0,1,1,0.1429,0.0,0.0,0.0,0.0,0,0,0,0,0.0,0.0,2,4,0,1954
1,1,0,0,0,0.2857,1.0,1.0,1.0,1.0,1,1,0,1,0.5,1.0,2,4,0,1955
2,1,0,0,0,0.4286,0.5,1.0,0.5,1.0,2,1,0,1,0.5,0.5,2,4,0,1956
2,0,0,1,0,0.5714,0.3333333333333333,1.0,0.3333333333333333,1.0,3,1,0,1,0.5,0.3333333333333333,2,4,0,1957
3,6,1,0,0,0.7143,0.5,1.0,0.25,1.0,4,2,0,2,0.5,0.5,2,4,0,1958
2,7,1,0,0,0.8571,0.4,1.0,0.2,1.0,5,2,0,2,0.5,0.4,2,4,0,1959
2,1,0,0,0,1.0,0.3333333333333333,1.0,0.16666666666666666,1.0,6,2,0,2,0.5,0.3333333333333333,2,4,0,1960
2,1,0,0,0,0.1,0.0,0.0,0.0,0.0,0,0,0,0,0.0,0.0,0,4,0,1961
3,2,0,0,1,0.2,0.0,0.0,0.0,0.0,1,0,0,0,0.0,0.0,0,4,0,1962
3,6,1,1,0,0.3,0.0,0.0,0.5,1.0,2,0,0,0,0.5,0.0,0,4,0,1963
2,7,1,1,0,0.4,0.3333333333333333,1.0,0.3333333333333333,1.0,3,1,0,1,0.5,0.3333333333333333,0,4,0,1964
1,1,0,0,0,0.5,0.5,1.0,0.25,1.0,4,2,0,2,0.5,0.5,0,4,0,1965
3,1,0,0,0,0.6,0.4,1.0,0.2,1.0,5,2,0,2,0.5,0.4,0,4,0,1966
2,2,0,0,0,0.7,0.3333333333333333,1.0,0.16666666666666666,1.0,6,2,0,2,0.5,0.3333333333333333,0,4,0,1967
2,1,0,0,0,0.8,0.2857142857142857,1.0,0.14285714285714285,1.0,7,2,0,2,0.5,0.2857142857142857,0,4,0,1968
2,6,1,0,0,0.9,0.25,1.0,0.125,1.0,8,2,0,2,0.5,0.25,0,4,0,1969
1,2,0,0,0,1.0,0.2222222222222222,1.0,0.1111111111111111,1.0,9,2,0,2,0.5,0.2222222222222222,0,4,0,1970
3,2,0,1,0,0.1111,0.0,0.0,0.0,0.0,0,0,0,0,0.0,0.0,0,3,0,1971
1,0,0,0,0,0.2222,1.0,1.0,0.0,0.0,1,1,0,1,0.0,1.0,0,3,0,1972
3,6,1,0,0,0.3333,0.5,1.0,0.0,0.0,2,1,0,1,0.0,0.5,0,3,0,1973
1,6,1,0,0,0.4444,0.3333333333333333,1.0,0.0,0.0,3,1,0,1,0.0,0.3333333333333333,0,3,0,1974
1,6,1,0,0,0.5556,0.25,1.0,0.0,0.0,4,1,0,1,0.0,0.25,0,3,0,1975
2,2,0,0,0,0.6667,0.2,1.0,0.0,0.0,5,1,0,1,0.0,0.2,0,3,0,1976
3,0,0,0,1,0.7778,0.16666666666666666,1.0,0.0,0.0,6,1,0,1,0.0,0.16666666666666666,0,3,0,1977
2,0,0,0,0,0.8889,0.14285714285714285,1.0,0.14285714285714285,1.0,7,1,0,1,0.5,0.14285714285714285,0,3,0,1978
3,0,0,0,0,1.0,0.125,1.0,0.125,1.0,8,1,0,1,0.5,0.125,0,3,0,1979
1,1,0,0,0,0.125,0.0,0.0,0.0,0.0,0,0,0,0,0.0,0.0,2,3,0,1980
1,6,1,0,1,0.25,0.0,0.0,0.0,0.0,1,0,0,0,0.0,0.0,2,3,0,1981
3,0,0,0,0,0.375,0.0,0.0,0.5,1.0,2,0,0,0,0.5,0.0,2,3,0,1982
1,0,0,0,0,0.5,0.0,0.0,0.3333333333333333,1.0,3,0,0,0,0.5,0.0,2,3,0,1983
3,6,1,1,0,0.625,0.0,0.0,0.25,1.0,4,0,0,0,0.5,0.0,2,3,0,1984
2,7,1,0,1,0.75,0.2,1.0,0.2,1.0,5,1,0,1,0.5,0.2,2,3,0,1985
2,6,1,0,0,0.875,0.16666666666666666,1.0,0.3333333333333333,1.0,6,1,0,1,0.5,0.16666666666666666,2,3,0,1986
3,6,1,1,0,1.0,0.14285714285714285,1.0,0.2857142857142857,1.0,7,1,0,1,0.5,0.14285714285714285,2,3,0,1987
1,7,1,0,0,0.25,0.0,0.0,0.0,0.0,0,0,0,0,0.0,0.0,2,4,0,1988
2,7,1,0,0,0.5,0.0,0.0,0.0,0.0,1,0,0,0,0.0,0.0,2,4,0,1989
2,2,0,0,1,0.75,0.0,0.0,0.0,0.0,2,0,0,0,0.0,0.0,2,4,0,1990
3,1,0,1,0,1.0,0.0,0.0,0.3333333333333333,1.0,3,0,0,0,0.5,0.0,2,4,0,1991
2,1,0,0,0,0.125,0.0,0.0,0.0,0.0,0,0,0,0,0.0,0.0,0,4,0,1992
3,6,1,0,0,0.25,0.0,0.0,0.0,0.0,1,0,0,0,0.0,0.0,0,4,0,1993
2,7,1,0,0,0.375,0.0,0.0,0.0,0.0,2,0,0,0,0.0,0.0,0,4,0,1994
3,6,1,0,0,0.5,0.0,0.0,0.0,0.0,3,0,0,0,0.0,0.0,0,4,0,1995
1,6,1,0,0,0.625,0.0,0.0,0.0,0.0,4,0,0,0,0.0,0.0,0,4,0,1996
2,2,0,0,0,0.75,0.0,0.0,0.0,0.0,5,0,0,0,0.0,0.0,0,4,0,1997
1,2,0,0,1,0.875,0.0,0.0,0.0,0.0,6,0,0,0,0.0,0.0,0,4,0,1998
3,6,1,0,0,1.0,0.0,0.0,0.14285714285714285,1.0,7,0,0,0,0.5,0.0,0,4,0,1999
1,2,0,0,1,0.25,0.0,0.0,0.0,0.0,0,0,0,0,0.0,0.0,0,2,0,2000
2,1,0,1,0,0.5,0.0,0.0,1.0,1.0,1,0,0,0,0.5,0.0,0,2,0,2001
2,7,1,0,0,0.75,0.5,1.0,0.5,1.0,2,1,0,1,0.5,0.5,0,2,0,2002
3,7,1,1,0,1.0,0.3333333333333333,1.0,0.3333333333333333,1.0,3,1,0,1,0.5,0.3333333333333333,0,2,0,2003
1,7,1,0,0,0.1,0.0,0.0,0.0,0.0,0,0,0,0,0.0,0.0,2,4,0,2004
2,0,0,0,0,0.2,0.0,0.0,0.0,0.0,1,0,0,0,0.0,0.0,2,4,0,2005
1,0,0,1,0,0.3,0.0,0.0,0.0,0.0,2,0,0,0,0.0,0.0,2,4,0,2006
3,0,0,0,1,0.4,0.3333333333333333,1.0,0.0,0.0,3,1,0,1,0.0,0.3333333333333333,2,4,0,2007
1,6,1,0,0,0.5,0.25,1.0,0.25,1.0,4,1,0,1,0.5,0.25,2,4,0,2008
3,1,0,0,0,0.6,0.2,1.0,0.2,1.0,5,1,0,1,0.5,0.2,2,4,0,2009
2,1,0,1,1,0.7,0.16666666666666666,1.0,0.16666666666666666,1.0,6,1,0,1,0.5,0.16666666666666666,2,4,0,2010
1,2,0,0,0,0.8,0.2857142857142857,1.0,0.2857142857142857,1.0,7,2,0,2,0.5,0.2857142857142857,2,4,0,2011
3,0,0,0,0,0.9,0.25,1.0,0.25,1.0,8,2,0,2,0.5,0.25,2,4,0,2012
1,1,0,1,0,1.0,0.2222222222222222,1.0,0.2222222222222222,1.0,9,2,0,2,0.5,0.2222222222222222,2,4,0,2013
1,1,0,0,0,0.1111,0.0,0.0,0.0,0.0,0,0,0,0,0.0,0.0,1,3,0,2014
3,6,1,1,1,0.2222,0.0,0.0,0.0,0.0,1,0,0,0,0.0,0.0,1,3,0,2015
3,7,1,0,0,0.3333,0.5,1.0,0.5,1.0,2,1,0,1,0.5,0.5,1,3,0,2016
1,2,0,1,0,0.4444,0.3333333333333333,1.0,0.3333333333333333,1.0,3,1,0,1,0.5,0.3333333333333333,1,3,0,2017
1,0,0,0,1,0.5556,0.5,1.0,0.25,1.0,4,2,0,2,0.5,0.5,1,3,0,2018
3,1,0,0,0,0.6667,0.4,1.0,0.4,1.0,5,2,0,2,0.5,0.4,1,3,0,2019
2,1,0,0,0,0.7778,0.3333333333333333,1.0,0.3333333333333333,1.0,6,2,0,2,0.5,0.3333333333333333,1,3,0,2020
1,1,0,0,1,0.8889,0.2857142857142857,1.0,0.2857142857142857,1.0,7,2,0,2,0.5,0.2857142857142857,1,3,0,2021
3,7,1,0,1,1.0,0.25,1.0,0.375,1.0,8,2,0,2,0.5,0.25,1,3,0,2022
2,6,1,0,1,0.2,0.0,0.0,0.0,0.0,0,0,0,0,0.0,0.0,2,3,0,2023
3,2,0,0,0,0.4,0.0,0.0,1.0,1.0,1,0,0,0,0.5,0.0,2,3,0,2024
3,2,0,0,0,0.6,0.0,0.0,0.5,1.0,2,0,0,0,0.5,0.0,2,3,0,2025
1,2,0,0,0,0.8,0.0,0.0,0.3333333333333333,1.0,3,0,0,0,0.5,0.0,2,3,0,2026
1,1,0,0,0,1.0,0.0,0.0,0.25,1.0,4,0,0,0,0.5,0.0,2,3,0,2027
1,1,0,1,1,0.25,0.0,0.0,0.0,0.0,0,0,0,0,0.0,0.0,2,4,0,2028
3,2,0,0,0,0.5,1.0,1.0,1.0,1.0,1,1,0,1,0.5,1.0,2,4,0,2029
3,1,0,1,0,0.75,0.5,1.0,0.5,1.0,2,1,0,1,0.5,0.5,2,4,0,2030
3,2,0,1,0,1.0,0.6666666666666666,1.0,0.3333333333333333,1.0,3,2,0,2,0.5,0.6666666666666666,2,4,0,2031
1,1,0,0,1,0.1667,0.0,0.0,0.0,0.0,0,0,0,0,0.0,0.0,2,2,0,2032
1,2,0,1,0,0.3333,0.0,0.0,1.0,1.0,1,0,0,0,0.5,0.0,2,2,0,2033
2,0,0,0,1,0.5,0.5,1.0,0.5,1.0,2,1,0,1,0.5,0.5,2,2,0,2034
3,1,0,0,0,0.6667,0.3333333333333333,1.0,0.6666666666666666,1.0,3,1,0,1,0.5,0.3333333333333333,2,2,0,2035
3,1,0,0,0,0.8333,0.25,1.0,0.5,1.0,4,1,0,1,0.5,0.25,2,2,0,2036
3,1,0,0,1,1.0,0.2,1.0,0.4,1.0,5,1,0,1,0.5,0.2,2,2,0,2037
3,7,1,0,0,0.1111,0.0,0.0,0.0,0.0,0,0,0,0,0.0,0.0,3,3,0,2038
1,1,0,0,0,0.2222,0.0,0.0,0.0,0.0,1,0,0,0,0.0,0.0,3,3,0,2039
3,1,0,0,0,0.3333,0.0,0.0,0.0,0.0,2,0,0,0,0.0,0.0,3,3,0,2040
1,0,0,0,0,0.4444,0.0,0.0,0.0,0.0,3,0,0,0,0.0,0.0,3,3,0,2041
3,7,1,0,1,0.5556,0.0,0.0,0.0,0.0,4,0,0,0,0.0,0.0,3,3,0,2042
3,6,1,0,0,0.6667,0.0,0.0,0.2,1.0,5,0,0,0,0.5,0.0,3,3,0,2043
1,1,0,0,0,0.7778,0.0,0.0,0.16666666666666666,1.0,6,0,0,0,0.5,0.0,3,3,0,2044
1,1,0,0,0,0.8889,0.0,0.0,0.14285714285714285,1.0,7,0,0,0,0.5,0.0,3,3,0,2045
1,7,1,0,1,1.0,0.0,0.0,0.125,1.0,8,0,0,0,0.5,0.0,3,3,0,2046
1,7,1,0,0,0.2,0.0,0.0,0.0,0.0,0,0,0,0,0.0,0.0,3,2,0,2047
3,7,1,0,0,0.4,0.0,0.0,0.0,0.0,1,0,0,0,0.0,0.0,3,2,0,2048
2,1,0,0,0,0.6,0.0,0.0,0.0,0.0,2,0,0,0,0.0,0.0,3,2,0,2049
3,7,1,0,1,0.8,0.0,0.0,0.0,0.0,3,0,0,0,0.0,0.0,3,2,0,2050
1,2,0,0,0,1.0,0.0,0.0,0.25,1.0,4,0,0,0,0.5,0.0,3,2,0,2051
2,6,1,0,1,0.125,0.0,0.0,0.0,0.0,0,0,0,0,0.0,0.0,2,4,0,2052
2,7,1,0,0,0.25,0.0,0.0,1.0,1.0,1,0,0,0,0.5,0.0,2,4,0,2053
2,7,1,0,0,0.375,0.0,0.0,0.5,1.0,2,0,0,0,0.5,0.0,2,4,0,2054
2,2,0,0,1,0.5,0.0,0.0,0.3333333333333333,1.0,3,0,0,0,0.5,0.0,2,4,0,2055
3,2,0,1,0,0.625,0.0,0.0,0.5,1.0,4,0,0,0,0.5,0.0,2,4,0,2056
3,6,1,0,0,0.75,0.2,1.0,0.4,1.0,5,1,0,1,0.5,0.2,2,4,0,2057
3,7,1,0,1,0.875,0.16666666666666666,1.0,0.3333333333333333,1.0,6,1,0,1,0.5,0.16666666666666666,2,4,0,2058
1,1,0,0,1,1.0,0.14285714285714285,1.0,0.42857142857142855,1.0,7,1,0,1,0.5,0.14285714285714285,2,4,0,2059
1,2,0,0,0,0.2,0.0,0.0,0.0,0.0,0,0,0,0,0.0,0.0,2,3,0,2060
1,2,0,0,0,0.4,0.0,0.0,0.0,0.0,1,0,0,0,0.0,0.0,2,3,0,2061
3,1,0,1,0,0.6,0.0,0.0,0.0,0.0,2,0,0,0,0.0,0.0,2,3,0,2062
3,7,1,0,0,0.8,0.3333333333333333,1.0,0.0,0.0,3,1,0,1,0.0,0.3333333333333333,2,3,0,2063
3,6,1,0,0,1.0,0.25,1.0,0.0,0.0,4,1,0,1,0.0,0.25,2,3,0,2064
3,0,0,0,1,0.125,0.0,0.0,0.0,0.0,0,0,0,0,0.0,0.0,3,4,0,2065
2,7,1,1,1,0.25,0.0,0.0,1.0,1.0,1,0,0,0,0.5,0.0,3,4,0,2066
2,2,0,0,0,0.375,0.5,1.0,1.0,1.0,2,1,0,1,0.5,0.5,3,4,0,2067
1,1,0,1,0,0.5,0.3333333333333333,1.0,0.6666666666666666,1.0,3,1,0,1,0.5,0.3333333333333333,3,4,0,2068
2,2,0,0,0,0.625,0.5,1.0,0.5,1.0,4,2,0,2,0.5,0.5,3,4,0,2069
3,0,0,0,0,0.75,0.4,1.0,0.4,1.0,5,2,0,2,0.5,0.4,3,4,0,2070
3,6,1,0,0,0.875,0.3333333333333333,1.0,0.3333333333333333,1.0,6,2,0,2,0.5,0.3333333333333333,3,4,0,2071
3,2,0,0,0,1.0,0.2857142857142857,1.0,0.2857142857142857,1.0,7,2,0,2,0.5,0.2857142857142857,3,4,0,2072
2,7,1,0,0,0.1111,0.0,0.0,0.0,0.0,0,0,0,0,0.0,0.0,2,4,0,2073
3,2,0,0,0,0.2222,0.0,0.0,0.0,0.0,1,0,0,0,0.0,0.0,2,4,0,2074
1,6,1,0,0,0.3333,0.0,0.0,0.0,0.0,2,0,0,0,0.0,0.0,2,4,0,2075
1,1,0,0,0,0.4444,0.0,0.0,0.0,0.0,3,0,0,0,0.0,0.0,2,4,0,2076
3,2,0,1,1,0.5556,0.0,0.0,0.0,0.0,4,0,0,0,0.0,0.0,2,4,0,2077
2,0,0,0,0,0.6667,0.2,1.0,0.2,1.0,5,1,0,1,0.5,0.2,2,4,0,2078
2,2,0,0,1,0.7778,0.16666666666666666,1.0,0.16666666666666666,1.0,6,1,0,1,0.5,0.16666666666666666,2,4,0,2079
3,2,0,0,0,0.8889,0.14285714285714285,1.0,0.2857142857142857,1.0,7,1,0,1,0.5,0.14285714285714285,2,4,0,2080
2,1,0,0,1,1.0,0.125,1.0,0.25,1.0,8,1,0,1,0.5,0.125,2,4,0,2081
2,7,1,0,1,0.125,0.0,0.0,0.0,0.0,0,0,0,0,0.0,0.0,2,4,0,2082
2,0,0,0,0,0.25,0.0,0.0,1.0,1.0,1,0,0,0,0.5,0.0,2,4,0,2083
2,6,1,0,0,0.375,0.0,0.0,0.5,1.0,2,0,0,0,0.5,0.0,2,4,0,2084
3,1,0,0,0,0.5,0.0,0.0,0.3333333333333333,1.0,3,0,0,0,0.5,0.0,2,4,0,2085
2,7,1,0,0,0.625,0.0,0.0,0.25,1.0,4,0,0,0,0.5,0.0,2,4,0,2086
1,7,1,0,0,0.75,0.0,0.0,0.2,1.0,5,0,0,0,0.5,0.0,2,4,0,2087
1,0,0,0,0,0.875,0.0,0.0,0.16666666666666666,1.0,6,0,0,0,0.5,0.0,2,4,0,2088
3,0,0,0,0,1.0,0.0,0.0,0.14285714285714285,1.0,7,0,0,0,0.5,0.0,2,4,0,2089
1,2,0,1,0,0.2,0.0,0.0,0.0,0.0,0,0,0,0,0.0,0.0,3,3,0,2090
3,6,1,0,0,0.4,1.0,1.0,0.0,0.0,1,1,0,1,0.0,1.0,3,3,0,2091
1,0,0,0,0,0.6,0.5,1.0,0.0,0.0,2,1,0,1,0.0,0.5,3,3,0,2092
1,1,0,0,1,0.8,0.3333333333333333,1.0,0.0,0.0,3,1,0,1,0.0,0.3333333333333333,3,3,0,2093
2,1,0,0,1,1.0,0.25,1.0,0.25,1.0,4,1,0,1,0.5,0.25,3,3,0,2094
3,6,1,0,0,0.2,0.0,0.0,0.0,0.0,0,0,0,0,0.0,0.0,3,4,0,2095
2,1,0,0,1,0.4,0.0,0.0,0.0,0.0,1,0,0,0,0.0,0.0,3,4,0,2096
2,1,0,0,0,0.6,0.0,0.0,0.5,1.0,2,0,0,0,0.5,0.0,3,4,0,2097
1,6,1,1,1,0.8,0.0,0.0,0.3333333333333333,1.0,3,0,0,0,0.5,0.0,3,4,0,2098
1,0,0,0,0,1.0,0.25,1.0,0.5,1.0,4,1,0,1,0.5,0.25,3,4,0,2099
1,1,0,0,0,0.1429,0.0,0.0,0.0,0.0,0,0,0,0,0.0,0.0,2,2,0,2100
2,7,1,1,0,0.2857,0.0,0.0,0.0,0.0,1,0,0,0,0.0,0.0,2,2,0,2101
2,6,1,0,0,0.4286,0.5,1.0,0.0,0.0,2,1,0,1,0.0,0.5,2,2,0,2102
2,6,1,0,0,0.5714,0.3333333333333333,1.0,0.0,0.0,3,1,0,1,0.0,0.3333333333333333,2,2,0,2103
2,1,0,0,0,0.7143,0.25,1.0,0.0,0.0,4,1,0,1,0.0,0.25,2,2,0,2104
1,7,1,0,1,0.8571,0.2,1.0,0.0,0.0,5,1,0,1,0.0,0.2,2,2,0,2105
1,6,1,0,0,1.0,0.16666666666666666,1.0,0.16666666666666666,1.0,6,1,0,1,0.5,0.16666666666666666,2,2,0,2106
3,7,1,0,0,0.25,0.0,0.0,0.0,0.0,0,0,0,0,0.0,0.0,2,2,0,2107
3,6,1,0,0,0.5,0.0,0.0,0.0,0.0,1,0,0,0,0.0,0.0,2,2,0,2108
1,7,1,0,0,0.75,0.0,0.0,0.0,0.0,2,0,0,0,0.0,0.0,2,2,0,2109
1,2,0,1,1,1.0,0.0,0.0,0.0,0.0,3,0,0,0,0.0,0.0,2,2,0,2110
1,7,1,0,0,0.1,0.0,0.0,0.0,0.0,0,0,0,0,0.0,0.0,0,2,0,2111
3,7,1,0,0,0.2,0.0,0.0,0.0,0.0,1,0,0,0,0.0,0.0,0,2,0,2112
3,1,0,0,1,0.3,0.0,0.0,0.0,0.0,2,0,0,0,0.0,0.0,0,2,0,2113
2,6,1,0,0,0.4,0.0,0.0,0.3333333333333333,1.0,3,0,0,0,0.5,0.0,0,2,0,2114
1,7,1,0,1,0.5,0.0,0.0,0.25,1.0,4,0,0,0,0.5,0.0,0,2,0,2115
2,7,1,0,0,0.6,0.0,0.0,0.4,1.0,5,0,0,0,0.5,0.0,0,2,0,2116
2,6,1,1,1,0.7,0.0,0.0,0.3333333333333333,1.0,6,0,0,0,0.5,0.0,0,2,0,2117
2,2,0,0,0,0.8,0.14285714285714285,1.0,0.42857142857142855,1.0,7,1,0,1,0.5,0.14285714285714285,0,2,0,2118
3,6,1,0,0,0.9,0.125,1.0,0.375,1.0,8,1,0,1,0.5,0.125,0,2,0,2119
3,6,1,0,0,1.0,0.1111111111111111,1.0,0.3333333333333333,1.0,9,1,0,1,0.5,0.1111111111111111,0,2,0,2120
1,1,0,0,0,0.25,0.0,0.0,0.0,0.0,0,0,0,0,0.0,0.0,0,3,0,2121
1,1,0,0,0,0.5,0.0,0.0,0.0,0.0,1,0,0,0,0.0,0.0,0,3,0,2122
2,1,0,1,0,0.75,0.0,0.0,0.0,0.0,2,0,0,0,0.0,0.0,0,3,0,2123
3,7,1,0,0,1.0,0.3333333333333333,1.0,0.0,0.0,3,1,0,1,0.0,0.3333333333333333,0,3,0,2124
1,2,0,1,0,0.1111,0.0,0.0,0.0,0.0,0,0,0,0,0.0,0.0,0,3,0,2125
3,7,1,1,0,0.2222,1.0,1.0,0.0,0.0,1,1,0,1,0.0,1.0,0,3,0,2126
2,2,0,0,0,0.3333,1.0,1.0,0.0,0.0,2,2,0,2,0.0,1.0,0,3,0,2127
3,0,0,0,0,0.4444,0.6666666666666666,1.0,0.0,0.0,3,2,0,2,0.0,0.6666666666666666,0,3,0,2128
3,6,1,0,1,0.5556,0.5,1.0,0.0,0.0,4,2,0,2,0.0,0.5,0,3,0,2129
2,7,1,0,1,0.6667,0.4,1.0,0.2,1.0,5,2,0,2,0.5,0.4,0,3,0,2130
2,1,0,0,0,0.7778,0.3333333333333333,1.0,0.3333333333333333,1.0,6,2,0,2,0.5,0.3333333333333333,0,3,0,2131
3,7,1,0,0,0.8889,0.2857142857142857,1.0,0.2857142857142857,1.0,7,2,0,2,0.5,0.2857142857142857,0,3,0,2132
3,7,1,0,0,1.0,0.25,1.0,0.25,1.0,8,2,0,2,0.5,0.25,0,3,0,2133
3,6,1,0,1,0.1111,0.0,0.0,0.0,0.0,0,0,0,0,0.0,0.0,0,2,0,2134
2,6,1,0,1,0.2222,0.0,0.0,1.0,1.0,1,0,0,0,0.5,0.0,0,2,0,2135
3,1,0,0,0,0.3333,0.0,0.0,1.0,1.0,2,0,0,0,0.5,0.0,0,2,0,2136
1,6,1,0,0,0.4444,0.0,0.0,0.6666666666666666,1.0,3,0,0,0,0.5,0.0,0,2,0,2137
3,6,1,0,0,0.5556,0.0,0.0,0.5,1.0,4,0,0,0,0.5,0.0,0,2,0,2138
3,7,1,0,0,0.6667,0.0,0.0,0.4,1.0,5,0,0,0,0.5,0.0,0,2,0,2139
3,7,1,0,1,0.7778,0.0,0.0,0.3333333333333333,1.0,6,0,0,0,0.5,0.0,0,2,0,2140
2,7,1,0,0,0.8889,0.0,0.0,0.42857142857142855,1.0,7,0,0,0,0.5,0.0,0,2,0,2141
3,1,0,0,1,1.0,0.0,0.0,0.375,1.0,8,0,0,0,0.5,0.0,0,2,0,2142
1,2,0,0,1,0.1429,0.0,0.0,0.0,0.0,0,0,0,0,0.0,0.0,0,2,0,2143
1,7,1,0,0,0.2857,0.0,0.0,1.0,1.0,1,0,0,0,0.5,0.0,0,2,0,2144
3,6,1,0,0,0.4286,0.0,0.0,0.5,1.0,2,0,0,0,0.5,0.0,0,2,0,2145
2,2,0,1,0,0.5714,0.0,0.0,0.3333333333333333,1.0,3,0,0,0,0.5,0.0,0,2,0,2146
1,1,0,0,0,0.7143,0.25,1.0,0.25,1.0,4,1,0,1,0.5,0.25,0,2,0,2147
3,2,0,0,0,0.8571,0.2,1.0,0.2,1.0,5,1,0,1,0.5,0.2,0,2,0,2148
2,6,1,0,1,1.0,0.16666666666666666,1.0,0.16666666666666666,1.0,6,1,0,1,0.5,0.16666666666666666,0,2,0,2149
3,0,0,0,1,0.1,0.0,0.0,0.0,0.0,0,0,0,0,0.0,0.0,2,4,0,2150
3,2,0,0,0,0.2,0.0,0.0,1.0,1.0,1,0,0,0,0.5,0.0,2,4,0,2151
1,0,0,0,1,0.3,0.0,0.0,0.5,1.0,2,0,0,0,0.5,0.0,2,4,0,2152
3,1,0,0,1,0.4,0.0,0.0,0.6666666666666666,1.0,3,0,0,0,0.5,0.0,2,4,0,2153
1,6,1,1,0,0.5,0.0,0.0,0.75,1.0,4,0,0,0,0.5,0.0,2,4,0,2154
2,1,0,1,0,0.6,0.2,1.0,0.6,1.0,5,1,0,1,0.5,0.2,2,4,0,2155
3,7,1,0,0,0.7,0.3333333333333333,1.0,0.5,1.0,6,2,0,2,0.5,0.3333333333333333,2,4,0,2156
1,1,0,1,0,0.8,0.2857142857142857,1.0,0.42857142857142855,1.0,7,2,0,2,0.5,0.2857142857142857,2,4,0,2157
1,2,0,0,0,0.9,0.375,1.0,0.375,1.0,8,3,0,3,0.5,0.375,2,4,0,2158
2,0,0,0,1,1.0,0.3333333333333333,1.0,0.3333333333333333,1.0,9,3,0,3,0.5,0.3333333333333333,2,4,0,2159
2,2,0,0,0,0.1,0.0,0.0,0.0,0.0,0,0,0,0,0.0,0.0,3,4,0,2160
2,1,0,0,0,0.2,0.0,0.0,0.0,0.0,1,0,0,0,0.0,0.0,3,4,0,2161
1,1,0,1,0,0.3,0.0,0.0,0.0,0.0,2,0,0,0,0.0,0.0,3,4,0,2162
1,0,0,1,0,0.4,0.3333333333333333,1.0,0.0,0.0,3,1,0,1,0.0,0.3333333333333333,3,4,0,2163
3,7,1,0,0,0.5,0.5,1.0,0.0,0.0,4,2,0,2,0.0,0.5,3,4,0,2164
2,0,0,0,0,0.6,0.4,1.0,0.0,0.0,5,2,0,2,0.0,0.4,3,4,0,2165
2,6,1,0,0,0.7,0.3333333333333333,1.0,0.0,0.0,6,2,0,2,0.0,0.3333333333333333,3,4,0,2166
3,0,0,0,1,0.8,0.2857142857142857,1.0,0.0,0.0,7,2,0,2,0.0,0.2857142857142857,3,4,0,2167
1,6,1,0,1,0.9,0.25,1.0,0.125,1.0,8,2,0,2,0.5,0.25,3,4,0,2168
1,6,1,0,0,1.0,0.2222222222222222,1.0,0.2222222222222222,1.0,9,2,0,2,0.5,0.2222222222222222,3,4,0,2169
3,1,0,0,1,0.2,0.0,0.0,0.0,0.0,0,0,0,0,0.0,0.0,3,3,0,2170
2,2,0,0,0,0.4,0.0,0.0,1.0,1.0,1,0,0,0,0.5,0.0,3,3,0,2171
1,1,0,0,1,0.6,0.0,0.0,0.5,1.0,2,0,0,0,0.5,0.0,3,3,0,2172
1,0,0,0,1,0.8,0.0,0.0,0.6666666666666666,1.0,3,0,0,0,0.5,0.0,3,3,0,2173
1,1,0,1,0,1.0,0.0,0.0,0.75,1.0,4,0,0,0,0.5,0.0,3,3,0,2174
3,6,1,1,0,0.25,0.0,0.0,0.0,0.0,0,0,0,0,0.0,0.0,0,2,0,2175
2,2,0,0,0,0.5,1.0,1.0,0.0,0.0,1,1,0,1,0.0,1.0,0,2,0,2176
2,0,0,0,0,0.75,0.5,1.0,0.0,0.0,2,1,0,1,0.0,0.5,0,2,0,2177
1,6,1,0,0,1.0,0.3333333333333333,1.0,0.0,0.0,3,1,0,1,0.0,0.3333333333333333,0,2,0,2178
1,1,0,0,0,0.125,0.0,0.0,0.0,0.0,0,0,0,0,0.0,0.0,0,2,0,2179
3,1,0,0,0,0.25,0.0,0.0,0.0,0.0,1,0,0,0,0.0,0.0,0,2,0,2180
1,0,0,0,0,0.375,0.0,0.0,0.0,0.0,2,0,0,0,0.0,0.0,0,2,0,2181
1,1,0,0,1,0.5,0.0,0.0,0.0,0.0,3,0,0,0,0.0,0.0,0,2,0,2182
1,1,0,0,0,0.625,0.0,0.0,0.25,1.0,4,0,0,0,0.5,0.0,0,2,0,2183
1,7,1,0,1,0.75,0.0,0.0,0.2,1.0,5,0,0,0,0.5,0.0,0,2,0,2184
3,0,0,0,0,0.875,0.0,0.0,0.3333333333333333,1.0,6,0,0,0,0.5,0.0,0,2,0,2185
1,2,0,0,0,1.0,0.0,0.0,0.2857142857142857,1.0,7,0,0,0,0.5,0.0,0,2,0,2186
2,0,0,0,1,0.25,0.0,0.0,0.0,0.0,0,0,0,0,0.0,0.0,2,4,0,2187
3,7,1,0,0,0.5,0.0,0.0,1.0,1.0,1,0,0,0,0.5,0.0,2,4,0,2188
1,0,0,0,0,0.75,0.0,0.0,0.5,1.0,2,0,0,0,0.5,0.0,2,4,0,2189
3,2,0,1,1,1.0,0.0,0.0,0.3333333333333333,1.0,3,0,0,0,0.5,0.0,2,4,0,2190
1,2,0,1,1,0.1111,0.0,0.0,0.0,0.0,0,0,0,0,0.0,0.0,0,3,0,2191
3,2,0,0,0,0.2222,1.0,1.0,1.0,1.0,1,1,0,1,0.5,1.0,0,3,0,2192
3,6,1,1,1,0.3333,0.5,1.0,0.5,1.0,2,1,0,1,0.5,0.5,0,3,0,2193
1,6,1,0,0,0.4444,0.6666666666666666,1.0,0.6666666666666666,1.0,3,2,0,2,0.5,0.6666666666666666,0,3,0,2194
1,7,1,1,1,0.5556,0.5,1.0,0.5,1.0,4,2,0,2,0.5,0.5,0,3,0,2195
1,0,0,0,1,0.6667,0.6,1.0,0.6,1.0,5,3,0,3,0.5,0.6,0,3,0,2196
1,0,0,1,0,0.7778,0.5,1.0,0.6666666666666666,1.0,6,3,0,3,0.5,0.5,0,3,0,2197
1,0,0,0,0,0.8889,0.5714285714285714,1.0,0.5714285714285714,1.0,7,4,0,4,0.5,0.5714285714285714,0,3,0,2198
1,2,0,0,1,1.0,0.5,1.0,0.5,1.0,8,4,0,4,0.5,0.5,0,3,0,2199
2,2,0,0,0,0.1429,0.0,0.0,0.0,0.0,0,0,0,0,0.0,0.0,1,2,0,2200
3,0,0,0,0,0.2857,0.0,0.0,0.0,0.0,1,0,0,0,0.0,0.0,1,2,0,2201
1,1,0,0,0,0.4286,0.0,0.0,0.0,0.0,2,0,0,0,0.0,0.0,1,2,0,2202
2,1,0,0,0,0.5714,0.0,0.0,0.0,0.0,3,0,0,0,0.0,0.0,1,2,0,2203
1,7,1,0,0,0.7143,0.0,0.0,0.0,0.0,4,0,0,0,0.0,0.0,1,2,0,2204
3,1,0,0,1,0.8571,0.0,0.0,0.0,0.0,5,0,0,0,0.0,0.0,1,2,0,2205
2,6,1,0,0,1.0,0.0,0.0,0.16666666666666666,1.0,6,0,0,0,0.5,0.0,1,2,0,2206
1,6,1,0,1,0.1111,0.0,0.0,0.0,0.0,0,0,0,0,0.0,0.0,3,4,0,2207
1,6,1,1,1,0.2222,0.0,0.0,1.0,1.0,1,0,0,0,0.5,0.0,3,4,0,2208
3,2,0,1,1,0.3333,0.5,1.0,1.0,1.0,2,1,0,1,0.5,0.5,3,4,0,2209
1,1,0,0,1,0.4444,0.6666666666666666,1.0,1.0,1.0,3,2,0,2,0.5,0.6666666666666666,3,4,0,2210
2,1,0,0,0,0.5556,0.5,1.0,1.0,1.0,4,2,0,2,0.5,0.5,3,4,0,2211
3,1,0,0,0,0.6667,0.4,1.0,0.8,1.0,5,2,0,2,0.5,0.4,3,4,0,2212
2,0,0,0,0,0.7778,0.3333333333333333,1.0,0.6666666666666666,1.0,6,2,0,2,0.5,0.3333333333333333,3,4,0,2213
2,7,1,0,0,0.8889,0.2857142857142857,1.0,0.5714285714285714,1.0,7,2,0,2,0.5,0.2857142857142857,3,4,0,2214
2,7,1,1,1,1.0,0.25,1.0,0.5,1.0,8,2,0,2,0.5,0.25,3,4,0,2215
3,1,0,1,0,0.1111,0.0,0.0,0.0,0.0,0,0,0,0,0.0,0.0,1,2,0,2216
3,2,0,0,0,0.2222,1.0,1.0,0.0,0.0,1,1,0,1,0.0,1.0,1,2,0,2217
1,6,1,0,0,0.3333,0.5,1.0,0.0,0.0,2,1,0,1,0.0,0.5,1,2,0,2218
2,7,1,0,0,0.4444,0.3333333333333333,1.0,0.0,0.0,3,1,0,1,0.0,0.3333333333333333,1,2,0,2219
1,0,0,0,0,0.5556,0.25,1.0,0.0,0.0,4,1,0,1,0.0,0.25,1,2,0,2220
3,1,0,0,1,0.6667,0.2,1.0,0.0,0.0,5,1,0,1,0.0,0.2,1,2,0,2221
2,7,1,0,1,0.7778,0.16666666666666666,1.0,0.16666666666666666,1.0,6,1,0,1,0.5,0.16666666666666666,1,2,0,2222
2,0,0,0,1,0.8889,0.14285714285714285,1.0,0.2857142857142857,1.0,7,1,0,1,0.5,0.14285714285714285,1,2,0,2223
3,7,1,0,1,1.0,0.125,1.0,0.375,1.0,8,1,0,1,0.5,0.125,1,2,0,2224
1,2,0,0,0,0.1429,0.0,0.0,0.0,0.0,0,0,0,0,0.0,0.0,0,3,0,2225
3,6,1,0,1,0.2857,0.0,0.0,0.0,0.0,1,0,0,0,0.0,0.0,0,3,0,2226
1,7,1,0,0,0.4286,0.0,0.0,0.5,1.0,2,0,0,0,0.5,0.0,0,3,0,2227
3,0,0,0,0,0.5714,0.0,0.0,0.3333333333333333,1.0,3,0,0,0,0.5,0.0,0,3,0,2228
2,2,0,0,0,0.7143,0.0,0.0,0.25,1.0,4,0,0,0,0.5,0.0,0,3,0,2229
1,0,0,0,0,0.8571,0.0,0.0,0.2,1.0,5,0,0,0,0.5,0.0,0,3,0,2230
3,6,1,0,0,1.0,0.0,0.0,0.16666666666666666,1.0,6,0,0,0,0.5,0.0,0,3,0,2231
3,1,0,1,1,0.25,0.0,0.0,0.0,0.0,0,0,0,0,0.0,0.0,1,2,0,2232
3,2,0,0,0,0.5,1.0,1.0,1.0,1.0,1,1,0,1,0.5,1.0,1,2,0,2233
2,6,1,0,0,0.75,0.5,1.0,0.5,1.0,2,1,0,1,0.5,0.5,1,2,0,2234
1,1,0,0,0,1.0,0.3333333333333333,1.0,0.3333333333333333,1.0,3,1,0,1,0.5,0.3333333333333333,1,2,0,2235
3,7,1,1,0,0.1667,0.0,0.0,0.0,0.0,0,0,0,0,0.0,0.0,2,3,0,2236
2,2,0,0,1,0.3333,1.0,1.0,0.0,0.0,1,1,0,1,0.0,1.0,2,3,0,2237
2,0,0,0,1,0.5,0.5,1.0,0.5,1.0,2,1,0,1,0.5,0.5,2,3,0,2238
3,2,0,1,1,0.6667,0.3333333333333333,1.0,0.6666666666666666,1.0,3,1,0,1,0.5,0.3333333333333333,2,3,0,2239
3,7,1,0,1,0.8333,0.5,1.0,0.75,1.0,4,2,0,2,0.5,0.5,2,3,0,2240
3,0,0,0,0,1.0,0.4,1.0,0.8,1.0,5,2,0,2,0.5,0.4,2,3,0,2241
1,1,0,0,0,0.125,0.0,0.0,0.0,0.0,0,0,0,0,0.0,0.0,2,3,0,2242
1,6,1,1,0,0.25,0.0,0.0,0.0,0.0,1,0,0,0,0.0,0.0,2,3,0,2243
2,7,1,0,0,0.375,0.5,1.0,0.0,0.0,2,1,0,1,0.0,0.5,2,3,0,2244
1,1,0,1,0,0.5,0.3333333333333333,1.0,0.0,0.0,3,1,0,1,0.0,0.3333333333333333,2,3,0,2245
3,7,1,0,0,0.625,0.5,1.0,0.0,0.0,4,2,0,2,0.0,0.5,2,3,0,2246
2,2,0,0,1,0.75,0.4,1.0,0.0,0.0,5,2,0,2,0.0,0.4,2,3,0,2247
3,6,1,0,0,0.875,0.3333333333333333,1.0,0.16666666666666666,1.0,6,2,0,2,0.5,0.3333333333333333,2,3,0,2248
2,7,1,1,1,1.0,0.2857142857142857,1.0,0.14285714285714285,1.0,7,2,0,2,0.5,0.2857142857142857,2,3,0,2249
2,6,1,0,0,0.125,0.0,0.0,0.0,0.0,0,0,0,0,0.0,0.0,2,2,0,2250
3,2,0,0,0,0.25,0.0,0.0,0.0,0.0,1,0,0,0,0.0,0.0,2,2,0,2251
3,7,1,1,0,0.375,0.0,0.0,0.0,0.0,2,0,0,0,0.0,0.0,2,2,0,2252
1,0,0,1,1,0.5,0.3333333333333333,1.0,0.0,0.0,3,1,0,1,0.0,0.3333333333333333,2,2,0,2253
3,7,1,0,0,0.625,0.5,1.0,0.25,1.0,4,2,0,2,0.5,0.5,2,2,0,2254
1,0,0,0,1,0.75,0.4,1.0,0.2,1.0,5,2,0,2,0.5,0.4,2,2,0,2255
3,2,0,0,0,0.875,0.3333333333333333,1.0,0.3333333333333333,1.0,6,2,0,2,0.5,0.3333333333333333,2,2,0,2256
1,0,0,0,1,1.0,0.2857142857142857,1.0,0.2857142857142857,1.0,7,2,0,2,0.5,0.2857142857142857,2,2,0,2257
1,6,1,1,0,0.1429,0.0,0.0,0.0,0.0,0,0,0,0,0.0,0.0,2,3,0,2258
3,2,0,1,1,0.2857,1.0,1.0,0.0,0.0,1,1,0,1,0.0,1.0,2,3,0,2259
1,2,0,0,1,0.4286,1.0,1.0,0.5,1.0,2,2,0,2,0.5,1.0,2,3,0,2260
1,2,0,0,0,0.5714,0.6666666666666666,1.0,0.6666666666666666,1.0,3,2,0,2,0.5,0.6666666666666666,2,3,0,2261
2,2,0,1,1,0.7143,0.5,1.0,0.5,1.0,4,2,0,2,0.5,0.5,2,3,0,2262
3,6,1,0,1,0.8571,0.6,1.0,0.6,1.0,5,3,0,3,0.5,0.6,2,3,0,2263
2,6,1,1,1,1.0,0.5,1.0,0.6666666666666666,1.0,6,3,0,3,0.5,0.5,2,3,0,2264
1,7,1,0,0,0.125,0.0,0.0,0.0,0.0,0,0,0,0,0.0,0.0,1,3,0,2265
3,6,1,1,0,0.25,0.0,0.0,0.0,0.0,1,0,0,0,0.0,0.0,1,3,0,2266
2,6,1,0,0,0.375,0.5,1.0,0.0,0.0,2,1,0,1,0.0,0.5,1,3,0,2267
2,0,0,1,1,0.5,0.3333333333333333,1.0,0.0,0.0,3,1,0,1,0.0,0.3333333333333333,1,3,0,2268
2,6,1,0,1,0.625,0.5,1.0,0.25,1.0,4,2,0,2,0.5,0.5,1,3,0,2269
2,6,1,0,0,0.75,0.4,1.0,0.4,1.0,5,2,0,2,0.5,0.4,1,3,0,2270
1,6,1,0,0,0.875,0.3333333333333333,1.0,0.3333333333333333,1.0,6,2,0,2,0.5,0.3333333333333333,1,3,0,2271
1,6,1,0,0,1.0,0.2857142857142857,1.0,0.2857142857142857,1.0,7,2,0,2,0.5,0.2857142857142857,1,3,0,2272
2,7,1,0,1,0.125,0.0,0.0,0.0,0.0,0,0,0,0,0.0,0.0,3,3,0,2273
1,2,0,1,0,0.25,0.0,0.0,1.0,1.0,1,0,0,0,0.5,0.0,3,3,0,2274
1,1,0,0,0,0.375,0.5,1.0,0.5,1.0,2,1,0,1,0.5,0.5,3,3,0,2275
3,1,0,0,0,0.5,0.3333333333333333,1.0,0.3333333333333333,1.0,3,1,0,1,0.5,0.3333333333333333,3,3,0,2276
2,6,1,0,0,0.625,0.25,1.0,0.25,1.0,4,1,0,1,0.5,0.25,3,3,0,2277
2,7,1,0,0,0.75,0.2,1.0,0.2,1.0,5,1,0,1,0.5,0.2,3,3,0,2278
3,2,0,0,1,0.875,0.16666666666666666,1.0,0.16666666666666666,1.0,6,1,0,1,0.5,0.16666666666666666,3,3,0,2279
1,1,0,0,1,1.0,0.14285714285714285,1.0,0.2857142857142857,1.0,7,1,0,1,0.5,0.14285714285714285,3,3,0,2280
3,6,1,0,1,0.1429,0.0,0.0,0.0,0.0,0,0,0,0,0.0,0.0,0,2,0,2281
1,2,0,0,1,0.2857,0.0,0.0,1.0,1.0,1,0,0,0,0.5,0.0,0,2,0,2282
2,0,0,0,1,0.4286,0.0,0.0,1.0,1.0,2,0,0,0,0.5,0.0,0,2,0,2283
3,0,0,0,1,0.5714,0.0,0.0,1.0,1.0,3,0,0,0,0.5,0.0,0,2,0,2284
3,2,0,1,0,0.7143,0.0,0.0,1.0,1.0,4,0,0,0,0.5,0.0,0,2,0,2285
3,0,0,0,0,0.8571,0.2,1.0,0.8,1.0,5,1,0,1,0.5,0.2,0,2,0,2286
3,2,0,0,0,1.0,0.16666666666666666,1.0,0.6666666666666666,1.0,6,1,0,1,0.5,0.16666666666666666,0,2,0,2287
3,2,0,1,1,0.25,0.0,0.0,0.0,0.0,0,0,0,0,0.0,0.0,3,3,0,2288
2,6,1,0,0,0.5,1.0,1.0,1.0,1.0,1,1,0,1,0.5,1.0,3,3,0,2289
2,1,0,0,1,0.75,0.5,1.0,0.5,1.0,2,1,0,1,0.5,0.5,3,3,0,2290
1,7,1,0,0,1.0,0.3333333333333333,1.0,0.6666666666666666,1.0,3,1,0,1,0.5,0.3333333333333333,3,3,0,2291
3,1,0,0,0,0.25,0.0,0.0,0.0,0.0,0,0,0,0,0.0,0.0,1,3,0,2292
2,2,0,1,0,0.5,0.0,0.0,0.0,0.0,1,0,0,0,0.0,0.0,1,3,0,2293
1,7,1,0,1,0.75,0.5,1.0,0.0,0.0,2,1,0,1,0.0,0.5,1,3,0,2294
1,6,1,1,0,1.0,0.3333333333333333,1.0,0.3333333333333333,1.0,3,1,0,1,0.5,0.3333333333333333,1,3,0,2295
3,1,0,0,1,0.1,0.0,0.0,0.0,0.0,0,0,0,0,0.0,0.0,3,2,0,2296
2,0,0,1,0,0.2,0.0,0.0,1.0,1.0,1,0,0,0,0.5,0.0,3,2,0,2297
2,6,1,0,1,0.3,0.5,1.0,0.5,1.0,2,1,0,1,0.5,0.5,3,2,0,2298
2,0,0,0,0,0.4,0.3333333333333333,1.0,0.6666666666666666,1.0,3,1,0,1,0.5,0.3333333333333333,3,2,0,2299
1,1,0,0,1,0.5,0.25,1.0,0.5,1.0,4,1,0,1,0.5,0.25,3,2,0,2300
3,1,0,1,0,0.6,0.2,1.0,0.6,1.0,5,1,0,1,0.5,0.2,3,2,0,2301
3,2,0,1,0,0.7,0.3333333333333333,1.0,0.5,1.0,6,2,0,2,0.5,0.3333333333333333,3,2,0,2302
2,1,0,0,0,0.8,0.42857142857142855,1.0,0.42857142857142855,1.0,7,3,0,3,0.5,0.42857142857142855,3,2,0,2303
1,6,1,0,0,0.9,0.375,1.0,0.375,1.0,8,3,0,3,0.5,0.375,3,2,0,2304
1,6,1,0,1,1.0,0.3333333333333333,1.0,0.3333333333333333,1.0,9,3,0,3,0.5,0.3333333333333333,3,2,0,2305
3,2,0,1,0,0.125,0.0,0.0,0.0,0.0,0,0,0,0,0.0,0.0,0,2,0,2306
1,7,1,0,0,0.25,1.0,1.0,0.0,0.0,1,1,0,1,0.0,1.0,0,2,0,2307
1,6,1,1,0,0.375,0.5,1.0,0.0,0.0,2,1,0,1,0.0,0.5,0,2,0,2308
1,0,0,0,1,0.5,0.6666666666666666,1.0,0.0,0.0,3,2,0,2,0.0,0.6666666666666666,0,2,0,2309
2,0,0,0,1,0.625,0.5,1.0,0.25,1.0,4,2,0,2,0.5,0.5,0,2,0,2310
3,0,0,0,0,0.75,0.4,1.0,0.4,1.0,5,2,0,2,0.5,0.4,0,2,0,2311
3,7,1,0,0,0.875,0.3333333333333333,1.0,0.3333333333333333,1.0,6,2,0,2,0.5,0.3333333333333333,0,2,0,2312
1,6,1,0,0,1.0,0.2857142857142857,1.0,0.2857142857142857,1.0,7,2,0,2,0.5,0.2857142857142857,0,2,0,2313
3,2,0,0,0,0.125,0.0,0.0,0.0,0.0,0,0,0,0,0.0,0.0,2,4,0,2314
1,0,0,1,0,0.25,0.0,0.0,0.0,0.0,1,0,0,0,0.0,0.0,2,4,0,2315
3,7,1,0,0,0.375,0.5,1.0,0.0,0.0,2,1,0,1,0.0,0.5,2,4,0,2316
2,1,0,0,0,0.5,0.3333333333333333,1.0,0.0,0.0,3,1,0,1,0.0,0.3333333333333333,2,4,0,2317
1,2,0,0,0,0.625,0.25,1.0,0.0,0.0,4,1,0,1,0.0,0.25,2,4,0,2318
2,0,0,1,0,0.75,0.2,1.0,0.0,0.0,5,1,0,1,0.0,0.2,2,4,0,2319
2,0,0,0,0,0.875,0.3333333333333333,1.0,0.0,0.0,6,2,0,2,0.0,0.3333333333333333,2,4,0,2320
1,2,0,0,0,1.0,0.2857142857142857,1.0,0.0,0.0,7,2,0,2,0.0,0.2857142857142857,2,4,0,2321
1,2,0,0,1,0.1111,0.0,0.0,0.0,0.0,0,0,0,0,0.0,0.0,3,2,0,2322
3,7,1,1,0,0.2222,0.0,0.0,1.0,1.0,1,0,0,0,0.5,0.0,3,2,0,2323
3,6,1,1,1,0.3333,0.5,1.0,0.5,1.0,2,1,0,1,0.5,0.5,3,2,0,2324
3,7,1,0,1,0.4444,0.6666666666666666,1.0,0.6666666666666666,1.0,3,2,0,2,0.5,0.6666666666666666,3,2,0,2325
2,7,1,0,0,0.5556,0.5,1.0,0.75,1.0,4,2,0,2,0.5,0.5,3,2,0,2326
3,0,0,0,1,0.6667,0.4,1.0,0.6,1.0,5,2,0,2,0.5,0.4,3,2,0,2327
1,7,1,0,1,0.7778,0.3333333333333333,1.0,0.6666666666666666,1.0,6,2,0,2,0.5,0.3333333333333333,3,2,0,2328
3,7,1,0,0,0.8889,0.2857142857142857,1.0,0.7142857142857143,1.0,7,2,0,2,0.5,0.2857142857142857,3,2,0,2329
3,1,0,0,0,1.0,0.25,1.0,0.625,1.0,8,2,0,2,0.5,0.25,3,2,0,2330
2,7,1,1,1,0.1667,0.0,0.0,0.0,0.0,0,0,0,0,0.0,0.0,2,4,0,2331
3,0,0,0,1,0.3333,1.0,1.0,1.0,1.0,1,1,0,1,0.5,1.0,2,4,0,2332
1,0,0,1,0,0.5,0.5,1.0,1.0,1.0,2,1,0,1,0.5,0.5,2,4,0,2333
3,2,0,0,0,0.6667,0.6666666666666666,1.0,0.6666666666666666,1.0,3,2,0,2,0.5,0.6666666666666666,2,4,0,2334
2,2,0,0,0,0.8333,0.5,1.0,0.5,1.0,4,2,0,2,0.5,0.5,2,4,0,2335
3,1,0,1,0,1.0,0.4,1.0,0.4,1.0,5,2,0,2,0.5,0.4,2,4,0,2336
2,1,0,0,0,0.2,0.0,0.0,0.0,0.0,0,0,0,0,0.0,0.0,3,3,0,2337
3,0,0,0,1,0.4,0.0,0.0,0.0,0.0,1,0,0,0,0.0,0.0,3,3,0,2338
3,7,1,0,1,0.6,0.0,0.0,0.5,1.0,2,0,0,0,0.5,0.0,3,3,0,2339
2,1,0,0,1,0.8,0.0,0.0,0.6666666666666666,1.0,3,0,0,0,0.5,0.0,3,3,0,2340
3,2,0,0,0,1.0,0.0,0.0,0.75,1.0,4,0,0,0,0.5,0.0,3,3,0,2341
3,2,0,0,1,0.1,0.0,0.0,0.0,0.0,0,0,0,0,0.0,0.0,3,4,0,2342
3,0,0,0,0,0.2,0.0,0.0,1.0,1.0,1,0,0,0,0.5,0.0,3,4,0,2343
1,1,0,0,0,0.3,0.0,0.0,0.5,1.0,2,0,0,0,0.5,0.0,3,4,0,2344
2,1,0,0,0,0.4,0.0,0.0,0.3333333333333333,1.0,3,0,0,0,0.5,0.0,3,4,0,2345
2,6,1,0,1,0.5,0.0,0.0,0.25,1.0,4,0,0,0,0.5,0.0,3,4,0,2346
2,1,0,0,1,0.6,0.0,0.0,0.4,1.0,5,0,0,0,0.5,0.0,3,4,0,2347
1,1,0,0,1,0.7,0.0,0.0,0.5,1.0,6,0,0,0,0.5,0.0,3,4,0,2348
2,2,0,0,1,0.8,0.0,0.0,0.5714285714285714,1.0,7,0,0,0,0.5,0.0,3,4,0,2349
1,7,1,0,0,0.9,0.0,0.0,0.625,1.0,8,0,0,0,0.5,0.0,3,4,0,2350
1,7,1,0,1,1.0,0.0,0.0,0.5555555555555556,1.0,9,0,0,0,0.5,0.0,3,4,0,2351
2,2,0,0,1,0.2,0.0,0.0,0.0,0.0,0,0,0,0,0.0,0.0,3,2,0,2352
2,1,0,1,0,0.4,0.0,0.0,1.0,1.0,1,0,0,0,0.5,0.0,3,2,0,2353
1,6,1,0,0,0.6,0.5,1.0,0.5,1.0,2,1,0,1,0.5,0.5,3,2,0,2354
1,6,1,0,1,0.8,0.3333333333333333,1.0,0.3333333333333333,1.0,3,1,0,1,0.5,0.3333333333333333,3,2,0,2355
3,7,1,0,0,1.0,0.25,1.0,0.5,1.0,4,1,0,1,0.5,0.25,3,2,0,2356
2,1,0,0,0,0.1667,0.0,0.0,0.0,0.0,0,0,0,0,0.0,0.0,3,3,0,2357
3,1,0,0,1,0.3333,0.0,0.0,0.0,0.0,1,0,0,0,0.0,0.0,3,3,0,2358
2,0,0,0,0,0.5,0.0,0.0,0.5,1.0,2,0,0,0,0.5,0.0,3,3,0,2359
2,6,1,0,0,0.6667,0.0,0.0,0.3333333333333333,1.0,3,0,0,0,0.5,0.0,3,3,0,2360
2,0,0,0,0,0.8333,0.0,0.0,0.25,1.0,4,0,0,0,0.5,0.0,3,3,0,2361
1,1,0,0,0,1.0,0.0,0.0,0.2,1.0,5,0,0,0,0.5,0.0,3,3,0,2362
1,6,1,0,0,0.25,0.0,0.0,0.0,0.0,0,0,0,0,0.0,0.0,1,2,0,2363
2,6,1,0,1,0.5,0.0,0.0,0.0,0.0,1,0,0,0,0.0,0.0,1,2,0,2364
3,0,0,0,1,0.75,0.0,0.0,0.5,1.0,2,0,0,0,0.5,0.0,1,2,0,2365
1,2,0,0,1,1.0,0.0,0.0,0.6666666666666666,1.0,3,0,0,0,0.5,0.0,1,2,0,2366
2,1,0,0,0,0.25,0.0,0.0,0.0,0.0,0,0,0,0,0.0,0.0,2,2,0,2367
3,7,1,0,0,0.5,0.0,0.0,0.0,0.0,1,0,0,0,0.0,0.0,2,2,0,2368
2,7,1,0,1,0.75,0.0,0.0,0.0,0.0,2,0,0,0,0.0,0.0,2,2,0,2369
1,0,0,0,0,1.0,0.0,0.0,0.3333333333333333,1.0,3,0,0,0,0.5,0.0,2,2,0,2370
1,0,0,1,1,0.2,0.0,0.0,0.0,0.0,0,0,0,0,0.0,0.0,1,4,0,2371
3,6,1,0,0,0.4,1.0,1.0,1.0,1.0,1,1,0,1,0.5,1.0,1,4,0,2372
2,1,0,0,1,0.6,0.5,1.0,0.5,1.0,2,1,0,1,0.5,0.5,1,4,0,2373
3,2,0,0,1,0.8,0.3333333333333333,1.0,0.6666666666666666,1.0,3,1,0,1,0.5,0.3333333333333333,1,4,0,2374
2,6,1,1,0,1.0,0.25,1.0,0.75,1.0,4,1,0,1,0.5,0.25,1,4,0,2375
1,0,0,0,0,0.2,0.0,0.0,0.0,0.0,0,0,0,0,0.0,0.0,1,4,0,2376
1,1,0,1,1,0.4,0.0,0.0,0.0,0.0,1,0,0,0,0.0,0.0,1,4,0,2377
2,2,0,1,1,0.6,0.5,1.0,0.5,1.0,2,1,0,1,0.5,0.5,1,4,0,2378
2,1,0,0,0,0.8,0.6666666666666666,1.0,0.6666666666666666,1.0,3,2,0,2,0.5,0.6666666666666666,1,4,0,2379
3,7,1,1,0,1.0,0.5,1.0,0.5,1.0,4,2,0,2,0.5,0.5,1,4,0,2380
2,2,0,0,0,0.1667,0.0,0.0,0.0,0.0,0,0,0,0,0.0,0.0,3,2,0,2381
3,1,0,0,0,0.3333,0.0,0.0,0.0,0.0,1,0,0,0,0.0,0.0,3,2,0,2382
2,2,0,0,0,0.5,0.0,0.0,0.0,0.0,2,0,0,0,0.0,0.0,3,2,0,2383
2,1,0,1,0,0.6667,0.0,0.0,0.0,0.0,3,0,0,0,0.0,0.0,3,2,0,2384
2,6,1,1,0,0.8333,0.25,1.0,0.0,0.0,4,1,0,1,0.0,0.25,3,2,0,2385
3,2,0,0,0,1.0,0.4,1.0,0.0,0.0,5,2,0,2,0.0,0.4,3,2,0,2386
3,6,1,1,1,0.25,0.0,0.0,0.0,0.0,0,0,0,0,0.0,0.0,1,2,0,2387
1,6,1,0,1,0.5,1.0,1.0,1.0,1.0,1,1,0,1,0.5,1.0,1,2,0,2388
1,7,1,0,1,0.75,0.5,1.0,1.0,1.0,2,1,0,1,0.5,0.5,1,2,0,2389
3,7,1,1,1,1.0,0.3333333333333333,1.0,1.0,1.0,3,1,0,1,0.5,0.3333333333333333,1,2,0,2390
1,0,0,1,1,0.1,0.0,0.0,0.0,0.0,0,0,0,0,0.0,0.0,3,3,0,2391
1,6,1,0,0,0.2,1.0,1.0,1.0,1.0,1,1,0,1,0.5,1.0,3,3,0,2392
3,6,1,0,0,0.3,0.5,1.0,0.5,1.0,2,1,0,1,0.5,0.5,3,3,0,2393
3,7,1,1,0,0.4,0.3333333333333333,1.0,0.3333333333333333,1.0,3,1,0,1,0.5,0.3333333333333333,3,3,0,2394
2,1,0,0,0,0.5,0.5,1.0,0.25,1.0,4,2,0,2,0.5,0.5,3,3,0,2395
3,0,0,1,0,0.6,0.4,1.0,0.2,1.0,5,2,0,2,0.5,0.4,3,3,0,2396
2,1,0,0,1,0.7,0.5,1.0,0.16666666666666666,1.0,6,3,0,3,0.5,0.5,3,3,0,2397
3,0,0,1,0,0.8,0.42857142857142855,1.0,0.2857142857142857,1.0,7,3,0,3,0.5,0.42857142857142855,3,3,0,2398
2,7,1,0,1,0.9,0.5,1.0,0.25,1.0,8,4,0,4,0.5,0.5,3,3,0,2399
2,7,1,0,0,1.0,0.4444444444444444,1.0,0.3333333333333333,1.0,9,4,0,4,0.5,0.4444444444444444,3,3,0,2400
1,7,1,0,0,0.1667,0.0,0.0,0.0,0.0,0,0,0,0,0.0,0.0,2,3,0,2401
2,7,1,0,0,0.3333,0.0,0.0,0.0,0.0,1,0,0,0,0.0,0.0,2,3,0,2402
3,6,1,0,0,0.5,0.0,0.0,0.0,0.0,2,0,0,0,0.0,0.0,2,3,0,2403
1,7,1,0,0,0.6667,0.0,0.0,0.0,0.0,3,0,0,0,0.0,0.0,2,3,0,2404
3,0,0,0,1,0.8333,0.0,0.0,0.0,0.0,4,0,0,0,0.0,0.0,2,3,0,2405
2,7,1,0,0,1.0,0.0,0.0,0.2,1.0,5,0,0,0,0.5,0.0,2,3,0,2406
3,2,0,1,0,0.25,0.0,0.0,0.0,0.0,0,0,0,0,0.0,0.0,2,3,0,2407
3,6,1,0,0,0.5,1.0,1.0,0.0,0.0,1,1,0,1,0.0,1.0,2,3,0,2408
2,7,1,0,1,0.75,0.5,1.0,0.0,0.0,2,1,0,1,0.0,0.5,2,3,0,2409
3,0,0,0,0,1.0,0.3333333333333333,1.0,0.3333333333333333,1.0,3,1,0,1,0.5,0.3333333333333333,2,3,0,2410
1,2,0,0,1,0.1429,0.0,0.0,0.0,0.0,0,0,0,0,0.0,0.0,1,2,0,2411
1,1,0,1,0,0.2857,0.0,0.0,1.0,1.0,1,0,0,0,0.5,0.0,1,2,0,2412
3,6,1,0,0,0.4286,0.5,1.0,0.5,1.0,2,1,0,1,0.5,0.5,1,2,0,2413
1,2,0,0,0,0.5714,0.3333333333333333,1.0,0.3333333333333333,1.0,3,1,0,1,0.5,0.3333333333333333,1,2,0,2414
2,6,1,1,0,0.7143,0.25,1.0,0.25,1.0,4,1,0,1,0.5,0.25,1,2,0,2415
1,1,0,1,1,0.8571,0.4,1.0,0.2,1.0,5,2,0,2,0.5,0.4,1,2,0,2416
1,1,0,0,0,1.0,0.5,1.0,0.3333333333333333,1.0,6,3,0,3,0.5,0.5,1,2,0,2417
2,7,1,0,0,0.1667,0.0,0.0,0.0,0.0,0,0,0,0,0.0,0.0,0,3,0,2418
2,2,0,0,0,0.3333,0.0,0.0,0.0,0.0,1,0,0,0,0.0,0.0,0,3,0,2419
3,2,0,0,0,0.5,0.0,0.0,0.0,0.0,2,0,0,0,0.0,0.0,0,3,0,2420
3,1,0,0,0,0.6667,0.0,0.0,0.0,0.0,3,0,0,0,0.0,0.0,0,3,0,2421
2,1,0,0,1,0.8333,0.0,0.0,0.0,0.0,4,0,0,0,0.0,0.0,0,3,0,2422
3,7,1,0,0,1.0,0.0,0.0,0.2,1.0,5,0,0,0,0.5,0.0,0,3,0,2423
1,2,0,0,0,0.25,0.0,0.0,0.0,0.0,0,0,0,0,0.0,0.0,1,3,0,2424
1,1,0,0,0,0.5,0.0,0.0,0.0,0.0,1,0,0,0,0.0,0.0,1,3,0,2425
1,2,0,0,1,0.75,0.0,0.0,0.0,0.0,2,0,0,0,0.0,0.0,1,3,0,2426
1,6,1,0,0,1.0,0.0,0.0,0.3333333333333333,1.0,3,0,0,0,0.5,0.0,1,3,0,2427
2,2,0,1,1,0.1111,0.0,0.0,0.0,0.0,0,0,0,0,0.0,0.0,2,2,0,2428
3,0,0,0,0,0.2222,1.0,1.0,1.0,1.0,1,1,0,1,0.5,1.0,2,2,0,2429
3,6,1,1,0,0.3333,0.5,1.0,0.5,1.0,2,1,0,1,0.5,0.5,2,2,0,2430
3,6,1,1,0,0.4444,0.6666666666666666,1.0,0.3333333333333333,1.0,3,2,0,2,0.5,0.6666666666666666,2,2,0,2431
1,0,0,0,1,0.5556,0.75,1.0,0.25,1.0,4,3,0,3,0.5,0.75,2,2,0,2432
2,6,1,0,0,0.6667,0.6,1.0,0.4,1.0,5,3,0,3,0.5,0.6,2,2,0,2433
1,0,0,0,0,0.7778,0.5,1.0,0.3333333333333333,1.0,6,3,0,3,0.5,0.5,2,2,0,2434
1,7,1,0,1,0.8889,0.42857142857142855,1.0,0.2857142857142857,1.0,7,3,0,3,0.5,0.42857142857142855,2,2,0,2435
1,6,1,0,0,1.0,0.375,1.0,0.375,1.0,8,3,0,3,0.5,0.375,2,2,0,2436
3,7,1,0,0,0.125,0.0,0.0,0.0,0.0,0,0,0,0,0.0,0.0,0,2,0,2437
1,2,0,0,1,0.25,0.0,0.0,0.0,0.0,1,0,0,0,0.0,0.0,0,2,0,2438
3,2,0,0,0,0.375,0.0,0.0,0.5,1.0,2,0,0,0,0.5,0.0,0,2,0,2439
3,0,0,0,1,0.5,0.0,0.0,0.3333333333333333,1.0,3,0,0,0,0.5,0.0,0,2,0,2440
1,2,0,0,1,0.625,0.0,0.0,0.5,1.0,4,0,0,0,0.5,0.0,0,2,0,2441
3,7,1,0,0,0.75,0.0,0.0,0.6,1.0,5,0,0,0,0.5,0.0,0,2,0,2442
1,2,0,0,0,0.875,0.0,0.0,0.5,1.0,6,0,0,0,0.5,0.0,0,2,0,2443
3,2,0,0,0,1.0,0.0,0.0,0.42857142857142855,1.0,7,0,0,0,0.5,0.0,0,2,0,2444
3,2,0,0,1,0.1667,0.0,0.0,0.0,0.0,0,0,0,0,0.0,0.0,1,2,0,2445
1,7,1,0,1,0.3333,0.0,0.0,1.0,1.0,1,0,0,0,0.5,0.0,1,2,0,2446
3,2,0,0,0,0.5,0.0,0.0,1.0,1.0,2,0,0,0,0.5,0.0,1,2,0,2447
3,6,1,0,0,0.6667,0.0,0.0,0.6666666666666666,1.0,3,0,0,0,0.5,0.0,1,2,0,2448
2,2,0,1,0,0.8333,0.0,0.0,0.5,1.0,4,0,0,0,0.5,0.0,1,2,0,2449
3,1,0,0,1,1.0,0.2,1.0,0.4,1.0,5,1,0,1,0.5,0.2,1,2,0,2450
2,1,0,0,0,0.2,0.0,0.0,0.0,0.0,0,0,0,0,0.0,0.0,1,4,0,2451
2,2,0,1,0,0.4,0.0,0.0,0.0,0.0,1,0,0,0,0.0,0.0,1,4,0,2452
3,2,0,0,0,0.6,0.5,1.0,0.0,0.0,2,1,0,1,0.0,0.5,1,4,0,2453
1,1,0,0,0,0.8,0.3333333333333333,1.0,0.0,0.0,3,1,0,1,0.0,0.3333333333333333,1,4,0,2454
2,1,0,0,0,1.0,0.25,1.0,0.0,0.0,4,1,0,1,0.0,0.25,1,4,0,2455
2,7,1,0,1,0.1667,0.0,0.0,0.0,0.0,0,0,0,0,0.0,0.0,1,2,0,2456
3,2,0,0,1,0.3333,0.0,0.0,1.0,1.0,1,0,0,0,0.5,0.0,1,2,0,2457
1,7,1,1,0,0.5,0.0,0.0,1.0,1.0,2,0,0,0,0.5,0.0,1,2,0,2458
1,0,0,0,0,0.6667,0.3333333333333333,1.0,0.6666666666666666,1.0,3,1,0,1,0.5,0.3333333333333333,1,2,0,2459
3,7,1,0,0,0.8333,0.25,1.0,0.5,1.0,4,1,0,1,0.5,0.25,1,2,0,2460
3,0,0,0,1,1.0,0.2,1.0,0.4,1.0,5,1,0,1,0.5,0.2,1,2,0,2461
1,1,0,1,0,0.2,0.0,0.0,0.0,0.0,0,0,0,0,0.0,0.0,3,3,0,2462
1,2,0,0,0,0.4,1.0,1.0,0.0,0.0,1,1,0,1,0.0,1.0,3,3,0,2463
1,7,1,1,1,0.6,0.5,1.0,0.0,0.0,2,1,0,1,0.0,0.5,3,3,0,2464
1,6,1,0,0,0.8,0.6666666666666666,1.0,0.3333333333333333,1.0,3,2,0,2,0.5,0.6666666666666666,3,3,0,2465
2,6,1,1,1,1.0,0.5,1.0,0.25,1.0,4,2,0,2,0.5,0.5,3,3,0,2466
1,6,1,1,0,0.25,0.0,0.0,0.0,0.0,0,0,0,0,0.0,0.0,3,3,0,2467
1,0,0,0,1,0.5,1.0,1.0,0.0,0.0,1,1,0,1,0.0,1.0,3,3,0,2468
2,2,0,0,1,0.75,0.5,1.0,0.5,1.0,2,1,0,1,0.5,0.5,3,3,0,2469
1,7,1,1,1,1.0,0.3333333333333333,1.0,0.6666666666666666,1.0,3,1,0,1,0.5,0.3333333333333333,3,3,0,2470
3,6,1,0,0,0.1,0.0,0.0,0.0,0.0,0,0,0,0,0.0,0.0,1,3,0,2471
2,0,0,1,0,0.2,0.0,0.0,0.0,0.0,1,0,0,0,0.0,0.0,1,3,0,2472
1,7,1,0,1,0.3,0.5,1.0,0.0,0.0,2,1,0,1,0.0,0.5,1,3,0,2473
3,6,1,0,0,0.4,0.3333333333333333,1.0,0.3333333333333333,1.0,3,1,0,1,0.5,0.3333333333333333,1,3,0,2474
3,6,1,1,0,0.5,0.25,1.0,0.25,1.0,4,1,0,1,0.5,0.25,1,3,0,2475
3,7,1,0,0,0.6,0.4,1.0,0.2,1.0,5,2,0,2,0.5,0.4,1,3,0,2476
3,0,0,0,0,0.7,0.3333333333333333,1.0,0.16666666666666666,1.0,6,2,0,2,0.5,0.3333333333333333,1,3,0,2477
1,7,1,0,0,0.8,0.2857142857142857,1.0,0.14285714285714285,1.0,7,2,0,2,0.5,0.2857142857142857,1,3,0,2478
1,7,1,0,0,0.9,0.25,1.0,0.125,1.0,8,2,0,2,0.5,0.25,1,3,0,2479
1,7,1,0,0,1.0,0.2222222222222222,1.0,0.1111111111111111,1.0,9,2,0,2,0.5,0.2222222222222222,1,3,0,2480
2,6,1,1,1,0.25,0.0,0.0,0.0,0.0,0,0,0,0,0.0,0.0,2,3,0,2481
1,0,0,1,1,0.5,1.0,1.0,1.0,1.0,1,1,0,1,0.5,1.0,2,3,0,2482
2,6,1,0,0,0.75,1.0,1.0,1.0,1.0,2,2,0,2,0.5,1.0,2,3,0,2483
3,2,0,0,0,1.0,0.6666666666666666,1.0,0.6666666666666666,1.0,3,2,0,2,0.5,0.6666666666666666,2,3,0,2484
3,0,0,1,0,0.1667,0.0,0.0,0.0,0.0,0,0,0,0,0.0,0.0,3,4,0,2485
2,0,0,1,1,0.3333,1.0,1.0,0.0,0.0,1,1,0,1,0.0,1.0,3,4,0,2486
1,2,0,0,0,0.5,1.0,1.0,0.5,1.0,2,2,0,2,0.5,1.0,3,4,0,2487
1,0,0,0,1,0.6667,0.6666666666666666,1.0,0.3333333333333333,1.0,3,2,0,2,0.5,0.6666666666666666,3,4,0,2488
3,2,0,0,0,0.8333,0.5,1.0,0.5,1.0,4,2,0,2,0.5,0.5,3,4,0,2489
3,1,0,0,0,1.0,0.4,1.0,0.4,1.0,5,2,0,2,0.5,0.4,3,4,0,2490
3,2,0,0,1,0.25,0.0,0.0,0.0,0.0,0,0,0,0,0.0,0.0,1,2,0,2491
1,6,1,0,1,0.5,0.0,0.0,1.0,1.0,1,0,0,0,0.5,0.0,1,2,0,2492
2,1,0,1,0,0.75,0.0,0.0,1.0,1.0,2,0,0,0,0.5,0.0,1,2,0,2493
2,7,1,0,0,1.0,0.3333333333333333,1.0,0.6666666666666666,1.0,3,1,0,1,0.5,0.3333333333333333,1,2,0,2494
1,2,0,0,0,0.25,0.0,0.0,0.0,0.0,0,0,0,0,0.0,0.0,1,2,0,2495
3,7,1,1,0,0.5,0.0,0.0,0.0,0.0,1,0,0,0,0.0,0.0,1,2,0,2496
1,1,0,0,0,0.75,0.5,1.0,0.0,0.0,2,1,0,1,0.0,0.5,1,2,0,2497
1,7,1,0,0,1.0,0.3333333333333333,1.0,0.0,0.0,3,1,0,1,0.0,0.3333333333333333,1,2,0,2498
2,7,1,0,0,0.125,0.0,0.0,0.0,0.0,0,0,0,0,0.0,0.0,1,2,0,2499
3,0,0,0,0,0.25,0.0,0.0,0.0,0.0,1,0,0,0,0.0,0.0,1,2,0,2500
3,1,0,0,0,0.375,0.0,0.0,0.0,0.0,2,0,0,0,0.0,0.0,1,2,0,2501
3,2,0,0,1,0.5,0.0,0.0,0.0,0.0,3,0,0,0,0.0,0.0,1,2,0,2502
3,7,1,1,0,0.625,0.0,0.0,0.25,1.0,4,0,0,0,0.5,0.0,1,2,0,2503
3,7,1,1,0,0.75,0.2,1.0,0.2,1.0,5,1,0,1,0.5,0.2,1,2,0,2504
2,7,1,0,0,0.875,0.3333333333333333,1.0,0.16666666666666666,1.0,6,2,0,2,0.5,0.3333333333333333,1,2,0,2505
3,0,0,0,0,1.0,0.2857142857142857,1.0,0.14285714285714285,1.0,7,2,0,2,0.5,0.2857142857142857,1,2,0,2506
1,1,0,0,1,0.125,0.0,0.0,0.0,0.0,0,0,0,0,0.0,0.0,1,4,0,2507
2,2,0,0,1,0.25,0.0,0.0,1.0,1.0,1,0,0,0,0.5,0.0,1,4,0,2508
3,6,1,0,1,0.375,0.0,0.0,1.0,1.0,2,0,0,0,0.5,0.0,1,4,0,2509
2,2,0,0,1,0.5,0.0,0.0,1.0,1.0,3,0,0,0,0.5,0.0,1,4,0,2510
3,2,0,0,0,0.625,0.0,0.0,1.0,1.0,4,0,0,0,0.5,0.0,1,4,0,2511
1,2,0,1,1,0.75,0.0,0.0,0.8,1.0,5,0,0,0,0.5,0.0,1,4,0,2512
2,7,1,0,0,0.875,0.16666666666666666,1.0,0.8333333333333334,1.0,6,1,0,1,0.5,0.16666666666666666,1,4,0,2513
1,2,0,0,1,1.0,0.14285714285714285,1.0,0.7142857142857143,1.0,7,1,0,1,0.5,0.14285714285714285,1,4,0,2514
1,6,1,1,0,0.25,0.0,0.0,0.0,0.0,0,0,0,0,0.0,0.0,2,4,0,2515
3,6,1,0,0,0.5,1.0,1.0,0.0,0.0,1,1,0,1,0.0,1.0,2,4,0,2516
2,1,0,0,1,0.75,0.5,1.0,0.0,0.0,2,1,0,1,0.0,0.5,2,4,0,2517
1,2,0,1,1,1.0,0.3333333333333333,1.0,0.3333333333333333,1.0,3,1,0,1,0.5,0.3333333333333333,2,4,0,2518
3,2,0,0,1,0.1429,0.0,0.0,0.0,0.0,0,0,0,0,0.0,0.0,2,3,0,2519
1,6,1,0,0,0.2857,0.0,0.0,1.0,1.0,1,0,0,0,0.5,0.0,2,3,0,2520
2,7,1,1,0,0.4286,0.0,0.0,0.5,1.0,2,0,0,0,0.5,0.0,2,3,0,2521
1,2,0,0,0,0.5714,0.3333333333333333,1.0,0.3333333333333333,1.0,3,1,0,1,0.5,0.3333333333333333,2,3,0,2522
2,0,0,0,0,0.7143,0.25,1.0,0.25,1.0,4,1,0,1,0.5,0.25,2,3,0,2523
3,2,0,1,0,0.8571,0.2,1.0,0.2,1.0,5,1,0,1,0.5,0.2,2,3,0,2524
3,1,0,0,0,1.0,0.3333333333333333,1.0,0.16666666666666666,1.0,6,2,0,2,0.5,0.3333333333333333,2,3,0,2525
1,1,0,1,1,0.125,0.0,0.0,0.0,0.0,0,0,0,0,0.0,0.0,0,2,0,2526
3,2,0,0,0,0.25,1.0,1.0,1.0,1.0,1,1,0,1,0.5,1.0,0,2,0,2527
1,1,0,0,1,0.375,0.5,1.0,0.5,1.0,2,1,0,1,0.5,0.5,0,2,0,2528
3,7,1,0,0,0.5,0.3333333333333333,1.0,0.6666666666666666,1.0,3,1,0,1,0.5,0.3333333333333333,0,2,0,2529
3,7,1,0,1,0.625,0.25,1.0,0.5,1.0,4,1,0,1,0.5,0.25,0,2,0,2530
3,2,0,0,0,0.75,0.2,1.0,0.6,1.0,5,1,0,1,0.5,0.2,0,2,0,2531
2,2,0,0,0,0.875,0.16666666666666666,1.0,0.5,1.0,6,1,0,1,0.5,0.16666666666666666,0,2,0,2532
2,7,1,1,0,1.0,0.14285714285714285,1.0,0.42857142857142855,1.0,7,1,0,1,0.5,0.14285714285714285,0,2,0,2533
3,1,0,0,0,0.1429,0.0,0.0,0.0,0.0,0,0,0,0,0.0,0.0,1,3,0,2534
2,7,1,0,0,0.2857,0.0,0.0,0.0,0.0,1,0,0,0,0.0,0.0,1,3,0,2535
1,7,1,1,0,0.4286,0.0,0.0,0.0,0.0,2,0,0,0,0.0,0.0,1,3,0,2536
2,6,1,0,1,0.5714,0.3333333333333333,1.0,0.0,0.0,3,1,0,1,0.0,0.3333333333333333,1,3,0,2537
2,0,0,0,1,0.7143,0.25,1.0,0.25,1.0,4,1,0,1,0.5,0.25,1,3,0,2538
2,0,0,0,0,0.8571,0.2,1.0,0.4,1.0,5,1,0,1,0.5,0.2,1,3,0,2539
1,6,1,0,0,1.0,0.16666666666666666,1.0,0.3333333333333333,1.0,6,1,0,1,0.5,0.16666666666666666,1,3,0,2540
1,6,1,1,1,0.1111,0.0,0.0,0.0,0.0,0,0,0,0,0.0,0.0,2,3,0,2541
1,0,0,0,0,0.2222,1.0,1.0,1.0,1.0,1,1,0,1,0.5,1.0,2,3,0,2542
3,0,0,0,0,0.3333,0.5,1.0,0.5,1.0,2,1,0,1,0.5,0.5,2,3,0,2543
3,2,0,0,0,0.4444,0.3333333333333333,1.0,0.3333333333333333,1.0,3,1,0,1,0.5,0.3333333333333333,2,3,0,2544
1,6,1,0,1,0.5556,0.25,1.0,0.25,1.0,4,1,0,1,0.5,0.25,2,3,0,2545
1,7,1,0,0,0.6667,0.2,1.0,0.4,1.0,5,1,0,1,0.5,0.2,2,3,0,2546
2,7,1,0,0,0.7778,0.16666666666666666,1.0,0.3333333333333333,1.0,6,1,0,1,0.5,0.16666666666666666,2,3,0,2547
1,0,0,0,1,0.8889,0.14285714285714285,1.0,0.2857142857142857,1.0,7,1,0,1,0.5,0.14285714285714285,2,3,0,2548
2,0,0,0,0,1.0,0.125,1.0,0.375,1.0,8,1,0,1,0.5,0.125,2,3,0,2549
3,7,1,0,0,0.1111,0.0,0.0,0.0,0.0,0,0,0,0,0.0,0.0,1,4,0,2550
2,6,1,1,0,0.2222,0.0,0.0,0.0,0.0,1,0,0,0,0.0,0.0,1,4,0,2551
2,2,0,1,1,0.3333,0.5,1.0,0.0,0.0,2,1,0,1,0.0,0.5,1,4,0,2552
3,7,1,0,1,0.4444,0.6666666666666666,1.0,0.3333333333333333,1.0,3,2,0,2,0.5,0.6666666666666666,1,4,0,2553
3,6,1,0,0,0.5556,0.5,1.0,0.5,1.0,4,2,0,2,0.5,0.5,1,4,0,2554
1,7,1,0,0,0.6667,0.4,1.0,0.4,1.0,5,2,0,2,0.5,0.4,1,4,0,2555
2,1,0,0,0,0.7778,0.3333333333333333,1.0,0.3333333333333333,1.0,6,2,0,2,0.5,0.3333333333333333,1,4,0,2556
1,6,1,0,1,0.8889,0.2857142857142857,1.0,0.2857142857142857,1.0,7,2,0,2,0.5,0.2857142857142857,1,4,0,2557
2,7,1,0,0,1.0,0.25,1.0,0.375,1.0,8,2,0,2,0.5,0.25,1,4,0,2558
3,2,0,0,1,0.1,0.0,0.0,0.0,0.0,0,0,0,0,0.0,0.0,3,3,0,2559
1,0,0,0,0,0.2,0.0,0.0,1.0,1.0,1,0,0,0,0.5,0.0,3,3,0,2560
1,1,0,0,0,0.3,0.0,0.0,0.5,1.0,2,0,0,0,0.5,0.0,3,3,0,2561
1,0,0,0,0,0.4,0.0,0.0,0.3333333333333333,1.0,3,0,0,0,0.5,0.0,3,3,0,2562
1,7,1,1,0,0.5,0.0,0.0,0.25,1.0,4,0,0,0,0.5,0.0,3,3,0,2563
1,7,1,0,1,0.6,0.2,1.0,0.2,1.0,5,1,0,1,0.5,0.2,3,3,0,2564
3,0,0,0,0,0.7,0.16666666666666666,1.0,0.3333333333333333,1.0,6,1,0,1,0.5,0.16666666666666666,3,3,0,2565
3,1,0,0,0,0.8,0.14285714285714285,1.0,0.2857142857142857,1.0,7,1,0,1,0.5,0.14285714285714285,3,3,0,2566
3,0,0,0,0,0.9,0.125,1.0,0.25,1.0,8,1,0,1,0.5,0.125,3,3,0,2567
3,1,0,1,1,1.0,0.1111111111111111,1.0,0.2222222222222222,1.0,9,1,0,1,0.5,0.1111111111111111,3,3,0,2568
2,0,0,0,0,0.25,0.0,0.0,0.0,0.0,0,0,0,0,0.0,0.0,0,2,0,2569
3,6,1,0,1,0.5,0.0,0.0,0.0,0.0,1,0,0,0,0.0,0.0,0,2,0,2570
1,6,1,0,0,0.75,0.0,0.0,0.5,1.0,2,0,0,0,0.5,0.0,0,2,0,2571
3,1,0,0,0,1.0,0.0,0.0,0.3333333333333333,1.0,3,0,0,0,0.5,0.0,0,2,0,2572
3,0,0,0,0,0.1429,0.0,0.0,0.0,0.0,0,0,0,0,0.0,0.0,3,2,0,2573
3,1,0,0,0,0.2857,0.0,0.0,0.0,0.0,1,0,0,0,0.0,0.0,3,2,0,2574
2,0,0,0,0,0.4286,0.0,0.0,0.0,0.0,2,0,0,0,0.0,0.0,3,2,0,2575
3,0,0,1,1,0.5714,0.0,0.0,0.0,0.0,3,0,0,0,0.0,0.0,3,2,0,2576
1,0,0,0,0,0.7143,0.25,1.0,0.25,1.0,4,1,0,1,0.5,0.25,3,2,0,2577
3,0,0,1,0,0.8571,0.2,1.0,0.2,1.0,5,1,0,1,0.5,0.2,3,2,0,2578
1,1,0,0,0,1.0,0.3333333333333333,1.0,0.16666666666666666,1.0,6,2,0,2,0.5,0.3333333333333333,3,2,0,2579
3,6,1,0,0,0.1,0.0,0.0,0.0,0.0,0,0,0,0,0.0,0.0,1,4,0,2580
1,0,0,0,0,0.2,0.0,0.0,0.0,0.0,1,0,0,0,0.0,0.0,1,4,0,2581
3,2,0,0,1,0.3,0.0,0.0,0.0,0.0,2,0,0,0,0.0,0.0,1,4,0,2582
1,2,0,0,0,0.4,0.0,0.0,0.3333333333333333,1.0,3,0,0,0,0.5,0.0,1,4,0,2583
3,0,0,0,0,0.5,0.0,0.0,0.25,1.0,4,0,0,0,0.5,0.0,1,4,0,2584
2,0,0,0,0,0.6,0.0,0.0,0.2,1.0,5,0,0,0,0.5,0.0,1,4,0,2585
2,0,0,0,0,0.7,0.0,0.0,0.16666666666666666,1.0,6,0,0,0,0.5,0.0,1,4,0,2586
2,0,0,0,0,0.8,0.0,0.0,0.14285714285714285,1.0,7,0,0,0,0.5,0.0,1,4,0,2587
1,1,0,0,0,0.9,0.0,0.0,0.125,1.0,8,0,0,0,0.5,0.0,1,4,0,2588
1,0,0,1,1,1.0,0.0,0.0,0.1111111111111111,1.0,9,0,0,0,0.5,0.0,1,4,0,2589
3,1,0,0,1,0.25,0.0,0.0,0.0,0.0,0,0,0,0,0.0,0.0,3,3,0,2590
1,7,1,0,0,0.5,0.0,0.0,1.0,1.0,1,0,0,0,0.5,0.0,3,3,0,2591
3,0,0,0,0,0.75,0.0,0.0,0.5,1.0,2,0,0,0,0.5,0.0,3,3,0,2592
2,7,1,1,0,1.0,0.0,0.0,0.3333333333333333,1.0,3,0,0,0,0.5,0.0,3,3,0,2593
1,2,0,0,0,0.25,0.0,0.0,0.0,0.0,0,0,0,0,0.0,0.0,0,4,0,2594
2,6,1,0,0,0.5,0.0,0.0,0.0,0.0,1,0,0,0,0.0,0.0,0,4,0,2595
1,6,1,0,0,0.75,0.0,0.0,0.0,0.0,2,0,0,0,0.0,0.0,0,4,0,2596
1,7,1,0,0,1.0,0.0,0.0,0.0,0.0,3,0,0,0,0.0,0.0,0,4,0,2597
1,2,0,1,0,0.1111,0.0,0.0,0.0,0.0,0,0,0,0,0.0,0.0,2,4,0,2598
1,6,1,0,0,0.2222,1.0,1.0,0.0,0.0,1,1,0,1,0.0,1.0,2,4,0,2599
2,1,0,0,1,0.3333,0.5,1.0,0.0,0.0,2,1,0,1,0.0,0.5,2,4,0,2600
3,7,1,0,0,0.4444,0.3333333333333333,1.0,0.3333333333333333,1.0,3,1,0,1,0.5,0.3333333333333333,2,4,0,2601
1,1,0,1,0,0.5556,0.25,1.0,0.25,1.0,4,1,0,1,0.5,0.25,2,4,0,2602
2,6,1,0,1,0.6667,0.4,1.0,0.2,1.0,5,2,0,2,0.5,0.4,2,4,0,2603
3,0,0,1,0,0.7778,0.3333333333333333,1.0,0.3333333333333333,1.0,6,2,0,2,0.5,0.3333333333333333,2,4,0,2604
2,6,1,0,0,0.8889,0.42857142857142855,1.0,0.2857142857142857,1.0,7,3,0,3,0.5,0.42857142857142855,2,4,0,2605
2,0,0,1,1,1.0,0.375,1.0,0.25,1.0,8,3,0,3,0.5,0.375,2,4,0,2606
3,7,1,0,0,0.1667,0.0,0.0,0.0,0.0,0,0,0,0,0.0,0.0,2,4,0,2607
2,6,1,0,0,0.3333,0.0,0.0,0.0,0.0,1,0,0,0,0.0,0.0,2,4,0,2608
1,6,1,1,0,0.5,0.0,0.0,0.0,0.0,2,0,0,0,0.0,0.0,2,4,0,2609
2,6,1,1,1,0.6667,0.3333333333333333,1.0,0.0,0.0,3,1,0,1,0.0,0.3333333333333333,2,4,0,2610
2,0,0,0,1,0.8333,0.5,1.0,0.25,1.0,4,2,0,2,0.5,0.5,2,4,0,2611
2,0,0,1,0,1.0,0.4,1.0,0.4,1.0,5,2,0,2,0.5,0.4,2,4,0,2612
2,1,0,1,1,0.25,0.0,0.0,0.0,0.0,0,0,0,0,0.0,0.0,0,2,0,2613
1,7,1,0,0,0.5,1.0,1.0,1.0,1.0,1,1,0,1,0.5,1.0,0,2,0,2614
3,0,0,0,1,0.75,0.5,1.0,0.5,1.0,2,1,0,1,0.5,0.5,0,2,0,2615
2,7,1,0,1,1.0,0.3333333333333333,1.0,0.6666666666666666,1.0,3,1,0,1,0.5,0.3333333333333333,0,2,0,2616
3,0,0,0,0,0.1429,0.0,0.0,0.0,0.0,0,0,0,0,0.0,0.0,3,2,0,2617
1,2,0,0,0,0.2857,0.0,0.0,0.0,0.0,1,0,0,0,0.0,0.0,3,2,0,2618
1,6,1,0,0,0.4286,0.0,0.0,0.0,0.0,2,0,0,0,0.0,0.0,3,2,0,2619
2,2,0,1,0,0.5714,0.0,0.0,0.0,0.0,3,0,0,0,0.0,0.0,3,2,0,2620
3,2,0,0,1,0.7143,0.25,1.0,0.0,0.0,4,1,0,1,0.0,0.25,3,2,0,2621
1,6,1,0,0,0.8571,0.2,1.0,0.2,1.0,5,1,0,1,0.5,0.2,3,2,0,2622
1,7,1,1,0,1.0,0.16666666666666666,1.0,0.16666666666666666,1.0,6,1,0,1,0.5,0.16666666666666666,3,2,0,2623
1,7,1,1,0,0.1,0.0,0.0,0.0,0.0,0,0,0,0,0.0,0.0,0,4,0,2624
2,7,1,0,1,0.2,1.0,1.0,0.0,0.0,1,1,0,1,0.0,1.0,0,4,0,2625
2,2,0,1,0,0.3,0.5,1.0,0.5,1.0,2,1,0,1,0.5,0.5,0,4,0,2626
3,1,0,0,0,0.4,0.6666666666666666,1.0,0.3333333333333333,1.0,3,2,0,2,0.5,0.6666666666666666,0,4,0,2627
3,6,1,0,0,0.5,0.5,1.0,0.25,1.0,4,2,0,2,0.5,0.5,0,4,0,2628
3,7,1,1,0,0.6,0.4,1.0,0.2,1.0,5,2,0,2,0.5,0.4,0,4,0,2629
1,6,1,0,0,0.7,0.5,1.0,0.16666666666666666,1.0,6,3,0,3,0.5,0.5,0,4,0,2630
1,0,0,0,1,0.8,0.42857142857142855,1.0,0.14285714285714285,1.0,7,3,0,3,0.5,0.42857142857142855,0,4,0,2631
3,6,1,0,0,0.9,0.375,1.0,0.25,1.0,8,3,0,3,0.5,0.375,0,4,0,2632
3,6,1,0,1,1.0,0.3333333333333333,1.0,0.2222222222222222,1.0,9,3,0,3,0.5,0.3333333333333333,0,4,0,2633
1,0,0,0,1,0.1,0.0,0.0,0.0,0.0,0,0,0,0,0.0,0.0,1,4,0,2634
2,6,1,0,0,0.2,0.0,0.0,1.0,1.0,1,0,0,0,0.5,0.0,1,4,0,2635
2,0,0,1,0,0.3,0.0,0.0,0.5,1.0,2,0,0,0,0.5,0.0,1,4,0,2636
3,0,0,1,1,0.4,0.3333333333333333,1.0,0.3333333333333333,1.0,3,1,0,1,0.5,0.3333333333333333,1,4,0,2637
3,2,0,0,1,0.5,0.5,1.0,0.5,1.0,4,2,0,2,0.5,0.5,1,4,0,2638
2,6,1,0,0,0.6,0.4,1.0,0.6,1.0,5,2,0,2,0.5,0.4,1,4,0,2639
1,2,0,1,1,0.7,0.3333333333333333,1.0,0.5,1.0,6,2,0,2,0.5,0.3333333333333333,1,4,0,2640
2,7,1,0,1,0.8,0.42857142857142855,1.0,0.5714285714285714,1.0,7,3,0,3,0.5,0.42857142857142855,1,4,0,2641
1,2,0,0,1,0.9,0.375,1.0,0.625,1.0,8,3,0,3,0.5,0.375,1,4,0,2642
3,7,1,0,0,1.0,0.3333333333333333,1.0,0.6666666666666666,1.0,9,3,0,3,0.5,0.3333333333333333,1,4,0,2643
3,2,0,0,0,0.1111,0.0,0.0,0.0,0.0,0,0,0,0,0.0,0.0,1,3,0,2644
2,0,0,0,0,0.2222,0.0,0.0,0.0,0.0,1,0,0,0,0.0,0.0,1,3,0,2645
2,0,0,0,0,0.3333,0.0,0.0,0.0,0.0,2,0,0,0,0.0,0.0,1,3,0,2646
1,6,1,0,0,0.4444,0.0,0.0,0.0,0.0,3,0,0,0,0.0,0.0,1,3,0,2647
2,7,1,0,1,0.5556,0.0,0.0,0.0,0.0,4,0,0,0,0.0,0.0,1,3,0,2648
1,7,1,1,0,0.6667,0.0,0.0,0.2,1.0,5,0,0,0,0.5,0.0,1,3,0,2649
1,1,0,0,0,0.7778,0.16666666666666666,1.0,0.16666666666666666,1.0,6,1,0,1,0.5,0.16666666666666666,1,3,0,2650
3,1,0,0,1,0.8889,0.14285714285714285,1.0,0.14285714285714285,1.0,7,1,0,1,0.5,0.14285714285714285,1,3,0,2651
3,6,1,0,0,1.0,0.125,1.0,0.25,1.0,8,1,0,1,0.5,0.125,1,3,0,2652
2,0,0,0,0,0.1,0.0,0.0,0.0,0.0,0,0,0,0,0.0,0.0,2,4,0,2653
2,2,0,0,1,0.2,0.0,0.0,0.0,0.0,1,0,0,0,0.0,0.0,2,4,0,2654
1,2,0,1,0,0.3,0.0,0.0,0.5,1.0,2,0,0,0,0.5,0.0,2,4,0,2655
1,6,1,0,1,0.4,0.3333333333333333,1.0,0.3333333333333333,1.0,3,1,0,1,0.5,0.3333333333333333,2,4,0,2656
3,0,0,0,0,0.5,0.25,1.0,0.5,1.0,4,1,0,1,0.5,0.25,2,4,0,2657
3,1,0,1,0,0.6,0.2,1.0,0.4,1.0,5,1,0,1,0.5,0.2,2,4,0,2658
3,1,0,1,0,0.7,0.3333333333333333,1.0,0.3333333333333333,1.0,6,2,0,2,0.5,0.3333333333333333,2,4,0,2659
1,1,0,0,1,0.8,0.42857142857142855,1.0,0.2857142857142857,1.0,7,3,0,3,0.5,0.42857142857142855,2,4,0,2660
1,2,0,1,0,0.9,0.375,1.0,0.375,1.0,8,3,0,3,0.5,0.375,2,4,0,2661
1,0,0,0,1,1.0,0.4444444444444444,1.0,0.3333333333333333,1.0,9,4,0,4,0.5,0.4444444444444444,2,4,0,2662
3,2,0,0,0,0.1429,0.0,0.0,0.0,0.0,0,0,0,0,0.0,0.0,3,4,0,2663
3,6,1,0,1,0.2857,0.0,0.0,0.0,0.0,1,0,0,0,0.0,0.0,3,4,0,2664
2,7,1,0,0,0.4286,0.0,0.0,0.5,1.0,2,0,0,0,0.5,0.0,3,4,0,2665
2,0,0,1,0,0.5714,0.0,0.0,0.3333333333333333,1.0,3,0,0,0,0.5,0.0,3,4,0,2666
3,6,1,0,0,0.7143,0.25,1.0,0.25,1.0,4,1,0,1,0.5,0.25,3,4,0,2667
3,6,1,1,0,0.8571,0.2,1.0,0.2,1.0,5,1,0,1,0.5,0.2,3,4,0,2668
3,2,0,0,0,1.0,0.3333333333333333,1.0,0.16666666666666666,1.0,6,2,0,2,0.5,0.3333333333333333,3,4,0,2669
2,0,0,0,1,0.1111,0.0,0.0,0.0,0.0,0,0,0,0,0.0,0.0,1,2,0,2670
3,7,1,0,0,0.2222,0.0,0.0,1.0,1.0,1,0,0,0,0.5,0.0,1,2,0,2671
1,0,0,1,0,0.3333,0.0,0.0,0.5,1.0,2,0,0,0,0.5,0.0,1,2,0,2672
2,0,0,1,0,0.4444,0.3333333333333333,1.0,0.3333333333333333,1.0,3,1,0,1,0.5,0.3333333333333333,1,2,0,2673
3,1,0,0,0,0.5556,0.5,1.0,0.25,1.0,4,2,0,2,0.5,0.5,1,2,0,2674
3,0,0,0,0,0.6667,0.4,1.0,0.2,1.0,5,2,0,2,0.5,0.4,1,2,0,2675
3,7,1,0,1,0.7778,0.3333333333333333,1.0,0.16666666666666666,1.0,6,2,0,2,0.5,0.3333333333333333,1,2,0,2676
1,6,1,1,1,0.8889,0.2857142857142857,1.0,0.2857142857142857,1.0,7,2,0,2,0.5,0.2857142857142857,1,2,0,2677
2,0,0,0,0,1.0,0.375,1.0,0.375,1.0,8,3,0,3,0.5,0.375,1,2,0,2678
3,0,0,1,0,0.1667,0.0,0.0,0.0,0.0,0,0,0,0,0.0,0.0,1,3,0,2679
2,7,1,0,0,0.3333,1.0,1.0,0.0,0.0,1,1,0,1,0.0,1.0,1,3,0,2680
3,6,1,1,0,0.5,0.5,1.0,0.0,0.0,2,1,0,1,0.0,0.5,1,3,0,2681
2,2,0,1,1,0.6667,0.6666666666666666,1.0,0.0,0.0,3,2,0,2,0.0,0.6666666666666666,1,3,0,2682
1,2,0,1,0,0.8333,0.75,1.0,0.25,1.0,4,3,0,3,0.5,0.75,1,3,0,2683
1,2,0,0,1,1.0,0.8,1.0,0.2,1.0,5,4,0,4,0.5,0.8,1,3,0,2684
2,7,1,0,0,0.1,0.0,0.0,0.0,0.0,0,0,0,0,0.0,0.0,2,4,0,2685
3,6,1,0,0,0.2,0.0,0.0,0.0,0.0,1,0,0,0,0.0,0.0,2,4,0,2686
2,6,1,0,0,0.3,0.0,0.0,0.0,0.0,2,0,0,0,0.0,0.0,2,4,0,2687
2,7,1,0,0,0.4,0.0,0.0,0.0,0.0,3,0,0,0,0.0,0.0,2,4,0,2688
3,7,1,0,0,0.5,0.0,0.0,0.0,0.0,4,0,0,0,0.0,0.0,2,4,0,2689
3,1,0,0,0,0.6,0.0,0.0,0.0,0.0,5,0,0,0,0.0,0.0,2,4,0,2690
3,1,0,0,0,0.7,0.0,0.0,0.0,0.0,6,0,0,0,0.0,0.0,2,4,0,2691
2,2,0,0,0,0.8,0.0,0.0,0.0,0.0,7,0,0,0,0.0,0.0,2,4,0,2692
1,1,0,1,1,0.9,0.0,0.0,0.0,0.0,8,0,0,0,0.0,0.0,2,4,0,2693
3,1,0,0,0,1.0,0.1111111111111111,1.0,0.1111111111111111,1.0,9,1,0,1,0.5,0.1111111111111111,2,4,0,2694
3,6,1,0,1,0.1667,0.0,0.0,0.0,0.0,0,0,0,0,0.0,0.0,1,2,0,2695
3,1,0,0,0,0.3333,0.0,0.0,1.0,1.0,1,0,0,0,0.5,0.0,1,2,0,2696
2,6,1,0,0,0.5,0.0,0.0,0.5,1.0,2,0,0,0,0.5,0.0,1,2,0,2697
1,7,1,0,0,0.6667,0.0,0.0,0.3333333333333333,1.0,3,0,0,0,0.5,0.0,1,2,0,2698
2,2,0,0,1,0.8333,0.0,0.0,0.25,1.0,4,0,0,0,0.5,0.0,1,2,0,2699
2,6,1,0,1,1.0,0.0,0.0,0.4,1.0,5,0,0,0,0.5,0.0,1,2,0,2700
1,6,1,0,0,0.2,0.0,0.0,0.0,0.0,0,0,0,0,0.0,0.0,3,3,0,2701
3,2,0,0,1,0.4,0.0,0.0,0.0,0.0,1,0,0,0,0.0,0.0,3,3,0,2702
2,2,0,1,0,0.6,0.0,0.0,0.5,1.0,2,0,0,0,0.5,0.0,3,3,0,2703
2,0,0,0,0,0.8,0.3333333333333333,1.0,0.3333333333333333,1.0,3,1,0,1,0.5,0.3333333333333333,3,3,0,2704
3,0,0,0,0,1.0,0.25,1.0,0.25,1.0,4,1,0,1,0.5,0.25,3,3,0,2705
2,1,0,0,0,0.125,0.0,0.0,0.0,0.0,0,0,0,0,0.0,0.0,3,3,0,2706
2,0,0,0,0,0.25,0.0,0.0,0.0,0.0,1,0,0,0,0.0,0.0,3,3,0,2707
1,2,0,0,1,0.375,0.0,0.0,0.0,0.0,2,0,0,0,0.0,0.0,3,3,0,2708
2,6,1,0,0,0.5,0.0,0.0,0.3333333333333333,1.0,3,0,0,0,0.5,0.0,3,3,0,2709
2,2,0,0,1,0.625,0.0,0.0,0.25,1.0,4,0,0,0,0.5,0.0,3,3,0,2710
3,1,0,0,0,0.75,0.0,0.0,0.4,1.0,5,0,0,0,0.5,0.0,3,3,0,2711
1,7,1,0,0,0.875,0.0,0.0,0.3333333333333333,1.0,6,0,0,0,0.5,0.0,3,3,0,2712
2,7,1,1,1,1.0,0.0,0.0,0.2857142857142857,1.0,7,0,0,0,0.5,0.0,3,3,0,2713
3,1,0,0,0,0.1,0.0,0.0,0.0,0.0,0,0,0,0,0.0,0.0,0,2,0,2714
3,1,0,0,0,0.2,0.0,0.0,0.0,0.0,1,0,0,0,0.0,0.0,0,2,0,2715
1,0,0,0,0,0.3,0.0,0.0,0.0,0.0,2,0,0,0,0.0,0.0,0,2,0,2716
3,1,0,0,0,0.4,0.0,0.0,0.0,0.0,3,0,0,0,0.0,0.0,0,2,0,2717
3,2,0,1,0,0.5,0.0,0.0,0.0,0.0,4,0,0,0,0.0,0.0,0,2,0,2718
1,6,1,0,0,0.6,0.2,1.0,0.0,0.0,5,1,0,1,0.0,0.2,0,2,0,2719
2,2,0,0,0,0.7,0.16666666666666666,1.0,0.0,0.0,6,1,0,1,0.0,0.16666666666666666,0,2,0,2720
2,2,0,0,1,0.8,0.14285714285714285,1.0,0.0,0.0,7,1,0,1,0.0,0.14285714285714285,0,2,0,2721
3,2,0,1,0,0.9,0.125,1.0,0.125,1.0,8,1,0,1,0.5,0.125,0,2,0,2722
3,6,1,0,0,1.0,0.2222222222222222,1.0,0.1111111111111111,1.0,9,2,0,2,0.5,0.2222222222222222,0,2,0,2723
1,2,0,0,1,0.1429,0.0,0.0,0.0,0.0,0,0,0,0,0.0,0.0,3,4,0,2724
3,0,0,0,0,0.2857,0.0,0.0,1.0,1.0,1,0,0,0,0.5,0.0,3,4,0,2725
1,6,1,1,0,0.4286,0.0,0.0,0.5,1.0,2,0,0,0,0.5,0.0,3,4,0,2726
2,2,0,0,0,0.5714,0.3333333333333333,1.0,0.3333333333333333,1.0,3,1,0,1,0.5,0.3333333333333333,3,4,0,2727
3,1,0,0,0,0.7143,0.25,1.0,0.25,1.0,4,1,0,1,0.5,0.25,3,4,0,2728
1,2,0,0,1,0.8571,0.2,1.0,0.2,1.0,5,1,0,1,0.5,0.2,3,4,0,2729
2,1,0,0,0,1.0,0.16666666666666666,1.0,0.3333333333333333,1.0,6,1,0,1,0.5,0.16666666666666666,3,4,0,2730
3,2,0,1,0,0.1111,0.0,0.0,0.0,0.0,0,0,0,0,0.0,0.0,2,3,0,2731
1,1,0,0,0,0.2222,1.0,1.0,0.0,0.0,1,1,0,1,0.0,1.0,2,3,0,2732
1,6,1,0,0,0.3333,0.5,1.0,0.0,0.0,2,1,0,1,0.0,0.5,2,3,0,2733
2,7,1,0,0,0.4444,0.3333333333333333,1.0,0.0,0.0,3,1,0,1,0.0,0.3333333333333333,2,3,0,2734
3,7,1,0,0,0.5556,0.25,1.0,0.0,0.0,4,1,0,1,0.0,0.25,2,3,0,2735
3,6,1,1,0,0.6667,0.2,1.0,0.0,0.0,5,1,0,1,0.0,0.2,2,3,0,2736
3,7,1,0,0,0.7778,0.3333333333333333,1.0,0.0,0.0,6,2,0,2,0.0,0.3333333333333333,2,3,0,2737
1,7,1,0,1,0.8889,0.2857142857142857,1.0,0.0,0.0,7,2,0,2,0.0,0.2857142857142857,2,3,0,2738
3,7,1,0,0,1.0,0.25,1.0,0.125,1.0,8,2,0,2,0.5,0.25,2,3,0,2739
3,2,0,0,0,0.125,0.0,0.0,0.0,0.0,0,0,0,0,0.0,0.0,2,2,0,2740
2,0,0,0,0,0.25,0.0,0.0,0.0,0.0,1,0,0,0,0.0,0.0,2,2,0,2741
1,1,0,0,0,0.375,0.0,0.0,0.0,0.0,2,0,0,0,0.0,0.0,2,2,0,2742
1,0,0,0,1,0.5,0.0,0.0,0.0,0.0,3,0,0,0,0.0,0.0,2,2,0,2743
3,1,0,0,0,0.625,0.0,0.0,0.25,1.0,4,0,0,0,0.5,0.0,2,2,0,2744
1,7,1,0,1,0.75,0.0,0.0,0.2,1.0,5,0,0,0,0.5,0.0,2,2,0,2745
2,1,0,0,0,0.875,0.0,0.0,0.3333333333333333,1.0,6,0,0,0,0.5,0.0,2,2,0,2746
3,6,1,0,0,1.0,0.0,0.0,0.2857142857142857,1.0,7,0,0,0,0.5,0.0,2,2,0,2747
1,6,1,0,0,0.2,0.0,0.0,0.0,0.0,0,0,0,0,0.0,0.0,0,4,0,2748
1,2,0,0,0,0.4,0.0,0.0,0.0,0.0,1,0,0,0,0.0,0.0,0,4,0,2749
3,2,0,1,0,0.6,0.0,0.0,0.0,0.0,2,0,0,0,0.0,0.0,0,4,0,2750
1,6,1,0,0,0.8,0.3333333333333333,1.0,0.0,0.0,3,1,0,1,0.0,0.3333333333333333,0,4,0,2751
2,0,0,0,0,1.0,0.25,1.0,0.0,0.0,4,1,0,1,0.0,0.25,0,4,0,2752
1,2,0,0,0,0.1667,0.0,0.0,0.0,0.0,0,0,0,0,0.0,0.0,3,3,0,2753
2,7,1,0,0,0.3333,0.0,0.0,0.0,0.0,1,0,0,0,0.0,0.0,3,3,0,2754
2,6,1,0,1,0.5,0.0,0.0,0.0,0.0,2,0,0,0,0.0,0.0,3,3,0,2755
3,2,0,0,1,0.6667,0.0,0.0,0.3333333333333333,1.0,3,0,0,0,0.5,0.0,3,3,0,2756
3,6,1,0,0,0.8333,0.0,0.0,0.5,1.0,4,0,0,0,0.5,0.0,3,3,0,2757
3,1,0,1,0,1.0,0.0,0.0,0.4,1.0,5,0,0,0,0.5,0.0,3,3,0,2758
1,7,1,0,1,0.1,0.0,0.0,0.0,0.0,0,0,0,0,0.0,0.0,0,2,0,2759
1,7,1,1,0,0.2,0.0,0.0,1.0,1.0,1,0,0,0,0.5,0.0,0,2,0,2760
3,0,0,0,0,0.3,0.5,1.0,0.5,1.0,2,1,0,1,0.5,0.5,0,2,0,2761
1,1,0,0,0,0.4,0.3333333333333333,1.0,0.3333333333333333,1.0,3,1,0,1,0.5,0.3333333333333333,0,2,0,2762
3,2,0,0,1,0.5,0.25,1.0,0.25,1.0,4,1,0,1,0.5,0.25,0,2,0,2763
3,6,1,0,1,0.6,0.2,1.0,0.4,1.0,5,1,0,1,0.5,0.2,0,2,0,2764
3,1,0,0,0,0.7,0.16666666666666666,1.0,0.5,1.0,6,1,0,1,0.5,0.16666666666666666,0,2,0,2765
1,7,1,0,1,0.8,0.14285714285714285,1.0,0.42857142857142855,1.0,7,1,0,1,0.5,0.14285714285714285,0,2,0,2766
2,6,1,0,0,0.9,0.125,1.0,0.5,1.0,8,1,0,1,0.5,0.125,0,2,0,2767
2,2,0,1,0,1.0,0.1111111111111111,1.0,0.4444444444444444,1.0,9,1,0,1,0.5,0.1111111111111111,0,2,0,2768
1,2,0,0,0,0.2,0.0,0.0,0.0,0.0,0,0,0,0,0.0,0.0,1,4,0,2769
2,0,0,0,1,0.4,0.0,0.0,0.0,0.0,1,0,0,0,0.0,0.0,1,4,0,2770
3,1,0,0,0,0.6,0.0,0.0,0.5,1.0,2,0,0,0,0.5,0.0,1,4,0,2771
2,2,0,0,0,0.8,0.0,0.0,0.3333333333333333,1.0,3,0,0,0,0.5,0.0,1,4,0,2772
2,7,1,0,0,1.0,0.0,0.0,0.25,1.0,4,0,0,0,0.5,0.0,1,4,0,2773
1,7,1,1,0,0.2,0.0,0.0,0.0,0.0,0,0,0,0,0.0,0.0,0,3,0,2774
3,0,0,0,0,0.4,1.0,1.0,0.0,0.0,1,1,0,1,0.0,1.0,0,3,0,2775
1,7,1,0,1,0.6,0.5,1.0,0.0,0.0,2,1,0,1,0.0,0.5,0,3,0,2776
2,1,0,0,1,0.8,0.3333333333333333,1.0,0.3333333333333333,1.0,3,1,0,1,0.5,0.3333333333333333,0,3,0,2777
1,7,1,0,0,1.0,0.25,1.0,0.5,1.0,4,1,0,1,0.5,0.25,0,3,0,2778
1,1,0,1,0,0.2,0.0,0.0,0.0,0.0,0,0,0,0,0.0,0.0,3,3,0,2779
1,7,1,1,1,0.4,1.0,1.0,0.0,0.0,1,1,0,1,0.0,1.0,3,3,0,2780
2,1,0,1,1,0.6,1.0,1.0,0.5,1.0,2,2,0,2,0.5,1.0,3,3,1,2781
2,6,1,1,1,0.8,1.0,1.0,0.6666666666666666,1.0,3,3,0,3,0.5,1.0,3,3,1,2782
3,7,1,1,1,1.0,1.0,1.0,0.75,1.0,4,4,0,4,0.5,1.0,3,3,1,2783
1,2,3,0,0,0.1667,0.0,0.0,0.0,0.0,0,0,0,0,0.0,0.0,1,4,0,2784
1,1,0,1,0,0.3333,0.0,0.0,0.0,0.0,1,0,0,0,0.0,0.0,1,4,0,2785
1,1,0,1,0,0.5,0.5,1.0,0.0,0.0,2,1,0,1,0.0,0.5,1,4,0,2786
2,7,1,1,1,0.6667,0.6666666666666666,1.0,0.0,0.0,3,2,0,2,0.0,0.6666666666666666,1,4,0,2787
2,7,1,1,1,0.8333,0.75,1.0,0.25,1.0,4,3,0,3,0.5,0.75,1,4,1,2788
3,6,1,1,1,1.0,0.8,1.0,0.4,1.0,5,4,0,4,0.5,0.8,1,4,1,2789
1,1,0,1,0,0.2,0.0,0.0,0.0,0.0,0,0,0,0,0.0,0.0,1,2,0,2790
1,7,1,1,1,0.4,1.0,1.0,0.0,0.0,1,1,0,1,0.0,1.0,1,2,0,2791
2,1,0,1,1,0.6,1.0,1.0,0.5,1.0,2,2,0,2,0.5,1.0,1,2,1,2792
2,6,1,1,1,0.8,1.0,1.0,0.6666666666666666,1.0,3,3,0,3,0.5,1.0,1,2,1,2793
3,7,1,1,1,1.0,1.0,1.0,0.75,1.0,4,4,0,4,0.5,1.0,1,2,1,2794
1,2,3,0,0,0.1667,0.0,0.0,0.0,0.0,0,0,0,0,0.0,0.0,1,4,0,2795
1,1,0,1,0,0.3333,0.0,0.0,0.0,0.0,1,0,0,0,0.0,0.0,1,4,0,2796
1,1,0,1,0,0.5,0.5,1.0,0.0,0.0,2,1,0,1,0.0,0.5,1,4,0,2797
2,7,1,1,1,0.6667,0.6666666666666666,1.0,0.0,0.0,3,2,0,2,0.0,0.6666666666666666,1,4,0,2798
2,7,1,1,1,0.8333,0.75,1.0,0.25,1.0,4,3,0,3,0.5,0.75,1,4,1,2799
3,6,1,1,1,1.0,0.8,1.0,0.4,1.0,5,4,0,4,0.5,0.8,1,4,1,2800
1,0,0,0,0,0.1429,0.0,0.0,0.0,0.0,0,0,0,0,0.0,0.0,2,4,0,2801
1,1,0,0,0,0.2857,0.0,0.0,0.0,0.0,1,0,0,0,0.0,0.0,2,4,0,2802
1,1,0,1,0,0.4286,0.0,0.0,0.0,0.0,2,0,0,0,0.0,0.0,2,4,0,2803
1,1,0,1,0,0.5714,0.3333333333333333,1.0,0.0,0.0,3,1,0,1,0.0,0.3333333333333333,2,4,0,2804
2,7,1,1,1,0.7143,0.5,1.0,0.0,0.0,4,2,0,2,0.0,0.5,2,4,0,2805
2,7,1,1,1,0.8571,0.6,1.0,0.2,1.0,5,3,0,3,0.5,0.6,2,4,1,2806
3,2,3,1,1,1.0,0.6666666666666666,1.0,0.3333333333333333,1.0,6,4,0,4,0.5,0.6666666666666666,2,4,1,2807
1,1,0,1,0,0.2,0.0,0.0,0.0,0.0,0,0,0,0,0.0,0.0,0,2,0,2808
1,7,1,1,1,0.4,1.0,1.0,0.0,0.0,1,1,0,1,0.0,1.0,0,2,0,2809
2,1,0,1,1,0.6,1.0,1.0,0.5,1.0,2,2,0,2,0.5,1.0,0,2,1,2810
2,6,1,1,1,0.8,1.0,1.0,0.6666666666666666,1.0,3,3,0,3,0.5,1.0,0,2,1,2811
3,7,1,1,1,1.0,1.0,1.0,0.75,1.0,4,4,0,4,0.5,1.0,0,2,1,2812
1,1,0,1,0,0.2,0.0,0.0,0.0,0.0,0,0,0,0,0.0,0.0,1,4,0,2813
1,7,1,1,1,0.4,1.0,1.0,0.0,0.0,1,1,0,1,0.0,1.0,1,4,0,2814
2,1,0,1,1,0.6,1.0,1.0,0.5,1.0,2,2,0,2,0.5,1.0,1,4,1,2815
2,6,1,1,1,0.8,1.0,1.0,0.6666666666666666,1.0,3,3,0,3,0.5,1.0,1,4,1,2816
3,7,1,1,1,1.0,1.0,1.0,0.75,1.0,4,4,0,4,0.5,1.0,1,4,1,2817
1,2,3,0,0,0.1667,0.0,0.0,0.0,0.0,0,0,0,0,0.0,0.0,3,3,0,2818
1,1,0,1,0,0.3333,0.0,0.0,0.0,0.0,1,0,0,0,0.0,0.0,3,3,0,2819
1,1,0,1,0,0.5,0.5,1.0,0.0,0.0,2,1,0,1,0.0,0.5,3,3,0,2820
2,7,1,1,1,0.6667,0.6666666666666666,1.0,0.0,0.0,3,2,0,2,0.0,0.6666666666666666,3,3,0,2821
2,7,1,1,1,0.8333,0.75,1.0,0.25,1.0,4,3,0,3,0.5,0.75,3,3,1,2822
3,6,1,1,1,1.0,0.8,1.0,0.4,1.0,5,4,0,4,0.5,0.8,3,3,1,2823
1,0,0,0,0,0.1429,0.0,0.0,0.0,0.0,0,0,0,0,0.0,0.0,2,2,0,2824
1,1,0,0,0,0.2857,0.0,0.0,0.0,0.0,1,0,0,0,0.0,0.0,2,2,0,2825
1,1,0,1,0,0.4286,0.0,0.0,0.0,0.0,2,0,0,0,0.0,0.0,2,2,0,2826
1,1,0,1,0,0.5714,0.3333333333333333,1.0,0.0,0.0,3,1,0,1,0.0,0.3333333333333333,2,2,0,2827
2,7,1,1,1,0.7143,0.5,1.0,0.0,0.0,4,2,0,2,0.0,0.5,2,2,0,2828
2,7,1,1,1,0.8571,0.6,1.0,0.2,1.0,5,3,0,3,0.5,0.6,2,2,1,2829
3,2,3,1,1,1.0,0.6666666666666666,1.0,0.3333333333333333,1.0,6,4,0,4,0.5,0.6666666666666666,2,2,1,2830
1,0,0,0,0,0.1429,0.0,0.0,0.0,0.0,0,0,0,0,0.0,0.0,2,3,0,2831
1,1,0,0,0,0.2857,0.0,0.0,0.0,0.0,1,0,0,0,0.0,0.0,2,3,0,2832
1,1,0,1,0,0.4286,0.0,0.0,0.0,0.0,2,0,0,0,0.0,0.0,2,3,0,2833
1,1,0,1,0,0.5714,0.3333333333333333,1.0,0.0,0.0,3,1,0,1,0.0,0.3333333333333333,2,3,0,2834
2,7,1,1,1,0.7143,0.5,1.0,0.0,0.0,4,2,0,2,0.0,0.5,2,3,0,2835
2,7,1,1,1,0.8571,0.6,1.0,0.2,1.0,5,3,0,3,0.5,0.6,2,3,1,2836
3,2,3,1,1,1.0,0.6666666666666666,1.0,0.3333333333333333,1.0,6,4,0,4,0.5,0.6666666666666666,2,3,1,2837
1,0,0,0,0,0.1429,0.0,0.0,0.0,0.0,0,0,0,0,0.0,0.0,2,3,0,2838
1,1,0,0,0,0.2857,0.0,0.0,0.0,0.0,1,0,0,0,0.0,0.0,2,3,0,2839
1,1,0,1,0,0.4286,0.0,0.0,0.0,0.0,2,0,0,0,0.0,0.0,2,3,0,2840
1,1,0,1,0,0.5714,0.3333333333333333,1.0,0.0,0.0,3,1,0,1,0.0,0.3333333333333333,2,3,0,2841
2,7,1,1,1,0.7143,0.5,1.0,0.0,0.0,4,2,0,2,0.0,0.5,2,3,0,2842
2,7,1,1,1,0.8571,0.6,1.0,0.2,1.0,5,3,0,3,0.5,0.6,2,3,1,2843
3,2,3,1,1,1.0,0.6666666666666666,1.0,0.3333333333333333,1.0,6,4,0,4,0.5,0.6666666666666666,2,3,1,2844
1,0,0,0,0,0.1429,0.0,0.0,0.0,0.0,0,0,0,0,0.0,0.0,2,2,0,2845
1,1,0,0,0,0.2857,0.0,0.0,0.0,0.0,1,0,0,0,0.0,0.0,2,2,0,2846
1,1,0,1,0,0.4286,0.0,0.0,0.0,0.0,2,0,0,0,0.0,0.0,2,2,0,2847
1,1,0,1,0,0.5714,0.3333333333333333,1.0,0.0,0.0,3,1,0,1,0.0,0.3333333333333333,2,2,0,2848
2,7,1,1,1,0.7143,0.5,1.0,0.0,0.0,4,2,0,2,0.0,0.5,2,2,0,2849
2,7,1,1,1,0.8571,0.6,1.0,0.2,1.0,5,3,0,3,0.5,0.6,2,2,1,2850
3,2,3,1,1,1.0,0.6666666666666666,1.0,0.3333333333333333,1.0,6,4,0,4,0.5,0.6666666666666666,2,2,1,2851
1,1,0,1,0,0.2,0.0,0.0,0.0,0.0,0,0,0,0,0.0,0.0,3,2,0,2852
1,7,1,1,1,0.4,1.0,1.0,0.0,0.0,1,1,0,1,0.0,1.0,3,2,0,2853
2,1,0,1,1,0.6,1.0,1.0,0.5,1.0,2,2,0,2,0.5,1.0,3,2,1,2854
2,6,1,1,1,0.8,1.0,1.0,0.6666666666666666,1.0,3,3,0,3,0.5,1.0,3,2,1,2855
3,7,1,1,1,1.0,1.0,1.0,0.75,1.0,4,4,0,4,0.5,1.0,3,2,1,2856
1,0,0,0,0,0.1429,0.0,0.0,0.0,0.0,0,0,0,0,0.0,0.0,1,3,0,2857
1,1,0,0,0,0.2857,0.0,0.0,0.0,0.0,1,0,0,0,0.0,0.0,1,3,0,2858
1,1,0,1,0,0.4286,0.0,0.0,0.0,0.0,2,0,0,0,0.0,0.0,1,3,0,2859
1,1,0,1,0,0.5714,0.3333333333333333,1.0,0.0,0.0,3,1,0,1,0.0,0.3333333333333333,1,3,0,2860
2,7,1,1,1,0.7143,0.5,1.0,0.0,0.0,4,2,0,2,0.0,0.5,1,3,0,2861
2,7,1,1,1,0.8571,0.6,1.0,0.2,1.0,5,3,0,3,0.5,0.6,1,3,1,2862
3,2,3,1,1,1.0,0.6666666666666666,1.0,0.3333333333333333,1.0,6,4,0,4,0.5,0.6666666666666666,1,3,1,2863
1,1,0,1,0,0.2,0.0,0.0,0.0,0.0,0,0,0,0,0.0,0.0,1,2,0,2864
1,7,1,1,1,0.4,1.0,1.0,0.0,0.0,1,1,0,1,0.0,1.0,1,2,0,2865
2,1,0,1,1,0.6,1.0,1.0,0.5,1.0,2,2,0,2,0.5,1.0,1,2,1,2866
2,6,1,1,1,0.8,1.0,1.0,0.6666666666666666,1.0,3,3,0,3,0.5,1.0,1,2,1,2867
3,7,1,1,1,1.0,1.0,1.0,0.75,1.0,4,4,0,4,0.5,1.0,1,2,1,2868
1,2,3,0,0,0.1667,0.0,0.0,0.0,0.0,0,0,0,0,0.0,0.0,1,3,0,2869
1,1,0,1,0,0.3333,0.0,0.0,0.0,0.0,1,0,0,0,0.0,0.0,1,3,0,2870
1,1,0,1,0,0.5,0.5,1.0,0.0,0.0,2,1,0,1,0.0,0.5,1,3,0,2871
2,7,1,1,1,0.6667,0.6666666666666666,1.0,0.0,0.0,3,2,0,2,0.0,0.6666666666666666,1,3,0,2872
2,7,1,1,1,0.8333,0.75,1.0,0.25,1.0,4,3,0,3,0.5,0.75,1,3,1,2873
3,6,1,1,1,1.0,0.8,1.0,0.4,1.0,5,4,0,4,0.5,0.8,1,3,1,2874
1,1,0,1,0,0.2,0.0,0.0,0.0,0.0,0,0,0,0,0.0,0.0,1,2,0,2875
1,7,1,1,1,0.4,1.0,1.0,0.0,0.0,1,1,0,1,0.0,1.0,1,2,0,2876
2,1,0,1,1,0.6,1.0,1.0,0.5,1.0,2,2,0,2,0.5,1.0,1,2,1,2877
2,6,1,1,1,0.8,1.0,1.0,0.6666666666666666,1.0,3,3,0,3,0.5,1.0,1,2,1,2878
3,7,1,1,1,1.0,1.0,1.0,0.75,1.0,4,4,0,4,0.5,1.0,1,2,1,2879
1,0,0,0,0,0.1429,0.0,0.0,0.0,0.0,0,0,0,0,0.0,0.0,2,3,0,2880
1,1,0,0,0,0.2857,0.0,0.0,0.0,0.0,1,0,0,0,0.0,0.0,2,3,0,2881
1,1,0,1,0,0.4286,0.0,0.0,0.0,0.0,2,0,0,0,0.0,0.0,2,3,0,2882
1,1,0,1,0,0.5714,0.3333333333333333,1.0,0.0,0.0,3,1,0,1,0.0,0.3333333333333333,2,3,0,2883
2,7,1,1,1,0.7143,0.5,1.0,0.0,0.0,4,2,0,2,0.0,0.5,2,3,0,2884
2,7,1,1,1,0.8571,0.6,1.0,0.2,1.0,5,3,0,3,0.5,0.6,2,3,1,2885
3,2,3,1,1,1.0,0.6666666666666666,1.0,0.3333333333333333,1.0,6,4,0,4,0.5,0.6666666666666666,2,3,1,2886
1,1,0,1,0,0.2,0.0,0.0,0.0,0.0,0,0,0,0,0.0,0.0,3,4,0,2887
1,7,1,1,1,0.4,1.0,1.0,0.0,0.0,1,1,0,1,0.0,1.0,3,4,0,2888
2,1,0,1,1,0.6,1.0,1.0,0.5,1.0,2,2,0,2,0.5,1.0,3,4,1,2889
2,6,1,1,1,0.8,1.0,1.0,0.6666666666666666,1.0,3,3,0,3,0.5,1.0,3,4,1,2890
3,7,1,1,1,1.0,1.0,1.0,0.75,1.0,4,4,0,4,0.5,1.0,3,4,1,2891
1,1,0,1,0,0.2,0.0,0.0,0.0,0.0,0,0,0,0,0.0,0.0,1,3,0,2892
1,7,1,1,1,0.4,1.0,1.0,0.0,0.0,1,1,0,1,0.0,1.0,1,3,0,2893
2,1,0,1,1,0.6,1.0,1.0,0.5,1.0,2,2,0,2,0.5,1.0,1,3,1,2894
2,6,1,1,1,0.8,1.0,1.0,0.6666666666666666,1.0,3,3,0,3,0.5,1.0,1,3,1,2895
3,7,1,1,1,1.0,1.0,1.0,0.75,1.0,4,4,0,4,0.5,1.0,1,3,1,2896
1,1,0,1,0,0.2,0.0,0.0,0.0,0.0,0,0,0,0,0.0,0.0,2,2,0,2897
1,7,1,1,1,0.4,1.0,1.0,0.0,0.0,1,1,0,1,0.0,1.0,2,2,0,2898
2,1,0,1,1,0.6,1.0,1.0,0.5,1.0,2,2,0,2,0.5,1.0,2,2,1,2899
2,6,1,1,1,0.8,1.0,1.0,0.6666666666666666,1.0,3,3,0,3,0.5,1.0,2,2,1,2900
3,7,1,1,1,1.0,1.0,1.0,0.75,1.0,4,4,0,4,0.5,1.0,2,2,1,2901
1,2,3,0,0,0.1667,0.0,0.0,0.0,0.0,0,0,0,0,0.0,0.0,1,2,0,2902
1,1,0,1,0,0.3333,0.0,0.0,0.0,0.0,1,0,0,0,0.0,0.0,1,2,0,2903
1,1,0,1,0,0.5,0.5,1.0,0.0,0.0,2,1,0,1,0.0,0.5,1,2,0,2904
2,7,1,1,1,0.6667,0.6666666666666666,1.0,0.0,0.0,3,2,0,2,0.0,0.6666666666666666,1,2,0,2905
2,7,1,1,1,0.8333,0.75,1.0,0.25,1.0,4,3,0,3,0.5,0.75,1,2,1,2906
3,6,1,1,1,1.0,0.8,1.0,0.4,1.0,5,4,0,4,0.5,0.8,1,2,1,2907
1,2,3,0,0,0.1667,0.0,0.0,0.0,0.0,0,0,0,0,0.0,0.0,3,3,0,2908
1,1,0,1,0,0.3333,0.0,0.0,0.0,0.0,1,0,0,0,0.0,0.0,3,3,0,2909
1,1,0,1,0,0.5,0.5,1.0,0.0,0.0,2,1,0,1,0.0,0.5,3,3,0,2910
2,7,1,1,1,0.6667,0.6666666666666666,1.0,0.0,0.0,3,2,0,2,0.0,0.6666666666666666,3,3,0,2911
2,7,1,1,1,0.8333,0.75,1.0,0.25,1.0,4,3,0,3,0.5,0.75,3,3,1,2912
3,6,1,1,1,1.0,0.8,1.0,0.4,1.0,5,4,0,4,0.5,0.8,3,3,1,2913
1,2,3,0,0,0.1667,0.0,0.0,0.0,0.0,0,0,0,0,0.0,0.0,0,2,0,2914
1,1,0,1,0,0.3333,0.0,0.0,0.0,0.0,1,0,0,0,0.0,0.0,0,2,0,2915
1,1,0,1,0,0.5,0.5,1.0,0.0,0.0,2,1,0,1,0.0,0.5,0,2,0,2916
2,7,1,1,1,0.6667,0.6666666666666666,1.0,0.0,0.0,3,2,0,2,0.0,0.6666666666666666,0,2,0,2917
2,7,1,1,1,0.8333,0.75,1.0,0.25,1.0,4,3,0,3,0.5,0.75,0,2,1,2918
3,6,1,1,1,1.0,0.8,1.0,0.4,1.0,5,4,0,4,0.5,0.8,0,2,1,2919
1,0,0,0,0,0.1429,0.0,0.0,0.0,0.0,0,0,0,0,0.0,0.0,2,3,0,2920
1,1,0,0,0,0.2857,0.0,0.0,0.0,0.0,1,0,0,0,0.0,0.0,2,3,0,2921
1,1,0,1,0,0.4286,0.0,0.0,0.0,0.0,2,0,0,0,0.0,0.0,2,3,0,2922
1,1,0,1,0,0.5714,0.3333333333333333,1.0,0.0,0.0,3,1,0,1,0.0,0.3333333333333333,2,3,0,2923
2,7,1,1,1,0.7143,0.5,1.0,0.0,0.0,4,2,0,2,0.0,0.5,2,3,0,2924
2,7,1,1,1,0.8571,0.6,1.0,0.2,1.0,5,3,0,3,0.5,0.6,2,3,1,2925
3,2,3,1,1,1.0,0.6666666666666666,1.0,0.3333333333333333,1.0,6,4,0,4,0.5,0.6666666666666666,2,3,1,2926
1,0,0,0,0,0.1429,0.0,0.0,0.0,0.0,0,0,0,0,0.0,0.0,3,3,0,2927
1,1,0,0,0,0.2857,0.0,0.0,0.0,0.0,1,0,0,0,0.0,0.0,3,3,0,2928
1,1,0,1,0,0.4286,0.0,0.0,0.0,0.0,2,0,0,0,0.0,0.0,3,3,0,2929
1,1,0,1,0,0.5714,0.3333333333333333,1.0,0.0,0.0,3,1,0,1,0.0,0.3333333333333333,3,3,0,2930
2,7,1,1,1,0.7143,0.5,1.0,0.0,0.0,4,2,0,2,0.0,0.5,3,3,0,2931
2,7,1,1,1,0.8571,0.6,1.0,0.2,1.0,5,3,0,3,0.5,0.6,3,3,1,2932
3,2,3,1,1,1.0,0.6666666666666666,1.0,0.3333333333333333,1.0,6,4,0,4,0.5,0.6666666666666666,3,3,1,2933
1,0,0,0,0,0.1429,0.0,0.0,0.0,0.0,0,0,0,0,0.0,0.0,3,2,0,2934
1,1,0,0,0,0.2857,0.0,0.0,0.0,0.0,1,0,0,0,0.0,0.0,3,2,0,2935
1,1,0,1,0,0.4286,0.0,0.0,0.0,0.0,2,0,0,0,0.0,0.0,3,2,0,2936
1,1,0,1,0,0.5714,0.3333333333333333,1.0,0.0,0.0,3,1,0,1,0.0,0.3333333333333333,3,2,0,2937
2,7,1,1,1,0.7143,0.5,1.0,0.0,0.0,4,2,0,2,0.0,0.5,3,2,0,2938
2,7,1,1,1,0.8571,0.6,1.0,0.2,1.0,5,3,0,3,0.5,0.6,3,2,1,2939
3,2,3,1,1,1.0,0.6666666666666666,1.0,0.3333333333333333,1.0,6,4,0,4,0.5,0.6666666666666666,3,2,1,2940
1,0,0,0,0,0.1429,0.0,0.0,0.0,0.0,0,0,0,0,0.0,0.0,3,2,0,2941
1,1,0,0,0,0.2857,0.0,0.0,0.0,0.0,1,0,0,0,0.0,0.0,3,2,0,2942
1,1,0,1,0,0.4286,0.0,0.0,0.0,0.0,2,0,0,0,0.0,0.0,3,2,0,2943
1,1,0,1,0,0.5714,0.3333333333333333,1.0,0.0,0.0,3,1,0,1,0.0,0.3333333333333333,3,2,0,2944
2,7,1,1,1,0.7143,0.5,1.0,0.0,0.0,4,2,0,2,0.0,0.5,3,2,0,2945
2,7,1,1,1,0.8571,0.6,1.0,0.2,1.0,5,3,0,3,0.5,0.6,3,2,1,2946
3,2,3,1,1,1.0,0.6666666666666666,1.0,0.3333333333333333,1.0,6,4,0,4,0.5,0.6666666666666666,3,2,1,2947
1,0,0,0,0,0.1429,0.0,0.0,0.0,0.0,0,0,0,0,0.0,0.0,0,3,0,2948
1,1,0,0,0,0.2857,0.0,0.0,0.0,0.0,1,0,0,0,0.0,0.0,0,3,0,2949
1,1,0,1,0,0.4286,0.0,0.0,0.0,0.0,2,0,0,0,0.0,0.0,0,3,0,2950
1,1,0,1,0,0.5714,0.3333333333333333,1.0,0.0,0.0,3,1,0,1,0.0,0.3333333333333333,0,3,0,2951
2,7,1,1,1,0.7143,0.5,1.0,0.0,0.0,4,2,0,2,0.0,0.5,0,3,0,2952
2,7,1,1,1,0.8571,0.6,1.0,0.2,1.0,5,3,0,3,0.5,0.6,0,3,1,2953
3,2,3,1,1,1.0,0.6666666666666666,1.0,0.3333333333333333,1.0,6,4,0,4,0.5,0.6666666666666666,0,3,1,2954
1,1,0,1,0,0.2,0.0,0.0,0.0,0.0,0,0,0,0,0.0,0.0,0,4,0,2955
1,7,1,1,1,0.4,1.0,1.0,0.0,0.0,1,1,0,1,0.0,1.0,0,4,0,2956
2,1,0,1,1,0.6,1.0,1.0,0.5,1.0,2,2,0,2,0.5,1.0,0,4,1,2957
2,6,1,1,1,0.8,1.0,1.0,0.6666666666666666,1.0,3,3,0,3,0.5,1.0,0,4,1,2958
3,7,1,1,1,1.0,1.0,1.0,0.75,1.0,4,4,0,4,0.5,1.0,0,4,1,2959
1,1,0,1,0,0.2,0.0,0.0,0.0,0.0,0,0,0,0,0.0,0.0,1,2,0,2960
1,7,1,1,1,0.4,1.0,1.0,0.0,0.0,1,1,0,1,0.0,1.0,1,2,0,2961
2,1,0,1,1,0.6,1.0,1.0,0.5,1.0,2,2,0,2,0.5,1.0,1,2,1,2962
2,6,1,1,1,0.8,1.0,1.0,0.6666666666666666,1.0,3,3,0,3,0.5,1.0,1,2,1,2963
3,7,1,1,1,1.0,1.0,1.0,0.75,1.0,4,4,0,4,0.5,1.0,1,2,1,2964
1,2,3,0,0,0.1667,0.0,0.0,0.0,0.0,0,0,0,0,0.0,0.0,1,3,0,2965
1,1,0,1,0,0.3333,0.0,0.0,0.0,0.0,1,0,0,0,0.0,0.0,1,3,0,2966
1,1,0,1,0,0.5,0.5,1.0,0.0,0.0,2,1,0,1,0.0,0.5,1,3,0,2967
2,7,1,1,1,0.6667,0.6666666666666666,1.0,0.0,0.0,3,2,0,2,0.0,0.6666666666666666,1,3,0,2968
2,7,1,1,1,0.8333,0.75,1.0,0.25,1.0,4,3,0,3,0.5,0.75,1,3,1,2969
3,6,1,1,1,1.0,0.8,1.0,0.4,1.0,5,4,0,4,0.5,0.8,1,3,1,2970
1,0,0,0,0,0.1429,0.0,0.0,0.0,0.0,0,0,0,0,0.0,0.0,1,4,0,2971
1,1,0,0,0,0.2857,0.0,0.0,0.0,0.0,1,0,0,0,0.0,0.0,1,4,0,2972
1,1,0,1,0,0.4286,0.0,0.0,0.0,0.0,2,0,0,0,0.0,0.0,1,4,0,2973
1,1,0,1,0,0.5714,0.3333333333333333,1.0,0.0,0.0,3,1,0,1,0.0,0.3333333333333333,1,4,0,2974
2,7,1,1,1,0.7143,0.5,1.0,0.0,0.0,4,2,0,2,0.0,0.5,1,4,0,2975
2,7,1,1,1,0.8571,0.6,1.0,0.2,1.0,5,3,0,3,0.5,0.6,1,4,1,2976
3,2,3,1,1,1.0,0.6666666666666666,1.0,0.3333333333333333,1.0,6,4,0,4,0.5,0.6666666666666666,1,4,1,2977
1,1,0,1,0,0.2,0.0,0.0,0.0,0.0,0,0,0,0,0.0,0.0,2,3,0,2978
1,7,1,1,1,0.4,1.0,1.0,0.0,0.0,1,1,0,1,0.0,1.0,2,3,0,2979
2,1,0,1,1,0.6,1.0,1.0,0.5,1.0,2,2,0,2,0.5,1.0,2,3,1,2980
2,6,1,1,1,0.8,1.0,1.0,0.6666666666666666,1.0,3,3,0,3,0.5,1.0,2,3,1,2981
3,7,1,1,1,1.0,1.0,1.0,0.75,1.0,4,4,0,4,0.5,1.0,2,3,1,2982
1,2,3,0,0,0.1667,0.0,0.0,0.0,0.0,0,0,0,0,0.0,0.0,0,2,0,2983
1,1,0,1,0,0.3333,0.0,0.0,0.0,0.0,1,0,0,0,0.0,0.0,0,2,0,2984
1,1,0,1,0,0.5,0.5,1.0,0.0,0.0,2,1,0,1,0.0,0.5,0,2,0,2985
2,7,1,1,1,0.6667,0.6666666666666666,1.0,0.0,0.0,3,2,0,2,0.0,0.6666666666666666,0,2,0,2986
2,7,1,1,1,0.8333,0.75,1.0,0.25,1.0,4,3,0,3,0.5,0.75,0,2,1,2987
3,6,1,1,1,1.0,0.8,1.0,0.4,1.0,5,4,0,4,0.5,0.8,0,2,1,2988
1,0,0,0,0,0.1429,0.0,0.0,0.0,0.0,0,0,0,0,0.0,0.0,2,2,0,2989
1,1,0,0,0,0.2857,0.0,0.0,0.0,0.0,1,0,0,0,0.0,0.0,2,2,0,2990
1,1,0,1,0,0.4286,0.0,0.0,0.0,0.0,2,0,0,0,0.0,0.0,2,2,0,2991
1,1,0,1,0,0.5714,0.3333333333333333,1.0,0.0,0.0,3,1,0,1,0.0,0.3333333333333333,2,2,0,2992
2,7,1,1,1,0.7143,0.5,1.0,0.0,0.0,4,2,0,2,0.0,0.5,2,2,0,2993
2,7,1,1,1,0.8571,0.6,1.0,0.2,1.0,5,3,0,3,0.5,0.6,2,2,1,2994
3,2,3,1,1,1.0,0.6666666666666666,1.0,0.3333333333333333,1.0,6,4,0,4,0.5,0.6666666666666666,2,2,1,2995
1,2,3,0,0,0.1667,0.0,0.0,0.0,0.0,0,0,0,0,0.0,0.0,1,4,0,2996
1,1,0,1,0,0.3333,0.0,0.0,0.0,0.0,1,0,0,0,0.0,0.0,1,4,0,2997
1,1,0,1,0,0.5,0.5,1.0,0.0,0.0,2,1,0,1,0.0,0.5,1,4,0,2998
2,7,1,1,1,0.6667,0.6666666666666666,1.0,0.0,0.0,3,2,0,2,0.0,0.6666666666666666,1,4,0,2999
2,7,1,1,1,0.8333,0.75,1.0,0.25,1.0,4,3,0,3,0.5,0.75,1,4,1,3000
3,6,1,1,1,1.0,0.8,1.0,0.4,1.0,5,4,0,4,0.5,0.8,1,4,1,3001
1,0,0,0,0,0.1429,0.0,0.0,0.0,0.0,0,0,0,0,0.0,0.0,0,2,0,3002
1,1,0,0,0,0.2857,0.0,0.0,0.0,0.0,1,0,0,0,0.0,0.0,0,2,0,3003
1,1,0,1,0,0.4286,0.0,0.0,0.0,0.0,2,0,0,0,0.0,0.0,0,2,0,3004
1,1,0,1,0,0.5714,0.3333333333333333,1.0,0.0,0.0,3,1,0,1,0.0,0.3333333333333333,0,2,0,3005
2,7,1,1,1,0.7143,0.5,1.0,0.0,0.0,4,2,0,2,0.0,0.5,0,2,0,3006
2,7,1,1,1,0.8571,0.6,1.0,0.2,1.0,5,3,0,3,0.5,0.6,0,2,1,3007
3,2,3,1,1,1.0,0.6666666666666666,1.0,0.3333333333333333,1.0,6,4,0,4,0.5,0.6666666666666666,0,2,1,3008
1,2,3,0,0,0.1667,0.0,0.0,0.0,0.0,0,0,0,0,0.0,0.0,3,2,0,3009
1,1,0,1,0,0.3333,0.0,0.0,0.0,0.0,1,0,0,0,0.0,0.0,3,2,0,3010
1,1,0,1,0,0.5,0.5,1.0,0.0,0.0,2,1,0,1,0.0,0.5,3,2,0,3011
2,7,1,1,1,0.6667,0.6666666666666666,1.0,0.0,0.0,3,2,0,2,0.0,0.6666666666666666,3,2,0,3012
2,7,1,1,1,0.8333,0.75,1.0,0.25,1.0,4,3,0,3,0.5,0.75,3,2,1,3013
3,6,1,1,1,1.0,0.8,1.0,0.4,1.0,5,4,0,4,0.5,0.8,3,2,1,3014
1,1,0,1,0,0.2,0.0,0.0,0.0,0.0,0,0,0,0,0.0,0.0,1,2,0,3015
1,7,1,1,1,0.4,1.0,1.0,0.0,0.0,1,1,0,1,0.0,1.0,1,2,0,3016
2,1,0,1,1,0.6,1.0,1.0,0.5,1.0,2,2,0,2,0.5,1.0,1,2,1,3017
2,6,1,1,1,0.8,1.0,1.0,0.6666666666666666,1.0,3,3,0,3,0.5,1.0,1,2,1,3018
3,7,1,1,1,1.0,1.0,1.0,0.75,1.0,4,4,0,4,0.5,1.0,1,2,1,3019
1,1,0,1,0,0.2,0.0,0.0,0.0,0.0,0,0,0,0,0.0,0.0,1,2,0,3020
1,7,1,1,1,0.4,1.0,1.0,0.0,0.0,1,1,0,1,0.0,1.0,1,2,0,3021
2,1,0,1,1,0.6,1.0,1.0,0.5,1.0,2,2,0,2,0.5,1.0,1,2,1,3022
2,6,1,1,1,0.8,1.0,1.0,0.6666666666666666,1.0,3,3,0,3,0.5,1.0,1,2,1,3023
3,7,1,1,1,1.0,1.0,1.0,0.75,1.0,4,4,0,4,0.5,1.0,1,2,1,3024
1,2,3,0,0,0.1667,0.0,0.0,0.0,0.0,0,0,0,0,0.0,0.0,0,3,0,3025
1,1,0,1,0,0.3333,0.0,0.0,0.0,0.0,1,0,0,0,0.0,0.0,0,3,0,3026
1,1,0,1,0,0.5,0.5,1.0,0.0,0.0,2,1,0,1,0.0,0.5,0,3,0,3027
2,7,1,1,1,0.6667,0.6666666666666666,1.0,0.0,0.0,3,2,0,2,0.0,0.6666666666666666,0,3,0,3028
2,7,1,1,1,0.8333,0.75,1.0,0.25,1.0,4,3,0,3,0.5,0.75,0,3,1,3029
3,6,1,1,1,1.0,0.8,1.0,0.4,1.0,5,4,0,4,0.5,0.8,0,3,1,3030
1,2,3,0,0,0.1667,0.0,0.0,0.0,0.0,0,0,0,0,0.0,0.0,1,2,0,3031
1,1,0,1,0,0.3333,0.0,0.0,0.0,0.0,1,0,0,0,0.0,0.0,1,2,0,3032
1,1,0,1,0,0.5,0.5,1.0,0.0,0.0,2,1,0,1,0.0,0.5,1,2,0,3033
2,7,1,1,1,0.6667,0.6666666666666666,1.0,0.0,0.0,3,2,0,2,0.0,0.6666666666666666,1,2,0,3034
2,7,1,1,1,0.8333,0.75,1.0,0.25,1.0,4,3,0,3,0.5,0.75,1,2,1,3035
3,6,1,1,1,1.0,0.8,1.0,0.4,1.0,5,4,0,4,0.5,0.8,1,2,1,3036
1,1,0,1,0,0.2,0.0,0.0,0.0,0.0,0,0,0,0,0.0,0.0,3,2,0,3037
1,7,1,1,1,0.4,1.0,1.0,0.0,0.0,1,1,0,1,0.0,1.0,3,2,0,3038
2,1,0,1,1,0.6,1.0,1.0,0.5,1.0,2,2,0,2,0.5,1.0,3,2,1,3039
2,6,1,1,1,0.8,1.0,1.0,0.6666666666666666,1.0,3,3,0,3,0.5,1.0,3,2,1,3040
3,7,1,1,1,1.0,1.0,1.0,0.75,1.0,4,4,0,4,0.5,1.0,3,2,1,3041
1,0,0,0,0,0.1429,0.0,0.0,0.0,0.0,0,0,0,0,0.0,0.0,3,4,0,3042
1,1,0,0,0,0.2857,0.0,0.0,0.0,0.0,1,0,0,0,0.0,0.0,3,4,0,3043
1,1,0,1,0,0.4286,0.0,0.0,0.0,0.0,2,0,0,0,0.0,0.0,3,4,0,3044
1,1,0,1,0,0.5714,0.3333333333333333,1.0,0.0,0.0,3,1,0,1,0.0,0.3333333333333333,3,4,0,3045
2,7,1,1,1,0.7143,0.5,1.0,0.0,0.0,4,2,0,2,0.0,0.5,3,4,0,3046
2,7,1,1,1,0.8571,0.6,1.0,0.2,1.0,5,3,0,3,0.5,0.6,3,4,1,3047
3,2,3,1,1,1.0,0.6666666666666666,1.0,0.3333333333333333,1.0,6,4,0,4,0.5,0.6666666666666666,3,4,1,3048
1,1,0,1,0,0.2,0.0,0.0,0.0,0.0,0,0,0,0,0.0,0.0,3,3,0,3049
1,7,1,1,1,0.4,1.0,1.0,0.0,0.0,1,1,0,1,0.0,1.0,3,3,0,3050
2,1,0,1,1,0.6,1.0,1.0,0.5,1.0,2,2,0,2,0.5,1.0,3,3,1,3051
2,6,1,1,1,0.8,1.0,1.0,0.6666666666666666,1.0,3,3,0,3,0.5,1.0,3,3,1,3052
3,7,1,1,1,1.0,1.0,1.0,0.75,1.0,4,4,0,4,0.5,1.0,3,3,1,3053
1,2,3,0,0,0.1667,0.0,0.0,0.0,0.0,0,0,0,0,0.0,0.0,0,3,0,3054
1,1,0,1,0,0.3333,0.0,0.0,0.0,0.0,1,0,0,0,0.0,0.0,0,3,0,3055
1,1,0,1,0,0.5,0.5,1.0,0.0,0.0,2,1,0,1,0.0,0.5,0,3,0,3056
2,7,1,1,1,0.6667,0.6666666666666666,1.0,0.0,0.0,3,2,0,2,0.0,0.6666666666666666,0,3,0,3057
2,7,1,1,1,0.8333,0.75,1.0,0.25,1.0,4,3,0,3,0.5,0.75,0,3,1,3058
3,6,1,1,1,1.0,0.8,1.0,0.4,1.0,5,4,0,4,0.5,0.8,0,3,1,3059
1,2,3,0,0,0.1667,0.0,0.0,0.0,0.0,0,0,0,0,0.0,0.0,3,3,0,3060
1,1,0,1,0,0.3333,0.0,0.0,0.0,0.0,1,0,0,0,0.0,0.0,3,3,0,3061
1,1,0,1,0,0.5,0.5,1.0,0.0,0.0,2,1,0,1,0.0,0.5,3,3,0,3062
2,7,1,1,1,0.6667,0.6666666666666666,1.0,0.0,0.0,3,2,0,2,0.0,0.6666666666666666,3,3,0,3063
2,7,1,1,1,0.8333,0.75,1.0,0.25,1.0,4,3,0,3,0.5,0.75,3,3,1,3064
3,6,1,1,1,1.0,0.8,1.0,0.4,1.0,5,4,0,4,0.5,0.8,3,3,1,3065
1,1,0,1,0,0.2,0.0,0.0,0.0,0.0,0,0,0,0,0.0,0.0,3,2,0,3066
1,7,1,1,1,0.4,1.0,1.0,0.0,0.0,1,1,0,1,0.0,1.0,3,2,0,3067
2,1,0,1,1,0.6,1.0,1.0,0.5,1.0,2,2,0,2,0.5,1.0,3,2,1,3068
2,6,1,1,1,0.8,1.0,1.0,0.6666666666666666,1.0,3,3,0,3,0.5,1.0,3,2,1,3069
3,7,1,1,1,1.0,1.0,1.0,0.75,1.0,4,4,0,4,0.5,1.0,3,2,1,3070
1,1,0,1,0,0.2,0.0,0.0,0.0,0.0,0,0,0,0,0.0,0.0,3,3,0,3071
1,7,1,1,1,0.4,1.0,1.0,0.0,0.0,1,1,0,1,0.0,1.0,3,3,0,3072
2,1,0,1,1,0.6,1.0,1.0,0.5,1.0,2,2,0,2,0.5,1.0,3,3,1,3073
2,6,1,1,1,0.8,1.0,1.0,0.6666666666666666,1.0,3,3,0,3,0.5,1.0,3,3,1,3074
3,7,1,1,1,1.0,1.0,1.0,0.75,1.0,4,4,0,4,0.5,1.0,3,3,1,3075
1,0,0,0,0,0.1429,0.0,0.0,0.0,0.0,0,0,0,0,0.0,0.0,0,4,0,3076
1,1,0,0,0,0.2857,0.0,0.0,0.0,0.0,1,0,0,0,0.0,0.0,0,4,0,3077
1,1,0,1,0,0.4286,0.0,0.0,0.0,0.0,2,0,0,0,0.0,0.0,0,4,0,3078
1,1,0,1,0,0.5714,0.3333333333333333,1.0,0.0,0.0,3,1,0,1,0.0,0.3333333333333333,0,4,0,3079
2,7,1,1,1,0.7143,0.5,1.0,0.0,0.0,4,2,0,2,0.0,0.5,0,4,0,3080
2,7,1,1,1,0.8571,0.6,1.0,0.2,1.0,5,3,0,3,0.5,0.6,0,4,1,3081
3,2,3,1,1,1.0,0.6666666666666666,1.0,0.3333333333333333,1.0,6,4,0,4,0.5,0.6666666666666666,0,4,1,3082
1,2,3,0,0,0.1667,0.0,0.0,0.0,0.0,0,0,0,0,0.0,0.0,2,4,0,3083
1,1,0,1,0,0.3333,0.0,0.0,0.0,0.0,1,0,0,0,0.0,0.0,2,4,0,3084
1,1,0,1,0,0.5,0.5,1.0,0.0,0.0,2,1,0,1,0.0,0.5,2,4,0,3085
2,7,1,1,1,0.6667,0.6666666666666666,1.0,0.0,0.0,3,2,0,2,0.0,0.6666666666666666,2,4,0,3086
2,7,1,1,1,0.8333,0.75,1.0,0.25,1.0,4,3,0,3,0.5,0.75,2,4,1,3087
3,6,1,1,1,1.0,0.8,1.0,0.4,1.0,5,4,0,4,0.5,0.8,2,4,1,3088
1,2,3,0,0,0.1667,0.0,0.0,0.0,0.0,0,0,0,0,0.0,0.0,0,2,0,3089
1,1,0,1,0,0.3333,0.0,0.0,0.0,0.0,1,0,0,0,0.0,0.0,0,2,0,3090
1,1,0,1,0,0.5,0.5,1.0,0.0,0.0,2,1,0,1,0.0,0.5,0,2,0,3091
2,7,1,1,1,0.6667,0.6666666666666666,1.0,0.0,0.0,3,2,0,2,0.0,0.6666666666666666,0,2,0,3092
2,7,1,1,1,0.8333,0.75,1.0,0.25,1.0,4,3,0,3,0.5,0.75,0,2,1,3093
3,6,1,1,1,1.0,0.8,1.0,0.4,1.0,5,4,0,4,0.5,0.8,0,2,1,3094
1,2,3,0,0,0.1667,0.0,0.0,0.0,0.0,0,0,0,0,0.0,0.0,2,4,0,3095
1,1,0,1,0,0.3333,0.0,0.0,0.0,0.0,1,0,0,0,0.0,0.0,2,4,0,3096
1,1,0,1,0,0.5,0.5,1.0,0.0,0.0,2,1,0,1,0.0,0.5,2,4,0,3097
2,7,1,1,1,0.6667,0.6666666666666666,1.0,0.0,0.0,3,2,0,2,0.0,0.6666666666666666,2,4,0,3098
2,7,1,1,1,0.8333,0.75,1.0,0.25,1.0,4,3,0,3,0.5,0.75,2,4,1,3099
3,6,1,1,1,1.0,0.8,1.0,0.4,1.0,5,4,0,4,0.5,0.8,2,4,1,3100
1,1,0,1,0,0.2,0.0,0.0,0.0,0.0,0,0,0,0,0.0,0.0,1,4,0,3101
1,7,1,1,1,0.4,1.0,1.0,0.0,0.0,1,1,0,1,0.0,1.0,1,4,0,3102
2,1,0,1,1,0.6,1.0,1.0,0.5,1.0,2,2,0,2,0.5,1.0,1,4,1,3103
2,6,1,1,1,0.8,1.0,1.0,0.6666666666666666,1.0,3,3,0,3,0.5,1.0,1,4,1,3104
3,7,1,1,1,1.0,1.0,1.0,0.75,1.0,4,4,0,4,0.5,1.0,1,4,1,3105
1,2,3,0,0,0.1667,0.0,0.0,0.0,0.0,0,0,0,0,0.0,0.0,2,2,0,3106
1,1,0,1,0,0.3333,0.0,0.0,0.0,0.0,1,0,0,0,0.0,0.0,2,2,0,3107
1,1,0,1,0,0.5,0.5,1.0,0.0,0.0,2,1,0,1,0.0,0.5,2,2,0,3108
2,7,1,1,1,0.6667,0.6666666666666666,1.0,0.0,0.0,3,2,0,2,0.0,0.6666666666666666,2,2,0,3109
2,7,1,1,1,0.8333,0.75,1.0,0.25,1.0,4,3,0,3,0.5,0.75,2,2,1,3110
3,6,1,1,1,1.0,0.8,1.0,0.4,1.0,5,4,0,4,0.5,0.8,2,2,1,3111
1,1,0,1,0,0.2,0.0,0.0,0.0,0.0,0,0,0,0,0.0,0.0,1,2,0,3112
1,7,1,1,1,0.4,1.0,1.0,0.0,0.0,1,1,0,1,0.0,1.0,1,2,0,3113
2,1,0,1,1,0.6,1.0,1.0,0.5,1.0,2,2,0,2,0.5,1.0,1,2,1,3114
2,6,1,1,1,0.8,1.0,1.0,0.6666666666666666,1.0,3,3,0,3,0.5,1.0,1,2,1,3115
3,7,1,1,1,1.0,1.0,1.0,0.75,1.0,4,4,0,4,0.5,1.0,1,2,1,3116
1,0,0,0,0,0.1429,0.0,0.0,0.0,0.0,0,0,0,0,0.0,0.0,2,2,0,3117
1,1,0,0,0,0.2857,0.0,0.0,0.0,0.0,1,0,0,0,0.0,0.0,2,2,0,3118
1,1,0,1,0,0.4286,0.0,0.0,0.0,0.0,2,0,0,0,0.0,0.0,2,2,0,3119
1,1,0,1,0,0.5714,0.3333333333333333,1.0,0.0,0.0,3,1,0,1,0.0,0.3333333333333333,2,2,0,3120
2,7,1,1,1,0.7143,0.5,1.0,0.0,0.0,4,2,0,2,0.0,0.5,2,2,0,3121
2,7,1,1,1,0.8571,0.6,1.0,0.2,1.0,5,3,0,3,0.5,0.6,2,2,1,3122
3,2,3,1,1,1.0,0.6666666666666666,1.0,0.3333333333333333,1.0,6,4,0,4,0.5,0.6666666666666666,2,2,1,3123
1,2,3,0,0,0.1667,0.0,0.0,0.0,0.0,0,0,0,0,0.0,0.0,3,4,0,3124
1,1,0,1,0,0.3333,0.0,0.0,0.0,0.0,1,0,0,0,0.0,0.0,3,4,0,3125
1,1,0,1,0,0.5,0.5,1.0,0.0,0.0,2,1,0,1,0.0,0.5,3,4,0,3126
2,7,1,1,1,0.6667,0.6666666666666666,1.0,0.0,0.0,3,2,0,2,0.0,0.6666666666666666,3,4,0,3127
2,7,1,1,1,0.8333,0.75,1.0,0.25,1.0,4,3,0,3,0.5,0.75,3,4,1,3128
3,6,1,1,1,1.0,0.8,1.0,0.4,1.0,5,4,0,4,0.5,0.8,3,4,1,3129
1,0,0,0,0,0.1429,0.0,0.0,0.0,0.0,0,0,0,0,0.0,0.0,3,2,0,3130
1,1,0,0,0,0.2857,0.0,0.0,0.0,0.0,1,0,0,0,0.0,0.0,3,2,0,3131
1,1,0,1,0,0.4286,0.0,0.0,0.0,0.0,2,0,0,0,0.0,0.0,3,2,0,3132
1,1,0,1,0,0.5714,0.3333333333333333,1.0,0.0,0.0,3,1,0,1,0.0,0.3333333333333333,3,2,0,3133
2,7,1,1,1,0.7143,0.5,1.0,0.0,0.0,4,2,0,2,0.0,0.5,3,2,0,3134
2,7,1,1,1,0.8571,0.6,1.0,0.2,1.0,5,3,0,3,0.5,0.6,3,2,1,3135
3,2,3,1,1,1.0,0.6666666666666666,1.0,0.3333333333333333,1.0,6,4,0,4,0.5,0.6666666666666666,3,2,1,3136
1,1,0,1,0,0.2,0.0,0.0,0.0,0.0,0,0,0,0,0.0,0.0,1,2,0,3137
1,7,1,1,1,0.4,1.0,1.0,0.0,0.0,1,1,0,1,0.0,1.0,1,2,0,3138
2,1,0,1,1,0.6,1.0,1.0,0.5,1.0,2,2,0,2,0.5,1.0,1,2,1,3139
2,6,1,1,1,0.8,1.0,1.0,0.6666666666666666,1.0,3,3,0,3,0.5,1.0,1,2,1,3140
3,7,1,1,1,1.0,1.0,1.0,0.75,1.0,4,4,0,4,0.5,1.0,1,2,1,3141
1,1,0,1,0,0.2,0.0,0.0,0.0,0.0,0,0,0,0,0.0,0.0,0,2,0,3142
1,7,1,1,1,0.4,1.0,1.0,0.0,0.0,1,1,0,1,0.0,1.0,0,2,0,3143
2,1,0,1,1,0.6,1.0,1.0,0.5,1.0,2,2,0,2,0.5,1.0,0,2,1,3144
2,6,1,1,1,0.8,1.0,1.0,0.6666666666666666,1.0,3,3,0,3,0.5,1.0,0,2,1,3145
3,7,1,1,1,1.0,1.0,1.0,0.75,1.0,4,4,0,4,0.5,1.0,0,2,1,3146
1,1,0,1,0,0.2,0.0,0.0,0.0,0.0,0,0,0,0,0.0,0.0,0,3,0,3147
1,7,1,1,1,0.4,1.0,1.0,0.0,0.0,1,1,0,1,0.0,1.0,0,3,0,3148
2,1,0,1,1,0.6,1.0,1.0,0.5,1.0,2,2,0,2,0.5,1.0,0,3,1,3149
2,6,1,1,1,0.8,1.0,1.0,0.6666666666666666,1.0,3,3,0,3,0.5,1.0,0,3,1,3150
3,7,1,1,1,1.0,1.0,1.0,0.75,1.0,4,4,0,4,0.5,1.0,0,3,1,3151
1,0,0,0,0,0.1429,0.0,0.0,0.0,0.0,0,0,0,0,0.0,0.0,1,2,0,3152
1,1,0,0,0,0.2857,0.0,0.0,0.0,0.0,1,0,0,0,0.0,0.0,1,2,0,3153
1,1,0,1,0,0.4286,0.0,0.0,0.0,0.0,2,0,0,0,0.0,0.0,1,2,0,3154
1,1,0,1,0,0.5714,0.3333333333333333,1.0,0.0,0.0,3,1,0,1,0.0,0.3333333333333333,1,2,0,3155
2,7,1,1,1,0.7143,0.5,1.0,0.0,0.0,4,2,0,2,0.0,0.5,1,2,0,3156
2,7,1,1,1,0.8571,0.6,1.0,0.2,1.0,5,3,0,3,0.5,0.6,1,2,1,3157
3,2,3,1,1,1.0,0.6666666666666666,1.0,0.3333333333333333,1.0,6,4,0,4,0.5,0.6666666666666666,1,2,1,3158
1,2,3,0,0,0.1667,0.0,0.0,0.0,0.0,0,0,0,0,0.0,0.0,1,4,0,3159
1,1,0,1,0,0.3333,0.0,0.0,0.0,0.0,1,0,0,0,0.0,0.0,1,4,0,3160
1,1,0,1,0,0.5,0.5,1.0,0.0,0.0,2,1,0,1,0.0,0.5,1,4,0,3161
2,7,1,1,1,0.6667,0.6666666666666666,1.0,0.0,0.0,3,2,0,2,0.0,0.6666666666666666,1,4,0,3162
2,7,1,1,1,0.8333,0.75,1.0,0.25,1.0,4,3,0,3,0.5,0.75,1,4,1,3163
3,6,1,1,1,1.0,0.8,1.0,0.4,1.0,5,4,0,4,0.5,0.8,1,4,1,3164
1,1,0,1,0,0.2,0.0,0.0,0.0,0.0,0,0,0,0,0.0,0.0,3,4,0,3165
1,7,1,1,1,0.4,1.0,1.0,0.0,0.0,1,1,0,1,0.0,1.0,3,4,0,3166
2,1,0,1,1,0.6,1.0,1.0,0.5,1.0,2,2,0,2,0.5,1.0,3,4,1,3167
2,6,1,1,1,0.8,1.0,1.0,0.6666666666666666,1.0,3,3,0,3,0.5,1.0,3,4,1,3168
3,7,1,1,1,1.0,1.0,1.0,0.75,1.0,4,4,0,4,0.5,1.0,3,4,1,3169
1,2,3,0,0,0.1667,0.0,0.0,0.0,0.0,0,0,0,0,0.0,0.0,0,4,0,3170
1,1,0,1,0,0.3333,0.0,0.0,0.0,0.0,1,0,0,0,0.0,0.0,0,4,0,3171
1,1,0,1,0,0.5,0.5,1.0,0.0,0.0,2,1,0,1,0.0,0.5,0,4,0,3172
2,7,1,1,1,0.6667,0.6666666666666666,1.0,0.0,0.0,3,2,0,2,0.0,0.6666666666666666,0,4,0,3173
2,7,1,1,1,0.8333,0.75,1.0,0.25,1.0,4,3,0,3,0.5,0.75,0,4,1,3174
3,6,1,1,1,1.0,0.8,1.0,0.4,1.0,5,4,0,4,0.5,0.8,0,4,1,3175
1,1,0,1,0,0.2,0.0,0.0,0.0,0.0,0,0,0,0,0.0,0.0,3,3,0,3176
1,7,1,1,1,0.4,1.0,1.0,0.0,0.0,1,1,0,1,0.0,1.0,3,3,0,3177
2,1,0,1,1,0.6,1.0,1.0,0.5,1.0,2,2,0,2,0.5,1.0,3,3,1,3178
2,6,1,1,1,0.8,1.0,1.0,0.6666666666666666,1.0,3,3,0,3,0.5,1.0,3,3,1,3179
3,7,1,1,1,1.0,1.0,1.0,0.75,1.0,4,4,0,4,0.5,1.0,3,3,1,3180
1,0,0,0,0,0.1429,0.0,0.0,0.0,0.0,0,0,0,0,0.0,0.0,0,2,0,3181
1,1,0,0,0,0.2857,0.0,0.0,0.0,0.0,1,0,0,0,0.0,0.0,0,2,0,3182
1,1,0,1,0,0.4286,0.0,0.0,0.0,0.0,2,0,0,0,0.0,0.0,0,2,0,3183
1,1,0,1,0,0.5714,0.3333333333333333,1.0,0.0,0.0,3,1,0,1,0.0,0.3333333333333333,0,2,0,3184
2,7,1,1,1,0.7143,0.5,1.0,0.0,0.0,4,2,0,2,0.0,0.5,0,2,0,3185
2,7,1,1,1,0.8571,0.6,1.0,0.2,1.0,5,3,0,3,0.5,0.6,0,2,1,3186
3,2,3,1,1,1.0,0.6666666666666666,1.0,0.3333333333333333,1.0,6,4,0,4,0.5,0.6666666666666666,0,2,1,3187
1,0,0,0,0,0.1429,0.0,0.0,0.0,0.0,0,0,0,0,0.0,0.0,0,4,0,3188
1,1,0,0,0,0.2857,0.0,0.0,0.0,0.0,1,0,0,0,0.0,0.0,0,4,0,3189
1,1,0,1,0,0.4286,0.0,0.0,0.0,0.0,2,0,0,0,0.0,0.0,0,4,0,3190
1,1,0,1,0,0.5714,0.3333333333333333,1.0,0.0,0.0,3,1,0,1,0.0,0.3333333333333333,0,4,0,3191
2,7,1,1,1,0.7143,0.5,1.0,0.0,0.0,4,2,0,2,0.0,0.5,0,4,0,3192
2,7,1,1,1,0.8571,0.6,1.0,0.2,1.0,5,3,0,3,0.5,0.6,0,4,1,3193
3,2,3,1,1,1.0,0.6666666666666666,1.0,0.3333333333333333,1.0,6,4,0,4,0.5,0.6666666666666666,0,4,1,3194
1,0,0,0,0,0.1429,0.0,0.0,0.0,0.0,0,0,0,0,0.0,0.0,2,4,0,3195
1,1,0,0,0,0.2857,0.0,0.0,0.0,0.0,1,0,0,0,0.0,0.0,2,4,0,3196
1,1,0,1,0,0.4286,0.0,0.0,0.0,0.0,2,0,0,0,0.0,0.0,2,4,0,3197
1,1,0,1,0,0.5714,0.3333333333333333,1.0,0.0,0.0,3,1,0,1,0.0,0.3333333333333333,2,4,0,3198
2,7,1,1,1,0.7143,0.5,1.0,0.0,0.0,4,2,0,2,0.0,0.5,2,4,0,3199
2,7,1,1,1,0.8571,0.6,1.0,0.2,1.0,5,3,0,3,0.5,0.6,2,4,1,3200
3,2,3,1,1,1.0,0.6666666666666666,1.0,0.3333333333333333,1.0,6,4,0,4,0.5,0.6666666666666666,2,4,1,3201
1,1,0,1,0,0.2,0.0,0.0,0.0,0.0,0,0,0,0,0.0,0.0,2,3,0,3202
1,7,1,1,1,0.4,1.0,1.0,0.0,0.0,1,1,0,1,0.0,1.0,2,3,0,3203
2,1,0,1,1,0.6,1.0,1.0,0.5,1.0,2,2,0,2,0.5,1.0,2,3,1,3204
2,6,1,1,1,0.8,1.0,1.0,0.6666666666666666,1.0,3,3,0,3,0.5,1.0,2,3,1,3205
3,7,1,1,1,1.0,1.0,1.0,0.75,1.0,4,4,0,4,0.5,1.0,2,3,1,3206
1,0,0,0,0,0.1429,0.0,0.0,0.0,0.0,0,0,0,0,0.0,0.0,1,2,0,3207
1,1,0,0,0,0.2857,0.0,0.0,0.0,0.0,1,0,0,0,0.0,0.0,1,2,0,3208
1,1,0,1,0,0.4286,0.0,0.0,0.0,0.0,2,0,0,0,0.0,0.0,1,2,0,3209
1,1,0,1,0,0.5714,0.3333333333333333,1.0,0.0,0.0,3,1,0,1,0.0,0.3333333333333333,1,2,0,3210
2,7,1,1,1,0.7143,0.5,1.0,0.0,0.0,4,2,0,2,0.0,0.5,1,2,0,3211
2,7,1,1,1,0.8571,0.6,1.0,0.2,1.0,5,3,0,3,0.5,0.6,1,2,1,3212
3,2,3,1,1,1.0,0.6666666666666666,1.0,0.3333333333333333,1.0,6,4,0,4,0.5,0.6666666666666666,1,2,1,3213
1,1,0,1,0,0.2,0.0,0.0,0.0,0.0,0,0,0,0,0.0,0.0,3,3,0,3214
1,7,1,1,1,0.4,1.0,1.0,0.0,0.0,1,1,0,1,0.0,1.0,3,3,0,3215
2,1,0,1,1,0.6,1.0,1.0,0.5,1.0,2,2,0,2,0.5,1.0,3,3,1,3216
2,6,1,1,1,0.8,1.0,1.0,0.6666666666666666,1.0,3,3,0,3,0.5,1.0,3,3,1,3217
3,7,1,1,1,1.0,1.0,1.0,0.75,1.0,4,4,0,4,0.5,1.0,3,3,1,3218
1,1,0,1,0,0.2,0.0,0.0,0.0,0.0,0,0,0,0,0.0,0.0,3,4,0,3219
1,7,1,1,1,0.4,1.0,1.0,0.0,0.0,1,1,0,1,0.0,1.0,3,4,0,3220
2,1,0,1,1,0.6,1.0,1.0,0.5,1.0,2,2,0,2,0.5,1.0,3,4,1,3221
2,6,1,1,1,0.8,1.0,1.0,0.6666666666666666,1.0,3,3,0,3,0.5,1.0,3,4,1,3222
3,7,1,1,1,1.0,1.0,1.0,0.75,1.0,4,4,0,4,0.5,1.0,3,4,1,3223
1,2,3,0,0,0.1667,0.0,0.0,0.0,0.0,0,0,0,0,0.0,0.0,3,4,0,3224
1,1,0,1,0,0.3333,0.0,0.0,0.0,0.0,1,0,0,0,0.0,0.0,3,4,0,3225
1,1,0,1,0,0.5,0.5,1.0,0.0,0.0,2,1,0,1,0.0,0.5,3,4,0,3226
2,7,1,1,1,0.6667,0.6666666666666666,1.0,0.0,0.0,3,2,0,2,0.0,0.6666666666666666,3,4,0,3227
2,7,1,1,1,0.8333,0.75,1.0,0.25,1.0,4,3,0,3,0.5,0.75,3,4,1,3228
3,6,1,1,1,1.0,0.8,1.0,0.4,1.0,5,4,0,4,0.5,0.8,3,4,1,3229
1,2,3,0,0,0.1667,0.0,0.0,0.0,0.0,0,0,0,0,0.0,0.0,0,4,0,3230
1,1,0,1,0,0.3333,0.0,0.0,0.0,0.0,1,0,0,0,0.0,0.0,0,4,0,3231
1,1,0,1,0,0.5,0.5,1.0,0.0,0.0,2,1,0,1,0.0,0.5,0,4,0,3232
2,7,1,1,1,0.6667,0.6666666666666666,1.0,0.0,0.0,3,2,0,2,0.0,0.6666666666666666,0,4,0,3233
2,7,1,1,1,0.8333,0.75,1.0,0.25,1.0,4,3,0,3,0.5,0.75,0,4,1,3234
3,6,1,1,1,1.0,0.8,1.0,0.4,1.0,5,4,0,4,0.5,0.8,0,4,1,3235
1,2,3,0,0,0.1667,0.0,0.0,0.0,0.0,0,0,0,0,0.0,0.0,0,3,0,3236
1,1,0,1,0,0.3333,0.0,0.0,0.0,0.0,1,0,0,0,0.0,0.0,0,3,0,3237
1,1,0,1,0,0.5,0.5,1.0,0.0,0.0,2,1,0,1,0.0,0.5,0,3,0,3238
2,7,1,1,1,0.6667,0.6666666666666666,1.0,0.0,0.0,3,2,0,2,0.0,0.6666666666666666,0,3,0,3239
2,7,1,1,1,0.8333,0.75,1.0,0.25,1.0,4,3,0,3,0.5,0.75,0,3,1,3240
3,6,1,1,1,1.0,0.8,1.0,0.4,1.0,5,4,0,4,0.5,0.8,0,3,1,3241
1,0,0,0,0,0.1429,0.0,0.0,0.0,0.0,0,0,0,0,0.0,0.0,0,2,0,3242
1,1,0,0,0,0.2857,0.0,0.0,0.0,0.0,1,0,0,0,0.0,0.0,0,2,0,3243
1,1,0,1,0,0.4286,0.0,0.0,0.0,0.0,2,0,0,0,0.0,0.0,0,2,0,3244
1,1,0,1,0,0.5714,0.3333333333333333,1.0,0.0,0.0,3,1,0,1,0.0,0.3333333333333333,0,2,0,3245
2,7,1,1,1,0.7143,0.5,1.0,0.0,0.0,4,2,0,2,0.0,0.5,0,2,0,3246
2,7,1,1,1,0.8571,0.6,1.0,0.2,1.0,5,3,0,3,0.5,0.6,0,2,1,3247
3,2,3,1,1,1.0,0.6666666666666666,1.0,0.3333333333333333,1.0,6,4,0,4,0.5,0.6666666666666666,0,2,1,3248
1,2,3,0,0,0.1667,0.0,0.0,0.0,0.0,0,0,0,0,0.0,0.0,1,3,0,3249
1,1,0,1,0,0.3333,0.0,0.0,0.0,0.0,1,0,0,0,0.0,0.0,1,3,0,3250
1,1,0,1,0,0.5,0.5,1.0,0.0,0.0,2,1,0,1,0.0,0.5,1,3,0,3251
2,7,1,1,1,0.6667,0.6666666666666666,1.0,0.0,0.0,3,2,0,2,0.0,0.6666666666666666,1,3,0,3252
2,7,1,1,1,0.8333,0.75,1.0,0.25,1.0,4,3,0,3,0.5,0.75,1,3,1,3253
3,6,1,1,1,1.0,0.8,1.0,0.4,1.0,5,4,0,4,0.5,0.8,1,3,1,3254
1,2,3,0,0,0.1667,0.0,0.0,0.0,0.0,0,0,0,0,0.0,0.0,0,4,0,3255
1,1,0,1,0,0.3333,0.0,0.0,0.0,0.0,1,0,0,0,0.0,0.0,0,4,0,3256
1,1,0,1,0,0.5,0.5,1.0,0.0,0.0,2,1,0,1,0.0,0.5,0,4,0,3257
2,7,1,1,1,0.6667,0.6666666666666666,1.0,0.0,0.0,3,2,0,2,0.0,0.6666666666666666,0,4,0,3258
2,7,1,1,1,0.8333,0.75,1.0,0.25,1.0,4,3,0,3,0.5,0.75,0,4,1,3259
3,6,1,1,1,1.0,0.8,1.0,0.4,1.0,5,4,0,4,0.5,0.8,0,4,1,3260
1,1,0,1,0,0.2,0.0,0.0,0.0,0.0,0,0,0,0,0.0,0.0,2,4,0,3261
1,7,1,1,1,0.4,1.0,1.0,0.0,0.0,1,1,0,1,0.0,1.0,2,4,0,3262
2,1,0,1,1,0.6,1.0,1.0,0.5,1.0,2,2,0,2,0.5,1.0,2,4,1,3263
2,6,1,1,1,0.8,1.0,1.0,0.6666666666666666,1.0,3,3,0,3,0.5,1.0,2,4,1,3264
3,7,1,1,1,1.0,1.0,1.0,0.75,1.0,4,4,0,4,0.5,1.0,2,4,1,3265
1,2,3,0,0,0.1667,0.0,0.0,0.0,0.0,0,0,0,0,0.0,0.0,0,2,0,3266
1,1,0,1,0,0.3333,0.0,0.0,0.0,0.0,1,0,0,0,0.0,0.0,0,2,0,3267
1,1,0,1,0,0.5,0.5,1.0,0.0,0.0,2,1,0,1,0.0,0.5,0,2,0,3268
2,7,1,1,1,0.6667,0.6666666666666666,1.0,0.0,0.0,3,2,0,2,0.0,0.6666666666666666,0,2,0,3269
2,7,1,1,1,0.8333,0.75,1.0,0.25,1.0,4,3,0,3,0.5,0.75,0,2,1,3270
3,6,1,1,1,1.0,0.8,1.0,0.4,1.0,5,4,0,4,0.5,0.8,0,2,1,3271
1,1,0,1,0,0.2,0.0,0.0,0.0,0.0,0,0,0,0,0.0,0.0,2,4,0,3272
1,7,1,1,1,0.4,1.0,1.0,0.0,0.0,1,1,0,1,0.0,1.0,2,4,0,3273
2,1,0,1,1,0.6,1.0,1.0,0.5,1.0,2,2,0,2,0.5,1.0,2,4,1,3274
2,6,1,1,1,0.8,1.0,1.0,0.6666666666666666,1.0,3,3,0,3,0.5,1.0,2,4,1,3275
3,7,1,1,1,1.0,1.0,1.0,0.75,1.0,4,4,0,4,0.5,1.0,2,4,1,3276
1,0,0,0,0,0.1429,0.0,0.0,0.0,0.0,0,0,0,0,0.0,0.0,1,2,0,3277
1,1,0,0,0,0.2857,0.0,0.0,0.0,0.0,1,0,0,0,0.0,0.0,1,2,0,3278
1,1,0,1,0,0.4286,0.0,0.0,0.0,0.0,2,0,0,0,0.0,0.0,1,2,0,3279
1,1,0,1,0,0.5714,0.3333333333333333,1.0,0.0,0.0,3,1,0,1,0.0,0.3333333333333333,1,2,0,3280
2,7,1,1,1,0.7143,0.5,1.0,0.0,0.0,4,2,0,2,0.0,0.5,1,2,0,3281
2,7,1,1,1,0.8571,0.6,1.0,0.2,1.0,5,3,0,3,0.5,0.6,1,2,1,3282
3,2,3,1,1,1.0,0.6666666666666666,1.0,0.3333333333333333,1.0,6,4,0,4,0.5,0.6666666666666666,1,2,1,3283
1,2,3,0,0,0.1667,0.0,0.0,0.0,0.0,0,0,0,0,0.0,0.0,2,2,0,3284
1,1,0,1,0,0.3333,0.0,0.0,0.0,0.0,1,0,0,0,0.0,0.0,2,2,0,3285
1,1,0,1,0,0.5,0.5,1.0,0.0,0.0,2,1,0,1,0.0,0.5,2,2,0,3286
2,7,1,1,1,0.6667,0.6666666666666666,1.0,0.0,0.0,3,2,0,2,0.0,0.6666666666666666,2,2,0,3287
2,7,1,1,1,0.8333,0.75,1.0,0.25,1.0,4,3,0,3,0.5,0.75,2,2,1,3288
3,6,1,1,1,1.0,0.8,1.0,0.4,1.0,5,4,0,4,0.5,0.8,2,2,1,3289
1,1,0,1,0,0.2,0.0,0.0,0.0,0.0,0,0,0,0,0.0,0.0,1,2,0,3290
1,7,1,1,1,0.4,1.0,1.0,0.0,0.0,1,1,0,1,0.0,1.0,1,2,0,3291
2,1,0,1,1,0.6,1.0,1.0,0.5,1.0,2,2,0,2,0.5,1.0,1,2,1,3292
2,6,1,1,1,0.8,1.0,1.0,0.6666666666666666,1.0,3,3,0,3,0.5,1.0,1,2,1,3293
3,7,1,1,1,1.0,1.0,1.0,0.75,1.0,4,4,0,4,0.5,1.0,1,2,1,3294
1,2,3,0,0,0.1667,0.0,0.0,0.0,0.0,0,0,0,0,0.0,0.0,0,3,0,3295
1,1,0,1,0,0.3333,0.0,0.0,0.0,0.0,1,0,0,0,0.0,0.0,0,3,0,3296
1,1,0,1,0,0.5,0.5,1.0,0.0,0.0,2,1,0,1,0.0,0.5,0,3,0,3297
2,7,1,1,1,0.6667,0.6666666666666666,1.0,0.0,0.0,3,2,0,2,0.0,0.6666666666666666,0,3,0,3298
2,7,1,1,1,0.8333,0.75,1.0,0.25,1.0,4,3,0,3,0.5,0.75,0,3,1,3299
3,6,1,1,1,1.0,0.8,1.0,0.4,1.0,5,4,0,4,0.5,0.8,0,3,1,3300
1,1,0,1,0,0.2,0.0,0.0,0.0,0.0,0,0,0,0,0.0,0.0,2,2,0,3301
1,7,1,1,1,0.4,1.0,1.0,0.0,0.0,1,1,0,1,0.0,1.0,2,2,0,3302
2,1,0,1,1,0.6,1.0,1.0,0.5,1.0,2,2,0,2,0.5,1.0,2,2,1,3303
2,6,1,1,1,0.8,1.0,1.0,0.6666666666666666,1.0,3,3,0,3,0.5,1.0,2,2,1,3304
3,7,1,1,1,1.0,1.0,1.0,0.75,1.0,4,4,0,4,0.5,1.0,2,2,1,3305
1,1,0,1,0,0.2,0.0,0.0,0.0,0.0,0,0,0,0,0.0,0.0,1,2,0,3306
1,7,1,1,1,0.4,1.0,1.0,0.0,0.0,1,1,0,1,0.0,1.0,1,2,0,3307
2,1,0,1,1,0.6,1.0,1.0,0.5,1.0,2,2,0,2,0.5,1.0,1,2,1,3308
2,6,1,1,1,0.8,1.0,1.0,0.6666666666666666,1.0,3,3,0,3,0.5,1.0,1,2,1,3309
3,7,1,1,1,1.0,1.0,1.0,0.75,1.0,4,4,0,4,0.5,1.0,1,2,1,3310
1,1,0,1,0,0.2,0.0,0.0,0.0,0.0,0,0,0,0,0.0,0.0,3,2,0,3311
1,7,1,1,1,0.4,1.0,1.0,0.0,0.0,1,1,0,1,0.0,1.0,3,2,0,3312
2,1,0,1,1,0.6,1.0,1.0,0.5,1.0,2,2,0,2,0.5,1.0,3,2,1,3313
2,6,1,1,1,0.8,1.0,1.0,0.6666666666666666,1.0,3,3,0,3,0.5,1.0,3,2,1,3314
3,7,1,1,1,1.0,1.0,1.0,0.75,1.0,4,4,0,4,0.5,1.0,3,2,1,3315
1,0,0,0,0,0.1429,0.0,0.0,0.0,0.0,0,0,0,0,0.0,0.0,0,2,0,3316
1,1,0,0,0,0.2857,0.0,0.0,0.0,0.0,1,0,0,0,0.0,0.0,0,2,0,3317
1,1,0,1,0,0.4286,0.0,0.0,0.0,0.0,2,0,0,0,0.0,0.0,0,2,0,3318
1,1,0,1,0,0.5714,0.3333333333333333,1.0,0.0,0.0,3,1,0,1,0.0,0.3333333333333333,0,2,0,3319
2,7,1,1,1,0.7143,0.5,1.0,0.0,0.0,4,2,0,2,0.0,0.5,0,2,0,3320
2,7,1,1,1,0.8571,0.6,1.0,0.2,1.0,5,3,0,3,0.5,0.6,0,2,1,3321
3,2,3,1,1,1.0,0.6666666666666666,1.0,0.3333333333333333,1.0,6,4,0,4,0.5,0.6666666666666666,0,2,1,3322
1,2,3,0,0,0.1667,0.0,0.0,0.0,0.0,0,0,0,0,0.0,0.0,3,2,0,3323
1,1,0,1,0,0.3333,0.0,0.0,0.0,0.0,1,0,0,0,0.0,0.0,3,2,0,3324
1,1,0,1,0,0.5,0.5,1.0,0.0,0.0,2,1,0,1,0.0,0.5,3,2,0,3325
2,7,1,1,1,0.6667,0.6666666666666666,1.0,0.0,0.0,3,2,0,2,0.0,0.6666666666666666,3,2,0,3326
2,7,1,1,1,0.8333,0.75,1.0,0.25,1.0,4,3,0,3,0.5,0.75,3,2,1,3327
3,6,1,1,1,1.0,0.8,1.0,0.4,1.0,5,4,0,4,0.5,0.8,3,2,1,3328
1,1,0,1,0,0.2,0.0,0.0,0.0,0.0,0,0,0,0,0.0,0.0,1,4,0,3329
1,7,1,1,1,0.4,1.0,1.0,0.0,0.0,1,1,0,1,0.0,1.0,1,4,0,3330
2,1,0,1,1,0.6,1.0,1.0,0.5,1.0,2,2,0,2,0.5,1.0,1,4,1,3331
2,6,1,1,1,0.8,1.0,1.0,0.6666666666666666,1.0,3,3,0,3,0.5,1.0,1,4,1,3332
3,7,1,1,1,1.0,1.0,1.0,0.75,1.0,4,4,0,4,0.5,1.0,1,4,1,3333
1,1,0,1,0,0.2,0.0,0.0,0.0,0.0,0,0,0,0,0.0,0.0,1,2,0,3334
1,7,1,1,1,0.4,1.0,1.0,0.0,0.0,1,1,0,1,0.0,1.0,1,2,0,3335
2,1,0,1,1,0.6,1.0,1.0,0.5,1.0,2,2,0,2,0.5,1.0,1,2,1,3336
2,6,1,1,1,0.8,1.0,1.0,0.6666666666666666,1.0,3,3,0,3,0.5,1.0,1,2,1,3337
3,7,1,1,1,1.0,1.0,1.0,0.75,1.0,4,4,0,4,0.5,1.0,1,2,1,3338
1,2,3,0,0,0.1667,0.0,0.0,0.0,0.0,0,0,0,0,0.0,0.0,0,2,0,3339
1,1,0,1,0,0.3333,0.0,0.0,0.0,0.0,1,0,0,0,0.0,0.0,0,2,0,3340
1,1,0,1,0,0.5,0.5,1.0,0.0,0.0,2,1,0,1,0.0,0.5,0,2,0,3341
2,7,1,1,1,0.6667,0.6666666666666666,1.0,0.0,0.0,3,2,0,2,0.0,0.6666666666666666,0,2,0,3342
2,7,1,1,1,0.8333,0.75,1.0,0.25,1.0,4,3,0,3,0.5,0.75,0,2,1,3343
3,6,1,1,1,1.0,0.8,1.0,0.4,1.0,5,4,0,4,0.5,0.8,0,2,1,3344
1,2,3,0,0,0.1667,0.0,0.0,0.0,0.0,0,0,0,0,0.0,0.0,2,2,0,3345
1,1,0,1,0,0.3333,0.0,0.0,0.0,0.0,1,0,0,0,0.0,0.0,2,2,0,3346
1,1,0,1,0,0.5,0.5,1.0,0.0,0.0,2,1,0,1,0.0,0.5,2,2,0,3347
2,7,1,1,1,0.6667,0.6666666666666666,1.0,0.0,0.0,3,2,0,2,0.0,0.6666666666666666,2,2,0,3348
2,7,1,1,1,0.8333,0.75,1.0,0.25,1.0,4,3,0,3,0.5,0.75,2,2,1,3349
3,6,1,1,1,1.0,0.8,1.0,0.4,1.0,5,4,0,4,0.5,0.8,2,2,1,3350
1,2,3,0,0,0.1667,0.0,0.0,0.0,0.0,0,0,0,0,0.0,0.0,3,2,0,3351
1,1,0,1,0,0.3333,0.0,0.0,0.0,0.0,1,0,0,0,0.0,0.0,3,2,0,3352
1,1,0,1,0,0.5,0.5,1.0,0.0,0.0,2,1,0,1,0.0,0.5,3,2,0,3353
2,7,1,1,1,0.6667,0.6666666666666666,1.0,0.0,0.0,3,2,0,2,0.0,0.6666666666666666,3,2,0,3354
2,7,1,1,1,0.8333,0.75,1.0,0.25,1.0,4,3,0,3,0.5,0.75,3,2,1,3355
3,6,1,1,1,1.0,0.8,1.0,0.4,1.0,5,4,0,4,0.5,0.8,3,2,1,3356
1,1,0,1,0,0.2,0.0,0.0,0.0,0.0,0,0,0,0,0.0,0.0,3,4,0,3357
1,7,1,1,1,0.4,1.0,1.0,0.0,0.0,1,1,0,1,0.0,1.0,3,4,0,3358
2,1,0,1,1,0.6,1.0,1.0,0.5,1.0,2,2,0,2,0.5,1.0,3,4,1,3359
2,6,1,1,1,0.8,1.0,1.0,0.6666666666666666,1.0,3,3,0,3,0.5,1.0,3,4,1,3360
3,7,1,1,1,1.0,1.0,1.0,0.75,1.0,4,4,0,4,0.5,1.0,3,4,1,3361
1,0,0,0,0,0.1429,0.0,0.0,0.0,0.0,0,0,0,0,0.0,0.0,3,4,0,3362
1,1,0,0,0,0.2857,0.0,0.0,0.0,0.0,1,0,0,0,0.0,0.0,3,4,0,3363
1,1,0,1,0,0.4286,0.0,0.0,0.0,0.0,2,0,0,0,0.0,0.0,3,4,0,3364
1,1,0,1,0,0.5714,0.3333333333333333,1.0,0.0,0.0,3,1,0,1,0.0,0.3333333333333333,3,4,0,3365
2,7,1,1,1,0.7143,0.5,1.0,0.0,0.0,4,2,0,2,0.0,0.5,3,4,0,3366
2,7,1,1,1,0.8571,0.6,1.0,0.2,1.0,5,3,0,3,0.5,0.6,3,4,1,3367
3,2,3,1,1,1.0,0.6666666666666666,1.0,0.3333333333333333,1.0,6,4,0,4,0.5,0.6666666666666666,3,4,1,3368
1,2,3,0,0,0.1667,0.0,0.0,0.0,0.0,0,0,0,0,0.0,0.0,2,4,0,3369
1,1,0,1,0,0.3333,0.0,0.0,0.0,0.0,1,0,0,0,0.0,0.0,2,4,0,3370
1,1,0,1,0,0.5,0.5,1.0,0.0,0.0,2,1,0,1,0.0,0.5,2,4,0,3371
2,7,1,1,1,0.6667,0.6666666666666666,1.0,0.0,0.0,3,2,0,2,0.0,0.6666666666666666,2,4,0,3372
2,7,1,1,1,0.8333,0.75,1.0,0.25,1.0,4,3,0,3,0.5,0.75,2,4,1,3373
3,6,1,1,1,1.0,0.8,1.0,0.4,1.0,5,4,0,4,0.5,0.8,2,4,1,3374
1,1,0,1,0,0.2,0.0,0.0,0.0,0.0,0,0,0,0,0.0,0.0,1,4,0,3375
1,7,1,1,1,0.4,1.0,1.0,0.0,0.0,1,1,0,1,0.0,1.0,1,4,0,3376
2,1,0,1,1,0.6,1.0,1.0,0.5,1.0,2,2,0,2,0.5,1.0,1,4,1,3377
2,6,1,1,1,0.8,1.0,1.0,0.6666666666666666,1.0,3,3,0,3,0.5,1.0,1,4,1,3378
3,7,1,1,1,1.0,1.0,1.0,0.75,1.0,4,4,0,4,0.5,1.0,1,4,1,3379
1,2,3,0,0,0.1667,0.0,0.0,0.0,0.0,0,0,0,0,0.0,0.0,3,4,0,3380
1,1,0,1,0,0.3333,0.0,0.0,0.0,0.0,1,0,0,0,0.0,0.0,3,4,0,3381
1,1,0,1,0,0.5,0.5,1.0,0.0,0.0,2,1,0,1,0.0,0.5,3,4,0,3382
2,7,1,1,1,0.6667,0.6666666666666666,1.0,0.0,0.0,3,2,0,2,0.0,0.6666666666666666,3,4,0,3383
2,7,1,1,1,0.8333,0.75,1.0,0.25,1.0,4,3,0,3,0.5,0.75,3,4,1,3384
3,6,1,1,1,1.0,0.8,1.0,0.4,1.0,5,4,0,4,0.5,0.8,3,4,1,3385
1,0,0,0,0,0.1429,0.0,0.0,0.0,0.0,0,0,0,0,0.0,0.0,3,3,0,3386
1,1,0,0,0,0.2857,0.0,0.0,0.0,0.0,1,0,0,0,0.0,0.0,3,3,0,3387
1,1,0,1,0,0.4286,0.0,0.0,0.0,0.0,2,0,0,0,0.0,0.0,3,3,0,3388
1,1,0,1,0,0.5714,0.3333333333333333,1.0,0.0,0.0,3,1,0,1,0.0,0.3333333333333333,3,3,0,3389
2,7,1,1,1,0.7143,0.5,1.0,0.0,0.0,4,2,0,2,0.0,0.5,3,3,0,3390
2,7,1,1,1,0.8571,0.6,1.0,0.2,1.0,5,3,0,3,0.5,0.6,3,3,1,3391
3,2,3,1,1,1.0,0.6666666666666666,1.0,0.3333333333333333,1.0,6,4,0,4,0.5,0.6666666666666666,3,3,1,3392
1,1,0,1,0,0.2,0.0,0.0,0.0,0.0,0,0,0,0,0.0,0.0,1,2,0,3393
1,7,1,1,1,0.4,1.0,1.0,0.0,0.0,1,1,0,1,0.0,1.0,1,2,0,3394
2,1,0,1,1,0.6,1.0,1.0,0.5,1.0,2,2,0,2,0.5,1.0,1,2,1,3395
2,6,1,1,1,0.8,1.0,1.0,0.6666666666666666,1.0,3,3,0,3,0.5,1.0,1,2,1,3396
3,7,1,1,1,1.0,1.0,1.0,0.75,1.0,4,4,0,4,0.5,1.0,1,2,1,3397
1,2,3,0,0,0.1667,0.0,0.0,0.0,0.0,0,0,0,0,0.0,0.0,0,4,0,3398
1,1,0,1,0,0.3333,0.0,0.0,0.0,0.0,1,0,0,0,0.0,0.0,0,4,0,3399
1,1,0,1,0,0.5,0.5,1.0,0.0,0.0,2,1,0,1,0.0,0.5,0,4,0,3400
2,7,1,1,1,0.6667,0.6666666666666666,1.0,0.0,0.0,3,2,0,2,0.0,0.6666666666666666,0,4,0,3401
2,7,1,1,1,0.8333,0.75,1.0,0.25,1.0,4,3,0,3,0.5,0.75,0,4,1,3402
3,6,1,1,1,1.0,0.8,1.0,0.4,1.0,5,4,0,4,0.5,0.8,0,4,1,3403
1,0,0,0,0,0.1429,0.0,0.0,0.0,0.0,0,0,0,0,0.0,0.0,2,2,0,3404
1,1,0,0,0,0.2857,0.0,0.0,0.0,0.0,1,0,0,0,0.0,0.0,2,2,0,3405
1,1,0,1,0,0.4286,0.0,0.0,0.0,0.0,2,0,0,0,0.0,0.0,2,2,0,3406
1,1,0,1,0,0.5714,0.3333333333333333,1.0,0.0,0.0,3,1,0,1,0.0,0.3333333333333333,2,2,0,3407
2,7,1,1,1,0.7143,0.5,1.0,0.0,0.0,4,2,0,2,0.0,0.5,2,2,0,3408
2,7,1,1,1,0.8571,0.6,1.0,0.2,1.0,5,3,0,3,0.5,0.6,2,2,1,3409
3,2,3,1,1,1.0,0.6666666666666666,1.0,0.3333333333333333,1.0,6,4,0,4,0.5,0.6666666666666666,2,2,1,3410
1,2,3,0,0,0.1667,0.0,0.0,0.0,0.0,0,0,0,0,0.0,0.0,2,2,0,3411
1,1,0,1,0,0.3333,0.0,0.0,0.0,0.0,1,0,0,0,0.0,0.0,2,2,0,3412
1,1,0,1,0,0.5,0.5,1.0,0.0,0.0,2,1,0,1,0.0,0.5,2,2,0,3413
2,7,1,1,1,0.6667,0.6666666666666666,1.0,0.0,0.0,3,2,0,2,0.0,0.6666666666666666,2,2,0,3414
2,7,1,1,1,0.8333,0.75,1.0,0.25,1.0,4,3,0,3,0.5,0.75,2,2,1,3415
3,6,1,1,1,1.0,0.8,1.0,0.4,1.0,5,4,0,4,0.5,0.8,2,2,1,3416
1,2,3,0,0,0.1667,0.0,0.0,0.0,0.0,0,0,0,0,0.0,0.0,1,3,0,3417
1,1,0,1,0,0.3333,0.0,0.0,0.0,0.0,1,0,0,0,0.0,0.0,1,3,0,3418
1,1,0,1,0,0.5,0.5,1.0,0.0,0.0,2,1,0,1,0.0,0.5,1,3,0,3419
2,7,1,1,1,0.6667,0.6666666666666666,1.0,0.0,0.0,3,2,0,2,0.0,0.6666666666666666,1,3,0,3420
2,7,1,1,1,0.8333,0.75,1.0,0.25,1.0,4,3,0,3,0.5,0.75,1,3,1,3421
3,6,1,1,1,1.0,0.8,1.0,0.4,1.0,5,4,0,4,0.5,0.8,1,3,1,3422
1,0,0,0,0,0.1429,0.0,0.0,0.0,0.0,0,0,0,0,0.0,0.0,1,2,0,3423
1,1,0,0,0,0.2857,0.0,0.0,0.0,0.0,1,0,0,0,0.0,0.0,1,2,0,3424
1,1,0,1,0,0.4286,0.0,0.0,0.0,0.0,2,0,0,0,0.0,0.0,1,2,0,3425
1,1,0,1,0,0.5714,0.3333333333333333,1.0,0.0,0.0,3,1,0,1,0.0,0.3333333333333333,1,2,0,3426
2,7,1,1,1,0.7143,0.5,1.0,0.0,0.0,4,2,0,2,0.0,0.5,1,2,0,3427
2,7,1,1,1,0.8571,0.6,1.0,0.2,1.0,5,3,0,3,0.5,0.6,1,2,1,3428
3,2,3,1,1,1.0,0.6666666666666666,1.0,0.3333333333333333,1.0,6,4,0,4,0.5,0.6666666666666666,1,2,1,3429
1,0,0,0,0,0.1429,0.0,0.0,0.0,0.0,0,0,0,0,0.0,0.0,0,3,0,3430
1,1,0,0,0,0.2857,0.0,0.0,0.0,0.0,1,0,0,0,0.0,0.0,0,3,0,3431
1,1,0,1,0,0.4286,0.0,0.0,0.0,0.0,2,0,0,0,0.0,0.0,0,3,0,3432
1,1,0,1,0,0.5714,0.3333333333333333,1.0,0.0,0.0,3,1,0,1,0.0,0.3333333333333333,0,3,0,3433
2,7,1,1,1,0.7143,0.5,1.0,0.0,0.0,4,2,0,2,0.0,0.5,0,3,0,3434
2,7,1,1,1,0.8571,0.6,1.0,0.2,1.0,5,3,0,3,0.5,0.6,0,3,1,3435
3,2,3,1,1,1.0,0.6666666666666666,1.0,0.3333333333333333,1.0,6,4,0,4,0.5,0.6666666666666666,0,3,1,3436
1,0,0,0,0,0.1429,0.0,0.0,0.0,0.0,0,0,0,0,0.0,0.0,1,4,0,3437
1,1,0,0,0,0.2857,0.0,0.0,0.0,0.0,1,0,0,0,0.0,0.0,1,4,0,3438
1,1,0,1,0,0.4286,0.0,0.0,0.0,0.0,2,0,0,0,0.0,0.0,1,4,0,3439
1,1,0,1,0,0.5714,0.3333333333333333,1.0,0.0,0.0,3,1,0,1,0.0,0.3333333333333333,1,4,0,3440
2,7,1,1,1,0.7143,0.5,1.0,0.0,0.0,4,2,0,2,0.0,0.5,1,4,0,3441
2,7,1,1,1,0.8571,0.6,1.0,0.2,1.0,5,3,0,3,0.5,0.6,1,4,1,3442
3,2,3,1,1,1.0,0.6666666666666666,1.0,0.3333333333333333,1.0,6,4,0,4,0.5,0.6666666666666666,1,4,1,3443
1,1,0,1,0,0.2,0.0,0.0,0.0,0.0,0,0,0,0,0.0,0.0,2,2,0,3444
1,7,1,1,1,0.4,1.0,1.0,0.0,0.0,1,1,0,1,0.0,1.0,2,2,0,3445
2,1,0,1,1,0.6,1.0,1.0,0.5,1.0,2,2,0,2,0.5,1.0,2,2,1,3446
2,6,1,1,1,0.8,1.0,1.0,0.6666666666666666,1.0,3,3,0,3,0.5,1.0,2,2,1,3447
3,7,1,1,1,1.0,1.0,1.0,0.75,1.0,4,4,0,4,0.5,1.0,2,2,1,3448
1,0,0,0,0,0.1429,0.0,0.0,0.0,0.0,0,0,0,0,0.0,0.0,3,2,0,3449
1,1,0,0,0,0.2857,0.0,0.0,0.0,0.0,1,0,0,0,0.0,0.0,3,2,0,3450
1,1,0,1,0,0.4286,0.0,0.0,0.0,0.0,2,0,0,0,0.0,0.0,3,2,0,3451
1,1,0,1,0,0.5714,0.3333333333333333,1.0,0.0,0.0,3,1,0,1,0.0,0.3333333333333333,3,2,0,3452
2,7,1,1,1,0.7143,0.5,1.0,0.0,0.0,4,2,0,2,0.0,0.5,3,2,0,3453
2,7,1,1,1,0.8571,0.6,1.0,0.2,1.0,5,3,0,3,0.5,0.6,3,2,1,3454
3,2,3,1,1,1.0,0.6666666666666666,1.0,0.3333333333333333,1.0,6,4,0,4,0.5,0.6666666666666666,3,2,1,3455
1,2,3,0,0,0.1667,0.0,0.0,0.0,0.0,0,0,0,0,0.0,0.0,1,2,0,3456
1,1,0,1,0,0.3333,0.0,0.0,0.0,0.0,1,0,0,0,0.0,0.0,1,2,0,3457
1,1,0,1,0,0.5,0.5,1.0,0.0,0.0,2,1,0,1,0.0,0.5,1,2,0,3458
2,7,1,1,1,0.6667,0.6666666666666666,1.0,0.0,0.0,3,2,0,2,0.0,0.6666666666666666,1,2,0,3459
2,7,1,1,1,0.8333,0.75,1.0,0.25,1.0,4,3,0,3,0.5,0.75,1,2,1,3460
3,6,1,1,1,1.0,0.8,1.0,0.4,1.0,5,4,0,4,0.5,0.8,1,2,1,3461
1,0,0,0,0,0.1429,0.0,0.0,0.0,0.0,0,0,0,0,0.0,0.0,2,2,0,3462
1,1,0,0,0,0.2857,0.0,0.0,0.0,0.0,1,0,0,0,0.0,0.0,2,2,0,3463
1,1,0,1,0,0.4286,0.0,0.0,0.0,0.0,2,0,0,0,0.0,0.0,2,2,0,3464
1,1,0,1,0,0.5714,0.3333333333333333,1.0,0.0,0.0,3,1,0,1,0.0,0.3333333333333333,2,2,0,3465
2,7,1,1,1,0.7143,0.5,1.0,0.0,0.0,4,2,0,2,0.0,0.5,2,2,0,3466
2,7,1,1,1,0.8571,0.6,1.0,0.2,1.0,5,3,0,3,0.5,0.6,2,2,1,3467
3,2,3,1,1,1.0,0.6666666666666666,1.0,0.3333333333333333,1.0,6,4,0,4,0.5,0.6666666666666666,2,2,1,3468
1,1,0,1,0,0.2,0.0,0.0,0.0,0.0,0,0,0,0,0.0,0.0,2,3,0,3469
1,7,1,1,1,0.4,1.0,1.0,0.0,0.0,1,1,0,1,0.0,1.0,2,3,0,3470
2,1,0,1,1,0.6,1.0,1.0,0.5,1.0,2,2,0,2,0.5,1.0,2,3,1,3471
2,6,1,1,1,0.8,1.0,1.0,0.6666666666666666,1.0,3,3,0,3,0.5,1.0,2,3,1,3472
3,7,1,1,1,1.0,1.0,1.0,0.75,1.0,4,4,0,4,0.5,1.0,2,3,1,3473
1,0,0,0,0,0.1429,0.0,0.0,0.0,0.0,0,0,0,0,0.0,0.0,1,2,0,3474
1,1,0,0,0,0.2857,0.0,0.0,0.0,0.0,1,0,0,0,0.0,0.0,1,2,0,3475
1,1,0,1,0,0.4286,0.0,0.0,0.0,0.0,2,0,0,0,0.0,0.0,1,2,0,3476
1,1,0,1,0,0.5714,0.3333333333333333,1.0,0.0,0.0,3,1,0,1,0.0,0.3333333333333333,1,2,0,3477
2,7,1,1,1,0.7143,0.5,1.0,0.0,0.0,4,2,0,2,0.0,0.5,1,2,0,3478
2,7,1,1,1,0.8571,0.6,1.0,0.2,1.0,5,3,0,3,0.5,0.6,1,2,1,3479
3,2,3,1,1,1.0,0.6666666666666666,1.0,0.3333333333333333,1.0,6,4,0,4,0.5,0.6666666666666666,1,2,1,3480
1,0,0,0,0,0.1429,0.0,0.0,0.0,0.0,0,0,0,0,0.0,0.0,2,4,0,3481
1,1,0,0,0,0.2857,0.0,0.0,0.0,0.0,1,0,0,0,0.0,0.0,2,4,0,3482
1,1,0,1,0,0.4286,0.0,0.0,0.0,0.0,2,0,0,0,0.0,0.0,2,4,0,3483
1,1,0,1,0,0.5714,0.3333333333333333,1.0,0.0,0.0,3,1,0,1,0.0,0.3333333333333333,2,4,0,3484
2,7,1,1,1,0.7143,0.5,1.0,0.0,0.0,4,2,0,2,0.0,0.5,2,4,0,3485
2,7,1,1,1,0.8571,0.6,1.0,0.2,1.0,5,3,0,3,0.5,0.6,2,4,1,3486
3,2,3,1,1,1.0,0.6666666666666666,1.0,0.3333333333333333,1.0,6,4,0,4,0.5,0.6666666666666666,2,4,1,3487
1,1,0,1,0,0.2,0.0,0.0,0.0,0.0,0,0,0,0,0.0,0.0,1,3,0,3488
1,7,1,1,1,0.4,1.0,1.0,0.0,0.0,1,1,0,1,0.0,1.0,1,3,0,3489
2,1,0,1,1,0.6,1.0,1.0,0.5,1.0,2,2,0,2,0.5,1.0,1,3,1,3490
2,6,1,1,1,0.8,1.0,1.0,0.6666666666666666,1.0,3,3,0,3,0.5,1.0,1,3,1,3491
3,7,1,1,1,1.0,1.0,1.0,0.75,1.0,4,4,0,4,0.5,1.0,1,3,1,3492
1,2,3,0,0,0.1667,0.0,0.0,0.0,0.0,0,0,0,0,0.0,0.0,0,3,0,3493
1,1,0,1,0,0.3333,0.0,0.0,0.0,0.0,1,0,0,0,0.0,0.0,0,3,0,3494
1,1,0,1,0,0.5,0.5,1.0,0.0,0.0,2,1,0,1,0.0,0.5,0,3,0,3495
2,7,1,1,1,0.6667,0.6666666666666666,1.0,0.0,0.0,3,2,0,2,0.0,0.6666666666666666,0,3,0,3496
2,7,1,1,1,0.8333,0.75,1.0,0.25,1.0,4,3,0,3,0.5,0.75,0,3,1,3497
3,6,1,1,1,1.0,0.8,1.0,0.4,1.0,5,4,0,4,0.5,0.8,0,3,1,3498
1,2,3,0,0,0.1667,0.0,0.0,0.0,0.0,0,0,0,0,0.0,0.0,3,4,0,3499
1,1,0,1,0,0.3333,0.0,0.0,0.0,0.0,1,0,0,0,0.0,0.0,3,4,0,3500
1,1,0,1,0,0.5,0.5,1.0,0.0,0.0,2,1,0,1,0.0,0.5,3,4,0,3501
2,7,1,1,1,0.6667,0.6666666666666666,1.0,0.0,0.0,3,2,0,2,0.0,0.6666666666666666,3,4,0,3502
2,7,1,1,1,0.8333,0.75,1.0,0.25,1.0,4,3,0,3,0.5,0.75,3,4,1,3503
3,6,1,1,1,1.0,0.8,1.0,0.4,1.0,5,4,0,4,0.5,0.8,3,4,1,3504
1,1,0,1,0,0.2,0.0,0.0,0.0,0.0,0,0,0,0,0.0,0.0,3,4,0,3505
1,7,1,1,1,0.4,1.0,1.0,0.0,0.0,1,1,0,1,0.0,1.0,3,4,0,3506
2,1,0,1,1,0.6,1.0,1.0,0.5,1.0,2,2,0,2,0.5,1.0,3,4,1,3507
2,6,1,1,1,0.8,1.0,1.0,0.6666666666666666,1.0,3,3,0,3,0.5,1.0,3,4,1,3508
3,7,1,1,1,1.0,1.0,1.0,0.75,1.0,4,4,0,4,0.5,1.0,3,4,1,3509
1,1,0,1,0,0.2,0.0,0.0,0.0,0.0,0,0,0,0,0.0,0.0,3,2,0,3510
1,7,1,1,1,0.4,1.0,1.0,0.0,0.0,1,1,0,1,0.0,1.0,3,2,0,3511
2,1,0,1,1,0.6,1.0,1.0,0.5,1.0,2,2,0,2,0.5,1.0,3,2,1,3512
2,6,1,1,1,0.8,1.0,1.0,0.6666666666666666,1.0,3,3,0,3,0.5,1.0,3,2,1,3513
3,7,1,1,1,1.0,1.0,1.0,0.75,1.0,4,4,0,4,0.5,1.0,3,2,1,3514
1,1,0,1,0,0.2,0.0,0.0,0.0,0.0,0,0,0,0,0.0,0.0,0,3,0,3515
1,7,1,1,1,0.4,1.0,1.0,0.0,0.0,1,1,0,1,0.0,1.0,0,3,0,3516
2,1,0,1,1,0.6,1.0,1.0,0.5,1.0,2,2,0,2,0.5,1.0,0,3,1,3517
2,6,1,1,1,0.8,1.0,1.0,0.6666666666666666,1.0,3,3,0,3,0.5,1.0,0,3,1,3518
3,7,1,1,1,1.0,1.0,1.0,0.75,1.0,4,4,0,4,0.5,1.0,0,3,1,3519
1,2,3,0,0,0.1667,0.0,0.0,0.0,0.0,0,0,0,0,0.0,0.0,3,2,0,3520
1,1,0,1,0,0.3333,0.0,0.0,0.0,0.0,1,0,0,0,0.0,0.0,3,2,0,3521
1,1,0,1,0,0.5,0.5,1.0,0.0,0.0,2,1,0,1,0.0,0.5,3,2,0,3522
2,7,1,1,1,0.6667,0.6666666666666666,1.0,0.0,0.0,3,2,0,2,0.0,0.6666666666666666,3,2,0,3523
2,7,1,1,1,0.8333,0.75,1.0,0.25,1.0,4,3,0,3,0.5,0.75,3,2,1,3524
3,6,1,1,1,1.0,0.8,1.0,0.4,1.0,5,4,0,4,0.5,0.8,3,2,1,3525
1,2,3,0,0,0.1667,0.0,0.0,0.0,0.0,0,0,0,0,0.0,0.0,2,3,0,3526
1,1,0,1,0,0.3333,0.0,0.0,0.0,0.0,1,0,0,0,0.0,0.0,2,3,0,3527
1,1,0,1,0,0.5,0.5,1.0,0.0,0.0,2,1,0,1,0.0,0.5,2,3,0,3528
2,7,1,1,1,0.6667,0.6666666666666666,1.0,0.0,0.0,3,2,0,2,0.0,0.6666666666666666,2,3,0,3529
2,7,1,1,1,0.8333,0.75,1.0,0.25,1.0,4,3,0,3,0.5,0.75,2,3,1,3530
3,6,1,1,1,1.0,0.8,1.0,0.4,1.0,5,4,0,4,0.5,0.8,2,3,1,3531
1,0,0,0,0,0.1429,0.0,0.0,0.0,0.0,0,0,0,0,0.0,0.0,2,4,0,3532
1,1,0,0,0,0.2857,0.0,0.0,0.0,0.0,1,0,0,0,0.0,0.0,2,4,0,3533
1,1,0,1,0,0.4286,0.0,0.0,0.0,0.0,2,0,0,0,0.0,0.0,2,4,0,3534
1,1,0,1,0,0.5714,0.3333333333333333,1.0,0.0,0.0,3,1,0,1,0.0,0.3333333333333333,2,4,0,3535
2,7,1,1,1,0.7143,0.5,1.0,0.0,0.0,4,2,0,2,0.0,0.5,2,4,0,3536
2,7,1,1,1,0.8571,0.6,1.0,0.2,1.0,5,3,0,3,0.5,0.6,2,4,1,3537
3,2,3,1,1,1.0,0.6666666666666666,1.0,0.3333333333333333,1.0,6,4,0,4,0.5,0.6666666666666666,2,4,1,3538
1,2,3,0,0,0.1667,0.0,0.0,0.0,0.0,0,0,0,0,0.0,0.0,3,2,0,3539
1,1,0,1,0,0.3333,0.0,0.0,0.0,0.0,1,0,0,0,0.0,0.0,3,2,0,3540
1,1,0,1,0,0.5,0.5,1.0,0.0,0.0,2,1,0,1,0.0,0.5,3,2,0,3541
2,7,1,1,1,0.6667,0.6666666666666666,1.0,0.0,0.0,3,2,0,2,0.0,0.6666666666666666,3,2,0,3542
2,7,1,1,1,0.8333,0.75,1.0,0.25,1.0,4,3,0,3,0.5,0.75,3,2,1,3543
3,6,1,1,1,1.0,0.8,1.0,0.4,1.0,5,4,0,4,0.5,0.8,3,2,1,3544
1,1,0,1,0,0.2,0.0,0.0,0.0,0.0,0,0,0,0,0.0,0.0,0,3,0,3545
1,7,1,1,1,0.4,1.0,1.0,0.0,0.0,1,1,0,1,0.0,1.0,0,3,0,3546
2,1,0,1,1,0.6,1.0,1.0,0.5,1.0,2,2,0,2,0.5,1.0,0,3,1,3547
2,6,1,1,1,0.8,1.0,1.0,0.6666666666666666,1.0,3,3,0,3,0.5,1.0,0,3,1,3548
3,7,1,1,1,1.0,1.0,1.0,0.75,1.0,4,4,0,4,0.5,1.0,0,3,1,3549
1,2,3,0,0,0.1667,0.0,0.0,0.0,0.0,0,0,0,0,0.0,0.0,0,2,0,3550
1,1,0,1,0,0.3333,0.0,0.0,0.0,0.0,1,0,0,0,0.0,0.0,0,2,0,3551
1,1,0,1,0,0.5,0.5,1.0,0.0,0.0,2,1,0,1,0.0,0.5,0,2,0,3552
2,7,1,1,1,0.6667,0.6666666666666666,1.0,0.0,0.0,3,2,0,2,0.0,0.6666666666666666,0,2,0,3553
2,7,1,1,1,0.8333,0.75,1.0,0.25,1.0,4,3,0,3,0.5,0.75,0,2,1,3554
3,6,1,1,1,1.0,0.8,1.0,0.4,1.0,5,4,0,4,0.5,0.8,0,2,1,3555
1,1,0,1,0,0.2,0.0,0.0,0.0,0.0,0,0,0,0,0.0,0.0,0,2,0,3556
1,7,1,1,1,0.4,1.0,1.0,0.0,0.0,1,1,0,1,0.0,1.0,0,2,0,3557
2,1,0,1,1,0.6,1.0,1.0,0.5,1.0,2,2,0,2,0.5,1.0,0,2,1,3558
2,6,1,1,1,0.8,1.0,1.0,0.6666666666666666,1.0,3,3,0,3,0.5,1.0,0,2,1,3559
3,7,1,1,1,1.0,1.0,1.0,0.75,1.0,4,4,0,4,0.5,1.0,0,2,1,3560
1,2,3,0,0,0.1667,0.0,0.0,0.0,0.0,0,0,0,0,0.0,0.0,2,3,0,3561
1,1,0,1,0,0.3333,0.0,0.0,0.0,0.0,1,0,0,0,0.0,0.0,2,3,0,3562
1,1,0,1,0,0.5,0.5,1.0,0.0,0.0,2,1,0,1,0.0,0.5,2,3,0,3563
2,7,1,1,1,0.6667,0.6666666666666666,1.0,0.0,0.0,3,2,0,2,0.0,0.6666666666666666,2,3,0,3564
2,7,1,1,1,0.8333,0.75,1.0,0.25,1.0,4,3,0,3,0.5,0.75,2,3,1,3565
3,6,1,1,1,1.0,0.8,1.0,0.4,1.0,5,4,0,4,0.5,0.8,2,3,1,3566
1,1,0,1,0,0.2,0.0,0.0,0.0,0.0,0,0,0,0,0.0,0.0,1,2,0,3567
1,7,1,1,1,0.4,1.0,1.0,0.0,0.0,1,1,0,1,0.0,1.0,1,2,0,3568
2,1,0,1,1,0.6,1.0,1.0,0.5,1.0,2,2,0,2,0.5,1.0,1,2,1,3569
2,6,1,1,1,0.8,1.0,1.0,0.6666666666666666,1.0,3,3,0,3,0.5,1.0,1,2,1,3570
3,7,1,1,1,1.0,1.0,1.0,0.75,1.0,4,4,0,4,0.5,1.0,1,2,1,3571
1,1,0,1,0,0.2,0.0,0.0,0.0,0.0,0,0,0,0,0.0,0.0,1,2,0,3572
1,7,1,1,1,0.4,1.0,1.0,0.0,0.0,1,1,0,1,0.0,1.0,1,2,0,3573
2,1,0,1,1,0.6,1.0,1.0,0.5,1.0,2,2,0,2,0.5,1.0,1,2,1,3574
2,6,1,1,1,0.8,1.0,1.0,0.6666666666666666,1.0,3,3,0,3,0.5,1.0,1,2,1,3575
3,7,1,1,1,1.0,1.0,1.0,0.75,1.0,4,4,0,4,0.5,1.0,1,2,1,3576
1,1,0,1,0,0.2,0.0,0.0,0.0,0.0,0,0,0,0,0.0,0.0,2,4,0,3577
1,7,1,1,1,0.4,1.0,1.0,0.0,0.0,1,1,0,1,0.0,1.0,2,4,0,3578
2,1,0,1,1,0.6,1.0,1.0,0.5,1.0,2,2,0,2,0.5,1.0,2,4,1,3579
2,6,1,1,1,0.8,1.0,1.0,0.6666666666666666,1.0,3,3,0,3,0.5,1.0,2,4,1,3580
3,7,1,1,1,1.0,1.0,1.0,0.75,1.0,4,4,0,4,0.5,1.0,2,4,1,3581
1,0,0,0,0,0.1429,0.0,0.0,0.0,0.0,0,0,0,0,0.0,0.0,1,2,0,3582
1,1,0,0,0,0.2857,0.0,0.0,0.0,0.0,1,0,0,0,0.0,0.0,1,2,0,3583
1,1,0,1,0,0.4286,0.0,0.0,0.0,0.0,2,0,0,0,0.0,0.0,1,2,0,3584
1,1,0,1,0,0.5714,0.3333333333333333,1.0,0.0,0.0,3,1,0,1,0.0,0.3333333333333333,1,2,0,3585
2,7,1,1,1,0.7143,0.5,1.0,0.0,0.0,4,2,0,2,0.0,0.5,1,2,0,3586
2,7,1,1,1,0.8571,0.6,1.0,0.2,1.0,5,3,0,3,0.5,0.6,1,2,1,3587
3,2,3,1,1,1.0,0.6666666666666666,1.0,0.3333333333333333,1.0,6,4,0,4,0.5,0.6666666666666666,1,2,1,3588
1,0,0,0,0,0.1429,0.0,0.0,0.0,0.0,0,0,0,0,0.0,0.0,1,4,0,3589
1,1,0,0,0,0.2857,0.0,0.0,0.0,0.0,1,0,0,0,0.0,0.0,1,4,0,3590
1,1,0,1,0,0.4286,0.0,0.0,0.0,0.0,2,0,0,0,0.0,0.0,1,4,0,3591
1,1,0,1,0,0.5714,0.3333333333333333,1.0,0.0,0.0,3,1,0,1,0.0,0.3333333333333333,1,4,0,3592
2,7,1,1,1,0.7143,0.5,1.0,0.0,0.0,4,2,0,2,0.0,0.5,1,4,0,3593
2,7,1,1,1,0.8571,0.6,1.0,0.2,1.0,5,3,0,3,0.5,0.6,1,4,1,3594
3,2,3,1,1,1.0,0.6666666666666666,1.0,0.3333333333333333,1.0,6,4,0,4,0.5,0.6666666666666666,1,4,1,3595
1,2,3,0,0,0.1667,0.0,0.0,0.0,0.0,0,0,0,0,0.0,0.0,1,3,0,3596
1,1,0,1,0,0.3333,0.0,0.0,0.0,0.0,1,0,0,0,0.0,0.0,1,3,0,3597
1,1,0,1,0,0.5,0.5,1.0,0.0,0.0,2,1,0,1,0.0,0.5,1,3,0,3598
2,7,1,1,1,0.6667,0.6666666666666666,1.0,0.0,0.0,3,2,0,2,0.0,0.6666666666666666,1,3,0,3599
2,7,1,1,1,0.8333,0.75,1.0,0.25,1.0,4,3,0,3,0.5,0.75,1,3,1,3600
3,6,1,1,1,1.0,0.8,1.0,0.4,1.0,5,4,0,4,0.5,0.8,1,3,1,3601
1,2,3,0,0,0.1667,0.0,0.0,0.0,0.0,0,0,0,0,0.0,0.0,1,3,0,3602
1,1,0,1,0,0.3333,0.0,0.0,0.0,0.0,1,0,0,0,0.0,0.0,1,3,0,3603
1,1,0,1,0,0.5,0.5,1.0,0.0,0.0,2,1,0,1,0.0,0.5,1,3,0,3604
2,7,1,1,1,0.6667,0.6666666666666666,1.0,0.0,0.0,3,2,0,2,0.0,0.6666666666666666,1,3,0,3605
2,7,1,1,1,0.8333,0.75,1.0,0.25,1.0,4,3,0,3,0.5,0.75,1,3,1,3606
3,6,1,1,1,1.0,0.8,1.0,0.4,1.0,5,4,0,4,0.5,0.8,1,3,1,3607
1,0,0,0,0,0.1429,0.0,0.0,0.0,0.0,0,0,0,0,0.0,0.0,0,2,0,3608
1,1,0,0,0,0.2857,0.0,0.0,0.0,0.0,1,0,0,0,0.0,0.0,0,2,0,3609
1,1,0,1,0,0.4286,0.0,0.0,0.0,0.0,2,0,0,0,0.0,0.0,0,2,0,3610
1,1,0,1,0,0.5714,0.3333333333333333,1.0,0.0,0.0,3,1,0,1,0.0,0.3333333333333333,0,2,0,3611
2,7,1,1,1,0.7143,0.5,1.0,0.0,0.0,4,2,0,2,0.0,0.5,0,2,0,3612
2,7,1,1,1,0.8571,0.6,1.0,0.2,1.0,5,3,0,3,0.5,0.6,0,2,1,3613
3,2,3,1,1,1.0,0.6666666666666666,1.0,0.3333333333333333,1.0,6,4,0,4,0.5,0.6666666666666666,0,2,1,3614
1,2,3,0,0,0.1667,0.0,0.0,0.0,0.0,0,0,0,0,0.0,0.0,2,4,0,3615
1,1,0,1,0,0.3333,0.0,0.0,0.0,0.0,1,0,0,0,0.0,0.0,2,4,0,3616
1,1,0,1,0,0.5,0.5,1.0,0.0,0.0,2,1,0,1,0.0,0.5,2,4,0,3617
2,7,1,1,1,0.6667,0.6666666666666666,1.0,0.0,0.0,3,2,0,2,0.0,0.6666666666666666,2,4,0,3618
2,7,1,1,1,0.8333,0.75,1.0,0.25,1.0,4,3,0,3,0.5,0.75,2,4,1,3619
3,6,1,1,1,1.0,0.8,1.0,0.4,1.0,5,4,0,4,0.5,0.8,2,4,1,3620
1,0,0,0,0,0.1429,0.0,0.0,0.0,0.0,0,0,0,0,0.0,0.0,1,2,0,3621
1,1,0,0,0,0.2857,0.0,0.0,0.0,0.0,1,0,0,0,0.0,0.0,1,2,0,3622
1,1,0,1,0,0.4286,0.0,0.0,0.0,0.0,2,0,0,0,0.0,0.0,1,2,0,3623
1,1,0,1,0,0.5714,0.3333333333333333,1.0,0.0,0.0,3,1,0,1,0.0,0.3333333333333333,1,2,0,3624
2,7,1,1,1,0.7143,0.5,1.0,0.0,0.0,4,2,0,2,0.0,0.5,1,2,0,3625
2,7,1,1,1,0.8571,0.6,1.0,0.2,1.0,5,3,0,3,0.5,0.6,1,2,1,3626
3,2,3,1,1,1.0,0.6666666666666666,1.0,0.3333333333333333,1.0,6,4,0,4,0.5,0.6666666666666666,1,2,1,3627
1,2,3,0,0,0.1667,0.0,0.0,0.0,0.0,0,0,0,0,0.0,0.0,2,3,0,3628
1,1,0,1,0,0.3333,0.0,0.0,0.0,0.0,1,0,0,0,0.0,0.0,2,3,0,3629
1,1,0,1,0,0.5,0.5,1.0,0.0,0.0,2,1,0,1,0.0,0.5,2,3,0,3630
2,7,1,1,1,0.6667,0.6666666666666666,1.0,0.0,0.0,3,2,0,2,0.0,0.6666666666666666,2,3,0,3631
2,7,1,1,1,0.8333,0.75,1.0,0.25,1.0,4,3,0,3,0.5,0.75,2,3,1,3632
3,6,1,1,1,1.0,0.8,1.0,0.4,1.0,5,4,0,4,0.5,0.8,2,3,1,3633
1,0,0,0,0,0.1429,0.0,0.0,0.0,0.0,0,0,0,0,0.0,0.0,2,3,0,3634
1,1,0,0,0,0.2857,0.0,0.0,0.0,0.0,1,0,0,0,0.0,0.0,2,3,0,3635
1,1,0,1,0,0.4286,0.0,0.0,0.0,0.0,2,0,0,0,0.0,0.0,2,3,0,3636
1,1,0,1,0,0.5714,0.3333333333333333,1.0,0.0,0.0,3,1,0,1,0.0,0.3333333333333333,2,3,0,3637
2,7,1,1,1,0.7143,0.5,1.0,0.0,0.0,4,2,0,2,0.0,0.5,2,3,0,3638
2,7,1,1,1,0.8571,0.6,1.0,0.2,1.0,5,3,0,3,0.5,0.6,2,3,1,3639
3,2,3,1,1,1.0,0.6666666666666666,1.0,0.3333333333333333,1.0,6,4,0,4,0.5,0.6666666666666666,2,3,1,3640
1,0,0,0,0,0.1429,0.0,0.0,0.0,0.0,0,0,0,0,0.0,0.0,3,2,0,3641
1,1,0,0,0,0.2857,0.0,0.0,0.0,0.0,1,0,0,0,0.0,0.0,3,2,0,3642
1,1,0,1,0,0.4286,0.0,0.0,0.0,0.0,2,0,0,0,0.0,0.0,3,2,0,3643
1,1,0,1,0,0.5714,0.3333333333333333,1.0,0.0,0.0,3,1,0,1,0.0,0.3333333333333333,3,2,0,3644
2,7,1,1,1,0.7143,0.5,1.0,0.0,0.0,4,2,0,2,0.0,0.5,3,2,0,3645
2,7,1,1,1,0.8571,0.6,1.0,0.2,1.0,5,3,0,3,0.5,0.6,3,2,1,3646
3,2,3,1,1,1.0,0.6666666666666666,1.0,0.3333333333333333,1.0,6,4,0,4,0.5,0.6666666666666666,3,2,1,3647
1,1,0,1,0,0.2,0.0,0.0,0.0,0.0,0,0,0,0,0.0,0.0,3,2,0,3648
1,7,1,1,1,0.4,1.0,1.0,0.0,0.0,1,1,0,1,0.0,1.0,3,2,0,3649
2,1,0,1,1,0.6,1.0,1.0,0.5,1.0,2,2,0,2,0.5,1.0,3,2,1,3650
2,6,1,1,1,0.8,1.0,1.0,0.6666666666666666,1.0,3,3,0,3,0.5,1.0,3,2,1,3651
3,7,1,1,1,1.0,1.0,1.0,0.75,1.0,4,4,0,4,0.5,1.0,3,2,1,3652
1,1,0,1,0,0.2,0.0,0.0,0.0,0.0,0,0,0,0,0.0,0.0,1,3,0,3653
1,7,1,1,1,0.4,1.0,1.0,0.0,0.0,1,1,0,1,0.0,1.0,1,3,0,3654
2,1,0,1,1,0.6,1.0,1.0,0.5,1.0,2,2,0,2,0.5,1.0,1,3,1,3655
2,6,1,1,1,0.8,1.0,1.0,0.6666666666666666,1.0,3,3,0,3,0.5,1.0,1,3,1,3656
3,7,1,1,1,1.0,1.0,1.0,0.75,1.0,4,4,0,4,0.5,1.0,1,3,1,3657
1,2,3,0,0,0.1667,0.0,0.0,0.0,0.0,0,0,0,0,0.0,0.0,3,3,0,3658
1,1,0,1,0,0.3333,0.0,0.0,0.0,0.0,1,0,0,0,0.0,0.0,3,3,0,3659
1,1,0,1,0,0.5,0.5,1.0,0.0,0.0,2,1,0,1,0.0,0.5,3,3,0,3660
2,7,1,1,1,0.6667,0.6666666666666666,1.0,0.0,0.0,3,2,0,2,0.0,0.6666666666666666,3,3,0,3661
2,7,1,1,1,0.8333,0.75,1.0,0.25,1.0,4,3,0,3,0.5,0.75,3,3,1,3662
3,6,1,1,1,1.0,0.8,1.0,0.4,1.0,5,4,0,4,0.5,0.8,3,3,1,3663
1,2,3,0,0,0.1667,0.0,0.0,0.0,0.0,0,0,0,0,0.0,0.0,2,2,0,3664
1,1,0,1,0,0.3333,0.0,0.0,0.0,0.0,1,0,0,0,0.0,0.0,2,2,0,3665
1,1,0,1,0,0.5,0.5,1.0,0.0,0.0,2,1,0,1,0.0,0.5,2,2,0,3666
2,7,1,1,1,0.6667,0.6666666666666666,1.0,0.0,0.0,3,2,0,2,0.0,0.6666666666666666,2,2,0,3667
2,7,1,1,1,0.8333,0.75,1.0,0.25,1.0,4,3,0,3,0.5,0.75,2,2,1,3668
3,6,1,1,1,1.0,0.8,1.0,0.4,1.0,5,4,0,4,0.5,0.8,2,2,1,3669
1,2,3,0,0,0.1667,0.0,0.0,0.0,0.0,0,0,0,0,0.0,0.0,0,4,0,3670
1,1,0,1,0,0.3333,0.0,0.0,0.0,0.0,1,0,0,0,0.0,0.0,0,4,0,3671
1,1,0,1,0,0.5,0.5,1.0,0.0,0.0,2,1,0,1,0.0,0.5,0,4,0,3672
2,7,1,1,1,0.6667,0.6666666666666666,1.0,0.0,0.0,3,2,0,2,0.0,0.6666666666666666,0,4,0,3673
2,7,1,1,1,0.8333,0.75,1.0,0.25,1.0,4,3,0,3,0.5,0.75,0,4,1,3674
3,6,1,1,1,1.0,0.8,1.0,0.4,1.0,5,4,0,4,0.5,0.8,0,4,1,3675
1,0,0,0,0,0.1429,0.0,0.0,0.0,0.0,0,0,0,0,0.0,0.0,1,4,0,3676
1,1,0,0,0,0.2857,0.0,0.0,0.0,0.0,1,0,0,0,0.0,0.0,1,4,0,3677
1,1,0,1,0,0.4286,0.0,0.0,0.0,0.0,2,0,0,0,0.0,0.0,1,4,0,3678
1,1,0,1,0,0.5714,0.3333333333333333,1.0,0.0,0.0,3,1,0,1,0.0,0.3333333333333333,1,4,0,3679
2,7,1,1,1,0.7143,0.5,1.0,0.0,0.0,4,2,0,2,0.0,0.5,1,4,0,3680
2,7,1,1,1,0.8571,0.6,1.0,0.2,1.0,5,3,0,3,0.5,0.6,1,4,1,3681
3,2,3,1,1,1.0,0.6666666666666666,1.0,0.3333333333333333,1.0,6,4,0,4,0.5,0.6666666666666666,1,4,1,3682
1,1,0,1,0,0.2,0.0,0.0,0.0,0.0,0,0,0,0,0.0,0.0,1,4,0,3683
1,7,1,1,1,0.4,1.0,1.0,0.0,0.0,1,1,0,1,0.0,1.0,1,4,0,3684
2,1,0,1,1,0.6,1.0,1.0,0.5,1.0,2,2,0,2,0.5,1.0,1,4,1,3685
2,6,1,1,1,0.8,1.0,1.0,0.6666666666666666,1.0,3,3,0,3,0.5,1.0,1,4,1,3686
3,7,1,1,1,1.0,1.0,1.0,0.75,1.0,4,4,0,4,0.5,1.0,1,4,1,3687
1,1,0,1,0,0.2,0.0,0.0,0.0,0.0,0,0,0,0,0.0,0.0,0,2,0,3688
1,7,1,1,1,0.4,1.0,1.0,0.0,0.0,1,1,0,1,0.0,1.0,0,2,0,3689
2,1,0,1,1,0.6,1.0,1.0,0.5,1.0,2,2,0,2,0.5,1.0,0,2,1,3690
2,6,1,1,1,0.8,1.0,1.0,0.6666666666666666,1.0,3,3,0,3,0.5,1.0,0,2,1,3691
3,7,1,1,1,1.0,1.0,1.0,0.75,1.0,4,4,0,4,0.5,1.0,0,2,1,3692
1,1,0,1,0,0.2,0.0,0.0,0.0,0.0,0,0,0,0,0.0,0.0,0,3,0,3693
1,7,1,1,1,0.4,1.0,1.0,0.0,0.0,1,1,0,1,0.0,1.0,0,3,0,3694
2,1,0,1,1,0.6,1.0,1.0,0.5,1.0,2,2,0,2,0.5,1.0,0,3,1,3695
2,6,1,1,1,0.8,1.0,1.0,0.6666666666666666,1.0,3,3,0,3,0.5,1.0,0,3,1,3696
3,7,1,1,1,1.0,1.0,1.0,0.75,1.0,4,4,0,4,0.5,1.0,0,3,1,3697
1,1,0,1,0,0.2,0.0,0.0,0.0,0.0,0,0,0,0,0.0,0.0,3,3,0,3698
1,7,1,1,1,0.4,1.0,1.0,0.0,0.0,1,1,0,1,0.0,1.0,3,3,0,3699
2,1,0,1,1,0.6,1.0,1.0,0.5,1.0,2,2,0,2,0.5,1.0,3,3,1,3700
2,6,1,1,1,0.8,1.0,1.0,0.6666666666666666,1.0,3,3,0,3,0.5,1.0,3,3,1,3701
3,7,1,1,1,1.0,1.0,1.0,0.75,1.0,4,4,0,4,0.5,1.0,3,3,1,3702
1,0,0,0,0,0.1429,0.0,0.0,0.0,0.0,0,0,0,0,0.0,0.0,3,4,0,3703
1,1,0,0,0,0.2857,0.0,0.0,0.0,0.0,1,0,0,0,0.0,0.0,3,4,0,3704
1,1,0,1,0,0.4286,0.0,0.0,0.0,0.0,2,0,0,0,0.0,0.0,3,4,0,3705
1,1,0,1,0,0.5714,0.3333333333333333,1.0,0.0,0.0,3,1,0,1,0.0,0.3333333333333333,3,4,0,3706
2,7,1,1,1,0.7143,0.5,1.0,0.0,0.0,4,2,0,2,0.0,0.5,3,4,0,3707
2,7,1,1,1,0.8571,0.6,1.0,0.2,1.0,5,3,0,3,0.5,0.6,3,4,1,3708
3,2,3,1,1,1.0,0.6666666666666666,1.0,0.3333333333333333,1.0,6,4,0,4,0.5,0.6666666666666666,3,4,1,3709
1,2,3,0,0,0.1667,0.0,0.0,0.0,0.0,0,0,0,0,0.0,0.0,1,3,0,3710
1,1,0,1,0,0.3333,0.0,0.0,0.0,0.0,1,0,0,0,0.0,0.0,1,3,0,3711
1,1,0,1,0,0.5,0.5,1.0,0.0,0.0,2,1,0,1,0.0,0.5,1,3,0,3712
2,7,1,1,1,0.6667,0.6666666666666666,1.0,0.0,0.0,3,2,0,2,0.0,0.6666666666666666,1,3,0,3713
2,7,1,1,1,0.8333,0.75,1.0,0.25,1.0,4,3,0,3,0.5,0.75,1,3,1,3714
3,6,1,1,1,1.0,0.8,1.0,0.4,1.0,5,4,0,4,0.5,0.8,1,3,1,3715
1,1,0,1,0,0.2,0.0,0.0,0.0,0.0,0,0,0,0,0.0,0.0,3,3,0,3716
1,7,1,1,1,0.4,1.0,1.0,0.0,0.0,1,1,0,1,0.0,1.0,3,3,0,3717
2,1,0,1,1,0.6,1.0,1.0,0.5,1.0,2,2,0,2,0.5,1.0,3,3,1,3718
2,6,1,1,1,0.8,1.0,1.0,0.6666666666666666,1.0,3,3,0,3,0.5,1.0,3,3,1,3719
3,7,1,1,1,1.0,1.0,1.0,0.75,1.0,4,4,0,4,0.5,1.0,3,3,1,3720
1,1,0,1,0,0.2,0.0,0.0,0.0,0.0,0,0,0,0,0.0,0.0,2,2,0,3721
1,7,1,1,1,0.4,1.0,1.0,0.0,0.0,1,1,0,1,0.0,1.0,2,2,0,3722
2,1,0,1,1,0.6,1.0,1.0,0.5,1.0,2,2,0,2,0.5,1.0,2,2,1,3723
2,6,1,1,1,0.8,1.0,1.0,0.6666666666666666,1.0,3,3,0,3,0.5,1.0,2,2,1,3724
3,7,1,1,1,1.0,1.0,1.0,0.75,1.0,4,4,0,4,0.5,1.0,2,2,1,3725
1,1,0,1,0,0.2,0.0,0.0,0.0,0.0,0,0,0,0,0.0,0.0,0,3,0,3726
1,7,1,1,1,0.4,1.0,1.0,0.0,0.0,1,1,0,1,0.0,1.0,0,3,0,3727
2,1,0,1,1,0.6,1.0,1.0,0.5,1.0,2,2,0,2,0.5,1.0,0,3,1,3728
2,6,1,1,1,0.8,1.0,1.0,0.6666666666666666,1.0,3,3,0,3,0.5,1.0,0,3,1,3729
3,7,1,1,1,1.0,1.0,1.0,0.75,1.0,4,4,0,4,0.5,1.0,0,3,1,3730
1,0,0,0,0,0.1429,0.0,0.0,0.0,0.0,0,0,0,0,0.0,0.0,3,2,0,3731
1,1,0,0,0,0.2857,0.0,0.0,0.0,0.0,1,0,0,0,0.0,0.0,3,2,0,3732
1,1,0,1,0,0.4286,0.0,0.0,0.0,0.0,2,0,0,0,0.0,0.0,3,2,0,3733
1,1,0,1,0,0.5714,0.3333333333333333,1.0,0.0,0.0,3,1,0,1,0.0,0.3333333333333333,3,2,0,3734
2,7,1,1,1,0.7143,0.5,1.0,0.0,0.0,4,2,0,2,0.0,0.5,3,2,0,3735
2,7,1,1,1,0.8571,0.6,1.0,0.2,1.0,5,3,0,3,0.5,0.6,3,2,1,3736
3,2,3,1,1,1.0,0.6666666666666666,1.0,0.3333333333333333,1.0,6,4,0,4,0.5,0.6666666666666666,3,2,1,3737
1,2,3,0,0,0.1667,0.0,0.0,0.0,0.0,0,0,0,0,0.0,0.0,2,3,0,3738
1,1,0,1,0,0.3333,0.0,0.0,0.0,0.0,1,0,0,0,0.0,0.0,2,3,0,3739
1,1,0,1,0,0.5,0.5,1.0,0.0,0.0,2,1,0,1,0.0,0.5,2,3,0,3740
2,7,1,1,1,0.6667,0.6666666666666666,1.0,0.0,0.0,3,2,0,2,0.0,0.6666666666666666,2,3,0,3741
2,7,1,1,1,0.8333,0.75,1.0,0.25,1.0,4,3,0,3,0.5,0.75,2,3,1,3742
3,6,1,1,1,1.0,0.8,1.0,0.4,1.0,5,4,0,4,0.5,0.8,2,3,1,3743
1,1,0,1,0,0.2,0.0,0.0,0.0,0.0,0,0,0,0,0.0,0.0,3,4,0,3744
1,7,1,1,1,0.4,1.0,1.0,0.0,0.0,1,1,0,1,0.0,1.0,3,4,0,3745
2,1,0,1,1,0.6,1.0,1.0,0.5,1.0,2,2,0,2,0.5,1.0,3,4,1,3746
2,6,1,1,1,0.8,1.0,1.0,0.6666666666666666,1.0,3,3,0,3,0.5,1.0,3,4,1,3747
3,7,1,1,1,1.0,1.0,1.0,0.75,1.0,4,4,0,4,0.5,1.0,3,4,1,3748
1,1,0,1,0,0.2,0.0,0.0,0.0,0.0,0,0,0,0,0.0,0.0,2,4,0,3749
1,7,1,1,1,0.4,1.0,1.0,0.0,0.0,1,1,0,1,0.0,1.0,2,4,0,3750
2,1,0,1,1,0.6,1.0,1.0,0.5,1.0,2,2,0,2,0.5,1.0,2,4,1,3751
2,6,1,1,1,0.8,1.0,1.0,0.6666666666666666,1.0,3,3,0,3,0.5,1.0,2,4,1,3752
3,7,1,1,1,1.0,1.0,1.0,0.75,1.0,4,4,0,4,0.5,1.0,2,4,1,3753
1,1,0,1,0,0.2,0.0,0.0,0.0,0.0,0,0,0,0,0.0,0.0,3,3,0,3754
1,7,1,1,1,0.4,1.0,1.0,0.0,0.0,1,1,0,1,0.0,1.0,3,3,0,3755
2,1,0,1,1,0.6,1.0,1.0,0.5,1.0,2,2,0,2,0.5,1.0,3,3,1,3756
2,6,1,1,1,0.8,1.0,1.0,0.6666666666666666,1.0,3,3,0,3,0.5,1.0,3,3,1,3757
3,7,1,1,1,1.0,1.0,1.0,0.75,1.0,4,4,0,4,0.5,1.0,3,3,1,3758
1,0,0,0,0,0.1429,0.0,0.0,0.0,0.0,0,0,0,0,0.0,0.0,2,3,0,3759
1,1,0,0,0,0.2857,0.0,0.0,0.0,0.0,1,0,0,0,0.0,0.0,2,3,0,3760
1,1,0,1,0,0.4286,0.0,0.0,0.0,0.0,2,0,0,0,0.0,0.0,2,3,0,3761
1,1,0,1,0,0.5714,0.3333333333333333,1.0,0.0,0.0,3,1,0,1,0.0,0.3333333333333333,2,3,0,3762
2,7,1,1,1,0.7143,0.5,1.0,0.0,0.0,4,2,0,2,0.0,0.5,2,3,0,3763
2,7,1,1,1,0.8571,0.6,1.0,0.2,1.0,5,3,0,3,0.5,0.6,2,3,1,3764
3,2,3,1,1,1.0,0.6666666666666666,1.0,0.3333333333333333,1.0,6,4,0,4,0.5,0.6666666666666666,2,3,1,3765
1,1,0,1,0,0.2,0.0,0.0,0.0,0.0,0,0,0,0,0.0,0.0,1,3,0,3766
1,7,1,1,1,0.4,1.0,1.0,0.0,0.0,1,1,0,1,0.0,1.0,1,3,0,3767
2,1,0,1,1,0.6,1.0,1.0,0.5,1.0,2,2,0,2,0.5,1.0,1,3,1,3768
2,6,1,1,1,0.8,1.0,1.0,0.6666666666666666,1.0,3,3,0,3,0.5,1.0,1,3,1,3769
3,7,1,1,1,1.0,1.0,1.0,0.75,1.0,4,4,0,4,0.5,1.0,1,3,1,3770
1,0,0,0,0,0.1429,0.0,0.0,0.0,0.0,0,0,0,0,0.0,0.0,0,2,0,3771
1,1,0,0,0,0.2857,0.0,0.0,0.0,0.0,1,0,0,0,0.0,0.0,0,2,0,3772
1,1,0,1,0,0.4286,0.0,0.0,0.0,0.0,2,0,0,0,0.0,0.0,0,2,0,3773
1,1,0,1,0,0.5714,0.3333333333333333,1.0,0.0,0.0,3,1,0,1,0.0,0.3333333333333333,0,2,0,3774
2,7,1,1,1,0.7143,0.5,1.0,0.0,0.0,4,2,0,2,0.0,0.5,0,2,0,3775
2,7,1,1,1,0.8571,0.6,1.0,0.2,1.0,5,3,0,3,0.5,0.6,0,2,1,3776
3,2,3,1,1,1.0,0.6666666666666666,1.0,0.3333333333333333,1.0,6,4,0,4,0.5,0.6666666666666666,0,2,1,3777
1,1,0,1,0,0.2,0.0,0.0,0.0,0.0,0,0,0,0,0.0,0.0,1,3,0,3778
1,7,1,1,1,0.4,1.0,1.0,0.0,0.0,1,1,0,1,0.0,1.0,1,3,0,3779
2,1,0,1,1,0.6,1.0,1.0,0.5,1.0,2,2,0,2,0.5,1.0,1,3,1,3780
2,6,1,1,1,0.8,1.0,1.0,0.6666666666666666,1.0,3,3,0,3,0.5,1.0,1,3,1,3781
3,7,1,1,1,1.0,1.0,1.0,0.75,1.0,4,4,0,4,0.5,1.0,1,3,1,3782
1,0,0,0,0,0.1429,0.0,0.0,0.0,0.0,0,0,0,0,0.0,0.0,2,3,0,3783
1,1,0,0,0,0.2857,0.0,0.0,0.0,0.0,1,0,0,0,0.0,0.0,2,3,0,3784
1,1,0,1,0,0.4286,0.0,0.0,0.0,0.0,2,0,0,0,0.0,0.0,2,3,0,3785
1,1,0,1,0,0.5714,0.3333333333333333,1.0,0.0,0.0,3,1,0,1,0.0,0.3333333333333333,2,3,0,3786
2,7,1,1,1,0.7143,0.5,1.0,0.0,0.0,4,2,0,2,0.0,0.5,2,3,0,3787
2,7,1,1,1,0.8571,0.6,1.0,0.2,1.0,5,3,0,3,0.5,0.6,2,3,1,3788
3,2,3,1,1,1.0,0.6666666666666666,1.0,0.3333333333333333,1.0,6,4,0,4,0.5,0.6666666666666666,2,3,1,3789
1,1,0,1,0,0.2,0.0,0.0,0.0,0.0,0,0,0,0,0.0,0.0,2,4,0,3790
1,7,1,1,1,0.4,1.0,1.0,0.0,0.0,1,1,0,1,0.0,1.0,2,4,0,3791
2,1,0,1,1,0.6,1.0,1.0,0.5,1.0,2,2,0,2,0.5,1.0,2,4,1,3792
2,6,1,1,1,0.8,1.0,1.0,0.6666666666666666,1.0,3,3,0,3,0.5,1.0,2,4,1,3793
3,7,1,1,1,1.0,1.0,1.0,0.75,1.0,4,4,0,4,0.5,1.0,2,4,1,3794
1,1,0,1,0,0.2,0.0,0.0,0.0,0.0,0,0,0,0,0.0,0.0,1,3,0,3795
1,7,1,1,1,0.4,1.0,1.0,0.0,0.0,1,1,0,1,0.0,1.0,1,3,0,3796
2,1,0,1,1,0.6,1.0,1.0,0.5,1.0,2,2,0,2,0.5,1.0,1,3,1,3797
2,6,1,1,1,0.8,1.0,1.0,0.6666666666666666,1.0,3,3,0,3,0.5,1.0,1,3,1,3798
3,7,1,1,1,1.0,1.0,1.0,0.75,1.0,4,4,0,4,0.5,1.0,1,3,1,3799
1,1,0,1,0,0.2,0.0,0.0,0.0,0.0,0,0,0,0,0.0,0.0,2,3,0,3800
1,7,1,1,1,0.4,1.0,1.0,0.0,0.0,1,1,0,1,0.0,1.0,2,3,0,3801
2,1,0,1,1,0.6,1.0,1.0,0.5,1.0,2,2,0,2,0.5,1.0,2,3,1,3802
2,6,1,1,1,0.8,1.0,1.0,0.6666666666666666,1.0,3,3,0,3,0.5,1.0,2,3,1,3803
3,7,1,1,1,1.0,1.0,1.0,0.75,1.0,4,4,0,4,0.5,1.0,2,3,1,3804
1,0,0,0,0,0.1429,0.0,0.0,0.0,0.0,0,0,0,0,0.0,0.0,3,2,0,3805
1,1,0,0,0,0.2857,0.0,0.0,0.0,0.0,1,0,0,0,0.0,0.0,3,2,0,3806
1,1,0,1,0,0.4286,0.0,0.0,0.0,0.0,2,0,0,0,0.0,0.0,3,2,0,3807
1,1,0,1,0,0.5714,0.3333333333333333,1.0,0.0,0.0,3,1,0,1,0.0,0.3333333333333333,3,2,0,3808
2,7,1,1,1,0.7143,0.5,1.0,0.0,0.0,4,2,0,2,0.0,0.5,3,2,0,3809
2,7,1,1,1,0.8571,0.6,1.0,0.2,1.0,5,3,0,3,0.5,0.6,3,2,1,3810
3,2,3,1,1,1.0,0.6666666666666666,1.0,0.3333333333333333,1.0,6,4,0,4,0.5,0.6666666666666666,3,2,1,3811
1,0,0,0,0,0.1429,0.0,0.0,0.0,0.0,0,0,0,0,0.0,0.0,2,3,0,3812
1,1,0,0,0,0.2857,0.0,0.0,0.0,0.0,1,0,0,0,0.0,0.0,2,3,0,3813
1,1,0,1,0,0.4286,0.0,0.0,0.0,0.0,2,0,0,0,0.0,0.0,2,3,0,3814
1,1,0,1,0,0.5714,0.3333333333333333,1.0,0.0,0.0,3,1,0,1,0.0,0.3333333333333333,2,3,0,3815
2,7,1,1,1,0.7143,0.5,1.0,0.0,0.0,4,2,0,2,0.0,0.5,2,3,0,3816
2,7,1,1,1,0.8571,0.6,1.0,0.2,1.0,5,3,0,3,0.5,0.6,2,3,1,3817
3,2,3,1,1,1.0,0.6666666666666666,1.0,0.3333333333333333,1.0,6,4,0,4,0.5,0.6666666666666666,2,3,1,3818
1,1,0,1,0,0.2,0.0,0.0,0.0,0.0,0,0,0,0,0.0,0.0,1,2,0,3819
1,7,1,1,1,0.4,1.0,1.0,0.0,0.0,1,1,0,1,0.0,1.0,1,2,0,3820
2,1,0,1,1,0.6,1.0,1.0,0.5,1.0,2,2,0,2,0.5,1.0,1,2,1,3821
2,6,1,1,1,0.8,1.0,1.0,0.6666666666666666,1.0,3,3,0,3,0.5,1.0,1,2,1,3822
3,7,1,1,1,1.0,1.0,1.0,0.75,1.0,4,4,0,4,0.5,1.0,1,2,1,3823
1,2,3,0,0,0.1667,0.0,0.0,0.0,0.0,0,0,0,0,0.0,0.0,0,2,0,3824
1,1,0,1,0,0.3333,0.0,0.0,0.0,0.0,1,0,0,0,0.0,0.0,0,2,0,3825
1,1,0,1,0,0.5,0.5,1.0,0.0,0.0,2,1,0,1,0.0,0.5,0,2,0,3826
2,7,1,1,1,0.6667,0.6666666666666666,1.0,0.0,0.0,3,2,0,2,0.0,0.6666666666666666,0,2,0,3827
2,7,1,1,1,0.8333,0.75,1.0,0.25,1.0,4,3,0,3,0.5,0.75,0,2,1,3828
3,6,1,1,1,1.0,0.8,1.0,0.4,1.0,5,4,0,4,0.5,0.8,0,2,1,3829
1,0,0,0,0,0.1429,0.0,0.0,0.0,0.0,0,0,0,0,0.0,0.0,3,4,0,3830
1,1,0,0,0,0.2857,0.0,0.0,0.0,0.0,1,0,0,0,0.0,0.0,3,4,0,3831
1,1,0,1,0,0.4286,0.0,0.0,0.0,0.0,2,0,0,0,0.0,0.0,3,4,0,3832
1,1,0,1,0,0.5714,0.3333333333333333,1.0,0.0,0.0,3,1,0,1,0.0,0.3333333333333333,3,4,0,3833
2,7,1,1,1,0.7143,0.5,1.0,0.0,0.0,4,2,0,2,0.0,0.5,3,4,0,3834
2,7,1,1,1,0.8571,0.6,1.0,0.2,1.0,5,3,0,3,0.5,0.6,3,4,1,3835
3,2,3,1,1,1.0,0.6666666666666666,1.0,0.3333333333333333,1.0,6,4,0,4,0.5,0.6666666666666666,3,4,1,3836
1,2,3,0,0,0.1667,0.0,0.0,0.0,0.0,0,0,0,0,0.0,0.0,2,2,0,3837
1,1,0,1,0,0.3333,0.0,0.0,0.0,0.0,1,0,0,0,0.0,0.0,2,2,0,3838
1,1,0,1,0,0.5,0.5,1.0,0.0,0.0,2,1,0,1,0.0,0.5,2,2,0,3839
2,7,1,1,1,0.6667,0.6666666666666666,1.0,0.0,0.0,3,2,0,2,0.0,0.6666666666666666,2,2,0,3840
2,7,1,1,1,0.8333,0.75,1.0,0.25,1.0,4,3,0,3,0.5,0.75,2,2,1,3841
3,6,1,1,1,1.0,0.8,1.0,0.4,1.0,5,4,0,4,0.5,0.8,2,2,1,3842
1,1,0,1,0,0.2,0.0,0.0,0.0,0.0,0,0,0,0,0.0,0.0,0,2,0,3843
1,7,1,1,1,0.4,1.0,1.0,0.0,0.0,1,1,0,1,0.0,1.0,0,2,0,3844
2,1,0,1,1,0.6,1.0,1.0,0.5,1.0,2,2,0,2,0.5,1.0,0,2,1,3845
2,6,1,1,1,0.8,1.0,1.0,0.6666666666666666,1.0,3,3,0,3,0.5,1.0,0,2,1,3846
3,7,1,1,1,1.0,1.0,1.0,0.75,1.0,4,4,0,4,0.5,1.0,0,2,1,3847
1,0,0,0,0,0.1429,0.0,0.0,0.0,0.0,0,0,0,0,0.0,0.0,1,4,0,3848
1,1,0,0,0,0.2857,0.0,0.0,0.0,0.0,1,0,0,0,0.0,0.0,1,4,0,3849
1,1,0,1,0,0.4286,0.0,0.0,0.0,0.0,2,0,0,0,0.0,0.0,1,4,0,3850
1,1,0,1,0,0.5714,0.3333333333333333,1.0,0.0,0.0,3,1,0,1,0.0,0.3333333333333333,1,4,0,3851
2,7,1,1,1,0.7143,0.5,1.0,0.0,0.0,4,2,0,2,0.0,0.5,1,4,0,3852
2,7,1,1,1,0.8571,0.6,1.0,0.2,1.0,5,3,0,3,0.5,0.6,1,4,1,3853
3,2,3,1,1,1.0,0.6666666666666666,1.0,0.3333333333333333,1.0,6,4,0,4,0.5,0.6666666666666666,1,4,1,3854
1,0,0,0,0,0.1429,0.0,0.0,0.0,0.0,0,0,0,0,0.0,0.0,1,2,0,3855
1,1,0,0,0,0.2857,0.0,0.0,0.0,0.0,1,0,0,0,0.0,0.0,1,2,0,3856
1,1,0,1,0,0.4286,0.0,0.0,0.0,0.0,2,0,0,0,0.0,0.0,1,2,0,3857
1,1,0,1,0,0.5714,0.3333333333333333,1.0,0.0,0.0,3,1,0,1,0.0,0.3333333333333333,1,2,0,3858
2,7,1,1,1,0.7143,0.5,1.0,0.0,0.0,4,2,0,2,0.0,0.5,1,2,0,3859
2,7,1,1,1,0.8571,0.6,1.0,0.2,1.0,5,3,0,3,0.5,0.6,1,2,1,3860
3,2,3,1,1,1.0,0.6666666666666666,1.0,0.3333333333333333,1.0,6,4,0,4,0.5,0.6666666666666666,1,2,1,3861
1,0,0,0,0,0.1429,0.0,0.0,0.0,0.0,0,0,0,0,0.0,0.0,3,4,0,3862
1,1,0,0,0,0.2857,0.0,0.0,0.0,0.0,1,0,0,0,0.0,0.0,3,4,0,3863
1,1,0,1,0,0.4286,0.0,0.0,0.0,0.0,2,0,0,0,0.0,0.0,3,4,0,3864
1,1,0,1,0,0.5714,0.3333333333333333,1.0,0.0,0.0,3,1,0,1,0.0,0.3333333333333333,3,4,0,3865
2,7,1,1,1,0.7143,0.5,1.0,0.0,0.0,4,2,0,2,0.0,0.5,3,4,0,3866
2,7,1,1,1,0.8571,0.6,1.0,0.2,1.0,5,3,0,3,0.5,0.6,3,4,1,3867
3,2,3,1,1,1.0,0.6666666666666666,1.0,0.3333333333333333,1.0,6,4,0,4,0.5,0.6666666666666666,3,4,1,3868
1,0,0,0,0,0.1429,0.0,0.0,0.0,0.0,0,0,0,0,0.0,0.0,1,3,0,3869
1,1,0,0,0,0.2857,0.0,0.0,0.0,0.0,1,0,0,0,0.0,0.0,1,3,0,3870
1,1,0,1,0,0.4286,0.0,0.0,0.0,0.0,2,0,0,0,0.0,0.0,1,3,0,3871
1,1,0,1,0,0.5714,0.3333333333333333,1.0,0.0,0.0,3,1,0,1,0.0,0.3333333333333333,1,3,0,3872
2,7,1,1,1,0.7143,0.5,1.0,0.0,0.0,4,2,0,2,0.0,0.5,1,3,0,3873
2,7,1,1,1,0.8571,0.6,1.0,0.2,1.0,5,3,0,3,0.5,0.6,1,3,1,3874
3,2,3,1,1,1.0,0.6666666666666666,1.0,0.3333333333333333,1.0,6,4,0,4,0.5,0.6666666666666666,1,3,1,3875
1,2,3,0,0,0.1667,0.0,0.0,0.0,0.0,0,0,0,0,0.0,0.0,0,4,0,3876
1,1,0,1,0,0.3333,0.0,0.0,0.0,0.0,1,0,0,0,0.0,0.0,0,4,0,3877
1,1,0,1,0,0.5,0.5,1.0,0.0,0.0,2,1,0,1,0.0,0.5,0,4,0,3878
2,7,1,1,1,0.6667,0.6666666666666666,1.0,0.0,0.0,3,2,0,2,0.0,0.6666666666666666,0,4,0,3879
2,7,1,1,1,0.8333,0.75,1.0,0.25,1.0,4,3,0,3,0.5,0.75,0,4,1,3880
3,6,1,1,1,1.0,0.8,1.0,0.4,1.0,5,4,0,4,0.5,0.8,0,4,1,3881
1,0,0,0,0,0.1429,0.0,0.0,0.0,0.0,0,0,0,0,0.0,0.0,0,3,0,3882
1,1,0,0,0,0.2857,0.0,0.0,0.0,0.0,1,0,0,0,0.0,0.0,0,3,0,3883
1,1,0,1,0,0.4286,0.0,0.0,0.0,0.0,2,0,0,0,0.0,0.0,0,3,0,3884
1,1,0,1,0,0.5714,0.3333333333333333,1.0,0.0,0.0,3,1,0,1,0.0,0.3333333333333333,0,3,0,3885
2,7,1,1,1,0.7143,0.5,1.0,0.0,0.0,4,2,0,2,0.0,0.5,0,3,0,3886
2,7,1,1,1,0.8571,0.6,1.0,0.2,1.0,5,3,0,3,0.5,0.6,0,3,1,3887
3,2,3,1,1,1.0,0.6666666666666666,1.0,0.3333333333333333,1.0,6,4,0,4,0.5,0.6666666666666666,0,3,1,3888
1,0,0,0,0,0.1429,0.0,0.0,0.0,0.0,0,0,0,0,0.0,0.0,1,3,0,3889
1,1,0,0,0,0.2857,0.0,0.0,0.0,0.0,1,0,0,0,0.0,0.0,1,3,0,3890
1,1,0,1,0,0.4286,0.0,0.0,0.0,0.0,2,0,0,0,0.0,0.0,1,3,0,3891
1,1,0,1,0,0.5714,0.3333333333333333,1.0,0.0,0.0,3,1,0,1,0.0,0.3333333333333333,1,3,0,3892
2,7,1,1,1,0.7143,0.5,1.0,0.0,0.0,4,2,0,2,0.0,0.5,1,3,0,3893
2,7,1,1,1,0.8571,0.6,1.0,0.2,1.0,5,3,0,3,0.5,0.6,1,3,1,3894
3,2,3,1,1,1.0,0.6666666666666666,1.0,0.3333333333333333,1.0,6,4,0,4,0.5,0.6666666666666666,1,3,1,3895
1,0,0,0,0,0.1429,0.0,0.0,0.0,0.0,0,0,0,0,0.0,0.0,3,4,0,3896
1,1,0,0,0,0.2857,0.0,0.0,0.0,0.0,1,0,0,0,0.0,0.0,3,4,0,3897
1,1,0,1,0,0.4286,0.0,0.0,0.0,0.0,2,0,0,0,0.0,0.0,3,4,0,3898
1,1,0,1,0,0.5714,0.3333333333333333,1.0,0.0,0.0,3,1,0,1,0.0,0.3333333333333333,3,4,0,3899
2,7,1,1,1,0.7143,0.5,1.0,0.0,0.0,4,2,0,2,0.0,0.5,3,4,0,3900
2,7,1,1,1,0.8571,0.6,1.0,0.2,1.0,5,3,0,3,0.5,0.6,3,4,1,3901
3,2,3,1,1,1.0,0.6666666666666666,1.0,0.3333333333333333,1.0,6,4,0,4,0.5,0.6666666666666666,3,4,1,3902
1,1,0,1,0,0.2,0.0,0.0,0.0,0.0,0,0,0,0,0.0,0.0,1,2,0,3903
1,7,1,1,1,0.4,1.0,1.0,0.0,0.0,1,1,0,1,0.0,1.0,1,2,0,3904
2,1,0,1,1,0.6,1.0,1.0,0.5,1.0,2,2,0,2,0.5,1.0,1,2,1,3905
2,6,1,1,1,0.8,1.0,1.0,0.6666666666666666,1.0,3,3,0,3,0.5,1.0,1,2,1,3906
3,7,1,1,1,1.0,1.0,1.0,0.75,1.0,4,4,0,4,0.5,1.0,1,2,1,3907
1,2,3,0,0,0.1667,0.0,0.0,0.0,0.0,0,0,0,0,0.0,0.0,1,4,0,3908
1,1,0,1,0,0.3333,0.0,0.0,0.0,0.0,1,0,0,0,0.0,0.0,1,4,0,3909
1,1,0,1,0,0.5,0.5,1.0,0.0,0.0,2,1,0,1,0.0,0.5,1,4,0,3910
2,7,1,1,1,0.6667,0.6666666666666666,1.0,0.0,0.0,3,2,0,2,0.0,0.6666666666666666,1,4,0,3911
2,7,1,1,1,0.8333,0.75,1.0,0.25,1.0,4,3,0,3,0.5,0.75,1,4,1,3912
3,6,1,1,1,1.0,0.8,1.0,0.4,1.0,5,4,0,4,0.5,0.8,1,4,1,3913
1,1,0,1,0,0.2,0.0,0.0,0.0,0.0,0,0,0,0,0.0,0.0,0,2,0,3914
1,7,1,1,1,0.4,1.0,1.0,0.0,0.0,1,1,0,1,0.0,1.0,0,2,0,3915
2,1,0,1,1,0.6,1.0,1.0,0.5,1.0,2,2,0,2,0.5,1.0,0,2,1,3916
2,6,1,1,1,0.8,1.0,1.0,0.6666666666666666,1.0,3,3,0,3,0.5,1.0,0,2,1,3917
3,7,1,1,1,1.0,1.0,1.0,0.75,1.0,4,4,0,4,0.5,1.0,0,2,1,3918
1,2,3,0,0,0.1667,0.0,0.0,0.0,0.0,0,0,0,0,0.0,0.0,2,2,0,3919
1,1,0,1,0,0.3333,0.0,0.0,0.0,0.0,1,0,0,0,0.0,0.0,2,2,0,3920
1,1,0,1,0,0.5,0.5,1.0,0.0,0.0,2,1,0,1,0.0,0.5,2,2,0,3921
2,7,1,1,1,0.6667,0.6666666666666666,1.0,0.0,0.0,3,2,0,2,0.0,0.6666666666666666,2,2,0,3922
2,7,1,1,1,0.8333,0.75,1.0,0.25,1.0,4,3,0,3,0.5,0.75,2,2,1,3923
3,6,1,1,1,1.0,0.8,1.0,0.4,1.0,5,4,0,4,0.5,0.8,2,2,1,3924
1,2,3,0,0,0.1667,0.0,0.0,0.0,0.0,0,0,0,0,0.0,0.0,0,3,0,3925
1,1,0,1,0,0.3333,0.0,0.0,0.0,0.0,1,0,0,0,0.0,0.0,0,3,0,3926
1,1,0,1,0,0.5,0.5,1.0,0.0,0.0,2,1,0,1,0.0,0.5,0,3,0,3927
2,7,1,1,1,0.6667,0.6666666666666666,1.0,0.0,0.0,3,2,0,2,0.0,0.6666666666666666,0,3,0,3928
2,7,1,1,1,0.8333,0.75,1.0,0.25,1.0,4,3,0,3,0.5,0.75,0,3,1,3929
3,6,1,1,1,1.0,0.8,1.0,0.4,1.0,5,4,0,4,0.5,0.8,0,3,1,3930
1,0,0,0,0,0.1429,0.0,0.0,0.0,0.0,0,0,0,0,0.0,0.0,0,4,0,3931
1,1,0,0,0,0.2857,0.0,0.0,0.0,0.0,1,0,0,0,0.0,0.0,0,4,0,3932
1,1,0,1,0,0.4286,0.0,0.0,0.0,0.0,2,0,0,0,0.0,0.0,0,4,0,3933
1,1,0,1,0,0.5714,0.3333333333333333,1.0,0.0,0.0,3,1,0,1,0.0,0.3333333333333333,0,4,0,3934
2,7,1,1,1,0.7143,0.5,1.0,0.0,0.0,4,2,0,2,0.0,0.5,0,4,0,3935
2,7,1,1,1,0.8571,0.6,1.0,0.2,1.0,5,3,0,3,0.5,0.6,0,4,1,3936
3,2,3,1,1,1.0,0.6666666666666666,1.0,0.3333333333333333,1.0,6,4,0,4,0.5,0.6666666666666666,0,4,1,3937
1,2,3,0,0,0.1667,0.0,0.0,0.0,0.0,0,0,0,0,0.0,0.0,0,2,0,3938
1,1,0,1,0,0.3333,0.0,0.0,0.0,0.0,1,0,0,0,0.0,0.0,0,2,0,3939
1,1,0,1,0,0.5,0.5,1.0,0.0,0.0,2,1,0,1,0.0,0.5,0,2,0,3940
2,7,1,1,1,0.6667,0.6666666666666666,1.0,0.0,0.0,3,2,0,2,0.0,0.6666666666666666,0,2,0,3941
2,7,1,1,1,0.8333,0.75,1.0,0.25,1.0,4,3,0,3,0.5,0.75,0,2,1,3942
3,6,1,1,1,1.0,0.8,1.0,0.4,1.0,5,4,0,4,0.5,0.8,0,2,1,3943
1,2,3,0,0,0.1667,0.0,0.0,0.0,0.0,0,0,0,0,0.0,0.0,2,2,0,3944
1,1,0,1,0,0.3333,0.0,0.0,0.0,0.0,1,0,0,0,0.0,0.0,2,2,0,3945
1,1,0,1,0,0.5,0.5,1.0,0.0,0.0,2,1,0,1,0.0,0.5,2,2,0,3946
2,7,1,1,1,0.6667,0.6666666666666666,1.0,0.0,0.0,3,2,0,2,0.0,0.6666666666666666,2,2,0,3947
2,7,1,1,1,0.8333,0.75,1.0,0.25,1.0,4,3,0,3,0.5,0.75,2,2,1,3948
3,6,1,1,1,1.0,0.8,1.0,0.4,1.0,5,4,0,4,0.5,0.8,2,2,1,3949
1,2,3,0,0,0.1667,0.0,0.0,0.0,0.0,0,0,0,0,0.0,0.0,1,4,0,3950
1,1,0,1,0,0.3333,0.0,0.0,0.0,0.0,1,0,0,0,0.0,0.0,1,4,0,3951
1,1,0,1,0,0.5,0.5,1.0,0.0,0.0,2,1,0,1,0.0,0.5,1,4,0,3952
2,7,1,1,1,0.6667,0.6666666666666666,1.0,0.0,0.0,3,2,0,2,0.0,0.6666666666666666,1,4,0,3953
2,7,1,1,1,0.8333,0.75,1.0,0.25,1.0,4,3,0,3,0.5,0.75,1,4,1,3954
3,6,1,1,1,1.0,0.8,1.0,0.4,1.0,5,4,0,4,0.5,0.8,1,4,1,3955
1,1,0,1,0,0.2,0.0,0.0,0.0,0.0,0,0,0,0,0.0,0.0,2,2,0,3956
1,7,1,1,1,0.4,1.0,1.0,0.0,0.0,1,1,0,1,0.0,1.0,2,2,0,3957
2,1,0,1,1,0.6,1.0,1.0,0.5,1.0,2,2,0,2,0.5,1.0,2,2,1,3958
2,6,1,1,1,0.8,1.0,1.0,0.6666666666666666,1.0,3,3,0,3,0.5,1.0,2,2,1,3959
3,7,1,1,1,1.0,1.0,1.0,0.75,1.0,4,4,0,4,0.5,1.0,2,2,1,3960
1,1,0,1,0,0.2,0.0,0.0,0.0,0.0,0,0,0,0,0.0,0.0,2,3,0,3961
1,7,1,1,1,0.4,1.0,1.0,0.0,0.0,1,1,0,1,0.0,1.0,2,3,0,3962
2,1,0,1,1,0.6,1.0,1.0,0.5,1.0,2,2,0,2,0.5,1.0,2,3,1,3963
2,6,1,1,1,0.8,1.0,1.0,0.6666666666666666,1.0,3,3,0,3,0.5,1.0,2,3,1,3964
3,7,1,1,1,1.0,1.0,1.0,0.75,1.0,4,4,0,4,0.5,1.0,2,3,1,3965
1,0,0,0,0,0.1429,0.0,0.0,0.0,0.0,0,0,0,0,0.0,0.0,0,3,0,3966
1,1,0,0,0,0.2857,0.0,0.0,0.0,0.0,1,0,0,0,0.0,0.0,0,3,0,3967
1,1,0,1,0,0.4286,0.0,0.0,0.0,0.0,2,0,0,0,0.0,0.0,0,3,0,3968
1,1,0,1,0,0.5714,0.3333333333333333,1.0,0.0,0.0,3,1,0,1,0.0,0.3333333333333333,0,3,0,3969
2,7,1,1,1,0.7143,0.5,1.0,0.0,0.0,4,2,0,2,0.0,0.5,0,3,0,3970
2,7,1,1,1,0.8571,0.6,1.0,0.2,1.0,5,3,0,3,0.5,0.6,0,3,1,3971
3,2,3,1,1,1.0,0.6666666666666666,1.0,0.3333333333333333,1.0,6,4,0,4,0.5,0.6666666666666666,0,3,1,3972
1,2,3,0,0,0.1667,0.0,0.0,0.0,0.0,0,0,0,0,0.0,0.0,3,2,0,3973
1,1,0,1,0,0.3333,0.0,0.0,0.0,0.0,1,0,0,0,0.0,0.0,3,2,0,3974
1,1,0,1,0,0.5,0.5,1.0,0.0,0.0,2,1,0,1,0.0,0.5,3,2,0,3975
2,7,1,1,1,0.6667,0.6666666666666666,1.0,0.0,0.0,3,2,0,2,0.0,0.6666666666666666,3,2,0,3976
2,7,1,1,1,0.8333,0.75,1.0,0.25,1.0,4,3,0,3,0.5,0.75,3,2,1,3977
3,6,1,1,1,1.0,0.8,1.0,0.4,1.0,5,4,0,4,0.5,0.8,3,2,1,3978
1,1,0,1,0,0.2,0.0,0.0,0.0,0.0,0,0,0,0,0.0,0.0,0,2,0,3979
1,7,1,1,1,0.4,1.0,1.0,0.0,0.0,1,1,0,1,0.0,1.0,0,2,0,3980
2,1,0,1,1,0.6,1.0,1.0,0.5,1.0,2,2,0,2,0.5,1.0,0,2,1,3981
2,6,1,1,1,0.8,1.0,1.0,0.6666666666666666,1.0,3,3,0,3,0.5,1.0,0,2,1,3982
3,7,1,1,1,1.0,1.0,1.0,0.75,1.0,4,4,0,4,0.5,1.0,0,2,1,3983
1,0,0,0,0,0.1429,0.0,0.0,0.0,0.0,0,0,0,0,0.0,0.0,1,2,0,3984
1,1,0,0,0,0.2857,0.0,0.0,0.0,0.0,1,0,0,0,0.0,0.0,1,2,0,3985
1,1,0,1,0,0.4286,0.0,0.0,0.0,0.0,2,0,0,0,0.0,0.0,1,2,0,3986
1,1,0,1,0,0.5714,0.3333333333333333,1.0,0.0,0.0,3,1,0,1,0.0,0.3333333333333333,1,2,0,3987
2,7,1,1,1,0.7143,0.5,1.0,0.0,0.0,4,2,0,2,0.0,0.5,1,2,0,3988
2,7,1,1,1,0.8571,0.6,1.0,0.2,1.0,5,3,0,3,0.5,0.6,1,2,1,3989
3,2,3,1,1,1.0,0.6666666666666666,1.0,0.3333333333333333,1.0,6,4,0,4,0.5,0.6666666666666666,1,2,1,3990
1,1,0,1,0,0.2,0.0,0.0,0.0,0.0,0,0,0,0,0.0,0.0,2,3,0,3991
1,7,1,1,1,0.4,1.0,1.0,0.0,0.0,1,1,0,1,0.0,1.0,2,3,0,3992
2,1,0,1,1,0.6,1.0,1.0,0.5,1.0,2,2,0,2,0.5,1.0,2,3,1,3993
2,6,1,1,1,0.8,1.0,1.0,0.6666666666666666,1.0,3,3,0,3,0.5,1.0,2,3,1,3994
3,7,1,1,1,1.0,1.0,1.0,0.75,1.0,4,4,0,4,0.5,1.0,2,3,1,3995
1,0,0,0,0,0.1429,0.0,0.0,0.0,0.0,0,0,0,0,0.0,0.0,0,3,0,3996
1,1,0,0,0,0.2857,0.0,0.0,0.0,0.0,1,0,0,0,0.0,0.0,0,3,0,3997
1,1,0,1,0,0.4286,0.0,0.0,0.0,0.0,2,0,0,0,0.0,0.0,0,3,0,3998
1,1,0,1,0,0.5714,0.3333333333333333,1.0,0.0,0.0,3,1,0,1,0.0,0.3333333333333333,0,3,0,3999
2,7,1,1,1,0.7143,0.5,1.0,0.0,0.0,4,2,0,2,0.0,0.5,0,3,0,4000
2,7,1,1,1,0.8571,0.6,1.0,0.2,1.0,5,3,0,3,0.5,0.6,0,3,1,4001
3,2,3,1,1,1.0,0.6666666666666666,1.0,0.3333333333333333,1.0,6,4,0,4,0.5,0.6666666666666666,0,3,1,4002
1,0,0,0,0,0.1429,0.0,0.0,0.0,0.0,0,0,0,0,0.0,0.0,3,4,0,4003
1,1,0,0,0,0.2857,0.0,0.0,0.0,0.0,1,0,0,0,0.0,0.0,3,4,0,4004
1,1,0,1,0,0.4286,0.0,0.0,0.0,0.0,2,0,0,0,0.0,0.0,3,4,0,4005
1,1,0,1,0,0.5714,0.3333333333333333,1.0,0.0,0.0,3,1,0,1,0.0,0.3333333333333333,3,4,0,4006
2,7,1,1,1,0.7143,0.5,1.0,0.0,0.0,4,2,0,2,0.0,0.5,3,4,0,4007
2,7,1,1,1,0.8571,0.6,1.0,0.2,1.0,5,3,0,3,0.5,0.6,3,4,1,4008
3,2,3,1,1,1.0,0.6666666666666666,1.0,0.3333333333333333,1.0,6,4,0,4,0.5,0.6666666666666666,3,4,1,4009
1,0,0,0,0,0.1429,0.0,0.0,0.0,0.0,0,0,0,0,0.0,0.0,2,4,0,4010
1,1,0,0,0,0.2857,0.0,0.0,0.0,0.0,1,0,0,0,0.0,0.0,2,4,0,4011
1,1,0,1,0,0.4286,0.0,0.0,0.0,0.0,2,0,0,0,0.0,0.0,2,4,0,4012
1,1,0,1,0,0.5714,0.3333333333333333,1.0,0.0,0.0,3,1,0,1,0.0,0.3333333333333333,2,4,0,4013
2,7,1,1,1,0.7143,0.5,1.0,0.0,0.0,4,2,0,2,0.0,0.5,2,4,0,4014
2,7,1,1,1,0.8571,0.6,1.0,0.2,1.0,5,3,0,3,0.5,0.6,2,4,1,4015
3,2,3,1,1,1.0,0.6666666666666666,1.0,0.3333333333333333,1.0,6,4,0,4,0.5,0.6666666666666666,2,4,1,4016
1,0,0,0,0,0.1429,0.0,0.0,0.0,0.0,0,0,0,0,0.0,0.0,1,4,0,4017
1,1,0,0,0,0.2857,0.0,0.0,0.0,0.0,1,0,0,0,0.0,0.0,1,4,0,4018
1,1,0,1,0,0.4286,0.0,0.0,0.0,0.0,2,0,0,0,0.0,0.0,1,4,0,4019
1,1,0,1,0,0.5714,0.3333333333333333,1.0,0.0,0.0,3,1,0,1,0.0,0.3333333333333333,1,4,0,4020
2,7,1,1,1,0.7143,0.5,1.0,0.0,0.0,4,2,0,2,0.0,0.5,1,4,0,4021
2,7,1,1,1,0.8571,0.6,1.0,0.2,1.0,5,3,0,3,0.5,0.6,1,4,1,4022
3,2,3,1,1,1.0,0.6666666666666666,1.0,0.3333333333333333,1.0,6,4,0,4,0.5,0.6666666666666666,1,4,1,4023
1,1,0,1,0,0.2,0.0,0.0,0.0,0.0,0,0,0,0,0.0,0.0,0,4,0,4024
1,7,1,1,1,0.4,1.0,1.0,0.0,0.0,1,1,0,1,0.0,1.0,0,4,0,4025
2,1,0,1,1,0.6,1.0,1.0,0.5,1.0,2,2,0,2,0.5,1.0,0,4,1,4026
2,6,1,1,1,0.8,1.0,1.0,0.6666666666666666,1.0,3,3,0,3,0.5,1.0,0,4,1,4027
3,7,1,1,1,1.0,1.0,1.0,0.75,1.0,4,4,0,4,0.5,1.0,0,4,1,4028
1,1,0,1,0,0.2,0.0,0.0,0.0,0.0,0,0,0,0,0.0,0.0,3,3,0,4029
1,7,1,1,1,0.4,1.0,1.0,0.0,0.0,1,1,0,1,0.0,1.0,3,3,0,4030
2,1,0,1,1,0.6,1.0,1.0,0.5,1.0,2,2,0,2,0.5,1.0,3,3,1,4031
2,6,1,1,1,0.8,1.0,1.0,0.6666666666666666,1.0,3,3,0,3,0.5,1.0,3,3,1,4032
3,7,1,1,1,1.0,1.0,1.0,0.75,1.0,4,4,0,4,0.5,1.0,3,3,1,4033
1,2,3,0,0,0.1667,0.0,0.0,0.0,0.0,0,0,0,0,0.0,0.0,3,3,0,4034
1,1,0,1,0,0.3333,0.0,0.0,0.0,0.0,1,0,0,0,0.0,0.0,3,3,0,4035
1,1,0,1,0,0.5,0.5,1.0,0.0,0.0,2,1,0,1,0.0,0.5,3,3,0,4036
2,7,1,1,1,0.6667,0.6666666666666666,1.0,0.0,0.0,3,2,0,2,0.0,0.6666666666666666,3,3,0,4037
2,7,1,1,1,0.8333,0.75,1.0,0.25,1.0,4,3,0,3,0.5,0.75,3,3,1,4038
3,6,1,1,1,1.0,0.8,1.0,0.4,1.0,5,4,0,4,0.5,0.8,3,3,1,4039
1,2,3,0,0,0.1667,0.0,0.0,0.0,0.0,0,0,0,0,0.0,0.0,1,3,0,4040
1,1,0,1,0,0.3333,0.0,0.0,0.0,0.0,1,0,0,0,0.0,0.0,1,3,0,4041
1,1,0,1,0,0.5,0.5,1.0,0.0,0.0,2,1,0,1,0.0,0.5,1,3,0,4042
2,7,1,1,1,0.6667,0.6666666666666666,1.0,0.0,0.0,3,2,0,2,0.0,0.6666666666666666,1,3,0,4043
2,7,1,1,1,0.8333,0.75,1.0,0.25,1.0,4,3,0,3,0.5,0.75,1,3,1,4044
3,6,1,1,1,1.0,0.8,1.0,0.4,1.0,5,4,0,4,0.5,0.8,1,3,1,4045
1,0,0,0,0,0.1429,0.0,0.0,0.0,0.0,0,0,0,0,0.0,0.0,2,3,0,4046
1,1,0,0,0,0.2857,0.0,0.0,0.0,0.0,1,0,0,0,0.0,0.0,2,3,0,4047
1,1,0,1,0,0.4286,0.0,0.0,0.0,0.0,2,0,0,0,0.0,0.0,2,3,0,4048
1,1,0,1,0,0.5714,0.3333333333333333,1.0,0.0,0.0,3,1,0,1,0.0,0.3333333333333333,2,3,0,4049
2,7,1,1,1,0.7143,0.5,1.0,0.0,0.0,4,2,0,2,0.0,0.5,2,3,0,4050
2,7,1,1,1,0.8571,0.6,1.0,0.2,1.0,5,3,0,3,0.5,0.6,2,3,1,4051
3,2,3,1,1,1.0,0.6666666666666666,1.0,0.3333333333333333,1.0,6,4,0,4,0.5,0.6666666666666666,2,3,1,4052
1,2,3,0,0,0.1667,0.0,0.0,0.0,0.0,0,0,0,0,0.0,0.0,3,2,0,4053
1,1,0,1,0,0.3333,0.0,0.0,0.0,0.0,1,0,0,0,0.0,0.0,3,2,0,4054
1,1,0,1,0,0.5,0.5,1.0,0.0,0.0,2,1,0,1,0.0,0.5,3,2,0,4055
2,7,1,1,1,0.6667,0.6666666666666666,1.0,0.0,0.0,3,2,0,2,0.0,0.6666666666666666,3,2,0,4056
2,7,1,1,1,0.8333,0.75,1.0,0.25,1.0,4,3,0,3,0.5,0.75,3,2,1,4057
3,6,1,1,1,1.0,0.8,1.0,0.4,1.0,5,4,0,4,0.5,0.8,3,2,1,4058
1,0,0,0,0,0.1429,0.0,0.0,0.0,0.0,0,0,0,0,0.0,0.0,1,4,0,4059
1,1,0,0,0,0.2857,0.0,0.0,0.0,0.0,1,0,0,0,0.0,0.0,1,4,0,4060
1,1,0,1,0,0.4286,0.0,0.0,0.0,0.0,2,0,0,0,0.0,0.0,1,4,0,4061
1,1,0,1,0,0.5714,0.3333333333333333,1.0,0.0,0.0,3,1,0,1,0.0,0.3333333333333333,1,4,0,4062
2,7,1,1,1,0.7143,0.5,1.0,0.0,0.0,4,2,0,2,0.0,0.5,1,4,0,4063
2,7,1,1,1,0.8571,0.6,1.0,0.2,1.0,5,3,0,3,0.5,0.6,1,4,1,4064
3,2,3,1,1,1.0,0.6666666666666666,1.0,0.3333333333333333,1.0,6,4,0,4,0.5,0.6666666666666666,1,4,1,4065
1,2,3,0,0,0.1667,0.0,0.0,0.0,0.0,0,0,0,0,0.0,0.0,2,2,0,4066
1,1,0,1,0,0.3333,0.0,0.0,0.0,0.0,1,0,0,0,0.0,0.0,2,2,0,4067
1,1,0,1,0,0.5,0.5,1.0,0.0,0.0,2,1,0,1,0.0,0.5,2,2,0,4068
2,7,1,1,1,0.6667,0.6666666666666666,1.0,0.0,0.0,3,2,0,2,0.0,0.6666666666666666,2,2,0,4069
2,7,1,1,1,0.8333,0.75,1.0,0.25,1.0,4,3,0,3,0.5,0.75,2,2,1,4070
3,6,1,1,1,1.0,0.8,1.0,0.4,1.0,5,4,0,4,0.5,0.8,2,2,1,4071
1,0,0,0,0,0.1429,0.0,0.0,0.0,0.0,0,0,0,0,0.0,0.0,1,2,0,4072
1,1,0,0,0,0.2857,0.0,0.0,0.0,0.0,1,0,0,0,0.0,0.0,1,2,0,4073
1,1,0,1,0,0.4286,0.0,0.0,0.0,0.0,2,0,0,0,0.0,0.0,1,2,0,4074
1,1,0,1,0,0.5714,0.3333333333333333,1.0,0.0,0.0,3,1,0,1,0.0,0.3333333333333333,1,2,0,4075
2,7,1,1,1,0.7143,0.5,1.0,0.0,0.0,4,2,0,2,0.0,0.5,1,2,0,4076
2,7,1,1,1,0.8571,0.6,1.0,0.2,1.0,5,3,0,3,0.5,0.6,1,2,1,4077
3,2,3,1,1,1.0,0.6666666666666666,1.0,0.3333333333333333,1.0,6,4,0,4,0.5,0.6666666666666666,1,2,1,4078
1,1,0,1,0,0.2,0.0,0.0,0.0,0.0,0,0,0,0,0.0,0.0,3,3,0,4079
1,7,1,1,1,0.4,1.0,1.0,0.0,0.0,1,1,0,1,0.0,1.0,3,3,0,4080
2,1,0,1,1,0.6,1.0,1.0,0.5,1.0,2,2,0,2,0.5,1.0,3,3,1,4081
2,6,1,1,1,0.8,1.0,1.0,0.6666666666666666,1.0,3,3,0,3,0.5,1.0,3,3,1,4082
3,7,1,1,1,1.0,1.0,1.0,0.75,1.0,4,4,0,4,0.5,1.0,3,3,1,4083
1,1,0,1,0,0.2,0.0,0.0,0.0,0.0,0,0,0,0,0.0,0.0,3,2,0,4084
1,7,1,1,1,0.4,1.0,1.0,0.0,0.0,1,1,0,1,0.0,1.0,3,2,0,4085
2,1,0,1,1,0.6,1.0,1.0,0.5,1.0,2,2,0,2,0.5,1.0,3,2,1,4086
2,6,1,1,1,0.8,1.0,1.0,0.6666666666666666,1.0,3,3,0,3,0.5,1.0,3,2,1,4087
3,7,1,1,1,1.0,1.0,1.0,0.75,1.0,4,4,0,4,0.5,1.0,3,2,1,4088
1,2,3,0,0,0.1667,0.0,0.0,0.0,0.0,0,0,0,0,0.0,0.0,0,4,0,4089
1,1,0,1,0,0.3333,0.0,0.0,0.0,0.0,1,0,0,0,0.0,0.0,0,4,0,4090
1,1,0,1,0,0.5,0.5,1.0,0.0,0.0,2,1,0,1,0.0,0.5,0,4,0,4091
2,7,1,1,1,0.6667,0.6666666666666666,1.0,0.0,0.0,3,2,0,2,0.0,0.6666666666666666,0,4,0,4092
2,7,1,1,1,0.8333,0.75,1.0,0.25,1.0,4,3,0,3,0.5,0.75,0,4,1,4093
3,6,1,1,1,1.0,0.8,1.0,0.4,1.0,5,4,0,4,0.5,0.8,0,4,1,4094
1,1,0,1,0,0.2,0.0,0.0,0.0,0.0,0,0,0,0,0.0,0.0,2,3,0,4095
1,7,1,1,1,0.4,1.0,1.0,0.0,0.0,1,1,0,1,0.0,1.0,2,3,0,4096
2,1,0,1,1,0.6,1.0,1.0,0.5,1.0,2,2,0,2,0.5,1.0,2,3,1,4097
2,6,1,1,1,0.8,1.0,1.0,0.6666666666666666,1.0,3,3,0,3,0.5,1.0,2,3,1,4098
3,7,1,1,1,1.0,1.0,1.0,0.75,1.0,4,4,0,4,0.5,1.0,2,3,1,4099
1,0,0,0,0,0.1429,0.0,0.0,0.0,0.0,0,0,0,0,0.0,0.0,0,3,0,4100
1,1,0,0,0,0.2857,0.0,0.0,0.0,0.0,1,0,0,0,0.0,0.0,0,3,0,4101
1,1,0,1,0,0.4286,0.0,0.0,0.0,0.0,2,0,0,0,0.0,0.0,0,3,0,4102
1,1,0,1,0,0.5714,0.3333333333333333,1.0,0.0,0.0,3,1,0,1,0.0,0.3333333333333333,0,3,0,4103
2,7,1,1,1,0.7143,0.5,1.0,0.0,0.0,4,2,0,2,0.0,0.5,0,3,0,4104
2,7,1,1,1,0.8571,0.6,1.0,0.2,1.0,5,3,0,3,0.5,0.6,0,3,1,4105
3,2,3,1,1,1.0,0.6666666666666666,1.0,0.3333333333333333,1.0,6,4,0,4,0.5,0.6666666666666666,0,3,1,4106
1,1,0,1,0,0.2,0.0,0.0,0.0,0.0,0,0,0,0,0.0,0.0,1,3,0,4107
1,7,1,1,1,0.4,1.0,1.0,0.0,0.0,1,1,0,1,0.0,1.0,1,3,0,4108
2,1,0,1,1,0.6,1.0,1.0,0.5,1.0,2,2,0,2,0.5,1.0,1,3,1,4109
2,6,1,1,1,0.8,1.0,1.0,0.6666666666666666,1.0,3,3,0,3,0.5,1.0,1,3,1,4110
3,7,1,1,1,1.0,1.0,1.0,0.75,1.0,4,4,0,4,0.5,1.0,1,3,1,4111
1,1,0,1,0,0.2,0.0,0.0,0.0,0.0,0,0,0,0,0.0,0.0,3,3,0,4112
1,7,1,1,1,0.4,1.0,1.0,0.0,0.0,1,1,0,1,0.0,1.0,3,3,0,4113
2,1,0,1,1,0.6,1.0,1.0,0.5,1.0,2,2,0,2,0.5,1.0,3,3,1,4114
2,6,1,1,1,0.8,1.0,1.0,0.6666666666666666,1.0,3,3,0,3,0.5,1.0,3,3,1,4115
3,7,1,1,1,1.0,1.0,1.0,0.75,1.0,4,4,0,4,0.5,1.0,3,3,1,4116
1,2,3,0,0,0.1667,0.0,0.0,0.0,0.0,0,0,0,0,0.0,0.0,1,4,0,4117
1,1,0,1,0,0.3333,0.0,0.0,0.0,0.0,1,0,0,0,0.0,0.0,1,4,0,4118
1,1,0,1,0,0.5,0.5,1.0,0.0,0.0,2,1,0,1,0.0,0.5,1,4,0,4119
2,7,1,1,1,0.6667,0.6666666666666666,1.0,0.0,0.0,3,2,0,2,0.0,0.6666666666666666,1,4,0,4120
2,7,1,1,1,0.8333,0.75,1.0,0.25,1.0,4,3,0,3,0.5,0.75,1,4,1,4121
3,6,1,1,1,1.0,0.8,1.0,0.4,1.0,5,4,0,4,0.5,0.8,1,4,1,4122
1,1,0,1,0,0.2,0.0,0.0,0.0,0.0,0,0,0,0,0.0,0.0,0,2,0,4123
1,7,1,1,1,0.4,1.0,1.0,0.0,0.0,1,1,0,1,0.0,1.0,0,2,0,4124
2,1,0,1,1,0.6,1.0,1.0,0.5,1.0,2,2,0,2,0.5,1.0,0,2,1,4125
2,6,1,1,1,0.8,1.0,1.0,0.6666666666666666,1.0,3,3,0,3,0.5,1.0,0,2,1,4126
3,7,1,1,1,1.0,1.0,1.0,0.75,1.0,4,4,0,4,0.5,1.0,0,2,1,4127
1,2,3,0,0,0.1667,0.0,0.0,0.0,0.0,0,0,0,0,0.0,0.0,2,3,0,4128
1,1,0,1,0,0.3333,0.0,0.0,0.0,0.0,1,0,0,0,0.0,0.0,2,3,0,4129
1,1,0,1,0,0.5,0.5,1.0,0.0,0.0,2,1,0,1,0.0,0.5,2,3,0,4130
2,7,1,1,1,0.6667,0.6666666666666666,1.0,0.0,0.0,3,2,0,2,0.0,0.6666666666666666,2,3,0,4131
2,7,1,1,1,0.8333,0.75,1.0,0.25,1.0,4,3,0,3,0.5,0.75,2,3,1,4132
3,6,1,1,1,1.0,0.8,1.0,0.4,1.0,5,4,0,4,0.5,0.8,2,3,1,4133
1,1,0,1,0,0.2,0.0,0.0,0.0,0.0,0,0,0,0,0.0,0.0,1,4,0,4134
1,7,1,1,1,0.4,1.0,1.0,0.0,0.0,1,1,0,1,0.0,1.0,1,4,0,4135
2,1,0,1,1,0.6,1.0,1.0,0.5,1.0,2,2,0,2,0.5,1.0,1,4,1,4136
2,6,1,1,1,0.8,1.0,1.0,0.6666666666666666,1.0,3,3,0,3,0.5,1.0,1,4,1,4137
3,7,1,1,1,1.0,1.0,1.0,0.75,1.0,4,4,0,4,0.5,1.0,1,4,1,4138
1,2,3,0,0,0.1667,0.0,0.0,0.0,0.0,0,0,0,0,0.0,0.0,3,2,0,4139
1,1,0,1,0,0.3333,0.0,0.0,0.0,0.0,1,0,0,0,0.0,0.0,3,2,0,4140
1,1,0,1,0,0.5,0.5,1.0,0.0,0.0,2,1,0,1,0.0,0.5,3,2,0,4141
2,7,1,1,1,0.6667,0.6666666666666666,1.0,0.0,0.0,3,2,0,2,0.0,0.6666666666666666,3,2,0,4142
2,7,1,1,1,0.8333,0.75,1.0,0.25,1.0,4,3,0,3,0.5,0.75,3,2,1,4143
3,6,1,1,1,1.0,0.8,1.0,0.4,1.0,5,4,0,4,0.5,0.8,3,2,1,4144
1,0,0,0,0,0.1429,0.0,0.0,0.0,0.0,0,0,0,0,0.0,0.0,1,2,0,4145
1,1,0,0,0,0.2857,0.0,0.0,0.0,0.0,1,0,0,0,0.0,0.0,1,2,0,4146
1,1,0,1,0,0.4286,0.0,0.0,0.0,0.0,2,0,0,0,0.0,0.0,1,2,0,4147
1,1,0,1,0,0.5714,0.3333333333333333,1.0,0.0,0.0,3,1,0,1,0.0,0.3333333333333333,1,2,0,4148
2,7,1,1,1,0.7143,0.5,1.0,0.0,0.0,4,2,0,2,0.0,0.5,1,2,0,4149
2,7,1,1,1,0.8571,0.6,1.0,0.2,1.0,5,3,0,3,0.5,0.6,1,2,1,4150
3,2,3,1,1,1.0,0.6666666666666666,1.0,0.3333333333333333,1.0,6,4,0,4,0.5,0.6666666666666666,1,2,1,4151
1,2,3,0,0,0.1667,0.0,0.0,0.0,0.0,0,0,0,0,0.0,0.0,3,3,0,4152
1,1,0,1,0,0.3333,0.0,0.0,0.0,0.0,1,0,0,0,0.0,0.0,3,3,0,4153
1,1,0,1,0,0.5,0.5,1.0,0.0,0.0,2,1,0,1,0.0,0.5,3,3,0,4154
2,7,1,1,1,0.6667,0.6666666666666666,1.0,0.0,0.0,3,2,0,2,0.0,0.6666666666666666,3,3,0,4155
2,7,1,1,1,0.8333,0.75,1.0,0.25,1.0,4,3,0,3,0.5,0.75,3,3,1,4156
3,6,1,1,1,1.0,0.8,1.0,0.4,1.0,5,4,0,4,0.5,0.8,3,3,1,4157
1,2,3,0,0,0.1667,0.0,0.0,0.0,0.0,0,0,0,0,0.0,0.0,1,4,0,4158
1,1,0,1,0,0.3333,0.0,0.0,0.0,0.0,1,0,0,0,0.0,0.0,1,4,0,4159
1,1,0,1,0,0.5,0.5,1.0,0.0,0.0,2,1,0,1,0.0,0.5,1,4,0,4160
2,7,1,1,1,0.6667,0.6666666666666666,1.0,0.0,0.0,3,2,0,2,0.0,0.6666666666666666,1,4,0,4161
2,7,1,1,1,0.8333,0.75,1.0,0.25,1.0,4,3,0,3,0.5,0.75,1,4,1,4162
3,6,1,1,1,1.0,0.8,1.0,0.4,1.0,5,4,0,4,0.5,0.8,1,4,1,4163
1,2,3,0,0,0.1667,0.0,0.0,0.0,0.0,0,0,0,0,0.0,0.0,3,2,0,4164
1,1,0,1,0,0.3333,0.0,0.0,0.0,0.0,1,0,0,0,0.0,0.0,3,2,0,4165
1,1,0,1,0,0.5,0.5,1.0,0.0,0.0,2,1,0,1,0.0,0.5,3,2,0,4166
2,7,1,1,1,0.6667,0.6666666666666666,1.0,0.0,0.0,3,2,0,2,0.0,0.6666666666666666,3,2,0,4167
2,7,1,1,1,0.8333,0.75,1.0,0.25,1.0,4,3,0,3,0.5,0.75,3,2,1,4168
3,6,1,1,1,1.0,0.8,1.0,0.4,1.0,5,4,0,4,0.5,0.8,3,2,1,4169
1,0,0,0,0,0.1429,0.0,0.0,0.0,0.0,0,0,0,0,0.0,0.0,1,3,0,4170
1,1,0,0,0,0.2857,0.0,0.0,0.0,0.0,1,0,0,0,0.0,0.0,1,3,0,4171
1,1,0,1,0,0.4286,0.0,0.0,0.0,0.0,2,0,0,0,0.0,0.0,1,3,0,4172
1,1,0,1,0,0.5714,0.3333333333333333,1.0,0.0,0.0,3,1,0,1,0.0,0.3333333333333333,1,3,0,4173
2,7,1,1,1,0.7143,0.5,1.0,0.0,0.0,4,2,0,2,0.0,0.5,1,3,0,4174
2,7,1,1,1,0.8571,0.6,1.0,0.2,1.0,5,3,0,3,0.5,0.6,1,3,1,4175
3,2,3,1,1,1.0,0.6666666666666666,1.0,0.3333333333333333,1.0,6,4,0,4,0.5,0.6666666666666666,1,3,1,4176
1,2,3,0,0,0.1667,0.0,0.0,0.0,0.0,0,0,0,0,0.0,0.0,3,3,0,4177
1,1,0,1,0,0.3333,0.0,0.0,0.0,0.0,1,0,0,0,0.0,0.0,3,3,0,4178
1,1,0,1,0,0.5,0.5,1.0,0.0,0.0,2,1,0,1,0.0,0.5,3,3,0,4179
2,7,1,1,1,0.6667,0.6666666666666666,1.0,0.0,0.0,3,2,0,2,0.0,0.6666666666666666,3,3,0,4180
2,7,1,1,1,0.8333,0.75,1.0,0.25,1.0,4,3,0,3,0.5,0.75,3,3,1,4181
3,6,1,1,1,1.0,0.8,1.0,0.4,1.0,5,4,0,4,0.5,0.8,3,3,1,4182
1,1,0,1,0,0.2,0.0,0.0,0.0,0.0,0,0,0,0,0.0,0.0,0,2,0,4183
1,7,1,1,1,0.4,1.0,1.0,0.0,0.0,1,1,0,1,0.0,1.0,0,2,0,4184
2,1,0,1,1,0.6,1.0,1.0,0.5,1.0,2,2,0,2,0.5,1.0,0,2,1,4185
2,6,1,1,1,0.8,1.0,1.0,0.6666666666666666,1.0,3,3,0,3,0.5,1.0,0,2,1,4186
3,7,1,1,1,1.0,1.0,1.0,0.75,1.0,4,4,0,4,0.5,1.0,0,2,1,4187
1,2,3,0,0,0.1667,0.0,0.0,0.0,0.0,0,0,0,0,0.0,0.0,3,4,0,4188
1,1,0,1,0,0.3333,0.0,0.0,0.0,0.0,1,0,0,0,0.0,0.0,3,4,0,4189
1,1,0,1,0,0.5,0.5,1.0,0.0,0.0,2,1,0,1,0.0,0.5,3,4,0,4190
2,7,1,1,1,0.6667,0.6666666666666666,1.0,0.0,0.0,3,2,0,2,0.0,0.6666666666666666,3,4,0,4191
2,7,1,1,1,0.8333,0.75,1.0,0.25,1.0,4,3,0,3,0.5,0.75,3,4,1,4192
3,6,1,1,1,1.0,0.8,1.0,0.4,1.0,5,4,0,4,0.5,0.8,3,4,1,4193
1,1,0,1,0,0.2,0.0,0.0,0.0,0.0,0,0,0,0,0.0,0.0,3,3,0,4194
1,7,1,1,1,0.4,1.0,1.0,0.0,0.0,1,1,0,1,0.0,1.0,3,3,0,4195
2,1,0,1,1,0.6,1.0,1.0,0.5,1.0,2,2,0,2,0.5,1.0,3,3,1,4196
2,6,1,1,1,0.8,1.0,1.0,0.6666666666666666,1.0,3,3,0,3,0.5,1.0,3,3,1,4197
3,7,1,1,1,1.0,1.0,1.0,0.75,1.0,4,4,0,4,0.5,1.0,3,3,1,4198
1,2,3,0,0,0.1667,0.0,0.0,0.0,0.0,0,0,0,0,0.0,0.0,3,4,0,4199
1,1,0,1,0,0.3333,0.0,0.0,0.0,0.0,1,0,0,0,0.0,0.0,3,4,0,4200
1,1,0,1,0,0.5,0.5,1.0,0.0,0.0,2,1,0,1,0.0,0.5,3,4,0,4201
2,7,1,1,1,0.6667,0.6666666666666666,1.0,0.0,0.0,3,2,0,2,0.0,0.6666666666666666,3,4,0,4202
2,7,1,1,1,0.8333,0.75,1.0,0.25,1.0,4,3,0,3,0.5,0.75,3,4,1,4203
3,6,1,1,1,1.0,0.8,1.0,0.4,1.0,5,4,0,4,0.5,0.8,3,4,1,4204
1,1,0,1,0,0.2,0.0,0.0,0.0,0.0,0,0,0,0,0.0,0.0,0,3,0,4205
1,7,1,1,1,0.4,1.0,1.0,0.0,0.0,1,1,0,1,0.0,1.0,0,3,0,4206
2,1,0,1,1,0.6,1.0,1.0,0.5,1.0,2,2,0,2,0.5,1.0,0,3,1,4207
2,6,1,1,1,0.8,1.0,1.0,0.6666666666666666,1.0,3,3,0,3,0.5,1.0,0,3,1,4208
3,7,1,1,1,1.0,1.0,1.0,0.75,1.0,4,4,0,4,0.5,1.0,0,3,1,4209
1,0,0,0,0,0.1429,0.0,0.0,0.0,0.0,0,0,0,0,0.0,0.0,3,2,0,4210
1,1,0,0,0,0.2857,0.0,0.0,0.0,0.0,1,0,0,0,0.0,0.0,3,2,0,4211
1,1,0,1,0,0.4286,0.0,0.0,0.0,0.0,2,0,0,0,0.0,0.0,3,2,0,4212
1,1,0,1,0,0.5714,0.3333333333333333,1.0,0.0,0.0,3,1,0,1,0.0,0.3333333333333333,3,2,0,4213
2,7,1,1,1,0.7143,0.5,1.0,0.0,0.0,4,2,0,2,0.0,0.5,3,2,0,4214
2,7,1,1,1,0.8571,0.6,1.0,0.2,1.0,5,3,0,3,0.5,0.6,3,2,1,4215
3,2,3,1,1,1.0,0.6666666666666666,1.0,0.3333333333333333,1.0,6,4,0,4,0.5,0.6666666666666666,3,2,1,4216
1,2,3,0,0,0.1667,0.0,0.0,0.0,0.0,0,0,0,0,0.0,0.0,2,3,0,4217
1,1,0,1,0,0.3333,0.0,0.0,0.0,0.0,1,0,0,0,0.0,0.0,2,3,0,4218
1,1,0,1,0,0.5,0.5,1.0,0.0,0.0,2,1,0,1,0.0,0.5,2,3,0,4219
2,7,1,1,1,0.6667,0.6666666666666666,1.0,0.0,0.0,3,2,0,2,0.0,0.6666666666666666,2,3,0,4220
2,7,1,1,1,0.8333,0.75,1.0,0.25,1.0,4,3,0,3,0.5,0.75,2,3,1,4221
3,6,1,1,1,1.0,0.8,1.0,0.4,1.0,5,4,0,4,0.5,0.8,2,3,1,4222
1,1,0,1,0,0.2,0.0,0.0,0.0,0.0,0,0,0,0,0.0,0.0,1,4,0,4223
1,7,1,1,1,0.4,1.0,1.0,0.0,0.0,1,1,0,1,0.0,1.0,1,4,0,4224
2,1,0,1,1,0.6,1.0,1.0,0.5,1.0,2,2,0,2,0.5,1.0,1,4,1,4225
2,6,1,1,1,0.8,1.0,1.0,0.6666666666666666,1.0,3,3,0,3,0.5,1.0,1,4,1,4226
3,7,1,1,1,1.0,1.0,1.0,0.75,1.0,4,4,0,4,0.5,1.0,1,4,1,4227
1,2,3,0,0,0.1667,0.0,0.0,0.0,0.0,0,0,0,0,0.0,0.0,2,4,0,4228
1,1,0,1,0,0.3333,0.0,0.0,0.0,0.0,1,0,0,0,0.0,0.0,2,4,0,4229
1,1,0,1,0,0.5,0.5,1.0,0.0,0.0,2,1,0,1,0.0,0.5,2,4,0,4230
2,7,1,1,1,0.6667,0.6666666666666666,1.0,0.0,0.0,3,2,0,2,0.0,0.6666666666666666,2,4,0,4231
2,7,1,1,1,0.8333,0.75,1.0,0.25,1.0,4,3,0,3,0.5,0.75,2,4,1,4232
3,6,1,1,1,1.0,0.8,1.0,0.4,1.0,5,4,0,4,0.5,0.8,2,4,1,4233
1,2,3,0,0,0.1667,0.0,0.0,0.0,0.0,0,0,0,0,0.0,0.0,2,3,0,4234
1,1,0,1,0,0.3333,0.0,0.0,0.0,0.0,1,0,0,0,0.0,0.0,2,3,0,4235
1,1,0,1,0,0.5,0.5,1.0,0.0,0.0,2,1,0,1,0.0,0.5,2,3,0,4236
2,7,1,1,1,0.6667,0.6666666666666666,1.0,0.0,0.0,3,2,0,2,0.0,0.6666666666666666,2,3,0,4237
2,7,1,1,1,0.8333,0.75,1.0,0.25,1.0,4,3,0,3,0.5,0.75,2,3,1,4238
3,6,1,1,1,1.0,0.8,1.0,0.4,1.0,5,4,0,4,0.5,0.8,2,3,1,4239
1,1,0,1,0,0.2,0.0,0.0,0.0,0.0,0,0,0,0,0.0,0.0,0,4,0,4240
1,7,1,1,1,0.4,1.0,1.0,0.0,0.0,1,1,0,1,0.0,1.0,0,4,0,4241
2,1,0,1,1,0.6,1.0,1.0,0.5,1.0,2,2,0,2,0.5,1.0,0,4,1,4242
2,6,1,1,1,0.8,1.0,1.0,0.6666666666666666,1.0,3,3,0,3,0.5,1.0,0,4,1,4243
3,7,1,1,1,1.0,1.0,1.0,0.75,1.0,4,4,0,4,0.5,1.0,0,4,1,4244
1,1,0,1,0,0.2,0.0,0.0,0.0,0.0,0,0,0,0,0.0,0.0,3,2,0,4245
1,7,1,1,1,0.4,1.0,1.0,0.0,0.0,1,1,0,1,0.0,1.0,3,2,0,4246
2,1,0,1,1,0.6,1.0,1.0,0.5,1.0,2,2,0,2,0.5,1.0,3,2,1,4247
2,6,1,1,1,0.8,1.0,1.0,0.6666666666666666,1.0,3,3,0,3,0.5,1.0,3,2,1,4248
3,7,1,1,1,1.0,1.0,1.0,0.75,1.0,4,4,0,4,0.5,1.0,3,2,1,4249
1,0,0,0,0,0.1429,0.0,0.0,0.0,0.0,0,0,0,0,0.0,0.0,0,2,0,4250
1,1,0,0,0,0.2857,0.0,0.0,0.0,0.0,1,0,0,0,0.0,0.0,0,2,0,4251
1,1,0,1,0,0.4286,0.0,0.0,0.0,0.0,2,0,0,0,0.0,0.0,0,2,0,4252
1,1,0,1,0,0.5714,0.3333333333333333,1.0,0.0,0.0,3,1,0,1,0.0,0.3333333333333333,0,2,0,4253
2,7,1,1,1,0.7143,0.5,1.0,0.0,0.0,4,2,0,2,0.0,0.5,0,2,0,4254
2,7,1,1,1,0.8571,0.6,1.0,0.2,1.0,5,3,0,3,0.5,0.6,0,2,1,4255
3,2,3,1,1,1.0,0.6666666666666666,1.0,0.3333333333333333,1.0,6,4,0,4,0.5,0.6666666666666666,0,2,1,4256
1,1,0,1,0,0.2,0.0,0.0,0.0,0.0,0,0,0,0,0.0,0.0,3,4,0,4257
1,7,1,1,1,0.4,1.0,1.0,0.0,0.0,1,1,0,1,0.0,1.0,3,4,0,4258
2,1,0,1,1,0.6,1.0,1.0,0.5,1.0,2,2,0,2,0.5,1.0,3,4,1,4259
2,6,1,1,1,0.8,1.0,1.0,0.6666666666666666,1.0,3,3,0,3,0.5,1.0,3,4,1,4260
3,7,1,1,1,1.0,1.0,1.0,0.75,1.0,4,4,0,4,0.5,1.0,3,4,1,4261
1,1,0,1,0,0.2,0.0,0.0,0.0,0.0,0,0,0,0,0.0,0.0,1,3,0,4262
1,7,1,1,1,0.4,1.0,1.0,0.0,0.0,1,1,0,1,0.0,1.0,1,3,0,4263
2,1,0,1,1,0.6,1.0,1.0,0.5,1.0,2,2,0,2,0.5,1.0,1,3,1,4264
2,6,1,1,1,0.8,1.0,1.0,0.6666666666666666,1.0,3,3,0,3,0.5,1.0,1,3,1,4265
3,7,1,1,1,1.0,1.0,1.0,0.75,1.0,4,4,0,4,0.5,1.0,1,3,1,4266
1,1,0,1,0,0.2,0.0,0.0,0.0,0.0,0,0,0,0,0.0,0.0,1,2,0,4267
1,7,1,1,1,0.4,1.0,1.0,0.0,0.0,1,1,0,1,0.0,1.0,1,2,0,4268
2,1,0,1,1,0.6,1.0,1.0,0.5,1.0,2,2,0,2,0.5,1.0,1,2,1,4269
2,6,1,1,1,0.8,1.0,1.0,0.6666666666666666,1.0,3,3,0,3,0.5,1.0,1,2,1,4270
3,7,1,1,1,1.0,1.0,1.0,0.75,1.0,4,4,0,4,0.5,1.0,1,2,1,4271
1,0,0,0,0,0.1429,0.0,0.0,0.0,0.0,0,0,0,0,0.0,0.0,2,3,0,4272
1,1,0,0,0,0.2857,0.0,0.0,0.0,0.0,1,0,0,0,0.0,0.0,2,3,0,4273
1,1,0,1,0,0.4286,0.0,0.0,0.0,0.0,2,0,0,0,0.0,0.0,2,3,0,4274
1,1,0,1,0,0.5714,0.3333333333333333,1.0,0.0,0.0,3,1,0,1,0.0,0.3333333333333333,2,3,0,4275
2,7,1,1,1,0.7143,0.5,1.0,0.0,0.0,4,2,0,2,0.0,0.5,2,3,0,4276
2,7,1,1,1,0.8571,0.6,1.0,0.2,1.0,5,3,0,3,0.5,0.6,2,3,1,4277
3,2,3,1,1,1.0,0.6666666666666666,1.0,0.3333333333333333,1.0,6,4,0,4,0.5,0.6666666666666666,2,3,1,4278
1,0,0,0,0,0.1429,0.0,0.0,0.0,0.0,0,0,0,0,0.0,0.0,2,2,0,4279
1,1,0,0,0,0.2857,0.0,0.0,0.0,0.0,1,0,0,0,0.0,0.0,2,2,0,4280
1,1,0,1,0,0.4286,0.0,0.0,0.0,0.0,2,0,0,0,0.0,0.0,2,2,0,4281
1,1,0,1,0,0.5714,0.3333333333333333,1.0,0.0,0.0,3,1,0,1,0.0,0.3333333333333333,2,2,0,4282
2,7,1,1,1,0.7143,0.5,1.0,0.0,0.0,4,2,0,2,0.0,0.5,2,2,0,4283
2,7,1,1,1,0.8571,0.6,1.0,0.2,1.0,5,3,0,3,0.5,0.6,2,2,1,4284
3,2,3,1,1,1.0,0.6666666666666666,1.0,0.3333333333333333,1.0,6,4,0,4,0.5,0.6666666666666666,2,2,1,4285
1,1,0,1,0,0.2,0.0,0.0,0.0,0.0,0,0,0,0,0.0,0.0,2,4,0,4286
1,7,1,1,1,0.4,1.0,1.0,0.0,0.0,1,1,0,1,0.0,1.0,2,4,0,4287
2,1,0,1,1,0.6,1.0,1.0,0.5,1.0,2,2,0,2,0.5,1.0,2,4,1,4288
2,6,1,1,1,0.8,1.0,1.0,0.6666666666666666,1.0,3,3,0,3,0.5,1.0,2,4,1,4289
3,7,1,1,1,1.0,1.0,1.0,0.75,1.0,4,4,0,4,0.5,1.0,2,4,1,4290
1,0,0,0,0,0.1429,0.0,0.0,0.0,0.0,0,0,0,0,0.0,0.0,0,4,0,4291
1,1,0,0,0,0.2857,0.0,0.0,0.0,0.0,1,0,0,0,0.0,0.0,0,4,0,4292
1,1,0,1,0,0.4286,0.0,0.0,0.0,0.0,2,0,0,0,0.0,0.0,0,4,0,4293
1,1,0,1,0,0.5714,0.3333333333333333,1.0,0.0,0.0,3,1,0,1,0.0,0.3333333333333333,0,4,0,4294
2,7,1,1,1,0.7143,0.5,1.0,0.0,0.0,4,2,0,2,0.0,0.5,0,4,0,4295
2,7,1,1,1,0.8571,0.6,1.0,0.2,1.0,5,3,0,3,0.5,0.6,0,4,1,4296
3,2,3,1,1,1.0,0.6666666666666666,1.0,0.3333333333333333,1.0,6,4,0,4,0.5,0.6666666666666666,0,4,1,4297
1,1,0,1,0,0.2,0.0,0.0,0.0,0.0,0,0,0,0,0.0,0.0,0,3,0,4298
1,7,1,1,1,0.4,1.0,1.0,0.0,0.0,1,1,0,1,0.0,1.0,0,3,0,4299
2,1,0,1,1,0.6,1.0,1.0,0.5,1.0,2,2,0,2,0.5,1.0,0,3,1,4300
2,6,1,1,1,0.8,1.0,1.0,0.6666666666666666,1.0,3,3,0,3,0.5,1.0,0,3,1,4301
3,7,1,1,1,1.0,1.0,1.0,0.75,1.0,4,4,0,4,0.5,1.0,0,3,1,4302
1,0,0,0,0,0.1429,0.0,0.0,0.0,0.0,0,0,0,0,0.0,0.0,0,2,0,4303
1,1,0,0,0,0.2857,0.0,0.0,0.0,0.0,1,0,0,0,0.0,0.0,0,2,0,4304
1,1,0,1,0,0.4286,0.0,0.0,0.0,0.0,2,0,0,0,0.0,0.0,0,2,0,4305
1,1,0,1,0,0.5714,0.3333333333333333,1.0,0.0,0.0,3,1,0,1,0.0,0.3333333333333333,0,2,0,4306
2,7,1,1,1,0.7143,0.5,1.0,0.0,0.0,4,2,0,2,0.0,0.5,0,2,0,4307
2,7,1,1,1,0.8571,0.6,1.0,0.2,1.0,5,3,0,3,0.5,0.6,0,2,1,4308
3,2,3,1,1,1.0,0.6666666666666666,1.0,0.3333333333333333,1.0,6,4,0,4,0.5,0.6666666666666666,0,2,1,4309
1,0,0,0,0,0.1429,0.0,0.0,0.0,0.0,0,0,0,0,0.0,0.0,1,3,0,4310
1,1,0,0,0,0.2857,0.0,0.0,0.0,0.0,1,0,0,0,0.0,0.0,1,3,0,4311
1,1,0,1,0,0.4286,0.0,0.0,0.0,0.0,2,0,0,0,0.0,0.0,1,3,0,4312
1,1,0,1,0,0.5714,0.3333333333333333,1.0,0.0,0.0,3,1,0,1,0.0,0.3333333333333333,1,3,0,4313
2,7,1,1,1,0.7143,0.5,1.0,0.0,0.0,4,2,0,2,0.0,0.5,1,3,0,4314
2,7,1,1,1,0.8571,0.6,1.0,0.2,1.0,5,3,0,3,0.5,0.6,1,3,1,4315
3,2,3,1,1,1.0,0.6666666666666666,1.0,0.3333333333333333,1.0,6,4,0,4,0.5,0.6666666666666666,1,3,1,4316
1,2,3,0,0,0.1667,0.0,0.0,0.0,0.0,0,0,0,0,0.0,0.0,0,4,0,4317
1,1,0,1,0,0.3333,0.0,0.0,0.0,0.0,1,0,0,0,0.0,0.0,0,4,0,4318
1,1,0,1,0,0.5,0.5,1.0,0.0,0.0,2,1,0,1,0.0,0.5,0,4,0,4319
2,7,1,1,1,0.6667,0.6666666666666666,1.0,0.0,0.0,3,2,0,2,0.0,0.6666666666666666,0,4,0,4320
2,7,1,1,1,0.8333,0.75,1.0,0.25,1.0,4,3,0,3,0.5,0.75,0,4,1,4321
3,6,1,1,1,1.0,0.8,1.0,0.4,1.0,5,4,0,4,0.5,0.8,0,4,1,4322
1,0,0,0,0,0.1429,0.0,0.0,0.0,0.0,0,0,0,0,0.0,0.0,0,3,0,4323
1,1,0,0,0,0.2857,0.0,0.0,0.0,0.0,1,0,0,0,0.0,0.0,0,3,0,4324
1,1,0,1,0,0.4286,0.0,0.0,0.0,0.0,2,0,0,0,0.0,0.0,0,3,0,4325
1,1,0,1,0,0.5714,0.3333333333333333,1.0,0.0,0.0,3,1,0,1,0.0,0.3333333333333333,0,3,0,4326
2,7,1,1,1,0.7143,0.5,1.0,0.0,0.0,4,2,0,2,0.0,0.5,0,3,0,4327
2,7,1,1,1,0.8571,0.6,1.0,0.2,1.0,5,3,0,3,0.5,0.6,0,3,1,4328
3,2,3,1,1,1.0,0.6666666666666666,1.0,0.3333333333333333,1.0,6,4,0,4,0.5,0.6666666666666666,0,3,1,4329
1,1,0,1,0,0.2,0.0,0.0,0.0,0.0,0,0,0,0,0.0,0.0,1,2,0,4330
1,7,1,1,1,0.4,1.0,1.0,0.0,0.0,1,1,0,1,0.0,1.0,1,2,0,4331
2,1,0,1,1,0.6,1.0,1.0,0.5,1.0,2,2,0,2,0.5,1.0,1,2,1,4332
2,6,1,1,1,0.8,1.0,1.0,0.6666666666666666,1.0,3,3,0,3,0.5,1.0,1,2,1,4333
3,7,1,1,1,1.0,1.0,1.0,0.75,1.0,4,4,0,4,0.5,1.0,1,2,1,4334
1,2,3,0,0,0.1667,0.0,0.0,0.0,0.0,0,0,0,0,0.0,0.0,1,2,0,4335
1,1,0,1,0,0.3333,0.0,0.0,0.0,0.0,1,0,0,0,0.0,0.0,1,2,0,4336
1,1,0,1,0,0.5,0.5,1.0,0.0,0.0,2,1,0,1,0.0,0.5,1,2,0,4337
2,7,1,1,1,0.6667,0.6666666666666666,1.0,0.0,0.0,3,2,0,2,0.0,0.6666666666666666,1,2,0,4338
2,7,1,1,1,0.8333,0.75,1.0,0.25,1.0,4,3,0,3,0.5,0.75,1,2,1,4339
3,6,1,1,1,1.0,0.8,1.0,0.4,1.0,5,4,0,4,0.5,0.8,1,2,1,4340
1,0,0,0,0,0.1429,0.0,0.0,0.0,0.0,0,0,0,0,0.0,0.0,1,3,0,4341
1,1,0,0,0,0.2857,0.0,0.0,0.0,0.0,1,0,0,0,0.0,0.0,1,3,0,4342
1,1,0,1,0,0.4286,0.0,0.0,0.0,0.0,2,0,0,0,0.0,0.0,1,3,0,4343
1,1,0,1,0,0.5714,0.3333333333333333,1.0,0.0,0.0,3,1,0,1,0.0,0.3333333333333333,1,3,0,4344
2,7,1,1,1,0.7143,0.5,1.0,0.0,0.0,4,2,0,2,0.0,0.5,1,3,0,4345
2,7,1,1,1,0.8571,0.6,1.0,0.2,1.0,5,3,0,3,0.5,0.6,1,3,1,4346
3,2,3,1,1,1.0,0.6666666666666666,1.0,0.3333333333333333,1.0,6,4,0,4,0.5,0.6666666666666666,1,3,1,4347
1,0,0,0,0,0.1429,0.0,0.0,0.0,0.0,0,0,0,0,0.0,0.0,1,4,0,4348
1,1,0,0,0,0.2857,0.0,0.0,0.0,0.0,1,0,0,0,0.0,0.0,1,4,0,4349
1,1,0,1,0,0.4286,0.0,0.0,0.0,0.0,2,0,0,0,0.0,0.0,1,4,0,4350
1,1,0,1,0,0.5714,0.3333333333333333,1.0,0.0,0.0,3,1,0,1,0.0,0.3333333333333333,1,4,0,4351
2,7,1,1,1,0.7143,0.5,1.0,0.0,0.0,4,2,0,2,0.0,0.5,1,4,0,4352
2,7,1,1,1,0.8571,0.6,1.0,0.2,1.0,5,3,0,3,0.5,0.6,1,4,1,4353
3,2,3,1,1,1.0,0.6666666666666666,1.0,0.3333333333333333,1.0,6,4,0,4,0.5,0.6666666666666666,1,4,1,4354
1,2,3,0,0,0.1667,0.0,0.0,0.0,0.0,0,0,0,0,0.0,0.0,2,4,0,4355
1,1,0,1,0,0.3333,0.0,0.0,0.0,0.0,1,0,0,0,0.0,0.0,2,4,0,4356
1,1,0,1,0,0.5,0.5,1.0,0.0,0.0,2,1,0,1,0.0,0.5,2,4,0,4357
2,7,1,1,1,0.6667,0.6666666666666666,1.0,0.0,0.0,3,2,0,2,0.0,0.6666666666666666,2,4,0,4358
2,7,1,1,1,0.8333,0.75,1.0,0.25,1.0,4,3,0,3,0.5,0.75,2,4,1,4359
3,6,1,1,1,1.0,0.8,1.0,0.4,1.0,5,4,0,4,0.5,0.8,2,4,1,4360
1,2,3,0,0,0.1667,0.0,0.0,0.0,0.0,0,0,0,0,0.0,0.0,1,2,0,4361
1,1,0,1,0,0.3333,0.0,0.0,0.0,0.0,1,0,0,0,0.0,0.0,1,2,0,4362
1,1,0,1,0,0.5,0.5,1.0,0.0,0.0,2,1,0,1,0.0,0.5,1,2,0,4363
2,7,1,1,1,0.6667,0.6666666666666666,1.0,0.0,0.0,3,2,0,2,0.0,0.6666666666666666,1,2,0,4364
2,7,1,1,1,0.8333,0.75,1.0,0.25,1.0,4,3,0,3,0.5,0.75,1,2,1,4365
3,6,1,1,1,1.0,0.8,1.0,0.4,1.0,5,4,0,4,0.5,0.8,1,2,1,4366
1,1,0,1,0,0.2,0.0,0.0,0.0,0.0,0,0,0,0,0.0,0.0,3,3,0,4367
1,7,1,1,1,0.4,1.0,1.0,0.0,0.0,1,1,0,1,0.0,1.0,3,3,0,4368
2,1,0,1,1,0.6,1.0,1.0,0.5,1.0,2,2,0,2,0.5,1.0,3,3,1,4369
2,6,1,1,1,0.8,1.0,1.0,0.6666666666666666,1.0,3,3,0,3,0.5,1.0,3,3,1,4370
3,7,1,1,1,1.0,1.0,1.0,0.75,1.0,4,4,0,4,0.5,1.0,3,3,1,4371
1,0,0,0,0,0.1429,0.0,0.0,0.0,0.0,0,0,0,0,0.0,0.0,2,3,0,4372
1,1,0,0,0,0.2857,0.0,0.0,0.0,0.0,1,0,0,0,0.0,0.0,2,3,0,4373
1,1,0,1,0,0.4286,0.0,0.0,0.0,0.0,2,0,0,0,0.0,0.0,2,3,0,4374
1,1,0,1,0,0.5714,0.3333333333333333,1.0,0.0,0.0,3,1,0,1,0.0,0.3333333333333333,2,3,0,4375
2,7,1,1,1,0.7143,0.5,1.0,0.0,0.0,4,2,0,2,0.0,0.5,2,3,0,4376
2,7,1,1,1,0.8571,0.6,1.0,0.2,1.0,5,3,0,3,0.5,0.6,2,3,1,4377
3,2,3,1,1,1.0,0.6666666666666666,1.0,0.3333333333333333,1.0,6,4,0,4,0.5,0.6666666666666666,2,3,1,4378
1,1,0,1,0,0.2,0.0,0.0,0.0,0.0,0,0,0,0,0.0,0.0,0,3,0,4379
1,7,1,1,1,0.4,1.0,1.0,0.0,0.0,1,1,0,1,0.0,1.0,0,3,0,4380
2,1,0,1,1,0.6,1.0,1.0,0.5,1.0,2,2,0,2,0.5,1.0,0,3,1,4381
2,6,1,1,1,0.8,1.0,1.0,0.6666666666666666,1.0,3,3,0,3,0.5,1.0,0,3,1,4382
3,7,1,1,1,1.0,1.0,1.0,0.75,1.0,4,4,0,4,0.5,1.0,0,3,1,4383
1,0,0,0,0,0.1429,0.0,0.0,0.0,0.0,0,0,0,0,0.0,0.0,2,3,0,4384
1,1,0,0,0,0.2857,0.0,0.0,0.0,0.0,1,0,0,0,0.0,0.0,2,3,0,4385
1,1,0,1,0,0.4286,0.0,0.0,0.0,0.0,2,0,0,0,0.0,0.0,2,3,0,4386
1,1,0,1,0,0.5714,0.3333333333333333,1.0,0.0,0.0,3,1,0,1,0.0,0.3333333333333333,2,3,0,4387
2,7,1,1,1,0.7143,0.5,1.0,0.0,0.0,4,2,0,2,0.0,0.5,2,3,0,4388
2,7,1,1,1,0.8571,0.6,1.0,0.2,1.0,5,3,0,3,0.5,0.6,2,3,1,4389
3,2,3,1,1,1.0,0.6666666666666666,1.0,0.3333333333333333,1.0,6,4,0,4,0.5,0.6666666666666666,2,3,1,4390
1,2,3,0,0,0.1667,0.0,0.0,0.0,0.0,0,0,0,0,0.0,0.0,2,2,0,4391
1,1,0,1,0,0.3333,0.0,0.0,0.0,0.0,1,0,0,0,0.0,0.0,2,2,0,4392
1,1,0,1,0,0.5,0.5,1.0,0.0,0.0,2,1,0,1,0.0,0.5,2,2,0,4393
2,7,1,1,1,0.6667,0.6666666666666666,1.0,0.0,0.0,3,2,0,2,0.0,0.6666666666666666,2,2,0,4394
2,7,1,1,1,0.8333,0.75,1.0,0.25,1.0,4,3,0,3,0.5,0.75,2,2,1,4395
3,6,1,1,1,1.0,0.8,1.0,0.4,1.0,5,4,0,4,0.5,0.8,2,2,1,4396
1,1,0,1,0,0.2,0.0,0.0,0.0,0.0,0,0,0,0,0.0,0.0,3,4,0,4397
1,7,1,1,1,0.4,1.0,1.0,0.0,0.0,1,1,0,1,0.0,1.0,3,4,0,4398
2,1,0,1,1,0.6,1.0,1.0,0.5,1.0,2,2,0,2,0.5,1.0,3,4,1,4399
2,6,1,1,1,0.8,1.0,1.0,0.6666666666666666,1.0,3,3,0,3,0.5,1.0,3,4,1,4400
3,7,1,1,1,1.0,1.0,1.0,0.75,1.0,4,4,0,4,0.5,1.0,3,4,1,4401
1,2,3,0,0,0.1667,0.0,0.0,0.0,0.0,0,0,0,0,0.0,0.0,2,4,0,4402
1,1,0,1,0,0.3333,0.0,0.0,0.0,0.0,1,0,0,0,0.0,0.0,2,4,0,4403
1,1,0,1,0,0.5,0.5,1.0,0.0,0.0,2,1,0,1,0.0,0.5,2,4,0,4404
2,7,1,1,1,0.6667,0.6666666666666666,1.0,0.0,0.0,3,2,0,2,0.0,0.6666666666666666,2,4,0,4405
2,7,1,1,1,0.8333,0.75,1.0,0.25,1.0,4,3,0,3,0.5,0.75,2,4,1,4406
3,6,1,1,1,1.0,0.8,1.0,0.4,1.0,5,4,0,4,0.5,0.8,2,4,1,4407
1,2,3,0,0,0.1667,0.0,0.0,0.0,0.0,0,0,0,0,0.0,0.0,2,3,0,4408
1,1,0,1,0,0.3333,0.0,0.0,0.0,0.0,1,0,0,0,0.0,0.0,2,3,0,4409
1,1,0,1,0,0.5,0.5,1.0,0.0,0.0,2,1,0,1,0.0,0.5,2,3,0,4410
2,7,1,1,1,0.6667,0.6666666666666666,1.0,0.0,0.0,3,2,0,2,0.0,0.6666666666666666,2,3,0,4411
2,7,1,1,1,0.8333,0.75,1.0,0.25,1.0,4,3,0,3,0.5,0.75,2,3,1,4412
3,6,1,1,1,1.0,0.8,1.0,0.4,1.0,5,4,0,4,0.5,0.8,2,3,1,4413
1,0,0,0,0,0.1429,0.0,0.0,0.0,0.0,0,0,0,0,0.0,0.0,2,4,0,4414
1,1,0,0,0,0.2857,0.0,0.0,0.0,0.0,1,0,0,0,0.0,0.0,2,4,0,4415
1,1,0,1,0,0.4286,0.0,0.0,0.0,0.0,2,0,0,0,0.0,0.0,2,4,0,4416
1,1,0,1,0,0.5714,0.3333333333333333,1.0,0.0,0.0,3,1,0,1,0.0,0.3333333333333333,2,4,0,4417
2,7,1,1,1,0.7143,0.5,1.0,0.0,0.0,4,2,0,2,0.0,0.5,2,4,0,4418
2,7,1,1,1,0.8571,0.6,1.0,0.2,1.0,5,3,0,3,0.5,0.6,2,4,1,4419
3,2,3,1,1,1.0,0.6666666666666666,1.0,0.3333333333333333,1.0,6,4,0,4,0.5,0.6666666666666666,2,4,1,4420
1,2,3,0,0,0.1667,0.0,0.0,0.0,0.0,0,0,0,0,0.0,0.0,3,4,0,4421
1,1,0,1,0,0.3333,0.0,0.0,0.0,0.0,1,0,0,0,0.0,0.0,3,4,0,4422
1,1,0,1,0,0.5,0.5,1.0,0.0,0.0,2,1,0,1,0.0,0.5,3,4,0,4423
2,7,1,1,1,0.6667,0.6666666666666666,1.0,0.0,0.0,3,2,0,2,0.0,0.6666666666666666,3,4,0,4424
2,7,1,1,1,0.8333,0.75,1.0,0.25,1.0,4,3,0,3,0.5,0.75,3,4,1,4425
3,6,1,1,1,1.0,0.8,1.0,0.4,1.0,5,4,0,4,0.5,0.8,3,4,1,4426
1,1,0,1,0,0.2,0.0,0.0,0.0,0.0,0,0,0,0,0.0,0.0,2,4,0,4427
1,7,1,1,1,0.4,1.0,1.0,0.0,0.0,1,1,0,1,0.0,1.0,2,4,0,4428
2,1,0,1,1,0.6,1.0,1.0,0.5,1.0,2,2,0,2,0.5,1.0,2,4,1,4429
2,6,1,1,1,0.8,1.0,1.0,0.6666666666666666,1.0,3,3,0,3,0.5,1.0,2,4,1,4430
3,7,1,1,1,1.0,1.0,1.0,0.75,1.0,4,4,0,4,0.5,1.0,2,4,1,4431
1,2,3,0,0,0.1667,0.0,0.0,0.0,0.0,0,0,0,0,0.0,0.0,3,4,0,4432
1,1,0,1,0,0.3333,0.0,0.0,0.0,0.0,1,0,0,0,0.0,0.0,3,4,0,4433
1,1,0,1,0,0.5,0.5,1.0,0.0,0.0,2,1,0,1,0.0,0.5,3,4,0,4434
2,7,1,1,1,0.6667,0.6666666666666666,1.0,0.0,0.0,3,2,0,2,0.0,0.6666666666666666,3,4,0,4435
2,7,1,1,1,0.8333,0.75,1.0,0.25,1.0,4,3,0,3,0.5,0.75,3,4,1,4436
3,6,1,1,1,1.0,0.8,1.0,0.4,1.0,5,4,0,4,0.5,0.8,3,4,1,4437
1,1,0,1,0,0.2,0.0,0.0,0.0,0.0,0,0,0,0,0.0,0.0,0,3,0,4438
1,7,1,1,1,0.4,1.0,1.0,0.0,0.0,1,1,0,1,0.0,1.0,0,3,0,4439
2,1,0,1,1,0.6,1.0,1.0,0.5,1.0,2,2,0,2,0.5,1.0,0,3,1,4440
2,6,1,1,1,0.8,1.0,1.0,0.6666666666666666,1.0,3,3,0,3,0.5,1.0,0,3,1,4441
3,7,1,1,1,1.0,1.0,1.0,0.75,1.0,4,4,0,4,0.5,1.0,0,3,1,4442
1,2,3,0,0,0.1667,0.0,0.0,0.0,0.0,0,0,0,0,0.0,0.0,0,2,0,4443
1,1,0,1,0,0.3333,0.0,0.0,0.0,0.0,1,0,0,0,0.0,0.0,0,2,0,4444
1,1,0,1,0,0.5,0.5,1.0,0.0,0.0,2,1,0,1,0.0,0.5,0,2,0,4445
2,7,1,1,1,0.6667,0.6666666666666666,1.0,0.0,0.0,3,2,0,2,0.0,0.6666666666666666,0,2,0,4446
2,7,1,1,1,0.8333,0.75,1.0,0.25,1.0,4,3,0,3,0.5,0.75,0,2,1,4447
3,6,1,1,1,1.0,0.8,1.0,0.4,1.0,5,4,0,4,0.5,0.8,0,2,1,4448
1,0,0,0,0,0.1429,0.0,0.0,0.0,0.0,0,0,0,0,0.0,0.0,3,2,0,4449
1,1,0,0,0,0.2857,0.0,0.0,0.0,0.0,1,0,0,0,0.0,0.0,3,2,0,4450
1,1,0,1,0,0.4286,0.0,0.0,0.0,0.0,2,0,0,0,0.0,0.0,3,2,0,4451
1,1,0,1,0,0.5714,0.3333333333333333,1.0,0.0,0.0,3,1,0,1,0.0,0.3333333333333333,3,2,0,4452
2,7,1,1,1,0.7143,0.5,1.0,0.0,0.0,4,2,0,2,0.0,0.5,3,2,0,4453
2,7,1,1,1,0.8571,0.6,1.0,0.2,1.0,5,3,0,3,0.5,0.6,3,2,1,4454
3,2,3,1,1,1.0,0.6666666666666666,1.0,0.3333333333333333,1.0,6,4,0,4,0.5,0.6666666666666666,3,2,1,4455
1,0,0,0,0,0.1429,0.0,0.0,0.0,0.0,0,0,0,0,0.0,0.0,0,2,0,4456
1,1,0,0,0,0.2857,0.0,0.0,0.0,0.0,1,0,0,0,0.0,0.0,0,2,0,4457
1,1,0,1,0,0.4286,0.0,0.0,0.0,0.0,2,0,0,0,0.0,0.0,0,2,0,4458
1,1,0,1,0,0.5714,0.3333333333333333,1.0,0.0,0.0,3,1,0,1,0.0,0.3333333333333333,0,2,0,4459
2,7,1,1,1,0.7143,0.5,1.0,0.0,0.0,4,2,0,2,0.0,0.5,0,2,0,4460
2,7,1,1,1,0.8571,0.6,1.0,0.2,1.0,5,3,0,3,0.5,0.6,0,2,1,4461
3,2,3,1,1,1.0,0.6666666666666666,1.0,0.3333333333333333,1.0,6,4,0,4,0.5,0.6666666666666666,0,2,1,4462
1,1,0,1,0,0.2,0.0,0.0,0.0,0.0,0,0,0,0,0.0,0.0,1,2,0,4463
1,7,1,1,1,0.4,1.0,1.0,0.0,0.0,1,1,0,1,0.0,1.0,1,2,0,4464
2,1,0,1,1,0.6,1.0,1.0,0.5,1.0,2,2,0,2,0.5,1.0,1,2,1,4465
2,6,1,1,1,0.8,1.0,1.0,0.6666666666666666,1.0,3,3,0,3,0.5,1.0,1,2,1,4466
3,7,1,1,1,1.0,1.0,1.0,0.75,1.0,4,4,0,4,0.5,1.0,1,2,1,4467
1,0,0,0,0,0.1429,0.0,0.0,0.0,0.0,0,0,0,0,0.0,0.0,3,2,0,4468
1,1,0,0,0,0.2857,0.0,0.0,0.0,0.0,1,0,0,0,0.0,0.0,3,2,0,4469
1,1,0,1,0,0.4286,0.0,0.0,0.0,0.0,2,0,0,0,0.0,0.0,3,2,0,4470
1,1,0,1,0,0.5714,0.3333333333333333,1.0,0.0,0.0,3,1,0,1,0.0,0.3333333333333333,3,2,0,4471
2,7,1,1,1,0.7143,0.5,1.0,0.0,0.0,4,2,0,2,0.0,0.5,3,2,0,4472
2,7,1,1,1,0.8571,0.6,1.0,0.2,1.0,5,3,0,3,0.5,0.6,3,2,1,4473
3,2,3,1,1,1.0,0.6666666666666666,1.0,0.3333333333333333,1.0,6,4,0,4,0.5,0.6666666666666666,3,2,1,4474
1,0,0,0,0,0.1429,0.0,0.0,0.0,0.0,0,0,0,0,0.0,0.0,3,2,0,4475
1,1,0,0,0,0.2857,0.0,0.0,0.0,0.0,1,0,0,0,0.0,0.0,3,2,0,4476
1,1,0,1,0,0.4286,0.0,0.0,0.0,0.0,2,0,0,0,0.0,0.0,3,2,0,4477
1,1,0,1,0,0.5714,0.3333333333333333,1.0,0.0,0.0,3,1,0,1,0.0,0.3333333333333333,3,2,0,4478
2,7,1,1,1,0.7143,0.5,1.0,0.0,0.0,4,2,0,2,0.0,0.5,3,2,0,4479
2,7,1,1,1,0.8571,0.6,1.0,0.2,1.0,5,3,0,3,0.5,0.6,3,2,1,4480
3,2,3,1,1,1.0,0.6666666666666666,1.0,0.3333333333333333,1.0,6,4,0,4,0.5,0.6666666666666666,3,2,1,4481
1,0,0,0,0,0.1429,0.0,0.0,0.0,0.0,0,0,0,0,0.0,0.0,3,3,0,4482
1,1,0,0,0,0.2857,0.0,0.0,0.0,0.0,1,0,0,0,0.0,0.0,3,3,0,4483
1,1,0,1,0,0.4286,0.0,0.0,0.0,0.0,2,0,0,0,0.0,0.0,3,3,0,4484
1,1,0,1,0,0.5714,0.3333333333333333,1.0,0.0,0.0,3,1,0,1,0.0,0.3333333333333333,3,3,0,4485
2,7,1,1,1,0.7143,0.5,1.0,0.0,0.0,4,2,0,2,0.0,0.5,3,3,0,4486
2,7,1,1,1,0.8571,0.6,1.0,0.2,1.0,5,3,0,3,0.5,0.6,3,3,1,4487
3,2,3,1,1,1.0,0.6666666666666666,1.0,0.3333333333333333,1.0,6,4,0,4,0.5,0.6666666666666666,3,3,1,4488
1,1,0,1,0,0.2,0.0,0.0,0.0,0.0,0,0,0,0,0.0,0.0,3,3,0,4489
1,7,1,1,1,0.4,1.0,1.0,0.0,0.0,1,1,0,1,0.0,1.0,3,3,0,4490
2,1,0,1,1,0.6,1.0,1.0,0.5,1.0,2,2,0,2,0.5,1.0,3,3,1,4491
2,6,1,1,1,0.8,1.0,1.0,0.6666666666666666,1.0,3,3,0,3,0.5,1.0,3,3,1,4492
3,7,1,1,1,1.0,1.0,1.0,0.75,1.0,4,4,0,4,0.5,1.0,3,3,1,4493
1,2,3,0,0,0.1667,0.0,0.0,0.0,0.0,0,0,0,0,0.0,0.0,0,4,0,4494
1,1,0,1,0,0.3333,0.0,0.0,0.0,0.0,1,0,0,0,0.0,0.0,0,4,0,4495
1,1,0,1,0,0.5,0.5,1.0,0.0,0.0,2,1,0,1,0.0,0.5,0,4,0,4496
2,7,1,1,1,0.6667,0.6666666666666666,1.0,0.0,0.0,3,2,0,2,0.0,0.6666666666666666,0,4,0,4497
2,7,1,1,1,0.8333,0.75,1.0,0.25,1.0,4,3,0,3,0.5,0.75,0,4,1,4498
3,6,1,1,1,1.0,0.8,1.0,0.4,1.0,5,4,0,4,0.5,0.8,0,4,1,4499
1,1,0,1,0,0.2,0.0,0.0,0.0,0.0,0,0,0,0,0.0,0.0,0,2,0,4500
1,7,1,1,1,0.4,1.0,1.0,0.0,0.0,1,1,0,1,0.0,1.0,0,2,0,4501
2,1,0,1,1,0.6,1.0,1.0,0.5,1.0,2,2,0,2,0.5,1.0,0,2,1,4502
2,6,1,1,1,0.8,1.0,1.0,0.6666666666666666,1.0,3,3,0,3,0.5,1.0,0,2,1,4503
3,7,1,1,1,1.0,1.0,1.0,0.75,1.0,4,4,0,4,0.5,1.0,0,2,1,4504
1,2,3,0,0,0.1667,0.0,0.0,0.0,0.0,0,0,0,0,0.0,0.0,3,4,0,4505
1,1,0,1,0,0.3333,0.0,0.0,0.0,0.0,1,0,0,0,0.0,0.0,3,4,0,4506
1,1,0,1,0,0.5,0.5,1.0,0.0,0.0,2,1,0,1,0.0,0.5,3,4,0,4507
2,7,1,1,1,0.6667,0.6666666666666666,1.0,0.0,0.0,3,2,0,2,0.0,0.6666666666666666,3,4,0,4508
2,7,1,1,1,0.8333,0.75,1.0,0.25,1.0,4,3,0,3,0.5,0.75,3,4,1,4509
3,6,1,1,1,1.0,0.8,1.0,0.4,1.0,5,4,0,4,0.5,0.8,3,4,1,4510
1,0,0,0,0,0.1429,0.0,0.0,0.0,0.0,0,0,0,0,0.0,0.0,3,3,0,4511
1,1,0,0,0,0.2857,0.0,0.0,0.0,0.0,1,0,0,0,0.0,0.0,3,3,0,4512
1,1,0,1,0,0.4286,0.0,0.0,0.0,0.0,2,0,0,0,0.0,0.0,3,3,0,4513
1,1,0,1,0,0.5714,0.3333333333333333,1.0,0.0,0.0,3,1,0,1,0.0,0.3333333333333333,3,3,0,4514
2,7,1,1,1,0.7143,0.5,1.0,0.0,0.0,4,2,0,2,0.0,0.5,3,3,0,4515
2,7,1,1,1,0.8571,0.6,1.0,0.2,1.0,5,3,0,3,0.5,0.6,3,3,1,4516
3,2,3,1,1,1.0,0.6666666666666666,1.0,0.3333333333333333,1.0,6,4,0,4,0.5,0.6666666666666666,3,3,1,4517
1,1,0,1,0,0.2,0.0,0.0,0.0,0.0,0,0,0,0,0.0,0.0,3,2,0,4518
1,7,1,1,1,0.4,1.0,1.0,0.0,0.0,1,1,0,1,0.0,1.0,3,2,0,4519
2,1,0,1,1,0.6,1.0,1.0,0.5,1.0,2,2,0,2,0.5,1.0,3,2,1,4520
2,6,1,1,1,0.8,1.0,1.0,0.6666666666666666,1.0,3,3,0,3,0.5,1.0,3,2,1,4521
3,7,1,1,1,1.0,1.0,1.0,0.75,1.0,4,4,0,4,0.5,1.0,3,2,1,4522
1,1,0,1,0,0.2,0.0,0.0,0.0,0.0,0,0,0,0,0.0,0.0,2,4,0,4523
1,7,1,1,1,0.4,1.0,1.0,0.0,0.0,1,1,0,1,0.0,1.0,2,4,0,4524
2,1,0,1,1,0.6,1.0,1.0,0.5,1.0,2,2,0,2,0.5,1.0,2,4,1,4525
2,6,1,1,1,0.8,1.0,1.0,0.6666666666666666,1.0,3,3,0,3,0.5,1.0,2,4,1,4526
3,7,1,1,1,1.0,1.0,1.0,0.75,1.0,4,4,0,4,0.5,1.0,2,4,1,4527
1,1,0,1,0,0.2,0.0,0.0,0.0,0.0,0,0,0,0,0.0,0.0,3,4,0,4528
1,7,1,1,1,0.4,1.0,1.0,0.0,0.0,1,1,0,1,0.0,1.0,3,4,0,4529
2,1,0,1,1,0.6,1.0,1.0,0.5,1.0,2,2,0,2,0.5,1.0,3,4,1,4530
2,6,1,1,1,0.8,1.0,1.0,0.6666666666666666,1.0,3,3,0,3,0.5,1.0,3,4,1,4531
3,7,1,1,1,1.0,1.0,1.0,0.75,1.0,4,4,0,4,0.5,1.0,3,4,1,4532
1,2,3,0,0,0.1667,0.0,0.0,0.0,0.0,0,0,0,0,0.0,0.0,0,3,0,4533
1,1,0,1,0,0.3333,0.0,0.0,0.0,0.0,1,0,0,0,0.0,0.0,0,3,0,4534
1,1,0,1,0,0.5,0.5,1.0,0.0,0.0,2,1,0,1,0.0,0.5,0,3,0,4535
2,7,1,1,1,0.6667,0.6666666666666666,1.0,0.0,0.0,3,2,0,2,0.0,0.6666666666666666,0,3,0,4536
2,7,1,1,1,0.8333,0.75,1.0,0.25,1.0,4,3,0,3,0.5,0.75,0,3,1,4537
3,6,1,1,1,1.0,0.8,1.0,0.4,1.0,5,4,0,4,0.5,0.8,0,3,1,4538
1,0,0,0,0,0.1429,0.0,0.0,0.0,0.0,0,0,0,0,0.0,0.0,3,2,0,4539
1,1,0,0,0,0.2857,0.0,0.0,0.0,0.0,1,0,0,0,0.0,0.0,3,2,0,4540
1,1,0,1,0,0.4286,0.0,0.0,0.0,0.0,2,0,0,0,0.0,0.0,3,2,0,4541
1,1,0,1,0,0.5714,0.3333333333333333,1.0,0.0,0.0,3,1,0,1,0.0,0.3333333333333333,3,2,0,4542
2,7,1,1,1,0.7143,0.5,1.0,0.0,0.0,4,2,0,2,0.0,0.5,3,2,0,4543
2,7,1,1,1,0.8571,0.6,1.0,0.2,1.0,5,3,0,3,0.5,0.6,3,2,1,4544
3,2,3,1,1,1.0,0.6666666666666666,1.0,0.3333333333333333,1.0,6,4,0,4,0.5,0.6666666666666666,3,2,1,4545
1,2,3,0,0,0.1667,0.0,0.0,0.0,0.0,0,0,0,0,0.0,0.0,2,3,0,4546
1,1,0,1,0,0.3333,0.0,0.0,0.0,0.0,1,0,0,0,0.0,0.0,2,3,0,4547
1,1,0,1,0,0.5,0.5,1.0,0.0,0.0,2,1,0,1,0.0,0.5,2,3,0,4548
2,7,1,1,1,0.6667,0.6666666666666666,1.0,0.0,0.0,3,2,0,2,0.0,0.6666666666666666,2,3,0,4549
2,7,1,1,1,0.8333,0.75,1.0,0.25,1.0,4,3,0,3,0.5,0.75,2,3,1,4550
3,6,1,1,1,1.0,0.8,1.0,0.4,1.0,5,4,0,4,0.5,0.8,2,3,1,4551
1,0,0,0,0,0.1429,0.0,0.0,0.0,0.0,0,0,0,0,0.0,0.0,1,3,0,4552
1,1,0,0,0,0.2857,0.0,0.0,0.0,0.0,1,0,0,0,0.0,0.0,1,3,0,4553
1,1,0,1,0,0.4286,0.0,0.0,0.0,0.0,2,0,0,0,0.0,0.0,1,3,0,4554
1,1,0,1,0,0.5714,0.3333333333333333,1.0,0.0,0.0,3,1,0,1,0.0,0.3333333333333333,1,3,0,4555
2,7,1,1,1,0.7143,0.5,1.0,0.0,0.0,4,2,0,2,0.0,0.5,1,3,0,4556
2,7,1,1,1,0.8571,0.6,1.0,0.2,1.0,5,3,0,3,0.5,0.6,1,3,1,4557
3,2,3,1,1,1.0,0.6666666666666666,1.0,0.3333333333333333,1.0,6,4,0,4,0.5,0.6666666666666666,1,3,1,4558
1,0,0,0,0,0.1429,0.0,0.0,0.0,0.0,0,0,0,0,0.0,0.0,2,2,0,4559
1,1,0,0,0,0.2857,0.0,0.0,0.0,0.0,1,0,0,0,0.0,0.0,2,2,0,4560
1,1,0,1,0,0.4286,0.0,0.0,0.0,0.0,2,0,0,0,0.0,0.0,2,2,0,4561
1,1,0,1,0,0.5714,0.3333333333333333,1.0,0.0,0.0,3,1,0,1,0.0,0.3333333333333333,2,2,0,4562
2,7,1,1,1,0.7143,0.5,1.0,0.0,0.0,4,2,0,2,0.0,0.5,2,2,0,4563
2,7,1,1,1,0.8571,0.6,1.0,0.2,1.0,5,3,0,3,0.5,0.6,2,2,1,4564
3,2,3,1,1,1.0,0.6666666666666666,1.0,0.3333333333333333,1.0,6,4,0,4,0.5,0.6666666666666666,2,2,1,4565
1,2,3,0,0,0.1667,0.0,0.0,0.0,0.0,0,0,0,0,0.0,0.0,2,2,0,4566
1,1,0,1,0,0.3333,0.0,0.0,0.0,0.0,1,0,0,0,0.0,0.0,2,2,0,4567
1,1,0,1,0,0.5,0.5,1.0,0.0,0.0,2,1,0,1,0.0,0.5,2,2,0,4568
2,7,1,1,1,0.6667,0.6666666666666666,1.0,0.0,0.0,3,2,0,2,0.0,0.6666666666666666,2,2,0,4569
2,7,1,1,1,0.8333,0.75,1.0,0.25,1.0,4,3,0,3,0.5,0.75,2,2,1,4570
3,6,1,1,1,1.0,0.8,1.0,0.4,1.0,5,4,0,4,0.5,0.8,2,2,1,4571
1,0,0,0,0,0.1429,0.0,0.0,0.0,0.0,0,0,0,0,0.0,0.0,1,4,0,4572
1,1,0,0,0,0.2857,0.0,0.0,0.0,0.0,1,0,0,0,0.0,0.0,1,4,0,4573
1,1,0,1,0,0.4286,0.0,0.0,0.0,0.0,2,0,0,0,0.0,0.0,1,4,0,4574
1,1,0,1,0,0.5714,0.3333333333333333,1.0,0.0,0.0,3,1,0,1,0.0,0.3333333333333333,1,4,0,4575
2,7,1,1,1,0.7143,0.5,1.0,0.0,0.0,4,2,0,2,0.0,0.5,1,4,0,4576
2,7,1,1,1,0.8571,0.6,1.0,0.2,1.0,5,3,0,3,0.5,0.6,1,4,1,4577
3,2,3,1,1,1.0,0.6666666666666666,1.0,0.3333333333333333,1.0,6,4,0,4,0.5,0.6666666666666666,1,4,1,4578
1,1,0,1,0,0.2,0.0,0.0,0.0,0.0,0,0,0,0,0.0,0.0,0,2,0,4579
1,7,1,1,1,0.4,1.0,1.0,0.0,0.0,1,1,0,1,0.0,1.0,0,2,0,4580
2,1,0,1,1,0.6,1.0,1.0,0.5,1.0,2,2,0,2,0.5,1.0,0,2,1,4581
2,6,1,1,1,0.8,1.0,1.0,0.6666666666666666,1.0,3,3,0,3,0.5,1.0,0,2,1,4582
3,7,1,1,1,1.0,1.0,1.0,0.75,1.0,4,4,0,4,0.5,1.0,0,2,1,4583
1,0,0,0,0,0.1429,0.0,0.0,0.0,0.0,0,0,0,0,0.0,0.0,0,3,0,4584
1,1,0,0,0,0.2857,0.0,0.0,0.0,0.0,1,0,0,0,0.0,0.0,0,3,0,4585
1,1,0,1,0,0.4286,0.0,0.0,0.0,0.0,2,0,0,0,0.0,0.0,0,3,0,4586
1,1,0,1,0,0.5714,0.3333333333333333,1.0,0.0,0.0,3,1,0,1,0.0,0.3333333333333333,0,3,0,4587
2,7,1,1,1,0.7143,0.5,1.0,0.0,0.0,4,2,0,2,0.0,0.5,0,3,0,4588
2,7,1,1,1,0.8571,0.6,1.0,0.2,1.0,5,3,0,3,0.5,0.6,0,3,1,4589
3,2,3,1,1,1.0,0.6666666666666666,1.0,0.3333333333333333,1.0,6,4,0,4,0.5,0.6666666666666666,0,3,1,4590
1,2,3,0,0,0.1667,0.0,0.0,0.0,0.0,0,0,0,0,0.0,0.0,1,4,0,4591
1,1,0,1,0,0.3333,0.0,0.0,0.0,0.0,1,0,0,0,0.0,0.0,1,4,0,4592
1,1,0,1,0,0.5,0.5,1.0,0.0,0.0,2,1,0,1,0.0,0.5,1,4,0,4593
2,7,1,1,1,0.6667,0.6666666666666666,1.0,0.0,0.0,3,2,0,2,0.0,0.6666666666666666,1,4,0,4594
2,7,1,1,1,0.8333,0.75,1.0,0.25,1.0,4,3,0,3,0.5,0.75,1,4,1,4595
3,6,1,1,1,1.0,0.8,1.0,0.4,1.0,5,4,0,4,0.5,0.8,1,4,1,4596
1,1,0,1,0,0.2,0.0,0.0,0.0,0.0,0,0,0,0,0.0,0.0,2,3,0,4597
1,7,1,1,1,0.4,1.0,1.0,0.0,0.0,1,1,0,1,0.0,1.0,2,3,0,4598
2,1,0,1,1,0.6,1.0,1.0,0.5,1.0,2,2,0,2,0.5,1.0,2,3,1,4599
2,6,1,1,1,0.8,1.0,1.0,0.6666666666666666,1.0,3,3,0,3,0.5,1.0,2,3,1,4600
3,7,1,1,1,1.0,1.0,1.0,0.75,1.0,4,4,0,4,0.5,1.0,2,3,1,4601
1,0,0,0,0,0.1429,0.0,0.0,0.0,0.0,0,0,0,0,0.0,0.0,3,4,0,4602
1,1,0,0,0,0.2857,0.0,0.0,0.0,0.0,1,0,0,0,0.0,0.0,3,4,0,4603
1,1,0,1,0,0.4286,0.0,0.0,0.0,0.0,2,0,0,0,0.0,0.0,3,4,0,4604
1,1,0,1,0,0.5714,0.3333333333333333,1.0,0.0,0.0,3,1,0,1,0.0,0.3333333333333333,3,4,0,4605
2,7,1,1,1,0.7143,0.5,1.0,0.0,0.0,4,2,0,2,0.0,0.5,3,4,0,4606
2,7,1,1,1,0.8571,0.6,1.0,0.2,1.0,5,3,0,3,0.5,0.6,3,4,1,4607
3,2,3,1,1,1.0,0.6666666666666666,1.0,0.3333333333333333,1.0,6,4,0,4,0.5,0.6666666666666666,3,4,1,4608
1,0,0,0,0,0.1429,0.0,0.0,0.0,0.0,0,0,0,0,0.0,0.0,2,2,0,4609
1,1,0,0,0,0.2857,0.0,0.0,0.0,0.0,1,0,0,0,0.0,0.0,2,2,0,4610
1,1,0,1,0,0.4286,0.0,0.0,0.0,0.0,2,0,0,0,0.0,0.0,2,2,0,4611
1,1,0,1,0,0.5714,0.3333333333333333,1.0,0.0,0.0,3,1,0,1,0.0,0.3333333333333333,2,2,0,4612
2,7,1,1,1,0.7143,0.5,1.0,0.0,0.0,4,2,0,2,0.0,0.5,2,2,0,4613
2,7,1,1,1,0.8571,0.6,1.0,0.2,1.0,5,3,0,3,0.5,0.6,2,2,1,4614
3,2,3,1,1,1.0,0.6666666666666666,1.0,0.3333333333333333,1.0,6,4,0,4,0.5,0.6666666666666666,2,2,1,4615
1,2,3,0,0,0.1667,0.0,0.0,0.0,0.0,0,0,0,0,0.0,0.0,3,4,0,4616
1,1,0,1,0,0.3333,0.0,0.0,0.0,0.0,1,0,0,0,0.0,0.0,3,4,0,4617
1,1,0,1,0,0.5,0.5,1.0,0.0,0.0,2,1,0,1,0.0,0.5,3,4,0,4618
2,7,1,1,1,0.6667,0.6666666666666666,1.0,0.0,0.0,3,2,0,2,0.0,0.6666666666666666,3,4,0,4619
2,7,1,1,1,0.8333,0.75,1.0,0.25,1.0,4,3,0,3,0.5,0.75,3,4,1,4620
3,6,1,1,1,1.0,0.8,1.0,0.4,1.0,5,4,0,4,0.5,0.8,3,4,1,4621
1,2,3,0,0,0.1667,0.0,0.0,0.0,0.0,0,0,0,0,0.0,0.0,2,4,0,4622
1,1,0,1,0,0.3333,0.0,0.0,0.0,0.0,1,0,0,0,0.0,0.0,2,4,0,4623
1,1,0,1,0,0.5,0.5,1.0,0.0,0.0,2,1,0,1,0.0,0.5,2,4,0,4624
2,7,1,1,1,0.6667,0.6666666666666666,1.0,0.0,0.0,3,2,0,2,0.0,0.6666666666666666,2,4,0,4625
2,7,1,1,1,0.8333,0.75,1.0,0.25,1.0,4,3,0,3,0.5,0.75,2,4,1,4626
3,6,1,1,1,1.0,0.8,1.0,0.4,1.0,5,4,0,4,0.5,0.8,2,4,1,4627
1,2,3,0,0,0.1667,0.0,0.0,0.0,0.0,0,0,0,0,0.0,0.0,2,3,0,4628
1,1,0,1,0,0.3333,0.0,0.0,0.0,0.0,1,0,0,0,0.0,0.0,2,3,0,4629
1,1,0,1,0,0.5,0.5,1.0,0.0,0.0,2,1,0,1,0.0,0.5,2,3,0,4630
2,7,1,1,1,0.6667,0.6666666666666666,1.0,0.0,0.0,3,2,0,2,0.0,0.6666666666666666,2,3,0,4631
2,7,1,1,1,0.8333,0.75,1.0,0.25,1.0,4,3,0,3,0.5,0.75,2,3,1,4632
3,6,1,1,1,1.0,0.8,1.0,0.4,1.0,5,4,0,4,0.5,0.8,2,3,1,4633
1,1,0,1,0,0.2,0.0,0.0,0.0,0.0,0,0,0,0,0.0,0.0,3,2,0,4634
1,7,1,1,1,0.4,1.0,1.0,0.0,0.0,1,1,0,1,0.0,1.0,3,2,0,4635
2,1,0,1,1,0.6,1.0,1.0,0.5,1.0,2,2,0,2,0.5,1.0,3,2,1,4636
2,6,1,1,1,0.8,1.0,1.0,0.6666666666666666,1.0,3,3,0,3,0.5,1.0,3,2,1,4637
3,7,1,1,1,1.0,1.0,1.0,0.75,1.0,4,4,0,4,0.5,1.0,3,2,1,4638
1,0,0,0,0,0.1429,0.0,0.0,0.0,0.0,0,0,0,0,0.0,0.0,0,2,0,4639
1,1,0,0,0,0.2857,0.0,0.0,0.0,0.0,1,0,0,0,0.0,0.0,0,2,0,4640
1,1,0,1,0,0.4286,0.0,0.0,0.0,0.0,2,0,0,0,0.0,0.0,0,2,0,4641
1,1,0,1,0,0.5714,0.3333333333333333,1.0,0.0,0.0,3,1,0,1,0.0,0.3333333333333333,0,2,0,4642
2,7,1,1,1,0.7143,0.5,1.0,0.0,0.0,4,2,0,2,0.0,0.5,0,2,0,4643
2,7,1,1,1,0.8571,0.6,1.0,0.2,1.0,5,3,0,3,0.5,0.6,0,2,1,4644
3,2,3,1,1,1.0,0.6666666666666666,1.0,0.3333333333333333,1.0,6,4,0,4,0.5,0.6666666666666666,0,2,1,4645
1,1,0,1,0,0.2,0.0,0.0,0.0,0.0,0,0,0,0,0.0,0.0,1,3,0,4646
1,7,1,1,1,0.4,1.0,1.0,0.0,0.0,1,1,0,1,0.0,1.0,1,3,0,4647
2,1,0,1,1,0.6,1.0,1.0,0.5,1.0,2,2,0,2,0.5,1.0,1,3,1,4648
2,6,1,1,1,0.8,1.0,1.0,0.6666666666666666,1.0,3,3,0,3,0.5,1.0,1,3,1,4649
3,7,1,1,1,1.0,1.0,1.0,0.75,1.0,4,4,0,4,0.5,1.0,1,3,1,4650
1,2,3,0,0,0.1667,0.0,0.0,0.0,0.0,0,0,0,0,0.0,0.0,0,3,0,4651
1,1,0,1,0,0.3333,0.0,0.0,0.0,0.0,1,0,0,0,0.0,0.0,0,3,0,4652
1,1,0,1,0,0.5,0.5,1.0,0.0,0.0,2,1,0,1,0.0,0.5,0,3,0,4653
2,7,1,1,1,0.6667,0.6666666666666666,1.0,0.0,0.0,3,2,0,2,0.0,0.6666666666666666,0,3,0,4654
2,7,1,1,1,0.8333,0.75,1.0,0.25,1.0,4,3,0,3,0.5,0.75,0,3,1,4655
3,6,1,1,1,1.0,0.8,1.0,0.4,1.0,5,4,0,4,0.5,0.8,0,3,1,4656
1,2,3,0,0,0.1667,0.0,0.0,0.0,0.0,0,0,0,0,0.0,0.0,2,2,0,4657
1,1,0,1,0,0.3333,0.0,0.0,0.0,0.0,1,0,0,0,0.0,0.0,2,2,0,4658
1,1,0,1,0,0.5,0.5,1.0,0.0,0.0,2,1,0,1,0.0,0.5,2,2,0,4659
2,7,1,1,1,0.6667,0.6666666666666666,1.0,0.0,0.0,3,2,0,2,0.0,0.6666666666666666,2,2,0,4660
2,7,1,1,1,0.8333,0.75,1.0,0.25,1.0,4,3,0,3,0.5,0.75,2,2,1,4661
3,6,1,1,1,1.0,0.8,1.0,0.4,1.0,5,4,0,4,0.5,0.8,2,2,1,4662
1,2,3,0,0,0.1667,0.0,0.0,0.0,0.0,0,0,0,0,0.0,0.0,1,2,0,4663
1,1,0,1,0,0.3333,0.0,0.0,0.0,0.0,1,0,0,0,0.0,0.0,1,2,0,4664
1,1,0,1,0,0.5,0.5,1.0,0.0,0.0,2,1,0,1,0.0,0.5,1,2,0,4665
2,7,1,1,1,0.6667,0.6666666666666666,1.0,0.0,0.0,3,2,0,2,0.0,0.6666666666666666,1,2,0,4666
2,7,1,1,1,0.8333,0.75,1.0,0.25,1.0,4,3,0,3,0.5,0.75,1,2,1,4667
3,6,1,1,1,1.0,0.8,1.0,0.4,1.0,5,4,0,4,0.5,0.8,1,2,1,4668
1,2,3,0,0,0.1667,0.0,0.0,0.0,0.0,0,0,0,0,0.0,0.0,0,3,0,4669
1,1,0,1,0,0.3333,0.0,0.0,0.0,0.0,1,0,0,0,0.0,0.0,0,3,0,4670
1,1,0,1,0,0.5,0.5,1.0,0.0,0.0,2,1,0,1,0.0,0.5,0,3,0,4671
2,7,1,1,1,0.6667,0.6666666666666666,1.0,0.0,0.0,3,2,0,2,0.0,0.6666666666666666,0,3,0,4672
2,7,1,1,1,0.8333,0.75,1.0,0.25,1.0,4,3,0,3,0.5,0.75,0,3,1,4673
3,6,1,1,1,1.0,0.8,1.0,0.4,1.0,5,4,0,4,0.5,0.8,0,3,1,4674
1,1,0,1,0,0.2,0.0,0.0,0.0,0.0,0,0,0,0,0.0,0.0,2,2,0,4675
1,7,1,1,1,0.4,1.0,1.0,0.0,0.0,1,1,0,1,0.0,1.0,2,2,0,4676
2,1,0,1,1,0.6,1.0,1.0,0.5,1.0,2,2,0,2,0.5,1.0,2,2,1,4677
2,6,1,1,1,0.8,1.0,1.0,0.6666666666666666,1.0,3,3,0,3,0.5,1.0,2,2,1,4678
3,7,1,1,1,1.0,1.0,1.0,0.75,1.0,4,4,0,4,0.5,1.0,2,2,1,4679
1,1,0,1,0,0.2,0.0,0.0,0.0,0.0,0,0,0,0,0.0,0.0,1,3,0,4680
1,7,1,1,1,0.4,1.0,1.0,0.0,0.0,1,1,0,1,0.0,1.0,1,3,0,4681
2,1,0,1,1,0.6,1.0,1.0,0.5,1.0,2,2,0,2,0.5,1.0,1,3,1,4682
2,6,1,1,1,0.8,1.0,1.0,0.6666666666666666,1.0,3,3,0,3,0.5,1.0,1,3,1,4683
3,7,1,1,1,1.0,1.0,1.0,0.75,1.0,4,4,0,4,0.5,1.0,1,3,1,4684
1,1,0,1,0,0.2,0.0,0.0,0.0,0.0,0,0,0,0,0.0,0.0,1,3,0,4685
1,7,1,1,1,0.4,1.0,1.0,0.0,0.0,1,1,0,1,0.0,1.0,1,3,0,4686
2,1,0,1,1,0.6,1.0,1.0,0.5,1.0,2,2,0,2,0.5,1.0,1,3,1,4687
2,6,1,1,1,0.8,1.0,1.0,0.6666666666666666,1.0,3,3,0,3,0.5,1.0,1,3,1,4688
3,7,1,1,1,1.0,1.0,1.0,0.75,1.0,4,4,0,4,0.5,1.0,1,3,1,4689
1,1,0,1,0,0.2,0.0,0.0,0.0,0.0,0,0,0,0,0.0,0.0,1,2,0,4690
1,7,1,1,1,0.4,1.0,1.0,0.0,0.0,1,1,0,1,0.0,1.0,1,2,0,4691
2,1,0,1,1,0.6,1.0,1.0,0.5,1.0,2,2,0,2,0.5,1.0,1,2,1,4692
2,6,1,1,1,0.8,1.0,1.0,0.6666666666666666,1.0,3,3,0,3,0.5,1.0,1,2,1,4693
3,7,1,1,1,1.0,1.0,1.0,0.75,1.0,4,4,0,4,0.5,1.0,1,2,1,4694
1,2,3,0,0,0.1667,0.0,0.0,0.0,0.0,0,0,0,0,0.0,0.0,2,4,0,4695
1,1,0,1,0,0.3333,0.0,0.0,0.0,0.0,1,0,0,0,0.0,0.0,2,4,0,4696
1,1,0,1,0,0.5,0.5,1.0,0.0,0.0,2,1,0,1,0.0,0.5,2,4,0,4697
2,7,1,1,1,0.6667,0.6666666666666666,1.0,0.0,0.0,3,2,0,2,0.0,0.6666666666666666,2,4,0,4698
2,7,1,1,1,0.8333,0.75,1.0,0.25,1.0,4,3,0,3,0.5,0.75,2,4,1,4699
3,6,1,1,1,1.0,0.8,1.0,0.4,1.0,5,4,0,4,0.5,0.8,2,4,1,4700
1,0,0,0,0,0.1429,0.0,0.0,0.0,0.0,0,0,0,0,0.0,0.0,3,2,0,4701
1,1,0,0,0,0.2857,0.0,0.0,0.0,0.0,1,0,0,0,0.0,0.0,3,2,0,4702
1,1,0,1,0,0.4286,0.0,0.0,0.0,0.0,2,0,0,0,0.0,0.0,3,2,0,4703
1,1,0,1,0,0.5714,0.3333333333333333,1.0,0.0,0.0,3,1,0,1,0.0,0.3333333333333333,3,2,0,4704
2,7,1,1,1,0.7143,0.5,1.0,0.0,0.0,4,2,0,2,0.0,0.5,3,2,0,4705
2,7,1,1,1,0.8571,0.6,1.0,0.2,1.0,5,3,0,3,0.5,0.6,3,2,1,4706
3,2,3,1,1,1.0,0.6666666666666666,1.0,0.3333333333333333,1.0,6,4,0,4,0.5,0.6666666666666666,3,2,1,4707
1,0,0,0,0,0.1429,0.0,0.0,0.0,0.0,0,0,0,0,0.0,0.0,0,4,0,4708
1,1,0,0,0,0.2857,0.0,0.0,0.0,0.0,1,0,0,0,0.0,0.0,0,4,0,4709
1,1,0,1,0,0.4286,0.0,0.0,0.0,0.0,2,0,0,0,0.0,0.0,0,4,0,4710
1,1,0,1,0,0.5714,0.3333333333333333,1.0,0.0,0.0,3,1,0,1,0.0,0.3333333333333333,0,4,0,4711
2,7,1,1,1,0.7143,0.5,1.0,0.0,0.0,4,2,0,2,0.0,0.5,0,4,0,4712
2,7,1,1,1,0.8571,0.6,1.0,0.2,1.0,5,3,0,3,0.5,0.6,0,4,1,4713
3,2,3,1,1,1.0,0.6666666666666666,1.0,0.3333333333333333,1.0,6,4,0,4,0.5,0.6666666666666666,0,4,1,4714
1,1,0,1,0,0.2,0.0,0.0,0.0,0.0,0,0,0,0,0.0,0.0,1,4,0,4715
1,7,1,1,1,0.4,1.0,1.0,0.0,0.0,1,1,0,1,0.0,1.0,1,4,0,4716
2,1,0,1,1,0.6,1.0,1.0,0.5,1.0,2,2,0,2,0.5,1.0,1,4,1,4717
2,6,1,1,1,0.8,1.0,1.0,0.6666666666666666,1.0,3,3,0,3,0.5,1.0,1,4,1,4718
3,7,1,1,1,1.0,1.0,1.0,0.75,1.0,4,4,0,4,0.5,1.0,1,4,1,4719
1,0,0,0,0,0.1429,0.0,0.0,0.0,0.0,0,0,0,0,0.0,0.0,1,2,0,4720
1,1,0,0,0,0.2857,0.0,0.0,0.0,0.0,1,0,0,0,0.0,0.0,1,2,0,4721
1,1,0,1,0,0.4286,0.0,0.0,0.0,0.0,2,0,0,0,0.0,0.0,1,2,0,4722
1,1,0,1,0,0.5714,0.3333333333333333,1.0,0.0,0.0,3,1,0,1,0.0,0.3333333333333333,1,2,0,4723
2,7,1,1,1,0.7143,0.5,1.0,0.0,0.0,4,2,0,2,0.0,0.5,1,2,0,4724
2,7,1,1,1,0.8571,0.6,1.0,0.2,1.0,5,3,0,3,0.5,0.6,1,2,1,4725
3,2,3,1,1,1.0,0.6666666666666666,1.0,0.3333333333333333,1.0,6,4,0,4,0.5,0.6666666666666666,1,2,1,4726
1,1,0,1,0,0.2,0.0,0.0,0.0,0.0,0,0,0,0,0.0,0.0,1,4,0,4727
1,7,1,1,1,0.4,1.0,1.0,0.0,0.0,1,1,0,1,0.0,1.0,1,4,0,4728
2,1,0,1,1,0.6,1.0,1.0,0.5,1.0,2,2,0,2,0.5,1.0,1,4,1,4729
2,6,1,1,1,0.8,1.0,1.0,0.6666666666666666,1.0,3,3,0,3,0.5,1.0,1,4,1,4730
3,7,1,1,1,1.0,1.0,1.0,0.75,1.0,4,4,0,4,0.5,1.0,1,4,1,4731
1,0,0,0,0,0.1429,0.0,0.0,0.0,0.0,0,0,0,0,0.0,0.0,1,2,0,4732
1,1,0,0,0,0.2857,0.0,0.0,0.0,0.0,1,0,0,0,0.0,0.0,1,2,0,4733
1,1,0,1,0,0.4286,0.0,0.0,0.0,0.0,2,0,0,0,0.0,0.0,1,2,0,4734
1,1,0,1,0,0.5714,0.3333333333333333,1.0,0.0,0.0,3,1,0,1,0.0,0.3333333333333333,1,2,0,4735
2,7,1,1,1,0.7143,0.5,1.0,0.0,0.0,4,2,0,2,0.0,0.5,1,2,0,4736
2,7,1,1,1,0.8571,0.6,1.0,0.2,1.0,5,3,0,3,0.5,0.6,1,2,1,4737
3,2,3,1,1,1.0,0.6666666666666666,1.0,0.3333333333333333,1.0,6,4,0,4,0.5,0.6666666666666666,1,2,1,4738
1,2,3,0,0,0.1667,0.0,0.0,0.0,0.0,0,0,0,0,0.0,0.0,1,2,0,4739
1,1,0,1,0,0.3333,0.0,0.0,0.0,0.0,1,0,0,0,0.0,0.0,1,2,0,4740
1,1,0,1,0,0.5,0.5,1.0,0.0,0.0,2,1,0,1,0.0,0.5,1,2,0,4741
2,7,1,1,1,0.6667,0.6666666666666666,1.0,0.0,0.0,3,2,0,2,0.0,0.6666666666666666,1,2,0,4742
2,7,1,1,1,0.8333,0.75,1.0,0.25,1.0,4,3,0,3,0.5,0.75,1,2,1,4743
3,6,1,1,1,1.0,0.8,1.0,0.4,1.0,5,4,0,4,0.5,0.8,1,2,1,4744
1,2,3,0,0,0.1667,0.0,0.0,0.0,0.0,0,0,0,0,0.0,0.0,2,2,0,4745
1,1,0,1,0,0.3333,0.0,0.0,0.0,0.0,1,0,0,0,0.0,0.0,2,2,0,4746
1,1,0,1,0,0.5,0.5,1.0,0.0,0.0,2,1,0,1,0.0,0.5,2,2,0,4747
2,7,1,1,1,0.6667,0.6666666666666666,1.0,0.0,0.0,3,2,0,2,0.0,0.6666666666666666,2,2,0,4748
2,7,1,1,1,0.8333,0.75,1.0,0.25,1.0,4,3,0,3,0.5,0.75,2,2,1,4749
3,6,1,1,1,1.0,0.8,1.0,0.4,1.0,5,4,0,4,0.5,0.8,2,2,1,4750
1,2,3,0,0,0.1667,0.0,0.0,0.0,0.0,0,0,0,0,0.0,0.0,0,2,0,4751
1,1,0,1,0,0.3333,0.0,0.0,0.0,0.0,1,0,0,0,0.0,0.0,0,2,0,4752
1,1,0,1,0,0.5,0.5,1.0,0.0,0.0,2,1,0,1,0.0,0.5,0,2,0,4753
2,7,1,1,1,0.6667,0.6666666666666666,1.0,0.0,0.0,3,2,0,2,0.0,0.6666666666666666,0,2,0,4754
2,7,1,1,1,0.8333,0.75,1.0,0.25,1.0,4,3,0,3,0.5,0.75,0,2,1,4755
3,6,1,1,1,1.0,0.8,1.0,0.4,1.0,5,4,0,4,0.5,0.8,0,2,1,4756
1,0,0,0,0,0.1429,0.0,0.0,0.0,0.0,0,0,0,0,0.0,0.0,2,3,0,4757
1,1,0,0,0,0.2857,0.0,0.0,0.0,0.0,1,0,0,0,0.0,0.0,2,3,0,4758
1,1,0,1,0,0.4286,0.0,0.0,0.0,0.0,2,0,0,0,0.0,0.0,2,3,0,4759
1,1,0,1,0,0.5714,0.3333333333333333,1.0,0.0,0.0,3,1,0,1,0.0,0.3333333333333333,2,3,0,4760
2,7,1,1,1,0.7143,0.5,1.0,0.0,0.0,4,2,0,2,0.0,0.5,2,3,0,4761
2,7,1,1,1,0.8571,0.6,1.0,0.2,1.0,5,3,0,3,0.5,0.6,2,3,1,4762
3,2,3,1,1,1.0,0.6666666666666666,1.0,0.3333333333333333,1.0,6,4,0,4,0.5,0.6666666666666666,2,3,1,4763
1,1,0,1,0,0.2,0.0,0.0,0.0,0.0,0,0,0,0,0.0,0.0,3,4,0,4764
1,7,1,1,1,0.4,1.0,1.0,0.0,0.0,1,1,0,1,0.0,1.0,3,4,0,4765
2,1,0,1,1,0.6,1.0,1.0,0.5,1.0,2,2,0,2,0.5,1.0,3,4,1,4766
2,6,1,1,1,0.8,1.0,1.0,0.6666666666666666,1.0,3,3,0,3,0.5,1.0,3,4,1,4767
3,7,1,1,1,1.0,1.0,1.0,0.75,1.0,4,4,0,4,0.5,1.0,3,4,1,4768
1,1,0,1,0,0.2,0.0,0.0,0.0,0.0,0,0,0,0,0.0,0.0,0,3,0,4769
1,7,1,1,1,0.4,1.0,1.0,0.0,0.0,1,1,0,1,0.0,1.0,0,3,0,4770
2,1,0,1,1,0.6,1.0,1.0,0.5,1.0,2,2,0,2,0.5,1.0,0,3,1,4771
2,6,1,1,1,0.8,1.0,1.0,0.6666666666666666,1.0,3,3,0,3,0.5,1.0,0,3,1,4772
3,7,1,1,1,1.0,1.0,1.0,0.75,1.0,4,4,0,4,0.5,1.0,0,3,1,4773
1,1,0,1,0,0.2,0.0,0.0,0.0,0.0,0,0,0,0,0.0,0.0,1,2,0,4774
1,7,1,1,1,0.4,1.0,1.0,0.0,0.0,1,1,0,1,0.0,1.0,1,2,0,4775
2,1,0,1,1,0.6,1.0,1.0,0.5,1.0,2,2,0,2,0.5,1.0,1,2,1,4776
2,6,1,1,1,0.8,1.0,1.0,0.6666666666666666,1.0,3,3,0,3,0.5,1.0,1,2,1,4777
3,7,1,1,1,1.0,1.0,1.0,0.75,1.0,4,4,0,4,0.5,1.0,1,2,1,4778
1,1,0,1,0,0.2,0.0,0.0,0.0,0.0,0,0,0,0,0.0,0.0,1,2,0,4779
1,7,1,1,1,0.4,1.0,1.0,0.0,0.0,1,1,0,1,0.0,1.0,1,2,0,4780
2,1,0,1,1,0.6,1.0,1.0,0.5,1.0,2,2,0,2,0.5,1.0,1,2,1,4781
2,6,1,1,1,0.8,1.0,1.0,0.6666666666666666,1.0,3,3,0,3,0.5,1.0,1,2,1,4782
3,7,1,1,1,1.0,1.0,1.0,0.75,1.0,4,4,0,4,0.5,1.0,1,2,1,4783
1,0,0,0,0,0.1429,0.0,0.0,0.0,0.0,0,0,0,0,0.0,0.0,0,3,0,4784
1,1,0,0,0,0.2857,0.0,0.0,0.0,0.0,1,0,0,0,0.0,0.0,0,3,0,4785
1,1,0,1,0,0.4286,0.0,0.0,0.0,0.0,2,0,0,0,0.0,0.0,0,3,0,4786
1,1,0,1,0,0.5714,0.3333333333333333,1.0,0.0,0.0,3,1,0,1,0.0,0.3333333333333333,0,3,0,4787
2,7,1,1,1,0.7143,0.5,1.0,0.0,0.0,4,2,0,2,0.0,0.5,0,3,0,4788
2,7,1,1,1,0.8571,0.6,1.0,0.2,1.0,5,3,0,3,0.5,0.6,0,3,1,4789
3,2,3,1,1,1.0,0.6666666666666666,1.0,0.3333333333333333,1.0,6,4,0,4,0.5,0.6666666666666666,0,3,1,4790
1,2,3,0,0,0.1667,0.0,0.0,0.0,0.0,0,0,0,0,0.0,0.0,2,3,0,4791
1,1,0,1,0,0.3333,0.0,0.0,0.0,0.0,1,0,0,0,0.0,0.0,2,3,0,4792
1,1,0,1,0,0.5,0.5,1.0,0.0,0.0,2,1,0,1,0.0,0.5,2,3,0,4793
2,7,1,1,1,0.6667,0.6666666666666666,1.0,0.0,0.0,3,2,0,2,0.0,0.6666666666666666,2,3,0,4794
2,7,1,1,1,0.8333,0.75,1.0,0.25,1.0,4,3,0,3,0.5,0.75,2,3,1,4795
3,6,1,1,1,1.0,0.8,1.0,0.4,1.0,5,4,0,4,0.5,0.8,2,3,1,4796
1,2,3,0,0,0.1667,0.0,0.0,0.0,0.0,0,0,0,0,0.0,0.0,1,4,0,4797
1,1,0,1,0,0.3333,0.0,0.0,0.0,0.0,1,0,0,0,0.0,0.0,1,4,0,4798
1,1,0,1,0,0.5,0.5,1.0,0.0,0.0,2,1,0,1,0.0,0.5,1,4,0,4799
2,7,1,1,1,0.6667,0.6666666666666666,1.0,0.0,0.0,3,2,0,2,0.0,0.6666666666666666,1,4,0,4800
2,7,1,1,1,0.8333,0.75,1.0,0.25,1.0,4,3,0,3,0.5,0.75,1,4,1,4801
3,6,1,1,1,1.0,0.8,1.0,0.4,1.0,5,4,0,4,0.5,0.8,1,4,1,4802
1,0,0,0,0,0.1429,0.0,0.0,0.0,0.0,0,0,0,0,0.0,0.0,2,4,0,4803
1,1,0,0,0,0.2857,0.0,0.0,0.0,0.0,1,0,0,0,0.0,0.0,2,4,0,4804
1,1,0,1,0,0.4286,0.0,0.0,0.0,0.0,2,0,0,0,0.0,0.0,2,4,0,4805
1,1,0,1,0,0.5714,0.3333333333333333,1.0,0.0,0.0,3,1,0,1,0.0,0.3333333333333333,2,4,0,4806
2,7,1,1,1,0.7143,0.5,1.0,0.0,0.0,4,2,0,2,0.0,0.5,2,4,0,4807
2,7,1,1,1,0.8571,0.6,1.0,0.2,1.0,5,3,0,3,0.5,0.6,2,4,1,4808
3,2,3,1,1,1.0,0.6666666666666666,1.0,0.3333333333333333,1.0,6,4,0,4,0.5,0.6666666666666666,2,4,1,4809
1,2,3,0,0,0.1667,0.0,0.0,0.0,0.0,0,0,0,0,0.0,0.0,1,4,0,4810
1,1,0,1,0,0.3333,0.0,0.0,0.0,0.0,1,0,0,0,0.0,0.0,1,4,0,4811
1,1,0,1,0,0.5,0.5,1.0,0.0,0.0,2,1,0,1,0.0,0.5,1,4,0,4812
2,7,1,1,1,0.6667,0.6666666666666666,1.0,0.0,0.0,3,2,0,2,0.0,0.6666666666666666,1,4,0,4813
2,7,1,1,1,0.8333,0.75,1.0,0.25,1.0,4,3,0,3,0.5,0.75,1,4,1,4814
3,6,1,1,1,1.0,0.8,1.0,0.4,1.0,5,4,0,4,0.5,0.8,1,4,1,4815
1,1,0,1,0,0.2,0.0,0.0,0.0,0.0,0,0,0,0,0.0,0.0,1,4,0,4816
1,7,1,1,1,0.4,1.0,1.0,0.0,0.0,1,1,0,1,0.0,1.0,1,4,0,4817
2,1,0,1,1,0.6,1.0,1.0,0.5,1.0,2,2,0,2,0.5,1.0,1,4,1,4818
2,6,1,1,1,0.8,1.0,1.0,0.6666666666666666,1.0,3,3,0,3,0.5,1.0,1,4,1,4819
3,7,1,1,1,1.0,1.0,1.0,0.75,1.0,4,4,0,4,0.5,1.0,1,4,1,4820
1,0,0,0,0,0.1429,0.0,0.0,0.0,0.0,0,0,0,0,0.0,0.0,2,2,0,4821
1,1,0,0,0,0.2857,0.0,0.0,0.0,0.0,1,0,0,0,0.0,0.0,2,2,0,4822
1,1,0,1,0,0.4286,0.0,0.0,0.0,0.0,2,0,0,0,0.0,0.0,2,2,0,4823
1,1,0,1,0,0.5714,0.3333333333333333,1.0,0.0,0.0,3,1,0,1,0.0,0.3333333333333333,2,2,0,4824
2,7,1,1,1,0.7143,0.5,1.0,0.0,0.0,4,2,0,2,0.0,0.5,2,2,0,4825
2,7,1,1,1,0.8571,0.6,1.0,0.2,1.0,5,3,0,3,0.5,0.6,2,2,1,4826
3,2,3,1,1,1.0,0.6666666666666666,1.0,0.3333333333333333,1.0,6,4,0,4,0.5,0.6666666666666666,2,2,1,4827
1,2,3,0,0,0.1667,0.0,0.0,0.0,0.0,0,0,0,0,0.0,0.0,0,3,0,4828
1,1,0,1,0,0.3333,0.0,0.0,0.0,0.0,1,0,0,0,0.0,0.0,0,3,0,4829
1,1,0,1,0,0.5,0.5,1.0,0.0,0.0,2,1,0,1,0.0,0.5,0,3,0,4830
2,7,1,1,1,0.6667,0.6666666666666666,1.0,0.0,0.0,3,2,0,2,0.0,0.6666666666666666,0,3,0,4831
2,7,1,1,1,0.8333,0.75,1.0,0.25,1.0,4,3,0,3,0.5,0.75,0,3,1,4832
3,6,1,1,1,1.0,0.8,1.0,0.4,1.0,5,4,0,4,0.5,0.8,0,3,1,4833
1,0,0,0,0,0.1429,0.0,0.0,0.0,0.0,0,0,0,0,0.0,0.0,0,3,0,4834
1,1,0,0,0,0.2857,0.0,0.0,0.0,0.0,1,0,0,0,0.0,0.0,0,3,0,4835
1,1,0,1,0,0.4286,0.0,0.0,0.0,0.0,2,0,0,0,0.0,0.0,0,3,0,4836
1,1,0,1,0,0.5714,0.3333333333333333,1.0,0.0,0.0,3,1,0,1,0.0,0.3333333333333333,0,3,0,4837
2,7,1,1,1,0.7143,0.5,1.0,0.0,0.0,4,2,0,2,0.0,0.5,0,3,0,4838
2,7,1,1,1,0.8571,0.6,1.0,0.2,1.0,5,3,0,3,0.5,0.6,0,3,1,4839
3,2,3,1,1,1.0,0.6666666666666666,1.0,0.3333333333333333,1.0,6,4,0,4,0.5,0.6666666666666666,0,3,1,4840
1,1,0,1,0,0.2,0.0,0.0,0.0,0.0,0,0,0,0,0.0,0.0,3,3,0,4841
1,7,1,1,1,0.4,1.0,1.0,0.0,0.0,1,1,0,1,0.0,1.0,3,3,0,4842
2,1,0,1,1,0.6,1.0,1.0,0.5,1.0,2,2,0,2,0.5,1.0,3,3,1,4843
2,6,1,1,1,0.8,1.0,1.0,0.6666666666666666,1.0,3,3,0,3,0.5,1.0,3,3,1,4844
3,7,1,1,1,1.0,1.0,1.0,0.75,1.0,4,4,0,4,0.5,1.0,3,3,1,4845
1,0,0,0,0,0.1429,0.0,0.0,0.0,0.0,0,0,0,0,0.0,0.0,1,3,0,4846
1,1,0,0,0,0.2857,0.0,0.0,0.0,0.0,1,0,0,0,0.0,0.0,1,3,0,4847
1,1,0,1,0,0.4286,0.0,0.0,0.0,0.0,2,0,0,0,0.0,0.0,1,3,0,4848
1,1,0,1,0,0.5714,0.3333333333333333,1.0,0.0,0.0,3,1,0,1,0.0,0.3333333333333333,1,3,0,4849
2,7,1,1,1,0.7143,0.5,1.0,0.0,0.0,4,2,0,2,0.0,0.5,1,3,0,4850
2,7,1,1,1,0.8571,0.6,1.0,0.2,1.0,5,3,0,3,0.5,0.6,1,3,1,4851
3,2,3,1,1,1.0,0.6666666666666666,1.0,0.3333333333333333,1.0,6,4,0,4,0.5,0.6666666666666666,1,3,1,4852
1,2,3,0,0,0.1667,0.0,0.0,0.0,0.0,0,0,0,0,0.0,0.0,0,2,0,4853
1,1,0,1,0,0.3333,0.0,0.0,0.0,0.0,1,0,0,0,0.0,0.0,0,2,0,4854
1,1,0,1,0,0.5,0.5,1.0,0.0,0.0,2,1,0,1,0.0,0.5,0,2,0,4855
2,7,1,1,1,0.6667,0.6666666666666666,1.0,0.0,0.0,3,2,0,2,0.0,0.6666666666666666,0,2,0,4856
2,7,1,1,1,0.8333,0.75,1.0,0.25,1.0,4,3,0,3,0.5,0.75,0,2,1,4857
3,6,1,1,1,1.0,0.8,1.0,0.4,1.0,5,4,0,4,0.5,0.8,0,2,1,4858
1,1,0,1,0,0.2,0.0,0.0,0.0,0.0,0,0,0,0,0.0,0.0,1,2,0,4859
1,7,1,1,1,0.4,1.0,1.0,0.0,0.0,1,1,0,1,0.0,1.0,1,2,0,4860
2,1,0,1,1,0.6,1.0,1.0,0.5,1.0,2,2,0,2,0.5,1.0,1,2,1,4861
2,6,1,1,1,0.8,1.0,1.0,0.6666666666666666,1.0,3,3,0,3,0.5,1.0,1,2,1,4862
3,7,1,1,1,1.0,1.0,1.0,0.75,1.0,4,4,0,4,0.5,1.0,1,2,1,4863
1,2,3,0,0,0.1667,0.0,0.0,0.0,0.0,0,0,0,0,0.0,0.0,3,2,0,4864
1,1,0,1,0,0.3333,0.0,0.0,0.0,0.0,1,0,0,0,0.0,0.0,3,2,0,4865
1,1,0,1,0,0.5,0.5,1.0,0.0,0.0,2,1,0,1,0.0,0.5,3,2,0,4866
2,7,1,1,1,0.6667,0.6666666666666666,1.0,0.0,0.0,3,2,0,2,0.0,0.6666666666666666,3,2,0,4867
2,7,1,1,1,0.8333,0.75,1.0,0.25,1.0,4,3,0,3,0.5,0.75,3,2,1,4868
3,6,1,1,1,1.0,0.8,1.0,0.4,1.0,5,4,0,4,0.5,0.8,3,2,1,4869
1,0,0,0,0,0.1429,0.0,0.0,0.0,0.0,0,0,0,0,0.0,0.0,1,2,0,4870
1,1,0,0,0,0.2857,0.0,0.0,0.0,0.0,1,0,0,0,0.0,0.0,1,2,0,4871
1,1,0,1,0,0.4286,0.0,0.0,0.0,0.0,2,0,0,0,0.0,0.0,1,2,0,4872
1,1,0,1,0,0.5714,0.3333333333333333,1.0,0.0,0.0,3,1,0,1,0.0,0.3333333333333333,1,2,0,4873
2,7,1,1,1,0.7143,0.5,1.0,0.0,0.0,4,2,0,2,0.0,0.5,1,2,0,4874
2,7,1,1,1,0.8571,0.6,1.0,0.2,1.0,5,3,0,3,0.5,0.6,1,2,1,4875
3,2,3,1,1,1.0,0.6666666666666666,1.0,0.3333333333333333,1.0,6,4,0,4,0.5,0.6666666666666666,1,2,1,4876
1,1,0,1,0,0.2,0.0,0.0,0.0,0.0,0,0,0,0,0.0,0.0,1,3,0,4877
1,7,1,1,1,0.4,1.0,1.0,0.0,0.0,1,1,0,1,0.0,1.0,1,3,0,4878
2,1,0,1,1,0.6,1.0,1.0,0.5,1.0,2,2,0,2,0.5,1.0,1,3,1,4879
2,6,1,1,1,0.8,1.0,1.0,0.6666666666666666,1.0,3,3,0,3,0.5,1.0,1,3,1,4880
3,7,1,1,1,1.0,1.0,1.0,0.75,1.0,4,4,0,4,0.5,1.0,1,3,1,4881
1,2,3,0,0,0.1667,0.0,0.0,0.0,0.0,0,0,0,0,0.0,0.0,0,2,0,4882
1,1,0,1,0,0.3333,0.0,0.0,0.0,0.0,1,0,0,0,0.0,0.0,0,2,0,4883
1,1,0,1,0,0.5,0.5,1.0,0.0,0.0,2,1,0,1,0.0,0.5,0,2,0,4884
2,7,1,1,1,0.6667,0.6666666666666666,1.0,0.0,0.0,3,2,0,2,0.0,0.6666666666666666,0,2,0,4885
2,7,1,1,1,0.8333,0.75,1.0,0.25,1.0,4,3,0,3,0.5,0.75,0,2,1,4886
3,6,1,1,1,1.0,0.8,1.0,0.4,1.0,5,4,0,4,0.5,0.8,0,2,1,4887
1,0,0,0,0,0.1429,0.0,0.0,0.0,0.0,0,0,0,0,0.0,0.0,1,4,0,4888
1,1,0,0,0,0.2857,0.0,0.0,0.0,0.0,1,0,0,0,0.0,0.0,1,4,0,4889
1,1,0,1,0,0.4286,0.0,0.0,0.0,0.0,2,0,0,0,0.0,0.0,1,4,0,4890
1,1,0,1,0,0.5714,0.3333333333333333,1.0,0.0,0.0,3,1,0,1,0.0,0.3333333333333333,1,4,0,4891
2,7,1,1,1,0.7143,0.5,1.0,0.0,0.0,4,2,0,2,0.0,0.5,1,4,0,4892
2,7,1,1,1,0.8571,0.6,1.0,0.2,1.0,5,3,0,3,0.5,0.6,1,4,1,4893
3,2,3,1,1,1.0,0.6666666666666666,1.0,0.3333333333333333,1.0,6,4,0,4,0.5,0.6666666666666666,1,4,1,4894
1,2,3,0,0,0.1667,0.0,0.0,0.0,0.0,0,0,0,0,0.0,0.0,0,3,0,4895
1,1,0,1,0,0.3333,0.0,0.0,0.0,0.0,1,0,0,0,0.0,0.0,0,3,0,4896
1,1,0,1,0,0.5,0.5,1.0,0.0,0.0,2,1,0,1,0.0,0.5,0,3,0,4897
2,7,1,1,1,0.6667,0.6666666666666666,1.0,0.0,0.0,3,2,0,2,0.0,0.6666666666666666,0,3,0,4898
2,7,1,1,1,0.8333,0.75,1.0,0.25,1.0,4,3,0,3,0.5,0.75,0,3,1,4899
3,6,1,1,1,1.0,0.8,1.0,0.4,1.0,5,4,0,4,0.5,0.8,0,3,1,4900
1,1,0,1,0,0.2,0.0,0.0,0.0,0.0,0,0,0,0,0.0,0.0,0,3,0,4901
1,7,1,1,1,0.4,1.0,1.0,0.0,0.0,1,1,0,1,0.0,1.0,0,3,0,4902
2,1,0,1,1,0.6,1.0,1.0,0.5,1.0,2,2,0,2,0.5,1.0,0,3,1,4903
2,6,1,1,1,0.8,1.0,1.0,0.6666666666666666,1.0,3,3,0,3,0.5,1.0,0,3,1,4904
3,7,1,1,1,1.0,1.0,1.0,0.75,1.0,4,4,0,4,0.5,1.0,0,3,1,4905
1,2,3,0,0,0.1667,0.0,0.0,0.0,0.0,0,0,0,0,0.0,0.0,1,4,0,4906
1,1,0,1,0,0.3333,0.0,0.0,0.0,0.0,1,0,0,0,0.0,0.0,1,4,0,4907
1,1,0,1,0,0.5,0.5,1.0,0.0,0.0,2,1,0,1,0.0,0.5,1,4,0,4908
2,7,1,1,1,0.6667,0.6666666666666666,1.0,0.0,0.0,3,2,0,2,0.0,0.6666666666666666,1,4,0,4909
2,7,1,1,1,0.8333,0.75,1.0,0.25,1.0,4,3,0,3,0.5,0.75,1,4,1,4910
3,6,1,1,1,1.0,0.8,1.0,0.4,1.0,5,4,0,4,0.5,0.8,1,4,1,4911
1,2,3,0,0,0.1667,0.0,0.0,0.0,0.0,0,0,0,0,0.0,0.0,3,3,0,4912
1,1,0,1,0,0.3333,0.0,0.0,0.0,0.0,1,0,0,0,0.0,0.0,3,3,0,4913
1,1,0,1,0,0.5,0.5,1.0,0.0,0.0,2,1,0,1,0.0,0.5,3,3,0,4914
2,7,1,1,1,0.6667,0.6666666666666666,1.0,0.0,0.0,3,2,0,2,0.0,0.6666666666666666,3,3,0,4915
2,7,1,1,1,0.8333,0.75,1.0,0.25,1.0,4,3,0,3,0.5,0.75,3,3,1,4916
3,6,1,1,1,1.0,0.8,1.0,0.4,1.0,5,4,0,4,0.5,0.8,3,3,1,4917
1,1,0,1,0,0.2,0.0,0.0,0.0,0.0,0,0,0,0,0.0,0.0,0,3,0,4918
1,7,1,1,1,0.4,1.0,1.0,0.0,0.0,1,1,0,1,0.0,1.0,0,3,0,4919
2,1,0,1,1,0.6,1.0,1.0,0.5,1.0,2,2,0,2,0.5,1.0,0,3,1,4920
2,6,1,1,1,0.8,1.0,1.0,0.6666666666666666,1.0,3,3,0,3,0.5,1.0,0,3,1,4921
3,7,1,1,1,1.0,1.0,1.0,0.75,1.0,4,4,0,4,0.5,1.0,0,3,1,4922
1,0,0,0,0,0.1429,0.0,0.0,0.0,0.0,0,0,0,0,0.0,0.0,1,2,0,4923
1,1,0,0,0,0.2857,0.0,0.0,0.0,0.0,1,0,0,0,0.0,0.0,1,2,0,4924
1,1,0,1,0,0.4286,0.0,0.0,0.0,0.0,2,0,0,0,0.0,0.0,1,2,0,4925
1,1,0,1,0,0.5714,0.3333333333333333,1.0,0.0,0.0,3,1,0,1,0.0,0.3333333333333333,1,2,0,4926
2,7,1,1,1,0.7143,0.5,1.0,0.0,0.0,4,2,0,2,0.0,0.5,1,2,0,4927
2,7,1,1,1,0.8571,0.6,1.0,0.2,1.0,5,3,0,3,0.5,0.6,1,2,1,4928
3,2,3,1,1,1.0,0.6666666666666666,1.0,0.3333333333333333,1.0,6,4,0,4,0.5,0.6666666666666666,1,2,1,4929
1,1,0,1,0,0.2,0.0,0.0,0.0,0.0,0,0,0,0,0.0,0.0,0,3,0,4930
1,7,1,1,1,0.4,1.0,1.0,0.0,0.0,1,1,0,1,0.0,1.0,0,3,0,4931
2,1,0,1,1,0.6,1.0,1.0,0.5,1.0,2,2,0,2,0.5,1.0,0,3,1,4932
2,6,1,1,1,0.8,1.0,1.0,0.6666666666666666,1.0,3,3,0,3,0.5,1.0,0,3,1,4933
3,7,1,1,1,1.0,1.0,1.0,0.75,1.0,4,4,0,4,0.5,1.0,0,3,1,4934
1,0,0,0,0,0.1429,0.0,0.0,0.0,0.0,0,0,0,0,0.0,0.0,2,4,0,4935
1,1,0,0,0,0.2857,0.0,0.0,0.0,0.0,1,0,0,0,0.0,0.0,2,4,0,4936
1,1,0,1,0,0.4286,0.0,0.0,0.0,0.0,2,0,0,0,0.0,0.0,2,4,0,4937
1,1,0,1,0,0.5714,0.3333333333333333,1.0,0.0,0.0,3,1,0,1,0.0,0.3333333333333333,2,4,0,4938
2,7,1,1,1,0.7143,0.5,1.0,0.0,0.0,4,2,0,2,0.0,0.5,2,4,0,4939
2,7,1,1,1,0.8571,0.6,1.0,0.2,1.0,5,3,0,3,0.5,0.6,2,4,1,4940
3,2,3,1,1,1.0,0.6666666666666666,1.0,0.3333333333333333,1.0,6,4,0,4,0.5,0.6666666666666666,2,4,1,4941
1,2,3,0,0,0.1667,0.0,0.0,0.0,0.0,0,0,0,0,0.0,0.0,2,3,0,4942
1,1,0,1,0,0.3333,0.0,0.0,0.0,0.0,1,0,0,0,0.0,0.0,2,3,0,4943
1,1,0,1,0,0.5,0.5,1.0,0.0,0.0,2,1,0,1,0.0,0.5,2,3,0,4944
2,7,1,1,1,0.6667,0.6666666666666666,1.0,0.0,0.0,3,2,0,2,0.0,0.6666666666666666,2,3,0,4945
2,7,1,1,1,0.8333,0.75,1.0,0.25,1.0,4,3,0,3,0.5,0.75,2,3,1,4946
3,6,1,1,1,1.0,0.8,1.0,0.4,1.0,5,4,0,4,0.5,0.8,2,3,1,4947
1,0,0,0,0,0.1429,0.0,0.0,0.0,0.0,0,0,0,0,0.0,0.0,2,2,0,4948
1,1,0,0,0,0.2857,0.0,0.0,0.0,0.0,1,0,0,0,0.0,0.0,2,2,0,4949
1,1,0,1,0,0.4286,0.0,0.0,0.0,0.0,2,0,0,0,0.0,0.0,2,2,0,4950
1,1,0,1,0,0.5714,0.3333333333333333,1.0,0.0,0.0,3,1,0,1,0.0,0.3333333333333333,2,2,0,4951
2,7,1,1,1,0.7143,0.5,1.0,0.0,0.0,4,2,0,2,0.0,0.5,2,2,0,4952
2,7,1,1,1,0.8571,0.6,1.0,0.2,1.0,5,3,0,3,0.5,0.6,2,2,1,4953
3,2,3,1,1,1.0,0.6666666666666666,1.0,0.3333333333333333,1.0,6,4,0,4,0.5,0.6666666666666666,2,2,1,4954
1,0,0,0,0,0.1429,0.0,0.0,0.0,0.0,0,0,0,0,0.0,0.0,0,2,0,4955
1,1,0,0,0,0.2857,0.0,0.0,0.0,0.0,1,0,0,0,0.0,0.0,0,2,0,4956
1,1,0,1,0,0.4286,0.0,0.0,0.0,0.0,2,0,0,0,0.0,0.0,0,2,0,4957
1,1,0,1,0,0.5714,0.3333333333333333,1.0,0.0,0.0,3,1,0,1,0.0,0.3333333333333333,0,2,0,4958
2,7,1,1,1,0.7143,0.5,1.0,0.0,0.0,4,2,0,2,0.0,0.5,0,2,0,4959
2,7,1,1,1,0.8571,0.6,1.0,0.2,1.0,5,3,0,3,0.5,0.6,0,2,1,4960
3,2,3,1,1,1.0,0.6666666666666666,1.0,0.3333333333333333,1.0,6,4,0,4,0.5,0.6666666666666666,0,2,1,4961
1,2,3,0,0,0.1667,0.0,0.0,0.0,0.0,0,0,0,0,0.0,0.0,3,4,0,4962
1,1,0,1,0,0.3333,0.0,0.0,0.0,0.0,1,0,0,0,0.0,0.0,3,4,0,4963
1,1,0,1,0,0.5,0.5,1.0,0.0,0.0,2,1,0,1,0.0,0.5,3,4,0,4964
2,7,1,1,1,0.6667,0.6666666666666666,1.0,0.0,0.0,3,2,0,2,0.0,0.6666666666666666,3,4,0,4965
2,7,1,1,1,0.8333,0.75,1.0,0.25,1.0,4,3,0,3,0.5,0.75,3,4,1,4966
3,6,1,1,1,1.0,0.8,1.0,0.4,1.0,5,4,0,4,0.5,0.8,3,4,1,4967
1,0,0,0,0,0.1429,0.0,0.0,0.0,0.0,0,0,0,0,0.0,0.0,0,3,0,4968
1,1,0,0,0,0.2857,0.0,0.0,0.0,0.0,1,0,0,0,0.0,0.0,0,3,0,4969
1,1,0,1,0,0.4286,0.0,0.0,0.0,0.0,2,0,0,0,0.0,0.0,0,3,0,4970
1,1,0,1,0,0.5714,0.3333333333333333,1.0,0.0,0.0,3,1,0,1,0.0,0.3333333333333333,0,3,0,4971
2,7,1,1,1,0.7143,0.5,1.0,0.0,0.0,4,2,0,2,0.0,0.5,0,3,0,4972
2,7,1,1,1,0.8571,0.6,1.0,0.2,1.0,5,3,0,3,0.5,0.6,0,3,1,4973
3,2,3,1,1,1.0,0.6666666666666666,1.0,0.3333333333333333,1.0,6,4,0,4,0.5,0.6666666666666666,0,3,1,4974
1,2,3,0,0,0.1667,0.0,0.0,0.0,0.0,0,0,0,0,0.0,0.0,3,2,0,4975
1,1,0,1,0,0.3333,0.0,0.0,0.0,0.0,1,0,0,0,0.0,0.0,3,2,0,4976
1,1,0,1,0,0.5,0.5,1.0,0.0,0.0,2,1,0,1,0.0,0.5,3,2,0,4977
2,7,1,1,1,0.6667,0.6666666666666666,1.0,0.0,0.0,3,2,0,2,0.0,0.6666666666666666,3,2,0,4978
2,7,1,1,1,0.8333,0.75,1.0,0.25,1.0,4,3,0,3,0.5,0.75,3,2,1,4979
3,6,1,1,1,1.0,0.8,1.0,0.4,1.0,5,4,0,4,0.5,0.8,3,2,1,4980
1,0,0,0,0,0.1429,0.0,0.0,0.0,0.0,0,0,0,0,0.0,0.0,3,3,0,4981
1,1,0,0,0,0.2857,0.0,0.0,0.0,0.0,1,0,0,0,0.0,0.0,3,3,0,4982
1,1,0,1,0,0.4286,0.0,0.0,0.0,0.0,2,0,0,0,0.0,0.0,3,3,0,4983
1,1,0,1,0,0.5714,0.3333333333333333,1.0,0.0,0.0,3,1,0,1,0.0,0.3333333333333333,3,3,0,4984
2,7,1,1,1,0.7143,0.5,1.0,0.0,0.0,4,2,0,2,0.0,0.5,3,3,0,4985
2,7,1,1,1,0.8571,0.6,1.0,0.2,1.0,5,3,0,3,0.5,0.6,3,3,1,4986
3,2,3,1,1,1.0,0.6666666666666666,1.0,0.3333333333333333,1.0,6,4,0,4,0.5,0.6666666666666666,3,3,1,4987
1,2,3,0,0,0.1667,0.0,0.0,0.0,0.0,0,0,0,0,0.0,0.0,2,3,0,4988
1,1,0,1,0,0.3333,0.0,0.0,0.0,0.0,1,0,0,0,0.0,0.0,2,3,0,4989
1,1,0,1,0,0.5,0.5,1.0,0.0,0.0,2,1,0,1,0.0,0.5,2,3,0,4990
2,7,1,1,1,0.6667,0.6666666666666666,1.0,0.0,0.0,3,2,0,2,0.0,0.6666666666666666,2,3,0,4991
2,7,1,1,1,0.8333,0.75,1.0,0.25,1.0,4,3,0,3,0.5,0.75,2,3,1,4992
3,6,1,1,1,1.0,0.8,1.0,0.4,1.0,5,4,0,4,0.5,0.8,2,3,1,4993
1,2,3,0,0,0.1667,0.0,0.0,0.0,0.0,0,0,0,0,0.0,0.0,0,4,0,4994
1,1,0,1,0,0.3333,0.0,0.0,0.0,0.0,1,0,0,0,0.0,0.0,0,4,0,4995
1,1,0,1,0,0.5,0.5,1.0,0.0,0.0,2,1,0,1,0.0,0.5,0,4,0,4996
2,7,1,1,1,0.6667,0.6666666666666666,1.0,0.0,0.0,3,2,0,2,0.0,0.6666666666666666,0,4,0,4997
2,7,1,1,1,0.8333,0.75,1.0,0.25,1.0,4,3,0,3,0.5,0.75,0,4,1,4998
3,6,1,1,1,1.0,0.8,1.0,0.4,1.0,5,4,0,4,0.5,0.8,0,4,1,4999
1,1,0,1,0,0.2,0.0,0.0,0.0,0.0,0,0,0,0,0.0,0.0,3,2,0,5000
1,7,1,1,1,0.4,1.0,1.0,0.0,0.0,1,1,0,1,0.0,1.0,3,2,0,5001
2,1,0,1,1,0.6,1.0,1.0,0.5,1.0,2,2,0,2,0.5,1.0,3,2,1,5002
2,6,1,1,1,0.8,1.0,1.0,0.6666666666666666,1.0,3,3,0,3,0.5,1.0,3,2,1,5003
3,7,1,1,1,1.0,1.0,1.0,0.75,1.0,4,4,0,4,0.5,1.0,3,2,1,5004
1,2,3,0,0,0.1667,0.0,0.0,0.0,0.0,0,0,0,0,0.0,0.0,3,4,0,5005
1,1,0,1,0,0.3333,0.0,0.0,0.0,0.0,1,0,0,0,0.0,0.0,3,4,0,5006
1,1,0,1,0,0.5,0.5,1.0,0.0,0.0,2,1,0,1,0.0,0.5,3,4,0,5007
2,7,1,1,1,0.6667,0.6666666666666666,1.0,0.0,0.0,3,2,0,2,0.0,0.6666666666666666,3,4,0,5008
2,7,1,1,1,0.8333,0.75,1.0,0.25,1.0,4,3,0,3,0.5,0.75,3,4,1,5009
3,6,1,1,1,1.0,0.8,1.0,0.4,1.0,5,4,0,4,0.5,0.8,3,4,1,5010
1,1,0,1,0,0.2,0.0,0.0,0.0,0.0,0,0,0,0,0.0,0.0,0,3,0,5011
1,7,1,1,1,0.4,1.0,1.0,0.0,0.0,1,1,0,1,0.0,1.0,0,3,0,5012
2,1,0,1,1,0.6,1.0,1.0,0.5,1.0,2,2,0,2,0.5,1.0,0,3,1,5013
2,6,1,1,1,0.8,1.0,1.0,0.6666666666666666,1.0,3,3,0,3,0.5,1.0,0,3,1,5014
3,7,1,1,1,1.0,1.0,1.0,0.75,1.0,4,4,0,4,0.5,1.0,0,3,1,5015
1,1,0,1,0,0.2,0.0,0.0,0.0,0.0,0,0,0,0,0.0,0.0,1,4,0,5016
1,7,1,1,1,0.4,1.0,1.0,0.0,0.0,1,1,0,1,0.0,1.0,1,4,0,5017
2,1,0,1,1,0.6,1.0,1.0,0.5,1.0,2,2,0,2,0.5,1.0,1,4,1,5018
2,6,1,1,1,0.8,1.0,1.0,0.6666666666666666,1.0,3,3,0,3,0.5,1.0,1,4,1,5019
3,7,1,1,1,1.0,1.0,1.0,0.75,1.0,4,4,0,4,0.5,1.0,1,4,1,5020
1,2,3,0,0,0.1667,0.0,0.0,0.0,0.0,0,0,0,0,0.0,0.0,2,4,0,5021
1,1,0,1,0,0.3333,0.0,0.0,0.0,0.0,1,0,0,0,0.0,0.0,2,4,0,5022
1,1,0,1,0,0.5,0.5,1.0,0.0,0.0,2,1,0,1,0.0,0.5,2,4,0,5023
2,7,1,1,1,0.6667,0.6666666666666666,1.0,0.0,0.0,3,2,0,2,0.0,0.6666666666666666,2,4,0,5024
2,7,1,1,1,0.8333,0.75,1.0,0.25,1.0,4,3,0,3,0.5,0.75,2,4,1,5025
3,6,1,1,1,1.0,0.8,1.0,0.4,1.0,5,4,0,4,0.5,0.8,2,4,1,5026
1,2,3,0,0,0.1667,0.0,0.0,0.0,0.0,0,0,0,0,0.0,0.0,1,2,0,5027
1,1,0,1,0,0.3333,0.0,0.0,0.0,0.0,1,0,0,0,0.0,0.0,1,2,0,5028
1,1,0,1,0,0.5,0.5,1.0,0.0,0.0,2,1,0,1,0.0,0.5,1,2,0,5029
2,7,1,1,1,0.6667,0.6666666666666666,1.0,0.0,0.0,3,2,0,2,0.0,0.6666666666666666,1,2,0,5030
2,7,1,1,1,0.8333,0.75,1.0,0.25,1.0,4,3,0,3,0.5,0.75,1,2,1,5031
3,6,1,1,1,1.0,0.8,1.0,0.4,1.0,5,4,0,4,0.5,0.8,1,2,1,5032
1,2,3,0,0,0.1667,0.0,0.0,0.0,0.0,0,0,0,0,0.0,0.0,2,4,0,5033
1,1,0,1,0,0.3333,0.0,0.0,0.0,0.0,1,0,0,0,0.0,0.0,2,4,0,5034
1,1,0,1,0,0.5,0.5,1.0,0.0,0.0,2,1,0,1,0.0,0.5,2,4,0,5035
2,7,1,1,1,0.6667,0.6666666666666666,1.0,0.0,0.0,3,2,0,2,0.0,0.6666666666666666,2,4,0,5036
2,7,1,1,1,0.8333,0.75,1.0,0.25,1.0,4,3,0,3,0.5,0.75,2,4,1,5037
3,6,1,1,1,1.0,0.8,1.0,0.4,1.0,5,4,0,4,0.5,0.8,2,4,1,5038
1,0,0,0,0,0.1429,0.0,0.0,0.0,0.0,0,0,0,0,0.0,0.0,1,2,0,5039
1,1,0,0,0,0.2857,0.0,0.0,0.0,0.0,1,0,0,0,0.0,0.0,1,2,0,5040
1,1,0,1,0,0.4286,0.0,0.0,0.0,0.0,2,0,0,0,0.0,0.0,1,2,0,5041
1,1,0,1,0,0.5714,0.3333333333333333,1.0,0.0,0.0,3,1,0,1,0.0,0.3333333333333333,1,2,0,5042
2,7,1,1,1,0.7143,0.5,1.0,0.0,0.0,4,2,0,2,0.0,0.5,1,2,0,5043
2,7,1,1,1,0.8571,0.6,1.0,0.2,1.0,5,3,0,3,0.5,0.6,1,2,1,5044
3,2,3,1,1,1.0,0.6666666666666666,1.0,0.3333333333333333,1.0,6,4,0,4,0.5,0.6666666666666666,1,2,1,5045
1,1,0,1,0,0.2,0.0,0.0,0.0,0.0,0,0,0,0,0.0,0.0,2,3,0,5046
1,7,1,1,1,0.4,1.0,1.0,0.0,0.0,1,1,0,1,0.0,1.0,2,3,0,5047
2,1,0,1,1,0.6,1.0,1.0,0.5,1.0,2,2,0,2,0.5,1.0,2,3,1,5048
2,6,1,1,1,0.8,1.0,1.0,0.6666666666666666,1.0,3,3,0,3,0.5,1.0,2,3,1,5049
3,7,1,1,1,1.0,1.0,1.0,0.75,1.0,4,4,0,4,0.5,1.0,2,3,1,5050
1,1,0,1,0,0.2,0.0,0.0,0.0,0.0,0,0,0,0,0.0,0.0,3,3,0,5051
1,7,1,1,1,0.4,1.0,1.0,0.0,0.0,1,1,0,1,0.0,1.0,3,3,0,5052
2,1,0,1,1,0.6,1.0,1.0,0.5,1.0,2,2,0,2,0.5,1.0,3,3,1,5053
2,6,1,1,1,0.8,1.0,1.0,0.6666666666666666,1.0,3,3,0,3,0.5,1.0,3,3,1,5054
3,7,1,1,1,1.0,1.0,1.0,0.75,1.0,4,4,0,4,0.5,1.0,3,3,1,5055
1,1,0,1,0,0.2,0.0,0.0,0.0,0.0,0,0,0,0,0.0,0.0,0,3,0,5056
1,7,1,1,1,0.4,1.0,1.0,0.0,0.0,1,1,0,1,0.0,1.0,0,3,0,5057
2,1,0,1,1,0.6,1.0,1.0,0.5,1.0,2,2,0,2,0.5,1.0,0,3,1,5058
2,6,1,1,1,0.8,1.0,1.0,0.6666666666666666,1.0,3,3,0,3,0.5,1.0,0,3,1,5059
3,7,1,1,1,1.0,1.0,1.0,0.75,1.0,4,4,0,4,0.5,1.0,0,3,1,5060
1,0,0,0,0,0.1429,0.0,0.0,0.0,0.0,0,0,0,0,0.0,0.0,0,2,0,5061
1,1,0,0,0,0.2857,0.0,0.0,0.0,0.0,1,0,0,0,0.0,0.0,0,2,0,5062
1,1,0,1,0,0.4286,0.0,0.0,0.0,0.0,2,0,0,0,0.0,0.0,0,2,0,5063
1,1,0,1,0,0.5714,0.3333333333333333,1.0,0.0,0.0,3,1,0,1,0.0,0.3333333333333333,0,2,0,5064
2,7,1,1,1,0.7143,0.5,1.0,0.0,0.0,4,2,0,2,0.0,0.5,0,2,0,5065
2,7,1,1,1,0.8571,0.6,1.0,0.2,1.0,5,3,0,3,0.5,0.6,0,2,1,5066
3,2,3,1,1,1.0,0.6666666666666666,1.0,0.3333333333333333,1.0,6,4,0,4,0.5,0.6666666666666666,0,2,1,5067
1,1,0,1,0,0.2,0.0,0.0,0.0,0.0,0,0,0,0,0.0,0.0,2,3,0,5068
1,7,1,1,1,0.4,1.0,1.0,0.0,0.0,1,1,0,1,0.0,1.0,2,3,0,5069
2,1,0,1,1,0.6,1.0,1.0,0.5,1.0,2,2,0,2,0.5,1.0,2,3,1,5070
2,6,1,1,1,0.8,1.0,1.0,0.6666666666666666,1.0,3,3,0,3,0.5,1.0,2,3,1,5071
3,7,1,1,1,1.0,1.0,1.0,0.75,1.0,4,4,0,4,0.5,1.0,2,3,1,5072
1,2,3,0,0,0.1667,0.0,0.0,0.0,0.0,0,0,0,0,0.0,0.0,0,2,0,5073
1,1,0,1,0,0.3333,0.0,0.0,0.0,0.0,1,0,0,0,0.0,0.0,0,2,0,5074
1,1,0,1,0,0.5,0.5,1.0,0.0,0.0,2,1,0,1,0.0,0.5,0,2,0,5075
2,7,1,1,1,0.6667,0.6666666666666666,1.0,0.0,0.0,3,2,0,2,0.0,0.6666666666666666,0,2,0,5076
2,7,1,1,1,0.8333,0.75,1.0,0.25,1.0,4,3,0,3,0.5,0.75,0,2,1,5077
3,6,1,1,1,1.0,0.8,1.0,0.4,1.0,5,4,0,4,0.5,0.8,0,2,1,5078
1,2,3,0,0,0.1667,0.0,0.0,0.0,0.0,0,0,0,0,0.0,0.0,1,2,0,5079
1,1,0,1,0,0.3333,0.0,0.0,0.0,0.0,1,0,0,0,0.0,0.0,1,2,0,5080
1,1,0,1,0,0.5,0.5,1.0,0.0,0.0,2,1,0,1,0.0,0.5,1,2,0,5081
2,7,1,1,1,0.6667,0.6666666666666666,1.0,0.0,0.0,3,2,0,2,0.0,0.6666666666666666,1,2,0,5082
2,7,1,1,1,0.8333,0.75,1.0,0.25,1.0,4,3,0,3,0.5,0.75,1,2,1,5083
3,6,1,1,1,1.0,0.8,1.0,0.4,1.0,5,4,0,4,0.5,0.8,1,2,1,5084
1,0,0,0,0,0.1429,0.0,0.0,0.0,0.0,0,0,0,0,0.0,0.0,1,3,0,5085
1,1,0,0,0,0.2857,0.0,0.0,0.0,0.0,1,0,0,0,0.0,0.0,1,3,0,5086
1,1,0,1,0,0.4286,0.0,0.0,0.0,0.0,2,0,0,0,0.0,0.0,1,3,0,5087
1,1,0,1,0,0.5714,0.3333333333333333,1.0,0.0,0.0,3,1,0,1,0.0,0.3333333333333333,1,3,0,5088
2,7,1,1,1,0.7143,0.5,1.0,0.0,0.0,4,2,0,2,0.0,0.5,1,3,0,5089
2,7,1,1,1,0.8571,0.6,1.0,0.2,1.0,5,3,0,3,0.5,0.6,1,3,1,5090
3,2,3,1,1,1.0,0.6666666666666666,1.0,0.3333333333333333,1.0,6,4,0,4,0.5,0.6666666666666666,1,3,1,5091
1,1,0,1,0,0.2,0.0,0.0,0.0,0.0,0,0,0,0,0.0,0.0,3,3,0,5092
1,7,1,1,1,0.4,1.0,1.0,0.0,0.0,1,1,0,1,0.0,1.0,3,3,0,5093
2,1,0,1,1,0.6,1.0,1.0,0.5,1.0,2,2,0,2,0.5,1.0,3,3,1,5094
2,6,1,1,1,0.8,1.0,1.0,0.6666666666666666,1.0,3,3,0,3,0.5,1.0,3,3,1,5095
3,7,1,1,1,1.0,1.0,1.0,0.75,1.0,4,4,0,4,0.5,1.0,3,3,1,5096
1,0,0,0,0,0.1429,0.0,0.0,0.0,0.0,0,0,0,0,0.0,0.0,2,4,0,5097
1,1,0,0,0,0.2857,0.0,0.0,0.0,0.0,1,0,0,0,0.0,0.0,2,4,0,5098
1,1,0,1,0,0.4286,0.0,0.0,0.0,0.0,2,0,0,0,0.0,0.0,2,4,0,5099
1,1,0,1,0,0.5714,0.3333333333333333,1.0,0.0,0.0,3,1,0,1,0.0,0.3333333333333333,2,4,0,5100
2,7,1,1,1,0.7143,0.5,1.0,0.0,0.0,4,2,0,2,0.0,0.5,2,4,0,5101
2,7,1,1,1,0.8571,0.6,1.0,0.2,1.0,5,3,0,3,0.5,0.6,2,4,1,5102
3,2,3,1,1,1.0,0.6666666666666666,1.0,0.3333333333333333,1.0,6,4,0,4,0.5,0.6666666666666666,2,4,1,5103
1,0,0,0,0,0.1429,0.0,0.0,0.0,0.0,0,0,0,0,0.0,0.0,0,4,0,5104
1,1,0,0,0,0.2857,0.0,0.0,0.0,0.0,1,0,0,0,0.0,0.0,0,4,0,5105
1,1,0,1,0,0.4286,0.0,0.0,0.0,0.0,2,0,0,0,0.0,0.0,0,4,0,5106
1,1,0,1,0,0.5714,0.3333333333333333,1.0,0.0,0.0,3,1,0,1,0.0,0.3333333333333333,0,4,0,5107
2,7,1,1,1,0.7143,0.5,1.0,0.0,0.0,4,2,0,2,0.0,0.5,0,4,0,5108
2,7,1,1,1,0.8571,0.6,1.0,0.2,1.0,5,3,0,3,0.5,0.6,0,4,1,5109
3,2,3,1,1,1.0,0.6666666666666666,1.0,0.3333333333333333,1.0,6,4,0,4,0.5,0.6666666666666666,0,4,1,5110
1,0,0,0,0,0.1429,0.0,0.0,0.0,0.0,0,0,0,0,0.0,0.0,2,3,0,5111
1,1,0,0,0,0.2857,0.0,0.0,0.0,0.0,1,0,0,0,0.0,0.0,2,3,0,5112
1,1,0,1,0,0.4286,0.0,0.0,0.0,0.0,2,0,0,0,0.0,0.0,2,3,0,5113
1,1,0,1,0,0.5714,0.3333333333333333,1.0,0.0,0.0,3,1,0,1,0.0,0.3333333333333333,2,3,0,5114
2,7,1,1,1,0.7143,0.5,1.0,0.0,0.0,4,2,0,2,0.0,0.5,2,3,0,5115
2,7,1,1,1,0.8571,0.6,1.0,0.2,1.0,5,3,0,3,0.5,0.6,2,3,1,5116
3,2,3,1,1,1.0,0.6666666666666666,1.0,0.3333333333333333,1.0,6,4,0,4,0.5,0.6666666666666666,2,3,1,5117
1,2,3,0,0,0.1667,0.0,0.0,0.0,0.0,0,0,0,0,0.0,0.0,0,2,0,5118
1,1,0,1,0,0.3333,0.0,0.0,0.0,0.0,1,0,0,0,0.0,0.0,0,2,0,5119
1,1,0,1,0,0.5,0.5,1.0,0.0,0.0,2,1,0,1,0.0,0.5,0,2,0,5120
2,7,1,1,1,0.6667,0.6666666666666666,1.0,0.0,0.0,3,2,0,2,0.0,0.6666666666666666,0,2,0,5121
2,7,1,1,1,0.8333,0.75,1.0,0.25,1.0,4,3,0,3,0.5,0.75,0,2,1,5122
3,6,1,1,1,1.0,0.8,1.0,0.4,1.0,5,4,0,4,0.5,0.8,0,2,1,5123
1,0,0,0,0,0.1429,0.0,0.0,0.0,0.0,0,0,0,0,0.0,0.0,0,4,0,5124
1,1,0,0,0,0.2857,0.0,0.0,0.0,0.0,1,0,0,0,0.0,0.0,0,4,0,5125
1,1,0,1,0,0.4286,0.0,0.0,0.0,0.0,2,0,0,0,0.0,0.0,0,4,0,5126
1,1,0,1,0,0.5714,0.3333333333333333,1.0,0.0,0.0,3,1,0,1,0.0,0.3333333333333333,0,4,0,5127
2,7,1,1,1,0.7143,0.5,1.0,0.0,0.0,4,2,0,2,0.0,0.5,0,4,0,5128
2,7,1,1,1,0.8571,0.6,1.0,0.2,1.0,5,3,0,3,0.5,0.6,0,4,1,5129
3,2,3,1,1,1.0,0.6666666666666666,1.0,0.3333333333333333,1.0,6,4,0,4,0.5,0.6666666666666666,0,4,1,5130
1,2,3,0,0,0.1667,0.0,0.0,0.0,0.0,0,0,0,0,0.0,0.0,3,3,0,5131
1,1,0,1,0,0.3333,0.0,0.0,0.0,0.0,1,0,0,0,0.0,0.0,3,3,0,5132
1,1,0,1,0,0.5,0.5,1.0,0.0,0.0,2,1,0,1,0.0,0.5,3,3,0,5133
2,7,1,1,1,0.6667,0.6666666666666666,1.0,0.0,0.0,3,2,0,2,0.0,0.6666666666666666,3,3,0,5134
2,7,1,1,1,0.8333,0.75,1.0,0.25,1.0,4,3,0,3,0.5,0.75,3,3,1,5135
3,6,1,1,1,1.0,0.8,1.0,0.4,1.0,5,4,0,4,0.5,0.8,3,3,1,5136
1,2,3,0,0,0.1667,0.0,0.0,0.0,0.0,0,0,0,0,0.0,0.0,3,3,0,5137
1,1,0,1,0,0.3333,0.0,0.0,0.0,0.0,1,0,0,0,0.0,0.0,3,3,0,5138
1,1,0,1,0,0.5,0.5,1.0,0.0,0.0,2,1,0,1,0.0,0.5,3,3,0,5139
2,7,1,1,1,0.6667,0.6666666666666666,1.0,0.0,0.0,3,2,0,2,0.0,0.6666666666666666,3,3,0,5140
2,7,1,1,1,0.8333,0.75,1.0,0.25,1.0,4,3,0,3,0.5,0.75,3,3,1,5141
3,6,1,1,1,1.0,0.8,1.0,0.4,1.0,5,4,0,4,0.5,0.8,3,3,1,5142
1,0,0,0,0,0.1429,0.0,0.0,0.0,0.0,0,0,0,0,0.0,0.0,1,4,0,5143
1,1,0,0,0,0.2857,0.0,0.0,0.0,0.0,1,0,0,0,0.0,0.0,1,4,0,5144
1,1,0,1,0,0.4286,0.0,0.0,0.0,0.0,2,0,0,0,0.0,0.0,1,4,0,5145
1,1,0,1,0,0.5714,0.3333333333333333,1.0,0.0,0.0,3,1,0,1,0.0,0.3333333333333333,1,4,0,5146
2,7,1,1,1,0.7143,0.5,1.0,0.0,0.0,4,2,0,2,0.0,0.5,1,4,0,5147
2,7,1,1,1,0.8571,0.6,1.0,0.2,1.0,5,3,0,3,0.5,0.6,1,4,1,5148
3,2,3,1,1,1.0,0.6666666666666666,1.0,0.3333333333333333,1.0,6,4,0,4,0.5,0.6666666666666666,1,4,1,5149
1,0,0,0,0,0.1429,0.0,0.0,0.0,0.0,0,0,0,0,0.0,0.0,1,3,0,5150
1,1,0,0,0,0.2857,0.0,0.0,0.0,0.0,1,0,0,0,0.0,0.0,1,3,0,5151
1,1,0,1,0,0.4286,0.0,0.0,0.0,0.0,2,0,0,0,0.0,0.0,1,3,0,5152
1,1,0,1,0,0.5714,0.3333333333333333,1.0,0.0,0.0,3,1,0,1,0.0,0.3333333333333333,1,3,0,5153
2,7,1,1,1,0.7143,0.5,1.0,0.0,0.0,4,2,0,2,0.0,0.5,1,3,0,5154
2,7,1,1,1,0.8571,0.6,1.0,0.2,1.0,5,3,0,3,0.5,0.6,1,3,1,5155
3,2,3,1,1,1.0,0.6666666666666666,1.0,0.3333333333333333,1.0,6,4,0,4,0.5,0.6666666666666666,1,3,1,5156
1,2,3,0,0,0.1667,0.0,0.0,0.0,0.0,0,0,0,0,0.0,0.0,2,4,0,5157
1,1,0,1,0,0.3333,0.0,0.0,0.0,0.0,1,0,0,0,0.0,0.0,2,4,0,5158
1,1,0,1,0,0.5,0.5,1.0,0.0,0.0,2,1,0,1,0.0,0.5,2,4,0,5159
2,7,1,1,1,0.6667,0.6666666666666666,1.0,0.0,0.0,3,2,0,2,0.0,0.6666666666666666,2,4,0,5160
2,7,1,1,1,0.8333,0.75,1.0,0.25,1.0,4,3,0,3,0.5,0.75,2,4,1,5161
3,6,1,1,1,1.0,0.8,1.0,0.4,1.0,5,4,0,4,0.5,0.8,2,4,1,5162
1,1,0,1,0,0.2,0.0,0.0,0.0,0.0,0,0,0,0,0.0,0.0,0,3,0,5163
1,7,1,1,1,0.4,1.0,1.0,0.0,0.0,1,1,0,1,0.0,1.0,0,3,0,5164
2,1,0,1,1,0.6,1.0,1.0,0.5,1.0,2,2,0,2,0.5,1.0,0,3,1,5165
2,6,1,1,1,0.8,1.0,1.0,0.6666666666666666,1.0,3,3,0,3,0.5,1.0,0,3,1,5166
3,7,1,1,1,1.0,1.0,1.0,0.75,1.0,4,4,0,4,0.5,1.0,0,3,1,5167
