agent_role,tool_name,action_type,data_sensitivity,destination_category,timestamp_norm,mean_sensitivity,max_sensitivity,mean_destination,max_destination,prev_tool_count,prev_sensitive_reads,prev_external_transmits,prev_risky_actions,max_prev_risk,cumulative_risk,task_type,agent_count,label,trajectory_id
2,2,0,0,1,0.1667,0.0,0.0,0.0,0.0,0,0,0,0,0.0,0.0,0,2,0,0
2,2,0,0,0,0.3333,0.0,0.0,1.0,1.0,1,0,0,0,0.5,0.0,0,2,0,1
3,2,0,0,0,0.5,0.0,0.0,0.5,1.0,2,0,0,0,0.5,0.0,0,2,0,2
3,6,1,0,1,0.6667,0.0,0.0,0.3333333333333333,1.0,3,0,0,0,0.5,0.0,0,2,0,3
3,1,0,0,0,0.8333,0.0,0.0,0.5,1.0,4,0,0,0,0.5,0.0,0,2,0,4
1,0,0,0,0,1.0,0.0,0.0,0.4,1.0,5,0,0,0,0.5,0.0,0,2,0,5
2,7,1,0,0,0.125,0.0,0.0,0.0,0.0,0,0,0,0,0.0,0.0,1,3,0,6
1,6,1,0,1,0.25,0.0,0.0,0.0,0.0,1,0,0,0,0.0,0.0,1,3,0,7
2,0,0,0,1,0.375,0.0,0.0,0.5,1.0,2,0,0,0,0.5,0.0,1,3,0,8
1,7,1,0,0,0.5,0.0,0.0,0.6666666666666666,1.0,3,0,0,0,0.5,0.0,1,3,0,9
2,6,1,1,0,0.625,0.0,0.0,0.5,1.0,4,0,0,0,0.5,0.0,1,3,0,10
1,2,0,0,0,0.75,0.2,1.0,0.4,1.0,5,1,0,1,0.5,0.2,1,3,0,11
2,7,1,1,0,0.875,0.16666666666666666,1.0,0.3333333333333333,1.0,6,1,0,1,0.5,0.16666666666666666,1,3,0,12
3,1,0,0,1,1.0,0.2857142857142857,1.0,0.2857142857142857,1.0,7,2,0,2,0.5,0.2857142857142857,1,3,0,13
1,7,1,1,0,0.25,0.0,0.0,0.0,0.0,0,0,0,0,0.0,0.0,2,2,0,14
2,2,0,0,0,0.5,1.0,1.0,0.0,0.0,1,1,0,1,0.0,1.0,2,2,0,15
1,0,0,0,1,0.75,0.5,1.0,0.0,0.0,2,1,0,1,0.0,0.5,2,2,0,16
3,1,0,0,1,1.0,0.3333333333333333,1.0,0.3333333333333333,1.0,3,1,0,1,0.5,0.3333333333333333,2,2,0,17
3,7,1,1,0,0.1,0.0,0.0,0.0,0.0,0,0,0,0,0.0,0.0,2,4,0,18
2,2,0,0,0,0.2,1.0,1.0,0.0,0.0,1,1,0,1,0.0,1.0,2,4,0,19
1,1,0,0,0,0.3,0.5,1.0,0.0,0.0,2,1,0,1,0.0,0.5,2,4,0,20
1,2,0,0,0,0.4,0.3333333333333333,1.0,0.0,0.0,3,1,0,1,0.0,0.3333333333333333,2,4,0,21
2,2,0,0,1,0.5,0.25,1.0,0.0,0.0,4,1,0,1,0.0,0.25,2,4,0,22
2,0,0,0,1,0.6,0.2,1.0,0.2,1.0,5,1,0,1,0.5,0.2,2,4,0,23
2,2,0,0,0,0.7,0.16666666666666666,1.0,0.3333333333333333,1.0,6,1,0,1,0.5,0.16666666666666666,2,4,0,24
1,6,1,0,1,0.8,0.14285714285714285,1.0,0.2857142857142857,1.0,7,1,0,1,0.5,0.14285714285714285,2,4,0,25
1,2,0,0,0,0.9,0.125,1.0,0.375,1.0,8,1,0,1,0.5,0.125,2,4,0,26
1,2,0,0,0,1.0,0.1111111111111111,1.0,0.3333333333333333,1.0,9,1,0,1,0.5,0.1111111111111111,2,4,0,27
1,0,0,0,0,0.1,0.0,0.0,0.0,0.0,0,0,0,0,0.0,0.0,1,3,0,28
2,2,0,1,0,0.2,0.0,0.0,0.0,0.0,1,0,0,0,0.0,0.0,1,3,0,29
3,2,0,0,1,0.3,0.5,1.0,0.0,0.0,2,1,0,1,0.0,0.5,1,3,0,30
1,2,0,0,0,0.4,0.3333333333333333,1.0,0.3333333333333333,1.0,3,1,0,1,0.5,0.3333333333333333,1,3,0,31
1,2,0,0,0,0.5,0.25,1.0,0.25,1.0,4,1,0,1,0.5,0.25,1,3,0,32
1,1,0,1,1,0.6,0.2,1.0,0.2,1.0,5,1,0,1,0.5,0.2,1,3,0,33
2,0,0,0,1,0.7,0.3333333333333333,1.0,0.3333333333333333,1.0,6,2,0,2,0.5,0.3333333333333333,1,3,0,34
2,0,0,0,0,0.8,0.2857142857142857,1.0,0.42857142857142855,1.0,7,2,0,2,0.5,0.2857142857142857,1,3,0,35
3,6,1,1,0,0.9,0.25,1.0,0.375,1.0,8,2,0,2,0.5,0.25,1,3,0,36
2,1,0,0,1,1.0,0.3333333333333333,1.0,0.3333333333333333,1.0,9,3,0,3,0.5,0.3333333333333333,1,3,0,37
2,7,1,0,1,0.1,0.0,0.0,0.0,0.0,0,0,0,0,0.0,0.0,1,3,0,38
1,7,1,0,1,0.2,0.0,0.0,1.0,1.0,1,0,0,0,0.5,0.0,1,3,0,39
2,1,0,0,1,0.3,0.0,0.0,1.0,1.0,2,0,0,0,0.5,0.0,1,3,0,40
1,7,1,0,0,0.4,0.0,0.0,1.0,1.0,3,0,0,0,0.5,0.0,1,3,0,41
3,2,0,1,0,0.5,0.0,0.0,0.75,1.0,4,0,0,0,0.5,0.0,1,3,0,42
1,2,0,0,1,0.6,0.2,1.0,0.6,1.0,5,1,0,1,0.5,0.2,1,3,0,43
2,2,0,0,1,0.7,0.16666666666666666,1.0,0.6666666666666666,1.0,6,1,0,1,0.5,0.16666666666666666,1,3,0,44
1,7,1,0,0,0.8,0.14285714285714285,1.0,0.7142857142857143,1.0,7,1,0,1,0.5,0.14285714285714285,1,3,0,45
2,0,0,0,0,0.9,0.125,1.0,0.625,1.0,8,1,0,1,0.5,0.125,1,3,0,46
3,1,0,0,0,1.0,0.1111111111111111,1.0,0.5555555555555556,1.0,9,1,0,1,0.5,0.1111111111111111,1,3,0,47
1,2,0,0,0,0.125,0.0,0.0,0.0,0.0,0,0,0,0,0.0,0.0,1,2,0,48
3,6,1,0,0,0.25,0.0,0.0,0.0,0.0,1,0,0,0,0.0,0.0,1,2,0,49
1,0,0,0,0,0.375,0.0,0.0,0.0,0.0,2,0,0,0,0.0,0.0,1,2,0,50
2,7,1,0,0,0.5,0.0,0.0,0.0,0.0,3,0,0,0,0.0,0.0,1,2,0,51
2,2,0,0,1,0.625,0.0,0.0,0.0,0.0,4,0,0,0,0.0,0.0,1,2,0,52
3,2,0,0,1,0.75,0.0,0.0,0.2,1.0,5,0,0,0,0.5,0.0,1,2,0,53
1,1,0,0,0,0.875,0.0,0.0,0.3333333333333333,1.0,6,0,0,0,0.5,0.0,1,2,0,54
2,1,0,0,0,1.0,0.0,0.0,0.2857142857142857,1.0,7,0,0,0,0.5,0.0,1,2,0,55
2,1,0,0,0,0.25,0.0,0.0,0.0,0.0,0,0,0,0,0.0,0.0,3,4,0,56
2,1,0,1,0,0.5,0.0,0.0,0.0,0.0,1,0,0,0,0.0,0.0,3,4,0,57
2,6,1,0,1,0.75,0.5,1.0,0.0,0.0,2,1,0,1,0.0,0.5,3,4,0,58
2,6,1,0,0,1.0,0.3333333333333333,1.0,0.3333333333333333,1.0,3,1,0,1,0.5,0.3333333333333333,3,4,0,59
3,2,0,0,0,0.125,0.0,0.0,0.0,0.0,0,0,0,0,0.0,0.0,3,2,0,60
2,6,1,0,0,0.25,0.0,0.0,0.0,0.0,1,0,0,0,0.0,0.0,3,2,0,61
2,7,1,0,0,0.375,0.0,0.0,0.0,0.0,2,0,0,0,0.0,0.0,3,2,0,62
3,1,0,0,0,0.5,0.0,0.0,0.0,0.0,3,0,0,0,0.0,0.0,3,2,0,63
2,6,1,0,0,0.625,0.0,0.0,0.0,0.0,4,0,0,0,0.0,0.0,3,2,0,64
2,7,1,0,0,0.75,0.0,0.0,0.0,0.0,5,0,0,0,0.0,0.0,3,2,0,65
1,1,0,0,0,0.875,0.0,0.0,0.0,0.0,6,0,0,0,0.0,0.0,3,2,0,66
1,1,0,0,0,1.0,0.0,0.0,0.0,0.0,7,0,0,0,0.0,0.0,3,2,0,67
3,6,1,1,1,0.1,0.0,0.0,0.0,0.0,0,0,0,0,0.0,0.0,1,2,0,68
1,6,1,0,0,0.2,1.0,1.0,1.0,1.0,1,1,0,1,0.5,1.0,1,2,0,69
2,1,0,1,0,0.3,0.5,1.0,0.5,1.0,2,1,0,1,0.5,0.5,1,2,0,70
1,6,1,0,0,0.4,0.6666666666666666,1.0,0.3333333333333333,1.0,3,2,0,2,0.5,0.6666666666666666,1,2,0,71
3,1,0,0,0,0.5,0.5,1.0,0.25,1.0,4,2,0,2,0.5,0.5,1,2,0,72
3,2,0,0,0,0.6,0.4,1.0,0.2,1.0,5,2,0,2,0.5,0.4,1,2,0,73
1,1,0,0,0,0.7,0.3333333333333333,1.0,0.16666666666666666,1.0,6,2,0,2,0.5,0.3333333333333333,1,2,0,74
1,0,0,0,0,0.8,0.2857142857142857,1.0,0.14285714285714285,1.0,7,2,0,2,0.5,0.2857142857142857,1,2,0,75
2,0,0,0,0,0.9,0.25,1.0,0.125,1.0,8,2,0,2,0.5,0.25,1,2,0,76
1,2,0,0,1,1.0,0.2222222222222222,1.0,0.1111111111111111,1.0,9,2,0,2,0.5,0.2222222222222222,1,2,0,77
2,7,1,1,0,0.1,0.0,0.0,0.0,0.0,0,0,0,0,0.0,0.0,3,3,0,78
1,1,0,0,1,0.2,1.0,1.0,0.0,0.0,1,1,0,1,0.0,1.0,3,3,0,79
1,7,1,0,0,0.3,0.5,1.0,0.5,1.0,2,1,0,1,0.5,0.5,3,3,0,80
3,0,0,0,0,0.4,0.3333333333333333,1.0,0.3333333333333333,1.0,3,1,0,1,0.5,0.3333333333333333,3,3,0,81
3,0,0,0,1,0.5,0.25,1.0,0.25,1.0,4,1,0,1,0.5,0.25,3,3,0,82
2,1,0,0,0,0.6,0.2,1.0,0.4,1.0,5,1,0,1,0.5,0.2,3,3,0,83
1,2,0,0,0,0.7,0.16666666666666666,1.0,0.3333333333333333,1.0,6,1,0,1,0.5,0.16666666666666666,3,3,0,84
3,6,1,0,0,0.8,0.14285714285714285,1.0,0.2857142857142857,1.0,7,1,0,1,0.5,0.14285714285714285,3,3,0,85
3,1,0,0,0,0.9,0.125,1.0,0.25,1.0,8,1,0,1,0.5,0.125,3,3,0,86
3,0,0,1,1,1.0,0.1111111111111111,1.0,0.2222222222222222,1.0,9,1,0,1,0.5,0.1111111111111111,3,3,0,87
2,0,0,0,0,0.1111,0.0,0.0,0.0,0.0,0,0,0,0,0.0,0.0,0,2,0,88
2,1,0,0,0,0.2222,0.0,0.0,0.0,0.0,1,0,0,0,0.0,0.0,0,2,0,89
1,6,1,0,0,0.3333,0.0,0.0,0.0,0.0,2,0,0,0,0.0,0.0,0,2,0,90
2,7,1,0,0,0.4444,0.0,0.0,0.0,0.0,3,0,0,0,0.0,0.0,0,2,0,91
1,0,0,0,0,0.5556,0.0,0.0,0.0,0.0,4,0,0,0,0.0,0.0,0,2,0,92
1,6,1,0,0,0.6667,0.0,0.0,0.0,0.0,5,0,0,0,0.0,0.0,0,2,0,93
3,6,1,0,0,0.7778,0.0,0.0,0.0,0.0,6,0,0,0,0.0,0.0,0,2,0,94
3,6,1,0,0,0.8889,0.0,0.0,0.0,0.0,7,0,0,0,0.0,0.0,0,2,0,95
1,6,1,0,1,1.0,0.0,0.0,0.0,0.0,8,0,0,0,0.0,0.0,0,2,0,96
3,6,1,1,0,0.2,0.0,0.0,0.0,0.0,0,0,0,0,0.0,0.0,1,4,0,97
3,2,0,0,0,0.4,1.0,1.0,0.0,0.0,1,1,0,1,0.0,1.0,1,4,0,98
1,2,0,0,0,0.6,0.5,1.0,0.0,0.0,2,1,0,1,0.0,0.5,1,4,0,99
3,2,0,0,0,0.8,0.3333333333333333,1.0,0.0,0.0,3,1,0,1,0.0,0.3333333333333333,1,4,0,100
2,2,0,0,1,1.0,0.25,1.0,0.0,0.0,4,1,0,1,0.0,0.25,1,4,0,101
2,1,0,0,0,0.2,0.0,0.0,0.0,0.0,0,0,0,0,0.0,0.0,3,3,0,102
2,0,0,0,0,0.4,0.0,0.0,0.0,0.0,1,0,0,0,0.0,0.0,3,3,0,103
2,1,0,0,0,0.6,0.0,0.0,0.0,0.0,2,0,0,0,0.0,0.0,3,3,0,104
1,7,1,1,0,0.8,0.0,0.0,0.0,0.0,3,0,0,0,0.0,0.0,3,3,0,105
3,2,0,0,0,1.0,0.25,1.0,0.0,0.0,4,1,0,1,0.0,0.25,3,3,0,106
3,2,0,0,1,0.25,0.0,0.0,0.0,0.0,0,0,0,0,0.0,0.0,1,4,0,107
3,6,1,0,0,0.5,0.0,0.0,1.0,1.0,1,0,0,0,0.5,0.0,1,4,0,108
2,2,0,0,0,0.75,0.0,0.0,0.5,1.0,2,0,0,0,0.5,0.0,1,4,0,109
3,7,1,0,0,1.0,0.0,0.0,0.3333333333333333,1.0,3,0,0,0,0.5,0.0,1,4,0,110
3,6,1,1,1,0.1429,0.0,0.0,0.0,0.0,0,0,0,0,0.0,0.0,1,3,0,111
3,6,1,0,0,0.2857,1.0,1.0,1.0,1.0,1,1,0,1,0.5,1.0,1,3,0,112
1,0,0,0,1,0.4286,0.5,1.0,0.5,1.0,2,1,0,1,0.5,0.5,1,3,0,113
2,1,0,0,0,0.5714,0.3333333333333333,1.0,0.6666666666666666,1.0,3,1,0,1,0.5,0.3333333333333333,1,3,0,114
3,2,0,0,1,0.7143,0.25,1.0,0.5,1.0,4,1,0,1,0.5,0.25,1,3,0,115
1,7,1,1,1,0.8571,0.2,1.0,0.6,1.0,5,1,0,1,0.5,0.2,1,3,0,116
3,7,1,1,0,1.0,0.3333333333333333,1.0,0.6666666666666666,1.0,6,2,0,2,0.5,0.3333333333333333,1,3,0,117
2,1,0,1,0,0.1429,0.0,0.0,0.0,0.0,0,0,0,0,0.0,0.0,2,3,0,118
2,6,1,0,1,0.2857,1.0,1.0,0.0,0.0,1,1,0,1,0.0,1.0,2,3,0,119
3,0,0,0,0,0.4286,0.5,1.0,0.5,1.0,2,1,0,1,0.5,0.5,2,3,0,120
1,6,1,0,0,0.5714,0.3333333333333333,1.0,0.3333333333333333,1.0,3,1,0,1,0.5,0.3333333333333333,2,3,0,121
2,6,1,0,0,0.7143,0.25,1.0,0.25,1.0,4,1,0,1,0.5,0.25,2,3,0,122
3,2,0,0,0,0.8571,0.2,1.0,0.2,1.0,5,1,0,1,0.5,0.2,2,3,0,123
3,1,0,1,1,1.0,0.16666666666666666,1.0,0.16666666666666666,1.0,6,1,0,1,0.5,0.16666666666666666,2,3,0,124
2,1,0,1,0,0.2,0.0,0.0,0.0,0.0,0,0,0,0,0.0,0.0,0,4,0,125
3,7,1,0,0,0.4,1.0,1.0,0.0,0.0,1,1,0,1,0.0,1.0,0,4,0,126
3,6,1,1,1,0.6,0.5,1.0,0.0,0.0,2,1,0,1,0.0,0.5,0,4,0,127
2,2,0,0,0,0.8,0.6666666666666666,1.0,0.3333333333333333,1.0,3,2,0,2,0.5,0.6666666666666666,0,4,0,128
1,7,1,0,0,1.0,0.5,1.0,0.25,1.0,4,2,0,2,0.5,0.5,0,4,0,129
3,1,0,0,0,0.1667,0.0,0.0,0.0,0.0,0,0,0,0,0.0,0.0,0,4,0,130
1,6,1,0,0,0.3333,0.0,0.0,0.0,0.0,1,0,0,0,0.0,0.0,0,4,0,131
1,2,0,0,0,0.5,0.0,0.0,0.0,0.0,2,0,0,0,0.0,0.0,0,4,0,132
2,6,1,1,0,0.6667,0.0,0.0,0.0,0.0,3,0,0,0,0.0,0.0,0,4,0,133
1,1,0,0,1,0.8333,0.25,1.0,0.0,0.0,4,1,0,1,0.0,0.25,0,4,0,134
3,0,0,1,0,1.0,0.2,1.0,0.2,1.0,5,1,0,1,0.5,0.2,0,4,0,135
1,2,0,0,0,0.1111,0.0,0.0,0.0,0.0,0,0,0,0,0.0,0.0,0,4,0,136
3,0,0,1,0,0.2222,0.0,0.0,0.0,0.0,1,0,0,0,0.0,0.0,0,4,0,137
3,6,1,1,1,0.3333,0.5,1.0,0.0,0.0,2,1,0,1,0.0,0.5,0,4,0,138
3,1,0,0,1,0.4444,0.6666666666666666,1.0,0.3333333333333333,1.0,3,2,0,2,0.5,0.6666666666666666,0,4,0,139
3,2,0,0,0,0.5556,0.5,1.0,0.5,1.0,4,2,0,2,0.5,0.5,0,4,0,140
3,7,1,0,0,0.6667,0.4,1.0,0.4,1.0,5,2,0,2,0.5,0.4,0,4,0,141
3,0,0,0,0,0.7778,0.3333333333333333,1.0,0.3333333333333333,1.0,6,2,0,2,0.5,0.3333333333333333,0,4,0,142
3,2,0,0,0,0.8889,0.2857142857142857,1.0,0.2857142857142857,1.0,7,2,0,2,0.5,0.2857142857142857,0,4,0,143
3,7,1,0,1,1.0,0.25,1.0,0.25,1.0,8,2,0,2,0.5,0.25,0,4,0,144
2,7,1,0,0,0.1111,0.0,0.0,0.0,0.0,0,0,0,0,0.0,0.0,1,4,0,145
2,7,1,0,0,0.2222,0.0,0.0,0.0,0.0,1,0,0,0,0.0,0.0,1,4,0,146
3,1,0,0,1,0.3333,0.0,0.0,0.0,0.0,2,0,0,0,0.0,0.0,1,4,0,147
3,1,0,0,0,0.4444,0.0,0.0,0.3333333333333333,1.0,3,0,0,0,0.5,0.0,1,4,0,148
2,2,0,0,1,0.5556,0.0,0.0,0.25,1.0,4,0,0,0,0.5,0.0,1,4,0,149
1,2,0,1,0,0.6667,0.0,0.0,0.4,1.0,5,0,0,0,0.5,0.0,1,4,0,150
1,6,1,0,0,0.7778,0.16666666666666666,1.0,0.3333333333333333,1.0,6,1,0,1,0.5,0.16666666666666666,1,4,0,151
2,6,1,0,1,0.8889,0.14285714285714285,1.0,0.2857142857142857,1.0,7,1,0,1,0.5,0.14285714285714285,1,4,0,152
1,7,1,0,1,1.0,0.125,1.0,0.375,1.0,8,1,0,1,0.5,0.125,1,4,0,153
2,1,0,0,1,0.1667,0.0,0.0,0.0,0.0,0,0,0,0,0.0,0.0,2,2,0,154
3,1,0,0,1,0.3333,0.0,0.0,1.0,1.0,1,0,0,0,0.5,0.0,2,2,0,155
3,6,1,0,1,0.5,0.0,0.0,1.0,1.0,2,0,0,0,0.5,0.0,2,2,0,156
2,2,0,0,1,0.6667,0.0,0.0,1.0,1.0,3,0,0,0,0.5,0.0,2,2,0,157
1,7,1,0,0,0.8333,0.0,0.0,1.0,1.0,4,0,0,0,0.5,0.0,2,2,0,158
2,2,0,0,0,1.0,0.0,0.0,0.8,1.0,5,0,0,0,0.5,0.0,2,2,0,159
3,6,1,0,0,0.2,0.0,0.0,0.0,0.0,0,0,0,0,0.0,0.0,0,2,0,160
2,1,0,0,1,0.4,0.0,0.0,0.0,0.0,1,0,0,0,0.0,0.0,0,2,0,161
3,6,1,1,0,0.6,0.0,0.0,0.5,1.0,2,0,0,0,0.5,0.0,0,2,0,162
1,2,0,0,0,0.8,0.3333333333333333,1.0,0.3333333333333333,1.0,3,1,0,1,0.5,0.3333333333333333,0,2,0,163
1,7,1,0,0,1.0,0.25,1.0,0.25,1.0,4,1,0,1,0.5,0.25,0,2,0,164
2,1,0,1,0,0.1667,0.0,0.0,0.0,0.0,0,0,0,0,0.0,0.0,0,4,0,165
2,0,0,0,0,0.3333,1.0,1.0,0.0,0.0,1,1,0,1,0.0,1.0,0,4,0,166
1,0,0,0,0,0.5,0.5,1.0,0.0,0.0,2,1,0,1,0.0,0.5,0,4,0,167
2,2,0,0,1,0.6667,0.3333333333333333,1.0,0.0,0.0,3,1,0,1,0.0,0.3333333333333333,0,4,0,168
3,2,0,0,1,0.8333,0.25,1.0,0.25,1.0,4,1,0,1,0.5,0.25,0,4,0,169
2,7,1,0,1,1.0,0.2,1.0,0.4,1.0,5,1,0,1,0.5,0.2,0,4,0,170
1,1,0,0,0,0.1111,0.0,0.0,0.0,0.0,0,0,0,0,0.0,0.0,1,4,0,171
3,2,0,0,1,0.2222,0.0,0.0,0.0,0.0,1,0,0,0,0.0,0.0,1,4,0,172
2,1,0,0,0,0.3333,0.0,0.0,0.5,1.0,2,0,0,0,0.5,0.0,1,4,0,173
2,7,1,0,0,0.4444,0.0,0.0,0.3333333333333333,1.0,3,0,0,0,0.5,0.0,1,4,0,174
1,7,1,0,0,0.5556,0.0,0.0,0.25,1.0,4,0,0,0,0.5,0.0,1,4,0,175
2,7,1,0,0,0.6667,0.0,0.0,0.2,1.0,5,0,0,0,0.5,0.0,1,4,0,176
3,2,0,1,1,0.7778,0.0,0.0,0.16666666666666666,1.0,6,0,0,0,0.5,0.0,1,4,0,177
3,2,0,0,0,0.8889,0.14285714285714285,1.0,0.2857142857142857,1.0,7,1,0,1,0.5,0.14285714285714285,1,4,0,178
2,7,1,0,0,1.0,0.125,1.0,0.25,1.0,8,1,0,1,0.5,0.125,1,4,0,179
1,6,1,0,1,0.25,0.0,0.0,0.0,0.0,0,0,0,0,0.0,0.0,3,2,0,180
1,0,0,1,1,0.5,0.0,0.0,1.0,1.0,1,0,0,0,0.5,0.0,3,2,0,181
2,7,1,0,1,0.75,0.5,1.0,1.0,1.0,2,1,0,1,0.5,0.5,3,2,0,182
2,0,0,0,0,1.0,0.3333333333333333,1.0,1.0,1.0,3,1,0,1,0.5,0.3333333333333333,3,2,0,183
3,7,1,1,0,0.1,0.0,0.0,0.0,0.0,0,0,0,0,0.0,0.0,3,4,0,184
2,1,0,0,0,0.2,1.0,1.0,0.0,0.0,1,1,0,1,0.0,1.0,3,4,0,185
3,7,1,0,0,0.3,0.5,1.0,0.0,0.0,2,1,0,1,0.0,0.5,3,4,0,186
3,2,0,1,0,0.4,0.3333333333333333,1.0,0.0,0.0,3,1,0,1,0.0,0.3333333333333333,3,4,0,187
3,1,0,1,1,0.5,0.5,1.0,0.0,0.0,4,2,0,2,0.0,0.5,3,4,0,188
1,0,0,0,0,0.6,0.6,1.0,0.2,1.0,5,3,0,3,0.5,0.6,3,4,0,189
1,0,0,0,0,0.7,0.5,1.0,0.16666666666666666,1.0,6,3,0,3,0.5,0.5,3,4,0,190
3,1,0,0,0,0.8,0.42857142857142855,1.0,0.14285714285714285,1.0,7,3,0,3,0.5,0.42857142857142855,3,4,0,191
2,6,1,0,0,0.9,0.375,1.0,0.125,1.0,8,3,0,3,0.5,0.375,3,4,0,192
1,2,0,1,1,1.0,0.3333333333333333,1.0,0.1111111111111111,1.0,9,3,0,3,0.5,0.3333333333333333,3,4,0,193
3,6,1,0,0,0.25,0.0,0.0,0.0,0.0,0,0,0,0,0.0,0.0,0,4,0,194
2,0,0,0,0,0.5,0.0,0.0,0.0,0.0,1,0,0,0,0.0,0.0,0,4,0,195
1,1,0,0,1,0.75,0.0,0.0,0.0,0.0,2,0,0,0,0.0,0.0,0,4,0,196
3,2,0,1,0,1.0,0.0,0.0,0.3333333333333333,1.0,3,0,0,0,0.5,0.0,0,4,0,197
3,6,1,0,1,0.1667,0.0,0.0,0.0,0.0,0,0,0,0,0.0,0.0,3,2,0,198
3,0,0,1,0,0.3333,0.0,0.0,1.0,1.0,1,0,0,0,0.5,0.0,3,2,0,199
3,6,1,0,1,0.5,0.5,1.0,0.5,1.0,2,1,0,1,0.5,0.5,3,2,0,200
2,0,0,0,1,0.6667,0.3333333333333333,1.0,0.6666666666666666,1.0,3,1,0,1,0.5,0.3333333333333333,3,2,0,201
3,0,0,0,0,0.8333,0.25,1.0,0.75,1.0,4,1,0,1,0.5,0.25,3,2,0,202
3,1,0,0,0,1.0,0.2,1.0,0.6,1.0,5,1,0,1,0.5,0.2,3,2,0,203
2,6,1,0,0,0.1,0.0,0.0,0.0,0.0,0,0,0,0,0.0,0.0,3,4,0,204
1,2,0,0,0,0.2,0.0,0.0,0.0,0.0,1,0,0,0,0.0,0.0,3,4,0,205
2,0,0,0,0,0.3,0.0,0.0,0.0,0.0,2,0,0,0,0.0,0.0,3,4,0,206
3,2,0,1,1,0.4,0.0,0.0,0.0,0.0,3,0,0,0,0.0,0.0,3,4,0,207
2,6,1,1,0,0.5,0.25,1.0,0.25,1.0,4,1,0,1,0.5,0.25,3,4,0,208
1,2,0,1,1,0.6,0.4,1.0,0.2,1.0,5,2,0,2,0.5,0.4,3,4,0,209
1,7,1,1,1,0.7,0.5,1.0,0.3333333333333333,1.0,6,3,0,3,0.5,0.5,3,4,0,210
1,6,1,0,1,0.8,0.5714285714285714,1.0,0.42857142857142855,1.0,7,4,0,4,0.5,0.5714285714285714,3,4,0,211
1,6,1,0,1,0.9,0.5,1.0,0.5,1.0,8,4,0,4,0.5,0.5,3,4,0,212
1,6,1,0,0,1.0,0.4444444444444444,1.0,0.5555555555555556,1.0,9,4,0,4,0.5,0.4444444444444444,3,4,0,213
3,7,1,0,1,0.2,0.0,0.0,0.0,0.0,0,0,0,0,0.0,0.0,1,4,0,214
2,7,1,1,1,0.4,0.0,0.0,1.0,1.0,1,0,0,0,0.5,0.0,1,4,0,215
2,7,1,0,0,0.6,0.5,1.0,1.0,1.0,2,1,0,1,0.5,0.5,1,4,0,216
3,0,0,0,1,0.8,0.3333333333333333,1.0,0.6666666666666666,1.0,3,1,0,1,0.5,0.3333333333333333,1,4,0,217
2,6,1,1,0,1.0,0.25,1.0,0.75,1.0,4,1,0,1,0.5,0.25,1,4,0,218
3,7,1,0,0,0.2,0.0,0.0,0.0,0.0,0,0,0,0,0.0,0.0,1,4,0,219
1,2,0,0,1,0.4,0.0,0.0,0.0,0.0,1,0,0,0,0.0,0.0,1,4,0,220
1,7,1,0,0,0.6,0.0,0.0,0.5,1.0,2,0,0,0,0.5,0.0,1,4,0,221
1,1,0,0,0,0.8,0.0,0.0,0.3333333333333333,1.0,3,0,0,0,0.5,0.0,1,4,0,222
2,0,0,0,1,1.0,0.0,0.0,0.25,1.0,4,0,0,0,0.5,0.0,1,4,0,223
3,6,1,0,1,0.125,0.0,0.0,0.0,0.0,0,0,0,0,0.0,0.0,3,4,0,224
3,0,0,0,1,0.25,0.0,0.0,1.0,1.0,1,0,0,0,0.5,0.0,3,4,0,225
1,1,0,1,0,0.375,0.0,0.0,1.0,1.0,2,0,0,0,0.5,0.0,3,4,0,226
2,1,0,0,0,0.5,0.3333333333333333,1.0,0.6666666666666666,1.0,3,1,0,1,0.5,0.3333333333333333,3,4,0,227
3,0,0,0,0,0.625,0.25,1.0,0.5,1.0,4,1,0,1,0.5,0.25,3,4,0,228
3,0,0,1,1,0.75,0.2,1.0,0.4,1.0,5,1,0,1,0.5,0.2,3,4,0,229
3,6,1,0,0,0.875,0.3333333333333333,1.0,0.5,1.0,6,2,0,2,0.5,0.3333333333333333,3,4,0,230
2,7,1,0,0,1.0,0.2857142857142857,1.0,0.42857142857142855,1.0,7,2,0,2,0.5,0.2857142857142857,3,4,0,231
1,1,0,0,0,0.25,0.0,0.0,0.0,0.0,0,0,0,0,0.0,0.0,2,4,0,232
2,7,1,0,1,0.5,0.0,0.0,0.0,0.0,1,0,0,0,0.0,0.0,2,4,0,233
3,7,1,0,0,0.75,0.0,0.0,0.5,1.0,2,0,0,0,0.5,0.0,2,4,0,234
1,7,1,0,0,1.0,0.0,0.0,0.3333333333333333,1.0,3,0,0,0,0.5,0.0,2,4,0,235
2,2,0,0,1,0.25,0.0,0.0,0.0,0.0,0,0,0,0,0.0,0.0,3,3,0,236
2,6,1,1,1,0.5,0.0,0.0,1.0,1.0,1,0,0,0,0.5,0.0,3,3,0,237
2,1,0,1,0,0.75,0.5,1.0,1.0,1.0,2,1,0,1,0.5,0.5,3,3,0,238
2,7,1,1,0,1.0,0.6666666666666666,1.0,0.6666666666666666,1.0,3,2,0,2,0.5,0.6666666666666666,3,3,0,239
3,1,0,0,0,0.1111,0.0,0.0,0.0,0.0,0,0,0,0,0.0,0.0,3,2,0,240
1,2,0,0,1,0.2222,0.0,0.0,0.0,0.0,1,0,0,0,0.0,0.0,3,2,0,241
2,0,0,0,0,0.3333,0.0,0.0,0.5,1.0,2,0,0,0,0.5,0.0,3,2,0,242
3,6,1,0,0,0.4444,0.0,0.0,0.3333333333333333,1.0,3,0,0,0,0.5,0.0,3,2,0,243
2,0,0,0,0,0.5556,0.0,0.0,0.25,1.0,4,0,0,0,0.5,0.0,3,2,0,244
1,0,0,0,0,0.6667,0.0,0.0,0.2,1.0,5,0,0,0,0.5,0.0,3,2,0,245
1,6,1,0,0,0.7778,0.0,0.0,0.16666666666666666,1.0,6,0,0,0,0.5,0.0,3,2,0,246
1,2,0,1,0,0.8889,0.0,0.0,0.14285714285714285,1.0,7,0,0,0,0.5,0.0,3,2,0,247
2,2,0,0,0,1.0,0.125,1.0,0.125,1.0,8,1,0,1,0.5,0.125,3,2,0,248
1,6,1,0,0,0.1,0.0,0.0,0.0,0.0,0,0,0,0,0.0,0.0,0,2,0,249
2,6,1,1,0,0.2,0.0,0.0,0.0,0.0,1,0,0,0,0.0,0.0,0,2,0,250
3,7,1,0,0,0.3,0.5,1.0,0.0,0.0,2,1,0,1,0.0,0.5,0,2,0,251
2,1,0,0,1,0.4,0.3333333333333333,1.0,0.0,0.0,3,1,0,1,0.0,0.3333333333333333,0,2,0,252
1,0,0,0,0,0.5,0.25,1.0,0.25,1.0,4,1,0,1,0.5,0.25,0,2,0,253
2,7,1,1,1,0.6,0.2,1.0,0.2,1.0,5,1,0,1,0.5,0.2,0,2,0,254
1,0,0,0,0,0.7,0.3333333333333333,1.0,0.3333333333333333,1.0,6,2,0,2,0.5,0.3333333333333333,0,2,0,255
1,7,1,0,0,0.8,0.2857142857142857,1.0,0.2857142857142857,1.0,7,2,0,2,0.5,0.2857142857142857,0,2,0,256
1,1,0,0,0,0.9,0.25,1.0,0.25,1.0,8,2,0,2,0.5,0.25,0,2,0,257
2,6,1,0,0,1.0,0.2222222222222222,1.0,0.2222222222222222,1.0,9,2,0,2,0.5,0.2222222222222222,0,2,0,258
3,7,1,1,0,0.125,0.0,0.0,0.0,0.0,0,0,0,0,0.0,0.0,3,4,0,259
2,1,0,0,0,0.25,1.0,1.0,0.0,0.0,1,1,0,1,0.0,1.0,3,4,0,260
3,7,1,1,0,0.375,0.5,1.0,0.0,0.0,2,1,0,1,0.0,0.5,3,4,0,261
1,2,0,0,1,0.5,0.6666666666666666,1.0,0.0,0.0,3,2,0,2,0.0,0.6666666666666666,3,4,0,262
2,1,0,0,0,0.625,0.5,1.0,0.25,1.0,4,2,0,2,0.5,0.5,3,4,0,263
3,1,0,0,0,0.75,0.4,1.0,0.2,1.0,5,2,0,2,0.5,0.4,3,4,0,264
3,7,1,0,1,0.875,0.3333333333333333,1.0,0.16666666666666666,1.0,6,2,0,2,0.5,0.3333333333333333,3,4,0,265
2,7,1,1,0,1.0,0.2857142857142857,1.0,0.2857142857142857,1.0,7,2,0,2,0.5,0.2857142857142857,3,4,0,266
1,6,1,0,1,0.1,0.0,0.0,0.0,0.0,0,0,0,0,0.0,0.0,0,4,0,267
3,1,0,0,0,0.2,0.0,0.0,1.0,1.0,1,0,0,0,0.5,0.0,0,4,0,268
2,1,0,0,0,0.3,0.0,0.0,0.5,1.0,2,0,0,0,0.5,0.0,0,4,0,269
1,7,1,0,0,0.4,0.0,0.0,0.3333333333333333,1.0,3,0,0,0,0.5,0.0,0,4,0,270
2,0,0,0,0,0.5,0.0,0.0,0.25,1.0,4,0,0,0,0.5,0.0,0,4,0,271
3,7,1,1,0,0.6,0.0,0.0,0.2,1.0,5,0,0,0,0.5,0.0,0,4,0,272
1,6,1,0,0,0.7,0.16666666666666666,1.0,0.16666666666666666,1.0,6,1,0,1,0.5,0.16666666666666666,0,4,0,273
2,1,0,0,1,0.8,0.14285714285714285,1.0,0.14285714285714285,1.0,7,1,0,1,0.5,0.14285714285714285,0,4,0,274
1,7,1,0,0,0.9,0.125,1.0,0.25,1.0,8,1,0,1,0.5,0.125,0,4,0,275
3,2,0,0,0,1.0,0.1111111111111111,1.0,0.2222222222222222,1.0,9,1,0,1,0.5,0.1111111111111111,0,4,0,276
2,6,1,0,1,0.2,0.0,0.0,0.0,0.0,0,0,0,0,0.0,0.0,1,3,0,277
1,2,0,1,0,0.4,0.0,0.0,1.0,1.0,1,0,0,0,0.5,0.0,1,3,0,278
2,0,0,0,0,0.6,0.5,1.0,0.5,1.0,2,1,0,1,0.5,0.5,1,3,0,279
3,2,0,0,0,0.8,0.3333333333333333,1.0,0.3333333333333333,1.0,3,1,0,1,0.5,0.3333333333333333,1,3,0,280
3,0,0,0,1,1.0,0.25,1.0,0.25,1.0,4,1,0,1,0.5,0.25,1,3,0,281
2,1,0,0,1,0.1111,0.0,0.0,0.0,0.0,0,0,0,0,0.0,0.0,2,4,0,282
1,0,0,0,1,0.2222,0.0,0.0,1.0,1.0,1,0,0,0,0.5,0.0,2,4,0,283
1,0,0,0,1,0.3333,0.0,0.0,1.0,1.0,2,0,0,0,0.5,0.0,2,4,0,284
3,6,1,0,0,0.4444,0.0,0.0,1.0,1.0,3,0,0,0,0.5,0.0,2,4,0,285
1,0,0,0,0,0.5556,0.0,0.0,0.75,1.0,4,0,0,0,0.5,0.0,2,4,0,286
1,1,0,0,0,0.6667,0.0,0.0,0.6,1.0,5,0,0,0,0.5,0.0,2,4,0,287
3,1,0,0,0,0.7778,0.0,0.0,0.5,1.0,6,0,0,0,0.5,0.0,2,4,0,288
2,6,1,1,1,0.8889,0.0,0.0,0.42857142857142855,1.0,7,0,0,0,0.5,0.0,2,4,0,289
2,0,0,1,0,1.0,0.125,1.0,0.5,1.0,8,1,0,1,0.5,0.125,2,4,0,290
1,1,0,1,1,0.1111,0.0,0.0,0.0,0.0,0,0,0,0,0.0,0.0,3,3,0,291
1,7,1,0,0,0.2222,1.0,1.0,1.0,1.0,1,1,0,1,0.5,1.0,3,3,0,292
1,2,0,0,0,0.3333,0.5,1.0,0.5,1.0,2,1,0,1,0.5,0.5,3,3,0,293
1,7,1,1,0,0.4444,0.3333333333333333,1.0,0.3333333333333333,1.0,3,1,0,1,0.5,0.3333333333333333,3,3,0,294
1,6,1,0,1,0.5556,0.5,1.0,0.25,1.0,4,2,0,2,0.5,0.5,3,3,0,295
3,6,1,0,1,0.6667,0.4,1.0,0.4,1.0,5,2,0,2,0.5,0.4,3,3,0,296
1,0,0,0,0,0.7778,0.3333333333333333,1.0,0.5,1.0,6,2,0,2,0.5,0.3333333333333333,3,3,0,297
1,1,0,0,1,0.8889,0.2857142857142857,1.0,0.42857142857142855,1.0,7,2,0,2,0.5,0.2857142857142857,3,3,0,298
2,7,1,0,0,1.0,0.25,1.0,0.5,1.0,8,2,0,2,0.5,0.25,3,3,0,299
1,1,0,0,0,0.1429,0.0,0.0,0.0,0.0,0,0,0,0,0.0,0.0,0,3,0,300
1,7,1,0,0,0.2857,0.0,0.0,0.0,0.0,1,0,0,0,0.0,0.0,0,3,0,301
3,7,1,0,0,0.4286,0.0,0.0,0.0,0.0,2,0,0,0,0.0,0.0,0,3,0,302
3,0,0,0,0,0.5714,0.0,0.0,0.0,0.0,3,0,0,0,0.0,0.0,0,3,0,303
1,0,0,0,0,0.7143,0.0,0.0,0.0,0.0,4,0,0,0,0.0,0.0,0,3,0,304
2,0,0,0,0,0.8571,0.0,0.0,0.0,0.0,5,0,0,0,0.0,0.0,0,3,0,305
1,1,0,0,1,1.0,0.0,0.0,0.0,0.0,6,0,0,0,0.0,0.0,0,3,0,306
2,2,0,0,0,0.1,0.0,0.0,0.0,0.0,0,0,0,0,0.0,0.0,2,4,0,307
2,7,1,0,1,0.2,0.0,0.0,0.0,0.0,1,0,0,0,0.0,0.0,2,4,0,308
3,1,0,0,0,0.3,0.0,0.0,0.5,1.0,2,0,0,0,0.5,0.0,2,4,0,309
2,1,0,0,0,0.4,0.0,0.0,0.3333333333333333,1.0,3,0,0,0,0.5,0.0,2,4,0,310
3,2,0,1,0,0.5,0.0,0.0,0.25,1.0,4,0,0,0,0.5,0.0,2,4,0,311
3,7,1,0,0,0.6,0.2,1.0,0.2,1.0,5,1,0,1,0.5,0.2,2,4,0,312
3,2,0,0,1,0.7,0.16666666666666666,1.0,0.16666666666666666,1.0,6,1,0,1,0.5,0.16666666666666666,2,4,0,313
2,0,0,0,0,0.8,0.14285714285714285,1.0,0.2857142857142857,1.0,7,1,0,1,0.5,0.14285714285714285,2,4,0,314
2,1,0,0,1,0.9,0.125,1.0,0.25,1.0,8,1,0,1,0.5,0.125,2,4,0,315
1,6,1,0,0,1.0,0.1111111111111111,1.0,0.3333333333333333,1.0,9,1,0,1,0.5,0.1111111111111111,2,4,0,316
1,1,0,0,0,0.1,0.0,0.0,0.0,0.0,0,0,0,0,0.0,0.0,0,3,0,317
1,2,0,1,0,0.2,0.0,0.0,0.0,0.0,1,0,0,0,0.0,0.0,0,3,0,318
1,7,1,0,0,0.3,0.5,1.0,0.0,0.0,2,1,0,1,0.0,0.5,0,3,0,319
3,7,1,0,1,0.4,0.3333333333333333,1.0,0.0,0.0,3,1,0,1,0.0,0.3333333333333333,0,3,0,320
3,1,0,0,1,0.5,0.25,1.0,0.25,1.0,4,1,0,1,0.5,0.25,0,3,0,321
1,6,1,1,0,0.6,0.2,1.0,0.4,1.0,5,1,0,1,0.5,0.2,0,3,0,322
3,1,0,0,1,0.7,0.3333333333333333,1.0,0.3333333333333333,1.0,6,2,0,2,0.5,0.3333333333333333,0,3,0,323
2,7,1,0,0,0.8,0.2857142857142857,1.0,0.42857142857142855,1.0,7,2,0,2,0.5,0.2857142857142857,0,3,0,324
3,7,1,0,0,0.9,0.25,1.0,0.375,1.0,8,2,0,2,0.5,0.25,0,3,0,325
1,0,0,0,0,1.0,0.2222222222222222,1.0,0.3333333333333333,1.0,9,2,0,2,0.5,0.2222222222222222,0,3,0,326
3,6,1,0,1,0.125,0.0,0.0,0.0,0.0,0,0,0,0,0.0,0.0,1,4,0,327
3,2,0,0,0,0.25,0.0,0.0,1.0,1.0,1,0,0,0,0.5,0.0,1,4,0,328
1,1,0,0,1,0.375,0.0,0.0,0.5,1.0,2,0,0,0,0.5,0.0,1,4,0,329
2,6,1,1,0,0.5,0.0,0.0,0.6666666666666666,1.0,3,0,0,0,0.5,0.0,1,4,0,330
2,7,1,0,0,0.625,0.25,1.0,0.5,1.0,4,1,0,1,0.5,0.25,1,4,0,331
2,6,1,0,1,0.75,0.2,1.0,0.4,1.0,5,1,0,1,0.5,0.2,1,4,0,332
1,6,1,0,0,0.875,0.16666666666666666,1.0,0.5,1.0,6,1,0,1,0.5,0.16666666666666666,1,4,0,333
3,7,1,1,1,1.0,0.14285714285714285,1.0,0.42857142857142855,1.0,7,1,0,1,0.5,0.14285714285714285,1,4,0,334
1,6,1,1,1,0.25,0.0,0.0,0.0,0.0,0,0,0,0,0.0,0.0,3,2,0,335
1,6,1,0,0,0.5,1.0,1.0,1.0,1.0,1,1,0,1,0.5,1.0,3,2,0,336
1,0,0,1,1,0.75,0.5,1.0,0.5,1.0,2,1,0,1,0.5,0.5,3,2,0,337
3,0,0,0,1,1.0,0.6666666666666666,1.0,0.6666666666666666,1.0,3,2,0,2,0.5,0.6666666666666666,3,2,0,338
2,1,0,1,1,0.1667,0.0,0.0,0.0,0.0,0,0,0,0,0.0,0.0,0,4,0,339
3,1,0,0,0,0.3333,1.0,1.0,1.0,1.0,1,1,0,1,0.5,1.0,0,4,0,340
2,7,1,0,0,0.5,0.5,1.0,0.5,1.0,2,1,0,1,0.5,0.5,0,4,0,341
1,1,0,0,1,0.6667,0.3333333333333333,1.0,0.3333333333333333,1.0,3,1,0,1,0.5,0.3333333333333333,0,4,0,342
2,1,0,0,1,0.8333,0.25,1.0,0.5,1.0,4,1,0,1,0.5,0.25,0,4,0,343
2,1,0,0,0,1.0,0.2,1.0,0.6,1.0,5,1,0,1,0.5,0.2,0,4,0,344
1,0,0,0,1,0.1429,0.0,0.0,0.0,0.0,0,0,0,0,0.0,0.0,0,2,0,345
3,2,0,0,0,0.2857,0.0,0.0,1.0,1.0,1,0,0,0,0.5,0.0,0,2,0,346
1,6,1,0,0,0.4286,0.0,0.0,0.5,1.0,2,0,0,0,0.5,0.0,0,2,0,347
2,6,1,1,0,0.5714,0.0,0.0,0.3333333333333333,1.0,3,0,0,0,0.5,0.0,0,2,0,348
3,1,0,0,1,0.7143,0.25,1.0,0.25,1.0,4,1,0,1,0.5,0.25,0,2,0,349
2,2,0,0,0,0.8571,0.2,1.0,0.4,1.0,5,1,0,1,0.5,0.2,0,2,0,350
2,7,1,1,0,1.0,0.16666666666666666,1.0,0.3333333333333333,1.0,6,1,0,1,0.5,0.16666666666666666,0,2,0,351
3,7,1,0,1,0.125,0.0,0.0,0.0,0.0,0,0,0,0,0.0,0.0,1,2,0,352
2,6,1,0,0,0.25,0.0,0.0,1.0,1.0,1,0,0,0,0.5,0.0,1,2,0,353
3,7,1,0,0,0.375,0.0,0.0,0.5,1.0,2,0,0,0,0.5,0.0,1,2,0,354
1,2,0,0,1,0.5,0.0,0.0,0.3333333333333333,1.0,3,0,0,0,0.5,0.0,1,2,0,355
2,1,0,1,0,0.625,0.0,0.0,0.5,1.0,4,0,0,0,0.5,0.0,1,2,0,356
3,6,1,1,1,0.75,0.2,1.0,0.4,1.0,5,1,0,1,0.5,0.2,1,2,0,357
3,7,1,0,0,0.875,0.3333333333333333,1.0,0.5,1.0,6,2,0,2,0.5,0.3333333333333333,1,2,0,358
2,0,0,0,0,1.0,0.2857142857142857,1.0,0.42857142857142855,1.0,7,2,0,2,0.5,0.2857142857142857,1,2,0,359
3,6,1,0,0,0.2,0.0,0.0,0.0,0.0,0,0,0,0,0.0,0.0,0,2,0,360
2,1,0,0,1,0.4,0.0,0.0,0.0,0.0,1,0,0,0,0.0,0.0,0,2,0,361
3,2,0,0,0,0.6,0.0,0.0,0.5,1.0,2,0,0,0,0.5,0.0,0,2,0,362
2,2,0,0,0,0.8,0.0,0.0,0.3333333333333333,1.0,3,0,0,0,0.5,0.0,0,2,0,363
2,7,1,0,0,1.0,0.0,0.0,0.25,1.0,4,0,0,0,0.5,0.0,0,2,0,364
2,7,1,0,0,0.1,0.0,0.0,0.0,0.0,0,0,0,0,0.0,0.0,2,4,0,365
1,1,0,1,0,0.2,0.0,0.0,0.0,0.0,1,0,0,0,0.0,0.0,2,4,0,366
2,1,0,0,0,0.3,0.5,1.0,0.0,0.0,2,1,0,1,0.0,0.5,2,4,0,367
1,6,1,0,0,0.4,0.3333333333333333,1.0,0.0,0.0,3,1,0,1,0.0,0.3333333333333333,2,4,0,368
1,7,1,0,0,0.5,0.25,1.0,0.0,0.0,4,1,0,1,0.0,0.25,2,4,0,369
1,2,0,0,0,0.6,0.2,1.0,0.0,0.0,5,1,0,1,0.0,0.2,2,4,0,370
2,2,0,0,1,0.7,0.16666666666666666,1.0,0.0,0.0,6,1,0,1,0.0,0.16666666666666666,2,4,0,371
3,1,0,0,0,0.8,0.14285714285714285,1.0,0.14285714285714285,1.0,7,1,0,1,0.5,0.14285714285714285,2,4,0,372
1,2,0,0,0,0.9,0.125,1.0,0.125,1.0,8,1,0,1,0.5,0.125,2,4,0,373
1,7,1,1,0,1.0,0.1111111111111111,1.0,0.1111111111111111,1.0,9,1,0,1,0.5,0.1111111111111111,2,4,0,374
3,0,0,0,0,0.1,0.0,0.0,0.0,0.0,0,0,0,0,0.0,0.0,2,3,0,375
1,0,0,1,0,0.2,0.0,0.0,0.0,0.0,1,0,0,0,0.0,0.0,2,3,0,376
3,2,0,0,0,0.3,0.5,1.0,0.0,0.0,2,1,0,1,0.0,0.5,2,3,0,377
2,1,0,0,0,0.4,0.3333333333333333,1.0,0.0,0.0,3,1,0,1,0.0,0.3333333333333333,2,3,0,378
2,6,1,1,0,0.5,0.25,1.0,0.0,0.0,4,1,0,1,0.0,0.25,2,3,0,379
3,1,0,0,0,0.6,0.4,1.0,0.0,0.0,5,2,0,2,0.0,0.4,2,3,0,380
2,2,0,0,0,0.7,0.3333333333333333,1.0,0.0,0.0,6,2,0,2,0.0,0.3333333333333333,2,3,0,381
1,1,0,0,0,0.8,0.2857142857142857,1.0,0.0,0.0,7,2,0,2,0.0,0.2857142857142857,2,3,0,382
3,1,0,1,1,0.9,0.25,1.0,0.0,0.0,8,2,0,2,0.0,0.25,2,3,0,383
1,2,0,0,0,1.0,0.3333333333333333,1.0,0.1111111111111111,1.0,9,3,0,3,0.5,0.3333333333333333,2,3,0,384
3,1,0,0,1,0.125,0.0,0.0,0.0,0.0,0,0,0,0,0.0,0.0,1,2,0,385
3,2,0,0,0,0.25,0.0,0.0,1.0,1.0,1,0,0,0,0.5,0.0,1,2,0,386
2,6,1,0,1,0.375,0.0,0.0,0.5,1.0,2,0,0,0,0.5,0.0,1,2,0,387
2,7,1,0,0,0.5,0.0,0.0,0.6666666666666666,1.0,3,0,0,0,0.5,0.0,1,2,0,388
3,6,1,0,0,0.625,0.0,0.0,0.5,1.0,4,0,0,0,0.5,0.0,1,2,0,389
3,0,0,0,0,0.75,0.0,0.0,0.4,1.0,5,0,0,0,0.5,0.0,1,2,0,390
1,2,0,0,1,0.875,0.0,0.0,0.3333333333333333,1.0,6,0,0,0,0.5,0.0,1,2,0,391
2,2,0,0,0,1.0,0.0,0.0,0.42857142857142855,1.0,7,0,0,0,0.5,0.0,1,2,0,392
1,7,1,1,1,0.1667,0.0,0.0,0.0,0.0,0,0,0,0,0.0,0.0,1,2,0,393
2,6,1,0,0,0.3333,1.0,1.0,1.0,1.0,1,1,0,1,0.5,1.0,1,2,0,394
1,6,1,0,0,0.5,0.5,1.0,0.5,1.0,2,1,0,1,0.5,0.5,1,2,0,395
2,7,1,0,1,0.6667,0.3333333333333333,1.0,0.3333333333333333,1.0,3,1,0,1,0.5,0.3333333333333333,1,2,0,396
1,0,0,0,0,0.8333,0.25,1.0,0.5,1.0,4,1,0,1,0.5,0.25,1,2,0,397
1,6,1,0,1,1.0,0.2,1.0,0.4,1.0,5,1,0,1,0.5,0.2,1,2,0,398
3,7,1,0,0,0.2,0.0,0.0,0.0,0.0,0,0,0,0,0.0,0.0,3,4,0,399
1,2,0,0,1,0.4,0.0,0.0,0.0,0.0,1,0,0,0,0.0,0.0,3,4,0,400
2,6,1,0,1,0.6,0.0,0.0,0.5,1.0,2,0,0,0,0.5,0.0,3,4,0,401
1,2,0,0,0,0.8,0.0,0.0,0.6666666666666666,1.0,3,0,0,0,0.5,0.0,3,4,0,402
1,0,0,0,1,1.0,0.0,0.0,0.5,1.0,4,0,0,0,0.5,0.0,3,4,0,403
3,6,1,0,1,0.125,0.0,0.0,0.0,0.0,0,0,0,0,0.0,0.0,1,3,0,404
1,6,1,0,0,0.25,0.0,0.0,1.0,1.0,1,0,0,0,0.5,0.0,1,3,0,405
3,0,0,0,0,0.375,0.0,0.0,0.5,1.0,2,0,0,0,0.5,0.0,1,3,0,406
2,0,0,0,0,0.5,0.0,0.0,0.3333333333333333,1.0,3,0,0,0,0.5,0.0,1,3,0,407
2,6,1,1,0,0.625,0.0,0.0,0.25,1.0,4,0,0,0,0.5,0.0,1,3,0,408
2,1,0,0,1,0.75,0.2,1.0,0.2,1.0,5,1,0,1,0.5,0.2,1,3,0,409
2,7,1,1,1,0.875,0.16666666666666666,1.0,0.3333333333333333,1.0,6,1,0,1,0.5,0.16666666666666666,1,3,0,410
1,0,0,0,0,1.0,0.2857142857142857,1.0,0.42857142857142855,1.0,7,2,0,2,0.5,0.2857142857142857,1,3,0,411
3,6,1,0,1,0.2,0.0,0.0,0.0,0.0,0,0,0,0,0.0,0.0,0,2,0,412
1,1,0,0,0,0.4,0.0,0.0,1.0,1.0,1,0,0,0,0.5,0.0,0,2,0,413
1,2,0,0,0,0.6,0.0,0.0,0.5,1.0,2,0,0,0,0.5,0.0,0,2,0,414
3,1,0,0,0,0.8,0.0,0.0,0.3333333333333333,1.0,3,0,0,0,0.5,0.0,0,2,0,415
1,1,0,0,0,1.0,0.0,0.0,0.25,1.0,4,0,0,0,0.5,0.0,0,2,0,416
3,6,1,0,1,0.1667,0.0,0.0,0.0,0.0,0,0,0,0,0.0,0.0,2,2,0,417
1,0,0,0,0,0.3333,0.0,0.0,1.0,1.0,1,0,0,0,0.5,0.0,2,2,0,418
3,7,1,1,1,0.5,0.0,0.0,0.5,1.0,2,0,0,0,0.5,0.0,2,2,0,419
2,7,1,0,0,0.6667,0.3333333333333333,1.0,0.6666666666666666,1.0,3,1,0,1,0.5,0.3333333333333333,2,2,0,420
1,0,0,0,0,0.8333,0.25,1.0,0.5,1.0,4,1,0,1,0.5,0.25,2,2,0,421
3,0,0,1,0,1.0,0.2,1.0,0.4,1.0,5,1,0,1,0.5,0.2,2,2,0,422
3,2,0,0,0,0.25,0.0,0.0,0.0,0.0,0,0,0,0,0.0,0.0,0,2,0,423
1,2,0,0,0,0.5,0.0,0.0,0.0,0.0,1,0,0,0,0.0,0.0,0,2,0,424
2,1,0,1,0,0.75,0.0,0.0,0.0,0.0,2,0,0,0,0.0,0.0,0,2,0,425
2,2,0,1,1,1.0,0.3333333333333333,1.0,0.0,0.0,3,1,0,1,0.0,0.3333333333333333,0,2,0,426
2,1,0,1,0,0.25,0.0,0.0,0.0,0.0,0,0,0,0,0.0,0.0,2,4,0,427
1,2,0,0,1,0.5,1.0,1.0,0.0,0.0,1,1,0,1,0.0,1.0,2,4,0,428
3,0,0,1,0,0.75,0.5,1.0,0.5,1.0,2,1,0,1,0.5,0.5,2,4,0,429
2,7,1,0,0,1.0,0.6666666666666666,1.0,0.3333333333333333,1.0,3,2,0,2,0.5,0.6666666666666666,2,4,0,430
1,0,0,0,0,0.125,0.0,0.0,0.0,0.0,0,0,0,0,0.0,0.0,3,4,0,431
1,1,0,0,0,0.25,0.0,0.0,0.0,0.0,1,0,0,0,0.0,0.0,3,4,0,432
2,0,0,0,0,0.375,0.0,0.0,0.0,0.0,2,0,0,0,0.0,0.0,3,4,0,433
2,1,0,0,0,0.5,0.0,0.0,0.0,0.0,3,0,0,0,0.0,0.0,3,4,0,434
2,6,1,0,1,0.625,0.0,0.0,0.0,0.0,4,0,0,0,0.0,0.0,3,4,0,435
2,2,0,0,1,0.75,0.0,0.0,0.2,1.0,5,0,0,0,0.5,0.0,3,4,0,436
3,1,0,0,0,0.875,0.0,0.0,0.3333333333333333,1.0,6,0,0,0,0.5,0.0,3,4,0,437
3,1,0,1,0,1.0,0.0,0.0,0.2857142857142857,1.0,7,0,0,0,0.5,0.0,3,4,0,438
3,0,0,0,0,0.125,0.0,0.0,0.0,0.0,0,0,0,0,0.0,0.0,2,2,0,439
1,1,0,0,0,0.25,0.0,0.0,0.0,0.0,1,0,0,0,0.0,0.0,2,2,0,440
2,0,0,0,1,0.375,0.0,0.0,0.0,0.0,2,0,0,0,0.0,0.0,2,2,0,441
3,7,1,0,0,0.5,0.0,0.0,0.3333333333333333,1.0,3,0,0,0,0.5,0.0,2,2,0,442
2,0,0,0,0,0.625,0.0,0.0,0.25,1.0,4,0,0,0,0.5,0.0,2,2,0,443
1,7,1,0,1,0.75,0.0,0.0,0.2,1.0,5,0,0,0,0.5,0.0,2,2,0,444
3,0,0,0,0,0.875,0.0,0.0,0.3333333333333333,1.0,6,0,0,0,0.5,0.0,2,2,0,445
3,6,1,0,0,1.0,0.0,0.0,0.2857142857142857,1.0,7,0,0,0,0.5,0.0,2,2,0,446
2,6,1,0,0,0.125,0.0,0.0,0.0,0.0,0,0,0,0,0.0,0.0,2,3,0,447
3,6,1,0,0,0.25,0.0,0.0,0.0,0.0,1,0,0,0,0.0,0.0,2,3,0,448
1,1,0,0,0,0.375,0.0,0.0,0.0,0.0,2,0,0,0,0.0,0.0,2,3,0,449
1,7,1,1,0,0.5,0.0,0.0,0.0,0.0,3,0,0,0,0.0,0.0,2,3,0,450
1,7,1,0,0,0.625,0.25,1.0,0.0,0.0,4,1,0,1,0.0,0.25,2,3,0,451
3,6,1,0,0,0.75,0.2,1.0,0.0,0.0,5,1,0,1,0.0,0.2,2,3,0,452
2,0,0,0,1,0.875,0.16666666666666666,1.0,0.0,0.0,6,1,0,1,0.0,0.16666666666666666,2,3,0,453
3,7,1,1,1,1.0,0.14285714285714285,1.0,0.14285714285714285,1.0,7,1,0,1,0.5,0.14285714285714285,2,3,0,454
1,6,1,0,0,0.2,0.0,0.0,0.0,0.0,0,0,0,0,0.0,0.0,0,2,0,455
3,7,1,0,1,0.4,0.0,0.0,0.0,0.0,1,0,0,0,0.0,0.0,0,2,0,456
3,2,0,0,0,0.6,0.0,0.0,0.5,1.0,2,0,0,0,0.5,0.0,0,2,0,457
3,2,0,1,0,0.8,0.0,0.0,0.3333333333333333,1.0,3,0,0,0,0.5,0.0,0,2,0,458
2,6,1,1,1,1.0,0.25,1.0,0.25,1.0,4,1,0,1,0.5,0.25,0,2,0,459
1,6,1,0,0,0.1,0.0,0.0,0.0,0.0,0,0,0,0,0.0,0.0,1,2,0,460
3,1,0,0,0,0.2,0.0,0.0,0.0,0.0,1,0,0,0,0.0,0.0,1,2,0,461
1,6,1,1,0,0.3,0.0,0.0,0.0,0.0,2,0,0,0,0.0,0.0,1,2,0,462
2,0,0,0,1,0.4,0.3333333333333333,1.0,0.0,0.0,3,1,0,1,0.0,0.3333333333333333,1,2,0,463
2,6,1,0,0,0.5,0.25,1.0,0.25,1.0,4,1,0,1,0.5,0.25,1,2,0,464
2,0,0,0,0,0.6,0.2,1.0,0.2,1.0,5,1,0,1,0.5,0.2,1,2,0,465
1,1,0,0,0,0.7,0.16666666666666666,1.0,0.16666666666666666,1.0,6,1,0,1,0.5,0.16666666666666666,1,2,0,466
3,1,0,0,0,0.8,0.14285714285714285,1.0,0.14285714285714285,1.0,7,1,0,1,0.5,0.14285714285714285,1,2,0,467
3,7,1,0,1,0.9,0.125,1.0,0.125,1.0,8,1,0,1,0.5,0.125,1,2,0,468
1,6,1,0,0,1.0,0.1111111111111111,1.0,0.2222222222222222,1.0,9,1,0,1,0.5,0.1111111111111111,1,2,0,469
3,0,0,0,1,0.1,0.0,0.0,0.0,0.0,0,0,0,0,0.0,0.0,0,4,0,470
2,7,1,0,0,0.2,0.0,0.0,1.0,1.0,1,0,0,0,0.5,0.0,0,4,0,471
3,2,0,0,0,0.3,0.0,0.0,0.5,1.0,2,0,0,0,0.5,0.0,0,4,0,472
1,2,0,0,0,0.4,0.0,0.0,0.3333333333333333,1.0,3,0,0,0,0.5,0.0,0,4,0,473
3,1,0,0,0,0.5,0.0,0.0,0.25,1.0,4,0,0,0,0.5,0.0,0,4,0,474
1,2,0,0,0,0.6,0.0,0.0,0.2,1.0,5,0,0,0,0.5,0.0,0,4,0,475
2,2,0,0,1,0.7,0.0,0.0,0.16666666666666666,1.0,6,0,0,0,0.5,0.0,0,4,0,476
2,0,0,1,0,0.8,0.0,0.0,0.2857142857142857,1.0,7,0,0,0,0.5,0.0,0,4,0,477
3,6,1,0,0,0.9,0.125,1.0,0.25,1.0,8,1,0,1,0.5,0.125,0,4,0,478
3,2,0,0,1,1.0,0.1111111111111111,1.0,0.2222222222222222,1.0,9,1,0,1,0.5,0.1111111111111111,0,4,0,479
2,0,0,0,0,0.1667,0.0,0.0,0.0,0.0,0,0,0,0,0.0,0.0,1,3,0,480
2,2,0,0,0,0.3333,0.0,0.0,0.0,0.0,1,0,0,0,0.0,0.0,1,3,0,481
1,6,1,0,0,0.5,0.0,0.0,0.0,0.0,2,0,0,0,0.0,0.0,1,3,0,482
1,2,0,0,1,0.6667,0.0,0.0,0.0,0.0,3,0,0,0,0.0,0.0,1,3,0,483
1,7,1,0,0,0.8333,0.0,0.0,0.25,1.0,4,0,0,0,0.5,0.0,1,3,0,484
3,0,0,0,1,1.0,0.0,0.0,0.2,1.0,5,0,0,0,0.5,0.0,1,3,0,485
1,6,1,1,0,0.1429,0.0,0.0,0.0,0.0,0,0,0,0,0.0,0.0,1,3,0,486
3,7,1,0,0,0.2857,1.0,1.0,0.0,0.0,1,1,0,1,0.0,1.0,1,3,0,487
2,2,0,0,0,0.4286,0.5,1.0,0.0,0.0,2,1,0,1,0.0,0.5,1,3,0,488
2,1,0,1,1,0.5714,0.3333333333333333,1.0,0.0,0.0,3,1,0,1,0.0,0.3333333333333333,1,3,0,489
2,6,1,0,0,0.7143,0.5,1.0,0.25,1.0,4,2,0,2,0.5,0.5,1,3,0,490
3,1,0,0,0,0.8571,0.4,1.0,0.2,1.0,5,2,0,2,0.5,0.4,1,3,0,491
1,0,0,0,0,1.0,0.3333333333333333,1.0,0.16666666666666666,1.0,6,2,0,2,0.5,0.3333333333333333,1,3,0,492
1,7,1,0,0,0.2,0.0,0.0,0.0,0.0,0,0,0,0,0.0,0.0,3,2,0,493
2,0,0,0,0,0.4,0.0,0.0,0.0,0.0,1,0,0,0,0.0,0.0,3,2,0,494
3,6,1,0,1,0.6,0.0,0.0,0.0,0.0,2,0,0,0,0.0,0.0,3,2,0,495
3,0,0,0,0,0.8,0.0,0.0,0.3333333333333333,1.0,3,0,0,0,0.5,0.0,3,2,0,496
1,1,0,0,0,1.0,0.0,0.0,0.25,1.0,4,0,0,0,0.5,0.0,3,2,0,497
2,7,1,0,1,0.1429,0.0,0.0,0.0,0.0,0,0,0,0,0.0,0.0,2,2,0,498
1,1,0,0,0,0.2857,0.0,0.0,1.0,1.0,1,0,0,0,0.5,0.0,2,2,0,499
2,6,1,0,1,0.4286,0.0,0.0,0.5,1.0,2,0,0,0,0.5,0.0,2,2,0,500
1,6,1,0,0,0.5714,0.0,0.0,0.6666666666666666,1.0,3,0,0,0,0.5,0.0,2,2,0,501
2,7,1,0,0,0.7143,0.0,0.0,0.5,1.0,4,0,0,0,0.5,0.0,2,2,0,502
3,7,1,0,0,0.8571,0.0,0.0,0.4,1.0,5,0,0,0,0.5,0.0,2,2,0,503
1,1,0,0,0,1.0,0.0,0.0,0.3333333333333333,1.0,6,0,0,0,0.5,0.0,2,2,0,504
2,2,0,0,1,0.2,0.0,0.0,0.0,0.0,0,0,0,0,0.0,0.0,2,4,0,505
2,0,0,0,0,0.4,0.0,0.0,1.0,1.0,1,0,0,0,0.5,0.0,2,4,0,506
3,1,0,0,1,0.6,0.0,0.0,0.5,1.0,2,0,0,0,0.5,0.0,2,4,0,507
3,0,0,0,1,0.8,0.0,0.0,0.6666666666666666,1.0,3,0,0,0,0.5,0.0,2,4,0,508
3,1,0,0,0,1.0,0.0,0.0,0.75,1.0,4,0,0,0,0.5,0.0,2,4,0,509
2,1,0,0,1,0.1111,0.0,0.0,0.0,0.0,0,0,0,0,0.0,0.0,2,4,0,510
1,7,1,0,0,0.2222,0.0,0.0,1.0,1.0,1,0,0,0,0.5,0.0,2,4,0,511
1,1,0,0,0,0.3333,0.0,0.0,0.5,1.0,2,0,0,0,0.5,0.0,2,4,0,512
1,2,0,0,0,0.4444,0.0,0.0,0.3333333333333333,1.0,3,0,0,0,0.5,0.0,2,4,0,513
2,1,0,0,1,0.5556,0.0,0.0,0.25,1.0,4,0,0,0,0.5,0.0,2,4,0,514
1,2,0,0,0,0.6667,0.0,0.0,0.4,1.0,5,0,0,0,0.5,0.0,2,4,0,515
2,6,1,0,0,0.7778,0.0,0.0,0.3333333333333333,1.0,6,0,0,0,0.5,0.0,2,4,0,516
3,6,1,1,1,0.8889,0.0,0.0,0.2857142857142857,1.0,7,0,0,0,0.5,0.0,2,4,0,517
2,0,0,0,1,1.0,0.125,1.0,0.375,1.0,8,1,0,1,0.5,0.125,2,4,0,518
3,0,0,0,0,0.2,0.0,0.0,0.0,0.0,0,0,0,0,0.0,0.0,0,2,0,519
2,6,1,0,1,0.4,0.0,0.0,0.0,0.0,1,0,0,0,0.0,0.0,0,2,0,520
2,7,1,0,1,0.6,0.0,0.0,0.5,1.0,2,0,0,0,0.5,0.0,0,2,0,521
3,7,1,0,0,0.8,0.0,0.0,0.6666666666666666,1.0,3,0,0,0,0.5,0.0,0,2,0,522
3,6,1,1,0,1.0,0.0,0.0,0.5,1.0,4,0,0,0,0.5,0.0,0,2,0,523
1,2,0,0,0,0.1111,0.0,0.0,0.0,0.0,0,0,0,0,0.0,0.0,2,4,0,524
3,7,1,0,0,0.2222,0.0,0.0,0.0,0.0,1,0,0,0,0.0,0.0,2,4,0,525
3,6,1,0,1,0.3333,0.0,0.0,0.0,0.0,2,0,0,0,0.0,0.0,2,4,0,526
2,2,0,0,0,0.4444,0.0,0.0,0.3333333333333333,1.0,3,0,0,0,0.5,0.0,2,4,0,527
2,6,1,0,0,0.5556,0.0,0.0,0.25,1.0,4,0,0,0,0.5,0.0,2,4,0,528
3,2,0,0,1,0.6667,0.0,0.0,0.2,1.0,5,0,0,0,0.5,0.0,2,4,0,529
2,0,0,0,0,0.7778,0.0,0.0,0.3333333333333333,1.0,6,0,0,0,0.5,0.0,2,4,0,530
1,6,1,0,1,0.8889,0.0,0.0,0.2857142857142857,1.0,7,0,0,0,0.5,0.0,2,4,0,531
2,7,1,0,1,1.0,0.0,0.0,0.375,1.0,8,0,0,0,0.5,0.0,2,4,0,532
2,1,0,1,0,0.25,0.0,0.0,0.0,0.0,0,0,0,0,0.0,0.0,1,3,0,533
2,1,0,1,0,0.5,1.0,1.0,0.0,0.0,1,1,0,1,0.0,1.0,1,3,0,534
2,7,1,0,0,0.75,1.0,1.0,0.0,0.0,2,2,0,2,0.0,1.0,1,3,0,535
1,6,1,0,0,1.0,0.6666666666666666,1.0,0.0,0.0,3,2,0,2,0.0,0.6666666666666666,1,3,0,536
3,2,0,0,0,0.1,0.0,0.0,0.0,0.0,0,0,0,0,0.0,0.0,3,4,0,537
3,6,1,0,0,0.2,0.0,0.0,0.0,0.0,1,0,0,0,0.0,0.0,3,4,0,538
3,0,0,0,0,0.3,0.0,0.0,0.0,0.0,2,0,0,0,0.0,0.0,3,4,0,539
3,0,0,1,0,0.4,0.0,0.0,0.0,0.0,3,0,0,0,0.0,0.0,3,4,0,540
2,6,1,1,1,0.5,0.25,1.0,0.0,0.0,4,1,0,1,0.0,0.25,3,4,0,541
1,0,0,0,0,0.6,0.4,1.0,0.2,1.0,5,2,0,2,0.5,0.4,3,4,0,542
1,7,1,0,1,0.7,0.3333333333333333,1.0,0.16666666666666666,1.0,6,2,0,2,0.5,0.3333333333333333,3,4,0,543
3,7,1,0,1,0.8,0.2857142857142857,1.0,0.2857142857142857,1.0,7,2,0,2,0.5,0.2857142857142857,3,4,0,544
2,1,0,0,0,0.9,0.25,1.0,0.375,1.0,8,2,0,2,0.5,0.25,3,4,0,545
1,7,1,1,0,1.0,0.2222222222222222,1.0,0.3333333333333333,1.0,9,2,0,2,0.5,0.2222222222222222,3,4,0,546
3,7,1,0,0,0.1667,0.0,0.0,0.0,0.0,0,0,0,0,0.0,0.0,1,2,0,547
3,6,1,0,0,0.3333,0.0,0.0,0.0,0.0,1,0,0,0,0.0,0.0,1,2,0,548
3,0,0,1,0,0.5,0.0,0.0,0.0,0.0,2,0,0,0,0.0,0.0,1,2,0,549
1,7,1,1,0,0.6667,0.3333333333333333,1.0,0.0,0.0,3,1,0,1,0.0,0.3333333333333333,1,2,0,550
2,1,0,1,0,0.8333,0.5,1.0,0.0,0.0,4,2,0,2,0.0,0.5,1,2,0,551
1,7,1,0,0,1.0,0.6,1.0,0.0,0.0,5,3,0,3,0.0,0.6,1,2,0,552
3,6,1,0,0,0.1111,0.0,0.0,0.0,0.0,0,0,0,0,0.0,0.0,1,2,0,553
2,2,0,1,0,0.2222,0.0,0.0,0.0,0.0,1,0,0,0,0.0,0.0,1,2,0,554
3,6,1,0,0,0.3333,0.5,1.0,0.0,0.0,2,1,0,1,0.0,0.5,1,2,0,555
3,0,0,0,0,0.4444,0.3333333333333333,1.0,0.0,0.0,3,1,0,1,0.0,0.3333333333333333,1,2,0,556
1,0,0,0,0,0.5556,0.25,1.0,0.0,0.0,4,1,0,1,0.0,0.25,1,2,0,557
1,6,1,0,0,0.6667,0.2,1.0,0.0,0.0,5,1,0,1,0.0,0.2,1,2,0,558
2,7,1,0,1,0.7778,0.16666666666666666,1.0,0.0,0.0,6,1,0,1,0.0,0.16666666666666666,1,2,0,559
2,2,0,0,0,0.8889,0.14285714285714285,1.0,0.14285714285714285,1.0,7,1,0,1,0.5,0.14285714285714285,1,2,0,560
1,2,0,0,0,1.0,0.125,1.0,0.125,1.0,8,1,0,1,0.5,0.125,1,2,0,561
3,6,1,1,0,0.1111,0.0,0.0,0.0,0.0,0,0,0,0,0.0,0.0,0,3,0,562
1,2,0,0,0,0.2222,1.0,1.0,0.0,0.0,1,1,0,1,0.0,1.0,0,3,0,563
3,6,1,0,0,0.3333,0.5,1.0,0.0,0.0,2,1,0,1,0.0,0.5,0,3,0,564
1,2,0,0,0,0.4444,0.3333333333333333,1.0,0.0,0.0,3,1,0,1,0.0,0.3333333333333333,0,3,0,565
1,7,1,0,1,0.5556,0.25,1.0,0.0,0.0,4,1,0,1,0.0,0.25,0,3,0,566
1,0,0,0,0,0.6667,0.2,1.0,0.2,1.0,5,1,0,1,0.5,0.2,0,3,0,567
3,2,0,0,0,0.7778,0.16666666666666666,1.0,0.16666666666666666,1.0,6,1,0,1,0.5,0.16666666666666666,0,3,0,568
3,0,0,0,0,0.8889,0.14285714285714285,1.0,0.14285714285714285,1.0,7,1,0,1,0.5,0.14285714285714285,0,3,0,569
2,6,1,0,1,1.0,0.125,1.0,0.125,1.0,8,1,0,1,0.5,0.125,0,3,0,570
3,1,0,1,1,0.125,0.0,0.0,0.0,0.0,0,0,0,0,0.0,0.0,3,3,0,571
3,6,1,0,1,0.25,1.0,1.0,1.0,1.0,1,1,0,1,0.5,1.0,3,3,0,572
1,0,0,1,1,0.375,0.5,1.0,1.0,1.0,2,1,0,1,0.5,0.5,3,3,0,573
1,2,0,0,1,0.5,0.6666666666666666,1.0,1.0,1.0,3,2,0,2,0.5,0.6666666666666666,3,3,0,574
1,0,0,1,1,0.625,0.5,1.0,1.0,1.0,4,2,0,2,0.5,0.5,3,3,0,575
3,2,0,1,0,0.75,0.6,1.0,1.0,1.0,5,3,0,3,0.5,0.6,3,3,0,576
3,6,1,0,0,0.875,0.6666666666666666,1.0,0.8333333333333334,1.0,6,4,0,4,0.5,0.6666666666666666,3,3,0,577
3,2,0,0,0,1.0,0.5714285714285714,1.0,0.7142857142857143,1.0,7,4,0,4,0.5,0.5714285714285714,3,3,0,578
1,2,0,0,0,0.25,0.0,0.0,0.0,0.0,0,0,0,0,0.0,0.0,1,4,0,579
2,2,0,0,0,0.5,0.0,0.0,0.0,0.0,1,0,0,0,0.0,0.0,1,4,0,580
1,6,1,1,0,0.75,0.0,0.0,0.0,0.0,2,0,0,0,0.0,0.0,1,4,0,581
2,0,0,0,1,1.0,0.3333333333333333,1.0,0.0,0.0,3,1,0,1,0.0,0.3333333333333333,1,4,0,582
1,6,1,0,0,0.125,0.0,0.0,0.0,0.0,0,0,0,0,0.0,0.0,3,3,0,583
3,7,1,0,1,0.25,0.0,0.0,0.0,0.0,1,0,0,0,0.0,0.0,3,3,0,584
1,0,0,0,0,0.375,0.0,0.0,0.5,1.0,2,0,0,0,0.5,0.0,3,3,0,585
1,2,0,0,1,0.5,0.0,0.0,0.3333333333333333,1.0,3,0,0,0,0.5,0.0,3,3,0,586
2,0,0,1,1,0.625,0.0,0.0,0.5,1.0,4,0,0,0,0.5,0.0,3,3,0,587
2,7,1,0,1,0.75,0.2,1.0,0.6,1.0,5,1,0,1,0.5,0.2,3,3,0,588
1,2,0,0,0,0.875,0.16666666666666666,1.0,0.6666666666666666,1.0,6,1,0,1,0.5,0.16666666666666666,3,3,0,589
3,1,0,0,0,1.0,0.14285714285714285,1.0,0.5714285714285714,1.0,7,1,0,1,0.5,0.14285714285714285,3,3,0,590
2,2,0,0,0,0.25,0.0,0.0,0.0,0.0,0,0,0,0,0.0,0.0,2,4,0,591
1,6,1,0,0,0.5,0.0,0.0,0.0,0.0,1,0,0,0,0.0,0.0,2,4,0,592
3,2,0,0,1,0.75,0.0,0.0,0.0,0.0,2,0,0,0,0.0,0.0,2,4,0,593
2,1,0,0,0,1.0,0.0,0.0,0.3333333333333333,1.0,3,0,0,0,0.5,0.0,2,4,0,594
1,6,1,0,0,0.1667,0.0,0.0,0.0,0.0,0,0,0,0,0.0,0.0,1,3,0,595
3,6,1,0,1,0.3333,0.0,0.0,0.0,0.0,1,0,0,0,0.0,0.0,1,3,0,596
2,2,0,0,0,0.5,0.0,0.0,0.5,1.0,2,0,0,0,0.5,0.0,1,3,0,597
2,0,0,1,1,0.6667,0.0,0.0,0.3333333333333333,1.0,3,0,0,0,0.5,0.0,1,3,0,598
2,0,0,1,0,0.8333,0.25,1.0,0.5,1.0,4,1,0,1,0.5,0.25,1,3,0,599
1,6,1,0,0,1.0,0.4,1.0,0.4,1.0,5,2,0,2,0.5,0.4,1,3,0,600
2,6,1,0,0,0.25,0.0,0.0,0.0,0.0,0,0,0,0,0.0,0.0,1,4,0,601
3,2,0,0,0,0.5,0.0,0.0,0.0,0.0,1,0,0,0,0.0,0.0,1,4,0,602
1,0,0,0,1,0.75,0.0,0.0,0.0,0.0,2,0,0,0,0.0,0.0,1,4,0,603
2,7,1,0,0,1.0,0.0,0.0,0.3333333333333333,1.0,3,0,0,0,0.5,0.0,1,4,0,604
2,2,0,0,0,0.1,0.0,0.0,0.0,0.0,0,0,0,0,0.0,0.0,0,4,0,605
3,7,1,0,0,0.2,0.0,0.0,0.0,0.0,1,0,0,0,0.0,0.0,0,4,0,606
1,1,0,0,0,0.3,0.0,0.0,0.0,0.0,2,0,0,0,0.0,0.0,0,4,0,607
1,1,0,1,0,0.4,0.0,0.0,0.0,0.0,3,0,0,0,0.0,0.0,0,4,0,608
3,6,1,0,1,0.5,0.25,1.0,0.0,0.0,4,1,0,1,0.0,0.25,0,4,0,609
1,0,0,1,0,0.6,0.2,1.0,0.2,1.0,5,1,0,1,0.5,0.2,0,4,0,610
1,1,0,0,0,0.7,0.3333333333333333,1.0,0.16666666666666666,1.0,6,2,0,2,0.5,0.3333333333333333,0,4,0,611
3,2,0,0,0,0.8,0.2857142857142857,1.0,0.14285714285714285,1.0,7,2,0,2,0.5,0.2857142857142857,0,4,0,612
1,1,0,0,1,0.9,0.25,1.0,0.125,1.0,8,2,0,2,0.5,0.25,0,4,0,613
3,2,0,0,0,1.0,0.2222222222222222,1.0,0.2222222222222222,1.0,9,2,0,2,0.5,0.2222222222222222,0,4,0,614
1,6,1,0,0,0.1111,0.0,0.0,0.0,0.0,0,0,0,0,0.0,0.0,2,4,0,615
3,7,1,0,0,0.2222,0.0,0.0,0.0,0.0,1,0,0,0,0.0,0.0,2,4,0,616
3,2,0,0,0,0.3333,0.0,0.0,0.0,0.0,2,0,0,0,0.0,0.0,2,4,0,617
2,7,1,0,0,0.4444,0.0,0.0,0.0,0.0,3,0,0,0,0.0,0.0,2,4,0,618
3,0,0,0,1,0.5556,0.0,0.0,0.0,0.0,4,0,0,0,0.0,0.0,2,4,0,619
3,1,0,0,1,0.6667,0.0,0.0,0.2,1.0,5,0,0,0,0.5,0.0,2,4,0,620
2,0,0,0,1,0.7778,0.0,0.0,0.3333333333333333,1.0,6,0,0,0,0.5,0.0,2,4,0,621
3,7,1,0,0,0.8889,0.0,0.0,0.42857142857142855,1.0,7,0,0,0,0.5,0.0,2,4,0,622
2,6,1,0,0,1.0,0.0,0.0,0.375,1.0,8,0,0,0,0.5,0.0,2,4,0,623
2,7,1,0,0,0.125,0.0,0.0,0.0,0.0,0,0,0,0,0.0,0.0,2,4,0,624
3,0,0,1,0,0.25,0.0,0.0,0.0,0.0,1,0,0,0,0.0,0.0,2,4,0,625
2,0,0,0,0,0.375,0.5,1.0,0.0,0.0,2,1,0,1,0.0,0.5,2,4,0,626
3,6,1,1,1,0.5,0.3333333333333333,1.0,0.0,0.0,3,1,0,1,0.0,0.3333333333333333,2,4,0,627
2,6,1,1,1,0.625,0.5,1.0,0.25,1.0,4,2,0,2,0.5,0.5,2,4,0,628
2,7,1,0,1,0.75,0.6,1.0,0.4,1.0,5,3,0,3,0.5,0.6,2,4,0,629
2,7,1,0,1,0.875,0.5,1.0,0.5,1.0,6,3,0,3,0.5,0.5,2,4,0,630
1,7,1,0,1,1.0,0.42857142857142855,1.0,0.5714285714285714,1.0,7,3,0,3,0.5,0.42857142857142855,2,4,0,631
1,2,0,0,0,0.2,0.0,0.0,0.0,0.0,0,0,0,0,0.0,0.0,1,4,0,632
1,2,0,0,0,0.4,0.0,0.0,0.0,0.0,1,0,0,0,0.0,0.0,1,4,0,633
1,6,1,0,1,0.6,0.0,0.0,0.0,0.0,2,0,0,0,0.0,0.0,1,4,0,634
1,0,0,0,0,0.8,0.0,0.0,0.3333333333333333,1.0,3,0,0,0,0.5,0.0,1,4,0,635
1,0,0,0,1,1.0,0.0,0.0,0.25,1.0,4,0,0,0,0.5,0.0,1,4,0,636
2,1,0,0,0,0.1111,0.0,0.0,0.0,0.0,0,0,0,0,0.0,0.0,1,2,0,637
1,7,1,1,0,0.2222,0.0,0.0,0.0,0.0,1,0,0,0,0.0,0.0,1,2,0,638
2,1,0,0,1,0.3333,0.5,1.0,0.0,0.0,2,1,0,1,0.0,0.5,1,2,0,639
3,6,1,0,1,0.4444,0.3333333333333333,1.0,0.3333333333333333,1.0,3,1,0,1,0.5,0.3333333333333333,1,2,0,640
2,2,0,1,0,0.5556,0.25,1.0,0.5,1.0,4,1,0,1,0.5,0.25,1,2,0,641
3,2,0,0,0,0.6667,0.4,1.0,0.4,1.0,5,2,0,2,0.5,0.4,1,2,0,642
2,7,1,0,0,0.7778,0.3333333333333333,1.0,0.3333333333333333,1.0,6,2,0,2,0.5,0.3333333333333333,1,2,0,643
3,7,1,0,0,0.8889,0.2857142857142857,1.0,0.2857142857142857,1.0,7,2,0,2,0.5,0.2857142857142857,1,2,0,644
3,7,1,1,0,1.0,0.25,1.0,0.25,1.0,8,2,0,2,0.5,0.25,1,2,0,645
3,1,0,0,0,0.125,0.0,0.0,0.0,0.0,0,0,0,0,0.0,0.0,0,3,0,646
3,0,0,1,1,0.25,0.0,0.0,0.0,0.0,1,0,0,0,0.0,0.0,0,3,0,647
1,0,0,0,1,0.375,0.5,1.0,0.5,1.0,2,1,0,1,0.5,0.5,0,3,0,648
2,0,0,0,0,0.5,0.3333333333333333,1.0,0.6666666666666666,1.0,3,1,0,1,0.5,0.3333333333333333,0,3,0,649
2,6,1,0,0,0.625,0.25,1.0,0.5,1.0,4,1,0,1,0.5,0.25,0,3,0,650
1,0,0,0,0,0.75,0.2,1.0,0.4,1.0,5,1,0,1,0.5,0.2,0,3,0,651
3,0,0,0,0,0.875,0.16666666666666666,1.0,0.3333333333333333,1.0,6,1,0,1,0.5,0.16666666666666666,0,3,0,652
1,2,0,0,0,1.0,0.14285714285714285,1.0,0.2857142857142857,1.0,7,1,0,1,0.5,0.14285714285714285,0,3,0,653
1,7,1,0,1,0.1667,0.0,0.0,0.0,0.0,0,0,0,0,0.0,0.0,3,4,0,654
3,0,0,0,0,0.3333,0.0,0.0,1.0,1.0,1,0,0,0,0.5,0.0,3,4,0,655
2,6,1,0,0,0.5,0.0,0.0,0.5,1.0,2,0,0,0,0.5,0.0,3,4,0,656
1,7,1,0,0,0.6667,0.0,0.0,0.3333333333333333,1.0,3,0,0,0,0.5,0.0,3,4,0,657
3,0,0,0,1,0.8333,0.0,0.0,0.25,1.0,4,0,0,0,0.5,0.0,3,4,0,658
2,7,1,0,0,1.0,0.0,0.0,0.4,1.0,5,0,0,0,0.5,0.0,3,4,0,659
3,2,0,0,1,0.25,0.0,0.0,0.0,0.0,0,0,0,0,0.0,0.0,2,3,0,660
3,6,1,0,0,0.5,0.0,0.0,1.0,1.0,1,0,0,0,0.5,0.0,2,3,0,661
2,0,0,0,1,0.75,0.0,0.0,0.5,1.0,2,0,0,0,0.5,0.0,2,3,0,662
3,0,0,1,1,1.0,0.0,0.0,0.6666666666666666,1.0,3,0,0,0,0.5,0.0,2,3,0,663
2,7,1,0,1,0.1,0.0,0.0,0.0,0.0,0,0,0,0,0.0,0.0,2,2,0,664
1,1,0,0,0,0.2,0.0,0.0,1.0,1.0,1,0,0,0,0.5,0.0,2,2,0,665
2,2,0,0,0,0.3,0.0,0.0,0.5,1.0,2,0,0,0,0.5,0.0,2,2,0,666
3,0,0,1,0,0.4,0.0,0.0,0.3333333333333333,1.0,3,0,0,0,0.5,0.0,2,2,0,667
1,0,0,0,1,0.5,0.25,1.0,0.25,1.0,4,1,0,1,0.5,0.25,2,2,0,668
3,6,1,0,0,0.6,0.2,1.0,0.4,1.0,5,1,0,1,0.5,0.2,2,2,0,669
3,1,0,0,1,0.7,0.16666666666666666,1.0,0.3333333333333333,1.0,6,1,0,1,0.5,0.16666666666666666,2,2,0,670
1,7,1,0,0,0.8,0.14285714285714285,1.0,0.42857142857142855,1.0,7,1,0,1,0.5,0.14285714285714285,2,2,0,671
3,7,1,0,0,0.9,0.125,1.0,0.375,1.0,8,1,0,1,0.5,0.125,2,2,0,672
3,2,0,0,1,1.0,0.1111111111111111,1.0,0.3333333333333333,1.0,9,1,0,1,0.5,0.1111111111111111,2,2,0,673
3,2,0,0,0,0.2,0.0,0.0,0.0,0.0,0,0,0,0,0.0,0.0,1,4,0,674
3,0,0,0,1,0.4,0.0,0.0,0.0,0.0,1,0,0,0,0.0,0.0,1,4,0,675
3,7,1,1,0,0.6,0.0,0.0,0.5,1.0,2,0,0,0,0.5,0.0,1,4,0,676
2,7,1,0,0,0.8,0.3333333333333333,1.0,0.3333333333333333,1.0,3,1,0,1,0.5,0.3333333333333333,1,4,0,677
2,7,1,0,1,1.0,0.25,1.0,0.25,1.0,4,1,0,1,0.5,0.25,1,4,0,678
1,0,0,0,0,0.1,0.0,0.0,0.0,0.0,0,0,0,0,0.0,0.0,0,3,0,679
2,2,0,0,0,0.2,0.0,0.0,0.0,0.0,1,0,0,0,0.0,0.0,0,3,0,680
3,2,0,0,0,0.3,0.0,0.0,0.0,0.0,2,0,0,0,0.0,0.0,0,3,0,681
3,6,1,0,1,0.4,0.0,0.0,0.0,0.0,3,0,0,0,0.0,0.0,0,3,0,682
1,0,0,0,1,0.5,0.0,0.0,0.25,1.0,4,0,0,0,0.5,0.0,0,3,0,683
1,0,0,0,0,0.6,0.0,0.0,0.4,1.0,5,0,0,0,0.5,0.0,0,3,0,684
3,6,1,0,1,0.7,0.0,0.0,0.3333333333333333,1.0,6,0,0,0,0.5,0.0,0,3,0,685
2,0,0,0,1,0.8,0.0,0.0,0.42857142857142855,1.0,7,0,0,0,0.5,0.0,0,3,0,686
3,2,0,1,0,0.9,0.0,0.0,0.5,1.0,8,0,0,0,0.5,0.0,0,3,0,687
1,1,0,0,0,1.0,0.1111111111111111,1.0,0.4444444444444444,1.0,9,1,0,1,0.5,0.1111111111111111,0,3,0,688
1,0,0,0,0,0.125,0.0,0.0,0.0,0.0,0,0,0,0,0.0,0.0,1,2,0,689
1,6,1,0,1,0.25,0.0,0.0,0.0,0.0,1,0,0,0,0.0,0.0,1,2,0,690
3,7,1,0,0,0.375,0.0,0.0,0.5,1.0,2,0,0,0,0.5,0.0,1,2,0,691
3,7,1,0,1,0.5,0.0,0.0,0.3333333333333333,1.0,3,0,0,0,0.5,0.0,1,2,0,692
2,0,0,0,0,0.625,0.0,0.0,0.5,1.0,4,0,0,0,0.5,0.0,1,2,0,693
2,1,0,0,0,0.75,0.0,0.0,0.4,1.0,5,0,0,0,0.5,0.0,1,2,0,694
3,2,0,1,0,0.875,0.0,0.0,0.3333333333333333,1.0,6,0,0,0,0.5,0.0,1,2,0,695
1,7,1,0,0,1.0,0.14285714285714285,1.0,0.2857142857142857,1.0,7,1,0,1,0.5,0.14285714285714285,1,2,0,696
1,0,0,0,1,0.125,0.0,0.0,0.0,0.0,0,0,0,0,0.0,0.0,1,2,0,697
2,0,0,0,0,0.25,0.0,0.0,1.0,1.0,1,0,0,0,0.5,0.0,1,2,0,698
1,1,0,1,0,0.375,0.0,0.0,0.5,1.0,2,0,0,0,0.5,0.0,1,2,0,699
1,1,0,0,0,0.5,0.3333333333333333,1.0,0.3333333333333333,1.0,3,1,0,1,0.5,0.3333333333333333,1,2,0,700
3,7,1,0,0,0.625,0.25,1.0,0.25,1.0,4,1,0,1,0.5,0.25,1,2,0,701
2,6,1,0,0,0.75,0.2,1.0,0.2,1.0,5,1,0,1,0.5,0.2,1,2,0,702
2,0,0,0,0,0.875,0.16666666666666666,1.0,0.16666666666666666,1.0,6,1,0,1,0.5,0.16666666666666666,1,2,0,703
3,0,0,1,0,1.0,0.14285714285714285,1.0,0.14285714285714285,1.0,7,1,0,1,0.5,0.14285714285714285,1,2,0,704
3,1,0,0,0,0.125,0.0,0.0,0.0,0.0,0,0,0,0,0.0,0.0,0,2,0,705
3,2,0,0,0,0.25,0.0,0.0,0.0,0.0,1,0,0,0,0.0,0.0,0,2,0,706
2,6,1,1,0,0.375,0.0,0.0,0.0,0.0,2,0,0,0,0.0,0.0,0,2,0,707
3,6,1,0,0,0.5,0.3333333333333333,1.0,0.0,0.0,3,1,0,1,0.0,0.3333333333333333,0,2,0,708
2,1,0,1,0,0.625,0.25,1.0,0.0,0.0,4,1,0,1,0.0,0.25,0,2,0,709
3,7,1,1,0,0.75,0.4,1.0,0.0,0.0,5,2,0,2,0.0,0.4,0,2,0,710
1,1,0,0,0,0.875,0.5,1.0,0.0,0.0,6,3,0,3,0.0,0.5,0,2,0,711
2,0,0,0,0,1.0,0.42857142857142855,1.0,0.0,0.0,7,3,0,3,0.0,0.42857142857142855,0,2,0,712
2,7,1,1,1,0.25,0.0,0.0,0.0,0.0,0,0,0,0,0.0,0.0,3,2,0,713
3,7,1,0,0,0.5,1.0,1.0,1.0,1.0,1,1,0,1,0.5,1.0,3,2,0,714
2,0,0,1,1,0.75,0.5,1.0,0.5,1.0,2,1,0,1,0.5,0.5,3,2,0,715
2,1,0,1,0,1.0,0.6666666666666666,1.0,0.6666666666666666,1.0,3,2,0,2,0.5,0.6666666666666666,3,2,0,716
3,7,1,0,0,0.1429,0.0,0.0,0.0,0.0,0,0,0,0,0.0,0.0,0,2,0,717
1,7,1,0,0,0.2857,0.0,0.0,0.0,0.0,1,0,0,0,0.0,0.0,0,2,0,718
3,2,0,0,0,0.4286,0.0,0.0,0.0,0.0,2,0,0,0,0.0,0.0,0,2,0,719
1,6,1,0,0,0.5714,0.0,0.0,0.0,0.0,3,0,0,0,0.0,0.0,0,2,0,720
3,1,0,0,1,0.7143,0.0,0.0,0.0,0.0,4,0,0,0,0.0,0.0,0,2,0,721
3,2,0,0,0,0.8571,0.0,0.0,0.2,1.0,5,0,0,0,0.5,0.0,0,2,0,722
3,0,0,1,0,1.0,0.0,0.0,0.16666666666666666,1.0,6,0,0,0,0.5,0.0,0,2,0,723
3,6,1,0,0,0.1111,0.0,0.0,0.0,0.0,0,0,0,0,0.0,0.0,0,3,0,724
3,2,0,0,0,0.2222,0.0,0.0,0.0,0.0,1,0,0,0,0.0,0.0,0,3,0,725
1,6,1,0,1,0.3333,0.0,0.0,0.0,0.0,2,0,0,0,0.0,0.0,0,3,0,726
1,2,0,1,0,0.4444,0.0,0.0,0.3333333333333333,1.0,3,0,0,0,0.5,0.0,0,3,0,727
3,1,0,1,1,0.5556,0.25,1.0,0.25,1.0,4,1,0,1,0.5,0.25,0,3,0,728
3,2,0,0,0,0.6667,0.4,1.0,0.4,1.0,5,2,0,2,0.5,0.4,0,3,0,729
1,2,0,0,1,0.7778,0.3333333333333333,1.0,0.3333333333333333,1.0,6,2,0,2,0.5,0.3333333333333333,0,3,0,730
3,1,0,0,1,0.8889,0.2857142857142857,1.0,0.42857142857142855,1.0,7,2,0,2,0.5,0.2857142857142857,0,3,0,731
2,7,1,1,0,1.0,0.25,1.0,0.5,1.0,8,2,0,2,0.5,0.25,0,3,0,732
2,2,0,1,0,0.1667,0.0,0.0,0.0,0.0,0,0,0,0,0.0,0.0,3,2,0,733
3,7,1,0,0,0.3333,1.0,1.0,0.0,0.0,1,1,0,1,0.0,1.0,3,2,0,734
2,0,0,0,0,0.5,0.5,1.0,0.0,0.0,2,1,0,1,0.0,0.5,3,2,0,735
3,6,1,0,1,0.6667,0.3333333333333333,1.0,0.0,0.0,3,1,0,1,0.0,0.3333333333333333,3,2,0,736
1,2,0,1,0,0.8333,0.25,1.0,0.25,1.0,4,1,0,1,0.5,0.25,3,2,0,737
3,2,0,0,0,1.0,0.4,1.0,0.2,1.0,5,2,0,2,0.5,0.4,3,2,0,738
2,6,1,1,0,0.1667,0.0,0.0,0.0,0.0,0,0,0,0,0.0,0.0,2,2,0,739
3,6,1,0,0,0.3333,1.0,1.0,0.0,0.0,1,1,0,1,0.0,1.0,2,2,0,740
3,7,1,1,1,0.5,0.5,1.0,0.0,0.0,2,1,0,1,0.0,0.5,2,2,0,741
2,7,1,0,0,0.6667,0.6666666666666666,1.0,0.3333333333333333,1.0,3,2,0,2,0.5,0.6666666666666666,2,2,0,742
1,2,0,0,0,0.8333,0.5,1.0,0.25,1.0,4,2,0,2,0.5,0.5,2,2,0,743
1,7,1,1,1,1.0,0.4,1.0,0.2,1.0,5,2,0,2,0.5,0.4,2,2,0,744
1,7,1,0,0,0.2,0.0,0.0,0.0,0.0,0,0,0,0,0.0,0.0,1,2,0,745
2,2,0,1,0,0.4,0.0,0.0,0.0,0.0,1,0,0,0,0.0,0.0,1,2,0,746
3,7,1,0,0,0.6,0.5,1.0,0.0,0.0,2,1,0,1,0.0,0.5,1,2,0,747
1,0,0,0,0,0.8,0.3333333333333333,1.0,0.0,0.0,3,1,0,1,0.0,0.3333333333333333,1,2,0,748
1,7,1,0,1,1.0,0.25,1.0,0.0,0.0,4,1,0,1,0.0,0.25,1,2,0,749
3,2,0,1,0,0.1667,0.0,0.0,0.0,0.0,0,0,0,0,0.0,0.0,0,4,0,750
3,0,0,0,1,0.3333,1.0,1.0,0.0,0.0,1,1,0,1,0.0,1.0,0,4,0,751
3,2,0,0,0,0.5,0.5,1.0,0.5,1.0,2,1,0,1,0.5,0.5,0,4,0,752
1,0,0,0,0,0.6667,0.3333333333333333,1.0,0.3333333333333333,1.0,3,1,0,1,0.5,0.3333333333333333,0,4,0,753
2,1,0,0,1,0.8333,0.25,1.0,0.25,1.0,4,1,0,1,0.5,0.25,0,4,0,754
1,2,0,0,0,1.0,0.2,1.0,0.4,1.0,5,1,0,1,0.5,0.2,0,4,0,755
1,7,1,0,1,0.1,0.0,0.0,0.0,0.0,0,0,0,0,0.0,0.0,0,2,0,756
2,2,0,1,0,0.2,0.0,0.0,1.0,1.0,1,0,0,0,0.5,0.0,0,2,0,757
1,6,1,0,1,0.3,0.5,1.0,0.5,1.0,2,1,0,1,0.5,0.5,0,2,0,758
3,2,0,0,0,0.4,0.3333333333333333,1.0,0.6666666666666666,1.0,3,1,0,1,0.5,0.3333333333333333,0,2,0,759
2,6,1,0,0,0.5,0.25,1.0,0.5,1.0,4,1,0,1,0.5,0.25,0,2,0,760
1,0,0,0,1,0.6,0.2,1.0,0.4,1.0,5,1,0,1,0.5,0.2,0,2,0,761
2,0,0,0,1,0.7,0.16666666666666666,1.0,0.5,1.0,6,1,0,1,0.5,0.16666666666666666,0,2,0,762
2,1,0,0,0,0.8,0.14285714285714285,1.0,0.5714285714285714,1.0,7,1,0,1,0.5,0.14285714285714285,0,2,0,763
3,1,0,0,0,0.9,0.125,1.0,0.5,1.0,8,1,0,1,0.5,0.125,0,2,0,764
1,7,1,1,0,1.0,0.1111111111111111,1.0,0.4444444444444444,1.0,9,1,0,1,0.5,0.1111111111111111,0,2,0,765
1,0,0,0,1,0.1667,0.0,0.0,0.0,0.0,0,0,0,0,0.0,0.0,2,4,0,766
3,0,0,0,0,0.3333,0.0,0.0,1.0,1.0,1,0,0,0,0.5,0.0,2,4,0,767
1,6,1,0,1,0.5,0.0,0.0,0.5,1.0,2,0,0,0,0.5,0.0,2,4,0,768
3,1,0,0,0,0.6667,0.0,0.0,0.6666666666666666,1.0,3,0,0,0,0.5,0.0,2,4,0,769
3,2,0,0,0,0.8333,0.0,0.0,0.5,1.0,4,0,0,0,0.5,0.0,2,4,0,770
2,2,0,1,0,1.0,0.0,0.0,0.4,1.0,5,0,0,0,0.5,0.0,2,4,0,771
2,6,1,0,0,0.1429,0.0,0.0,0.0,0.0,0,0,0,0,0.0,0.0,3,4,0,772
2,7,1,0,0,0.2857,0.0,0.0,0.0,0.0,1,0,0,0,0.0,0.0,3,4,0,773
3,1,0,0,0,0.4286,0.0,0.0,0.0,0.0,2,0,0,0,0.0,0.0,3,4,0,774
1,7,1,0,0,0.5714,0.0,0.0,0.0,0.0,3,0,0,0,0.0,0.0,3,4,0,775
3,0,0,0,0,0.7143,0.0,0.0,0.0,0.0,4,0,0,0,0.0,0.0,3,4,0,776
2,7,1,0,1,0.8571,0.0,0.0,0.0,0.0,5,0,0,0,0.0,0.0,3,4,0,777
1,0,0,0,1,1.0,0.0,0.0,0.16666666666666666,1.0,6,0,0,0,0.5,0.0,3,4,0,778
2,0,0,0,0,0.2,0.0,0.0,0.0,0.0,0,0,0,0,0.0,0.0,3,2,0,779
3,1,0,0,0,0.4,0.0,0.0,0.0,0.0,1,0,0,0,0.0,0.0,3,2,0,780
1,1,0,0,0,0.6,0.0,0.0,0.0,0.0,2,0,0,0,0.0,0.0,3,2,0,781
2,7,1,1,0,0.8,0.0,0.0,0.0,0.0,3,0,0,0,0.0,0.0,3,2,0,782
2,0,0,1,1,1.0,0.25,1.0,0.0,0.0,4,1,0,1,0.0,0.25,3,2,0,783
1,2,0,1,0,0.1,0.0,0.0,0.0,0.0,0,0,0,0,0.0,0.0,1,3,0,784
1,0,0,1,0,0.2,1.0,1.0,0.0,0.0,1,1,0,1,0.0,1.0,1,3,0,785
2,1,0,0,0,0.3,1.0,1.0,0.0,0.0,2,2,0,2,0.0,1.0,1,3,0,786
3,7,1,1,0,0.4,0.6666666666666666,1.0,0.0,0.0,3,2,0,2,0.0,0.6666666666666666,1,3,0,787
2,7,1,0,1,0.5,0.75,1.0,0.0,0.0,4,3,0,3,0.0,0.75,1,3,0,788
2,7,1,0,1,0.6,0.6,1.0,0.2,1.0,5,3,0,3,0.5,0.6,1,3,0,789
3,2,0,0,0,0.7,0.5,1.0,0.3333333333333333,1.0,6,3,0,3,0.5,0.5,1,3,0,790
1,2,0,0,1,0.8,0.42857142857142855,1.0,0.2857142857142857,1.0,7,3,0,3,0.5,0.42857142857142855,1,3,0,791
3,2,0,1,1,0.9,0.375,1.0,0.375,1.0,8,3,0,3,0.5,0.375,1,3,0,792
1,6,1,0,0,1.0,0.4444444444444444,1.0,0.4444444444444444,1.0,9,4,0,4,0.5,0.4444444444444444,1,3,0,793
3,6,1,0,1,0.1429,0.0,0.0,0.0,0.0,0,0,0,0,0.0,0.0,3,4,0,794
2,0,0,0,1,0.2857,0.0,0.0,1.0,1.0,1,0,0,0,0.5,0.0,3,4,0,795
2,1,0,0,1,0.4286,0.0,0.0,1.0,1.0,2,0,0,0,0.5,0.0,3,4,0,796
1,6,1,1,0,0.5714,0.0,0.0,1.0,1.0,3,0,0,0,0.5,0.0,3,4,0,797
3,1,0,1,0,0.7143,0.25,1.0,0.75,1.0,4,1,0,1,0.5,0.25,3,4,0,798
1,2,0,0,1,0.8571,0.4,1.0,0.6,1.0,5,2,0,2,0.5,0.4,3,4,0,799
3,6,1,1,0,1.0,0.3333333333333333,1.0,0.6666666666666666,1.0,6,2,0,2,0.5,0.3333333333333333,3,4,0,800
2,7,1,1,0,0.125,0.0,0.0,0.0,0.0,0,0,0,0,0.0,0.0,3,2,0,801
3,7,1,0,1,0.25,1.0,1.0,0.0,0.0,1,1,0,1,0.0,1.0,3,2,0,802
3,2,0,0,1,0.375,0.5,1.0,0.5,1.0,2,1,0,1,0.5,0.5,3,2,0,803
3,7,1,0,0,0.5,0.3333333333333333,1.0,0.6666666666666666,1.0,3,1,0,1,0.5,0.3333333333333333,3,2,0,804
2,6,1,0,0,0.625,0.25,1.0,0.5,1.0,4,1,0,1,0.5,0.25,3,2,0,805
1,2,0,0,1,0.75,0.2,1.0,0.4,1.0,5,1,0,1,0.5,0.2,3,2,0,806
3,6,1,0,0,0.875,0.16666666666666666,1.0,0.5,1.0,6,1,0,1,0.5,0.16666666666666666,3,2,0,807
2,0,0,0,1,1.0,0.14285714285714285,1.0,0.42857142857142855,1.0,7,1,0,1,0.5,0.14285714285714285,3,2,0,808
2,6,1,0,0,0.1667,0.0,0.0,0.0,0.0,0,0,0,0,0.0,0.0,1,2,0,809
2,0,0,0,1,0.3333,0.0,0.0,0.0,0.0,1,0,0,0,0.0,0.0,1,2,0,810
3,2,0,1,0,0.5,0.0,0.0,0.5,1.0,2,0,0,0,0.5,0.0,1,2,0,811
2,7,1,0,0,0.6667,0.3333333333333333,1.0,0.3333333333333333,1.0,3,1,0,1,0.5,0.3333333333333333,1,2,0,812
2,1,0,0,0,0.8333,0.25,1.0,0.25,1.0,4,1,0,1,0.5,0.25,1,2,0,813
3,0,0,0,0,1.0,0.2,1.0,0.2,1.0,5,1,0,1,0.5,0.2,1,2,0,814
1,7,1,0,1,0.125,0.0,0.0,0.0,0.0,0,0,0,0,0.0,0.0,2,2,0,815
2,0,0,0,0,0.25,0.0,0.0,1.0,1.0,1,0,0,0,0.5,0.0,2,2,0,816
3,0,0,0,1,0.375,0.0,0.0,0.5,1.0,2,0,0,0,0.5,0.0,2,2,0,817
3,2,0,0,0,0.5,0.0,0.0,0.6666666666666666,1.0,3,0,0,0,0.5,0.0,2,2,0,818
2,2,0,0,1,0.625,0.0,0.0,0.5,1.0,4,0,0,0,0.5,0.0,2,2,0,819
3,1,0,0,1,0.75,0.0,0.0,0.6,1.0,5,0,0,0,0.5,0.0,2,2,0,820
1,2,0,0,1,0.875,0.0,0.0,0.6666666666666666,1.0,6,0,0,0,0.5,0.0,2,2,0,821
1,0,0,0,0,1.0,0.0,0.0,0.7142857142857143,1.0,7,0,0,0,0.5,0.0,2,2,0,822
1,0,0,0,0,0.1111,0.0,0.0,0.0,0.0,0,0,0,0,0.0,0.0,3,3,0,823
2,0,0,0,0,0.2222,0.0,0.0,0.0,0.0,1,0,0,0,0.0,0.0,3,3,0,824
2,6,1,0,1,0.3333,0.0,0.0,0.0,0.0,2,0,0,0,0.0,0.0,3,3,0,825
2,7,1,0,0,0.4444,0.0,0.0,0.3333333333333333,1.0,3,0,0,0,0.5,0.0,3,3,0,826
2,2,0,1,0,0.5556,0.0,0.0,0.25,1.0,4,0,0,0,0.5,0.0,3,3,0,827
1,1,0,0,0,0.6667,0.2,1.0,0.2,1.0,5,1,0,1,0.5,0.2,3,3,0,828
3,6,1,0,1,0.7778,0.16666666666666666,1.0,0.16666666666666666,1.0,6,1,0,1,0.5,0.16666666666666666,3,3,0,829
1,6,1,0,0,0.8889,0.14285714285714285,1.0,0.2857142857142857,1.0,7,1,0,1,0.5,0.14285714285714285,3,3,0,830
2,1,0,0,0,1.0,0.125,1.0,0.25,1.0,8,1,0,1,0.5,0.125,3,3,0,831
2,7,1,0,0,0.125,0.0,0.0,0.0,0.0,0,0,0,0,0.0,0.0,0,4,0,832
1,0,0,0,0,0.25,0.0,0.0,0.0,0.0,1,0,0,0,0.0,0.0,0,4,0,833
1,0,0,1,1,0.375,0.0,0.0,0.0,0.0,2,0,0,0,0.0,0.0,0,4,0,834
1,7,1,0,0,0.5,0.3333333333333333,1.0,0.3333333333333333,1.0,3,1,0,1,0.5,0.3333333333333333,0,4,0,835
2,1,0,0,0,0.625,0.25,1.0,0.25,1.0,4,1,0,1,0.5,0.25,0,4,0,836
3,1,0,1,1,0.75,0.2,1.0,0.2,1.0,5,1,0,1,0.5,0.2,0,4,0,837
1,7,1,0,1,0.875,0.3333333333333333,1.0,0.3333333333333333,1.0,6,2,0,2,0.5,0.3333333333333333,0,4,0,838
2,1,0,0,0,1.0,0.2857142857142857,1.0,0.42857142857142855,1.0,7,2,0,2,0.5,0.2857142857142857,0,4,0,839
3,7,1,1,1,0.2,0.0,0.0,0.0,0.0,0,0,0,0,0.0,0.0,1,3,0,840
3,6,1,1,1,0.4,1.0,1.0,1.0,1.0,1,1,0,1,0.5,1.0,1,3,0,841
2,6,1,1,0,0.6,1.0,1.0,1.0,1.0,2,2,0,2,0.5,1.0,1,3,0,842
3,1,0,0,0,0.8,1.0,1.0,0.6666666666666666,1.0,3,3,0,3,0.5,1.0,1,3,0,843
2,2,0,0,0,1.0,0.75,1.0,0.5,1.0,4,3,0,3,0.5,0.75,1,3,0,844
2,7,1,0,0,0.1667,0.0,0.0,0.0,0.0,0,0,0,0,0.0,0.0,3,3,0,845
1,0,0,1,0,0.3333,0.0,0.0,0.0,0.0,1,0,0,0,0.0,0.0,3,3,0,846
2,0,0,0,1,0.5,0.5,1.0,0.0,0.0,2,1,0,1,0.0,0.5,3,3,0,847
1,0,0,0,0,0.6667,0.3333333333333333,1.0,0.3333333333333333,1.0,3,1,0,1,0.5,0.3333333333333333,3,3,0,848
2,0,0,0,1,0.8333,0.25,1.0,0.25,1.0,4,1,0,1,0.5,0.25,3,3,0,849
1,1,0,0,0,1.0,0.2,1.0,0.4,1.0,5,1,0,1,0.5,0.2,3,3,0,850
3,7,1,0,0,0.25,0.0,0.0,0.0,0.0,0,0,0,0,0.0,0.0,2,2,0,851
3,1,0,0,0,0.5,0.0,0.0,0.0,0.0,1,0,0,0,0.0,0.0,2,2,0,852
1,2,0,1,0,0.75,0.0,0.0,0.0,0.0,2,0,0,0,0.0,0.0,2,2,0,853
3,6,1,0,0,1.0,0.3333333333333333,1.0,0.0,0.0,3,1,0,1,0.0,0.3333333333333333,2,2,0,854
1,2,0,1,1,0.1,0.0,0.0,0.0,0.0,0,0,0,0,0.0,0.0,3,4,0,855
1,2,0,0,0,0.2,1.0,1.0,1.0,1.0,1,1,0,1,0.5,1.0,3,4,0,856
1,6,1,0,0,0.3,0.5,1.0,0.5,1.0,2,1,0,1,0.5,0.5,3,4,0,857
3,0,0,0,0,0.4,0.3333333333333333,1.0,0.3333333333333333,1.0,3,1,0,1,0.5,0.3333333333333333,3,4,0,858
1,0,0,1,0,0.5,0.25,1.0,0.25,1.0,4,1,0,1,0.5,0.25,3,4,0,859
3,2,0,0,0,0.6,0.4,1.0,0.2,1.0,5,2,0,2,0.5,0.4,3,4,0,860
1,0,0,0,0,0.7,0.3333333333333333,1.0,0.16666666666666666,1.0,6,2,0,2,0.5,0.3333333333333333,3,4,0,861
1,1,0,0,0,0.8,0.2857142857142857,1.0,0.14285714285714285,1.0,7,2,0,2,0.5,0.2857142857142857,3,4,0,862
3,0,0,1,0,0.9,0.25,1.0,0.125,1.0,8,2,0,2,0.5,0.25,3,4,0,863
2,7,1,0,0,1.0,0.3333333333333333,1.0,0.1111111111111111,1.0,9,3,0,3,0.5,0.3333333333333333,3,4,0,864
3,0,0,0,1,0.2,0.0,0.0,0.0,0.0,0,0,0,0,0.0,0.0,0,3,0,865
2,1,0,0,1,0.4,0.0,0.0,1.0,1.0,1,0,0,0,0.5,0.0,0,3,0,866
3,0,0,0,0,0.6,0.0,0.0,1.0,1.0,2,0,0,0,0.5,0.0,0,3,0,867
3,0,0,1,1,0.8,0.0,0.0,0.6666666666666666,1.0,3,0,0,0,0.5,0.0,0,3,0,868
3,2,0,0,1,1.0,0.25,1.0,0.75,1.0,4,1,0,1,0.5,0.25,0,3,0,869
2,7,1,0,0,0.25,0.0,0.0,0.0,0.0,0,0,0,0,0.0,0.0,1,4,0,870
3,6,1,0,0,0.5,0.0,0.0,0.0,0.0,1,0,0,0,0.0,0.0,1,4,0,871
1,1,0,0,1,0.75,0.0,0.0,0.0,0.0,2,0,0,0,0.0,0.0,1,4,0,872
1,0,0,0,1,1.0,0.0,0.0,0.3333333333333333,1.0,3,0,0,0,0.5,0.0,1,4,0,873
3,6,1,0,0,0.1429,0.0,0.0,0.0,0.0,0,0,0,0,0.0,0.0,2,3,0,874
2,2,0,0,1,0.2857,0.0,0.0,0.0,0.0,1,0,0,0,0.0,0.0,2,3,0,875
1,7,1,0,1,0.4286,0.0,0.0,0.5,1.0,2,0,0,0,0.5,0.0,2,3,0,876
1,1,0,0,0,0.5714,0.0,0.0,0.6666666666666666,1.0,3,0,0,0,0.5,0.0,2,3,0,877
1,6,1,1,0,0.7143,0.0,0.0,0.5,1.0,4,0,0,0,0.5,0.0,2,3,0,878
1,1,0,0,0,0.8571,0.2,1.0,0.4,1.0,5,1,0,1,0.5,0.2,2,3,0,879
1,7,1,0,0,1.0,0.16666666666666666,1.0,0.3333333333333333,1.0,6,1,0,1,0.5,0.16666666666666666,2,3,0,880
3,1,0,0,1,0.1,0.0,0.0,0.0,0.0,0,0,0,0,0.0,0.0,2,4,0,881
3,2,0,0,0,0.2,0.0,0.0,1.0,1.0,1,0,0,0,0.5,0.0,2,4,0,882
2,1,0,0,0,0.3,0.0,0.0,0.5,1.0,2,0,0,0,0.5,0.0,2,4,0,883
1,2,0,0,1,0.4,0.0,0.0,0.3333333333333333,1.0,3,0,0,0,0.5,0.0,2,4,0,884
2,1,0,0,0,0.5,0.0,0.0,0.5,1.0,4,0,0,0,0.5,0.0,2,4,0,885
1,6,1,0,1,0.6,0.0,0.0,0.4,1.0,5,0,0,0,0.5,0.0,2,4,0,886
1,0,0,1,1,0.7,0.0,0.0,0.5,1.0,6,0,0,0,0.5,0.0,2,4,0,887
1,6,1,1,0,0.8,0.14285714285714285,1.0,0.5714285714285714,1.0,7,1,0,1,0.5,0.14285714285714285,2,4,0,888
2,7,1,1,0,0.9,0.25,1.0,0.5,1.0,8,2,0,2,0.5,0.25,2,4,0,889
2,6,1,0,1,1.0,0.3333333333333333,1.0,0.4444444444444444,1.0,9,3,0,3,0.5,0.3333333333333333,2,4,0,890
1,7,1,0,0,0.1667,0.0,0.0,0.0,0.0,0,0,0,0,0.0,0.0,2,4,0,891
2,0,0,0,0,0.3333,0.0,0.0,0.0,0.0,1,0,0,0,0.0,0.0,2,4,0,892
2,1,0,0,0,0.5,0.0,0.0,0.0,0.0,2,0,0,0,0.0,0.0,2,4,0,893
2,2,0,0,0,0.6667,0.0,0.0,0.0,0.0,3,0,0,0,0.0,0.0,2,4,0,894
3,0,0,1,0,0.8333,0.0,0.0,0.0,0.0,4,0,0,0,0.0,0.0,2,4,0,895
1,2,0,0,0,1.0,0.2,1.0,0.0,0.0,5,1,0,1,0.0,0.2,2,4,0,896
1,1,0,1,0,0.1429,0.0,0.0,0.0,0.0,0,0,0,0,0.0,0.0,3,3,0,897
1,2,0,1,1,0.2857,1.0,1.0,0.0,0.0,1,1,0,1,0.0,1.0,3,3,0,898
1,1,0,1,0,0.4286,1.0,1.0,0.5,1.0,2,2,0,2,0.5,1.0,3,3,0,899
1,1,0,0,0,0.5714,1.0,1.0,0.3333333333333333,1.0,3,3,0,3,0.5,1.0,3,3,0,900
2,0,0,0,0,0.7143,0.75,1.0,0.25,1.0,4,3,0,3,0.5,0.75,3,3,0,901
2,7,1,0,0,0.8571,0.6,1.0,0.2,1.0,5,3,0,3,0.5,0.6,3,3,0,902
3,2,0,0,0,1.0,0.5,1.0,0.16666666666666666,1.0,6,3,0,3,0.5,0.5,3,3,0,903
3,0,0,0,0,0.1429,0.0,0.0,0.0,0.0,0,0,0,0,0.0,0.0,0,4,0,904
3,0,0,1,0,0.2857,0.0,0.0,0.0,0.0,1,0,0,0,0.0,0.0,0,4,0,905
2,7,1,0,0,0.4286,0.5,1.0,0.0,0.0,2,1,0,1,0.0,0.5,0,4,0,906
3,7,1,0,0,0.5714,0.3333333333333333,1.0,0.0,0.0,3,1,0,1,0.0,0.3333333333333333,0,4,0,907
2,0,0,1,0,0.7143,0.25,1.0,0.0,0.0,4,1,0,1,0.0,0.25,0,4,0,908
2,0,0,1,0,0.8571,0.4,1.0,0.0,0.0,5,2,0,2,0.0,0.4,0,4,0,909
1,0,0,0,0,1.0,0.5,1.0,0.0,0.0,6,3,0,3,0.0,0.5,0,4,0,910
2,6,1,0,0,0.25,0.0,0.0,0.0,0.0,0,0,0,0,0.0,0.0,3,3,0,911
3,7,1,1,0,0.5,0.0,0.0,0.0,0.0,1,0,0,0,0.0,0.0,3,3,0,912
2,2,0,0,0,0.75,0.5,1.0,0.0,0.0,2,1,0,1,0.0,0.5,3,3,0,913
2,7,1,0,1,1.0,0.3333333333333333,1.0,0.0,0.0,3,1,0,1,0.0,0.3333333333333333,3,3,0,914
2,0,0,0,1,0.1111,0.0,0.0,0.0,0.0,0,0,0,0,0.0,0.0,3,2,0,915
2,0,0,0,0,0.2222,0.0,0.0,1.0,1.0,1,0,0,0,0.5,0.0,3,2,0,916
3,1,0,0,0,0.3333,0.0,0.0,0.5,1.0,2,0,0,0,0.5,0.0,3,2,0,917
2,1,0,0,0,0.4444,0.0,0.0,0.3333333333333333,1.0,3,0,0,0,0.5,0.0,3,2,0,918
3,7,1,0,0,0.5556,0.0,0.0,0.25,1.0,4,0,0,0,0.5,0.0,3,2,0,919
1,1,0,0,1,0.6667,0.0,0.0,0.2,1.0,5,0,0,0,0.5,0.0,3,2,0,920
3,6,1,0,0,0.7778,0.0,0.0,0.3333333333333333,1.0,6,0,0,0,0.5,0.0,3,2,0,921
1,0,0,0,0,0.8889,0.0,0.0,0.2857142857142857,1.0,7,0,0,0,0.5,0.0,3,2,0,922
3,1,0,1,0,1.0,0.0,0.0,0.25,1.0,8,0,0,0,0.5,0.0,3,2,0,923
2,6,1,1,1,0.125,0.0,0.0,0.0,0.0,0,0,0,0,0.0,0.0,2,4,0,924
2,0,0,1,0,0.25,1.0,1.0,1.0,1.0,1,1,0,1,0.5,1.0,2,4,0,925
1,6,1,1,0,0.375,1.0,1.0,0.5,1.0,2,2,0,2,0.5,1.0,2,4,0,926
3,6,1,1,0,0.5,1.0,1.0,0.3333333333333333,1.0,3,3,0,3,0.5,1.0,2,4,0,927
3,1,0,0,0,0.625,1.0,1.0,0.25,1.0,4,4,0,4,0.5,1.0,2,4,0,928
3,6,1,0,0,0.75,0.8,1.0,0.2,1.0,5,4,0,4,0.5,0.8,2,4,0,929
1,0,0,0,0,0.875,0.6666666666666666,1.0,0.16666666666666666,1.0,6,4,0,4,0.5,0.6666666666666666,2,4,0,930
2,6,1,1,1,1.0,0.5714285714285714,1.0,0.14285714285714285,1.0,7,4,0,4,0.5,0.5714285714285714,2,4,0,931
2,1,0,1,1,0.1667,0.0,0.0,0.0,0.0,0,0,0,0,0.0,0.0,3,4,0,932
2,7,1,0,0,0.3333,1.0,1.0,1.0,1.0,1,1,0,1,0.5,1.0,3,4,0,933
1,6,1,0,0,0.5,0.5,1.0,0.5,1.0,2,1,0,1,0.5,0.5,3,4,0,934
2,0,0,0,1,0.6667,0.3333333333333333,1.0,0.3333333333333333,1.0,3,1,0,1,0.5,0.3333333333333333,3,4,0,935
1,7,1,1,0,0.8333,0.25,1.0,0.5,1.0,4,1,0,1,0.5,0.25,3,4,0,936
1,2,0,0,1,1.0,0.4,1.0,0.4,1.0,5,2,0,2,0.5,0.4,3,4,0,937
2,2,0,0,1,0.1111,0.0,0.0,0.0,0.0,0,0,0,0,0.0,0.0,2,2,0,938
1,0,0,0,0,0.2222,0.0,0.0,1.0,1.0,1,0,0,0,0.5,0.0,2,2,0,939
1,1,0,0,1,0.3333,0.0,0.0,0.5,1.0,2,0,0,0,0.5,0.0,2,2,0,940
3,0,0,0,1,0.4444,0.0,0.0,0.6666666666666666,1.0,3,0,0,0,0.5,0.0,2,2,0,941
1,0,0,1,0,0.5556,0.0,0.0,0.75,1.0,4,0,0,0,0.5,0.0,2,2,0,942
1,6,1,0,0,0.6667,0.2,1.0,0.6,1.0,5,1,0,1,0.5,0.2,2,2,0,943
3,0,0,0,0,0.7778,0.16666666666666666,1.0,0.5,1.0,6,1,0,1,0.5,0.16666666666666666,2,2,0,944
2,7,1,0,0,0.8889,0.14285714285714285,1.0,0.42857142857142855,1.0,7,1,0,1,0.5,0.14285714285714285,2,2,0,945
1,7,1,0,0,1.0,0.125,1.0,0.375,1.0,8,1,0,1,0.5,0.125,2,2,0,946
3,2,0,0,0,0.125,0.0,0.0,0.0,0.0,0,0,0,0,0.0,0.0,0,3,0,947
3,1,0,0,0,0.25,0.0,0.0,0.0,0.0,1,0,0,0,0.0,0.0,0,3,0,948
2,6,1,1,0,0.375,0.0,0.0,0.0,0.0,2,0,0,0,0.0,0.0,0,3,0,949
1,1,0,0,1,0.5,0.3333333333333333,1.0,0.0,0.0,3,1,0,1,0.0,0.3333333333333333,0,3,0,950
3,6,1,0,0,0.625,0.25,1.0,0.25,1.0,4,1,0,1,0.5,0.25,0,3,0,951
2,2,0,1,1,0.75,0.2,1.0,0.2,1.0,5,1,0,1,0.5,0.2,0,3,0,952
3,1,0,1,0,0.875,0.3333333333333333,1.0,0.3333333333333333,1.0,6,2,0,2,0.5,0.3333333333333333,0,3,0,953
1,7,1,0,0,1.0,0.42857142857142855,1.0,0.2857142857142857,1.0,7,3,0,3,0.5,0.42857142857142855,0,3,0,954
1,6,1,0,0,0.25,0.0,0.0,0.0,0.0,0,0,0,0,0.0,0.0,2,2,0,955
1,7,1,0,0,0.5,0.0,0.0,0.0,0.0,1,0,0,0,0.0,0.0,2,2,0,956
2,0,0,0,0,0.75,0.0,0.0,0.0,0.0,2,0,0,0,0.0,0.0,2,2,0,957
1,0,0,1,1,1.0,0.0,0.0,0.0,0.0,3,0,0,0,0.0,0.0,2,2,0,958
3,7,1,1,0,0.1667,0.0,0.0,0.0,0.0,0,0,0,0,0.0,0.0,0,2,0,959
1,1,0,1,1,0.3333,1.0,1.0,0.0,0.0,1,1,0,1,0.0,1.0,0,2,0,960
3,6,1,1,0,0.5,1.0,1.0,0.5,1.0,2,2,0,2,0.5,1.0,0,2,0,961
3,7,1,1,0,0.6667,1.0,1.0,0.3333333333333333,1.0,3,3,0,3,0.5,1.0,0,2,0,962
2,0,0,0,1,0.8333,1.0,1.0,0.25,1.0,4,4,0,4,0.5,1.0,0,2,0,963
1,1,0,0,0,1.0,0.8,1.0,0.4,1.0,5,4,0,4,0.5,0.8,0,2,0,964
2,7,1,0,0,0.1429,0.0,0.0,0.0,0.0,0,0,0,0,0.0,0.0,0,2,0,965
3,0,0,0,1,0.2857,0.0,0.0,0.0,0.0,1,0,0,0,0.0,0.0,0,2,0,966
3,2,0,0,0,0.4286,0.0,0.0,0.5,1.0,2,0,0,0,0.5,0.0,0,2,0,967
3,0,0,0,0,0.5714,0.0,0.0,0.3333333333333333,1.0,3,0,0,0,0.5,0.0,0,2,0,968
3,6,1,1,0,0.7143,0.0,0.0,0.25,1.0,4,0,0,0,0.5,0.0,0,2,0,969
1,1,0,0,0,0.8571,0.2,1.0,0.2,1.0,5,1,0,1,0.5,0.2,0,2,0,970
1,1,0,0,0,1.0,0.16666666666666666,1.0,0.16666666666666666,1.0,6,1,0,1,0.5,0.16666666666666666,0,2,0,971
1,1,0,0,1,0.2,0.0,0.0,0.0,0.0,0,0,0,0,0.0,0.0,1,3,0,972
2,6,1,1,0,0.4,0.0,0.0,1.0,1.0,1,0,0,0,0.5,0.0,1,3,0,973
2,0,0,0,0,0.6,0.5,1.0,0.5,1.0,2,1,0,1,0.5,0.5,1,3,0,974
1,1,0,0,0,0.8,0.3333333333333333,1.0,0.3333333333333333,1.0,3,1,0,1,0.5,0.3333333333333333,1,3,0,975
2,6,1,0,1,1.0,0.25,1.0,0.25,1.0,4,1,0,1,0.5,0.25,1,3,0,976
2,7,1,1,0,0.25,0.0,0.0,0.0,0.0,0,0,0,0,0.0,0.0,1,3,0,977
1,0,0,0,0,0.5,1.0,1.0,0.0,0.0,1,1,0,1,0.0,1.0,1,3,0,978
1,0,0,0,1,0.75,0.5,1.0,0.0,0.0,2,1,0,1,0.0,0.5,1,3,0,979
3,7,1,0,0,1.0,0.3333333333333333,1.0,0.3333333333333333,1.0,3,1,0,1,0.5,0.3333333333333333,1,3,0,980
2,7,1,0,1,0.25,0.0,0.0,0.0,0.0,0,0,0,0,0.0,0.0,3,3,0,981
1,1,0,0,0,0.5,0.0,0.0,1.0,1.0,1,0,0,0,0.5,0.0,3,3,0,982
1,1,0,0,0,0.75,0.0,0.0,0.5,1.0,2,0,0,0,0.5,0.0,3,3,0,983
3,1,0,0,0,1.0,0.0,0.0,0.3333333333333333,1.0,3,0,0,0,0.5,0.0,3,3,0,984
1,6,1,0,0,0.25,0.0,0.0,0.0,0.0,0,0,0,0,0.0,0.0,0,4,0,985
3,6,1,0,0,0.5,0.0,0.0,0.0,0.0,1,0,0,0,0.0,0.0,0,4,0,986
1,0,0,0,1,0.75,0.0,0.0,0.0,0.0,2,0,0,0,0.0,0.0,0,4,0,987
1,7,1,0,1,1.0,0.0,0.0,0.3333333333333333,1.0,3,0,0,0,0.5,0.0,0,4,0,988
2,6,1,0,0,0.25,0.0,0.0,0.0,0.0,0,0,0,0,0.0,0.0,1,2,0,989
3,7,1,0,0,0.5,0.0,0.0,0.0,0.0,1,0,0,0,0.0,0.0,1,2,0,990
3,6,1,0,1,0.75,0.0,0.0,0.0,0.0,2,0,0,0,0.0,0.0,1,2,0,991
3,0,0,0,1,1.0,0.0,0.0,0.3333333333333333,1.0,3,0,0,0,0.5,0.0,1,2,0,992
3,2,0,1,1,0.125,0.0,0.0,0.0,0.0,0,0,0,0,0.0,0.0,1,4,0,993
2,7,1,0,0,0.25,1.0,1.0,1.0,1.0,1,1,0,1,0.5,1.0,1,4,0,994
2,2,0,0,0,0.375,0.5,1.0,0.5,1.0,2,1,0,1,0.5,0.5,1,4,0,995
3,0,0,0,0,0.5,0.3333333333333333,1.0,0.3333333333333333,1.0,3,1,0,1,0.5,0.3333333333333333,1,4,0,996
3,7,1,1,0,0.625,0.25,1.0,0.25,1.0,4,1,0,1,0.5,0.25,1,4,0,997
3,7,1,0,1,0.75,0.4,1.0,0.2,1.0,5,2,0,2,0.5,0.4,1,4,0,998
2,6,1,1,1,0.875,0.3333333333333333,1.0,0.3333333333333333,1.0,6,2,0,2,0.5,0.3333333333333333,1,4,0,999
3,2,0,0,0,1.0,0.42857142857142855,1.0,0.42857142857142855,1.0,7,3,0,3,0.5,0.42857142857142855,1,4,0,1000
3,0,0,0,1,0.125,0.0,0.0,0.0,0.0,0,0,0,0,0.0,0.0,0,2,0,1001
2,0,0,0,0,0.25,0.0,0.0,1.0,1.0,1,0,0,0,0.5,0.0,0,2,0,1002
1,7,1,0,0,0.375,0.0,0.0,0.5,1.0,2,0,0,0,0.5,0.0,0,2,0,1003
1,6,1,0,0,0.5,0.0,0.0,0.3333333333333333,1.0,3,0,0,0,0.5,0.0,0,2,0,1004
3,6,1,0,0,0.625,0.0,0.0,0.25,1.0,4,0,0,0,0.5,0.0,0,2,0,1005
2,0,0,0,0,0.75,0.0,0.0,0.2,1.0,5,0,0,0,0.5,0.0,0,2,0,1006
1,7,1,0,0,0.875,0.0,0.0,0.16666666666666666,1.0,6,0,0,0,0.5,0.0,0,2,0,1007
3,2,0,1,0,1.0,0.0,0.0,0.14285714285714285,1.0,7,0,0,0,0.5,0.0,0,2,0,1008
2,7,1,0,1,0.25,0.0,0.0,0.0,0.0,0,0,0,0,0.0,0.0,2,2,0,1009
1,7,1,0,0,0.5,0.0,0.0,1.0,1.0,1,0,0,0,0.5,0.0,2,2,0,1010
2,7,1,0,0,0.75,0.0,0.0,0.5,1.0,2,0,0,0,0.5,0.0,2,2,0,1011
2,6,1,1,0,1.0,0.0,0.0,0.3333333333333333,1.0,3,0,0,0,0.5,0.0,2,2,0,1012
2,2,0,0,0,0.125,0.0,0.0,0.0,0.0,0,0,0,0,0.0,0.0,2,2,0,1013
1,1,0,0,1,0.25,0.0,0.0,0.0,0.0,1,0,0,0,0.0,0.0,2,2,0,1014
1,0,0,1,0,0.375,0.0,0.0,0.5,1.0,2,0,0,0,0.5,0.0,2,2,0,1015
3,7,1,1,0,0.5,0.3333333333333333,1.0,0.3333333333333333,1.0,3,1,0,1,0.5,0.3333333333333333,2,2,0,1016
3,6,1,0,0,0.625,0.5,1.0,0.25,1.0,4,2,0,2,0.5,0.5,2,2,0,1017
1,6,1,0,0,0.75,0.4,1.0,0.2,1.0,5,2,0,2,0.5,0.4,2,2,0,1018
1,1,0,0,1,0.875,0.3333333333333333,1.0,0.16666666666666666,1.0,6,2,0,2,0.5,0.3333333333333333,2,2,0,1019
1,7,1,1,1,1.0,0.2857142857142857,1.0,0.2857142857142857,1.0,7,2,0,2,0.5,0.2857142857142857,2,2,0,1020
2,1,0,0,0,0.1667,0.0,0.0,0.0,0.0,0,0,0,0,0.0,0.0,0,4,0,1021
2,0,0,1,1,0.3333,0.0,0.0,0.0,0.0,1,0,0,0,0.0,0.0,0,4,0,1022
3,0,0,0,0,0.5,0.5,1.0,0.5,1.0,2,1,0,1,0.5,0.5,0,4,0,1023
2,2,0,0,0,0.6667,0.3333333333333333,1.0,0.3333333333333333,1.0,3,1,0,1,0.5,0.3333333333333333,0,4,0,1024
3,7,1,1,1,0.8333,0.25,1.0,0.25,1.0,4,1,0,1,0.5,0.25,0,4,0,1025
1,6,1,0,0,1.0,0.4,1.0,0.4,1.0,5,2,0,2,0.5,0.4,0,4,0,1026
2,2,0,0,1,0.25,0.0,0.0,0.0,0.0,0,0,0,0,0.0,0.0,0,2,0,1027
2,1,0,0,0,0.5,0.0,0.0,1.0,1.0,1,0,0,0,0.5,0.0,0,2,0,1028
1,6,1,0,0,0.75,0.0,0.0,0.5,1.0,2,0,0,0,0.5,0.0,0,2,0,1029
2,1,0,1,0,1.0,0.0,0.0,0.3333333333333333,1.0,3,0,0,0,0.5,0.0,0,2,0,1030
3,2,0,0,0,0.125,0.0,0.0,0.0,0.0,0,0,0,0,0.0,0.0,0,3,0,1031
1,7,1,0,0,0.25,0.0,0.0,0.0,0.0,1,0,0,0,0.0,0.0,0,3,0,1032
1,6,1,0,1,0.375,0.0,0.0,0.0,0.0,2,0,0,0,0.0,0.0,0,3,0,1033
3,0,0,0,0,0.5,0.0,0.0,0.3333333333333333,1.0,3,0,0,0,0.5,0.0,0,3,0,1034
1,6,1,0,0,0.625,0.0,0.0,0.25,1.0,4,0,0,0,0.5,0.0,0,3,0,1035
1,6,1,0,1,0.75,0.0,0.0,0.2,1.0,5,0,0,0,0.5,0.0,0,3,0,1036
2,0,0,0,0,0.875,0.0,0.0,0.3333333333333333,1.0,6,0,0,0,0.5,0.0,0,3,0,1037
3,2,0,0,1,1.0,0.0,0.0,0.2857142857142857,1.0,7,0,0,0,0.5,0.0,0,3,0,1038
2,7,1,0,0,0.2,0.0,0.0,0.0,0.0,0,0,0,0,0.0,0.0,3,4,0,1039
2,2,0,0,1,0.4,0.0,0.0,0.0,0.0,1,0,0,0,0.0,0.0,3,4,0,1040
2,2,0,0,1,0.6,0.0,0.0,0.5,1.0,2,0,0,0,0.5,0.0,3,4,0,1041
3,0,0,0,0,0.8,0.0,0.0,0.6666666666666666,1.0,3,0,0,0,0.5,0.0,3,4,0,1042
2,7,1,0,1,1.0,0.0,0.0,0.5,1.0,4,0,0,0,0.5,0.0,3,4,0,1043
2,7,1,0,0,0.25,0.0,0.0,0.0,0.0,0,0,0,0,0.0,0.0,3,4,0,1044
3,6,1,0,0,0.5,0.0,0.0,0.0,0.0,1,0,0,0,0.0,0.0,3,4,0,1045
1,1,0,0,0,0.75,0.0,0.0,0.0,0.0,2,0,0,0,0.0,0.0,3,4,0,1046
2,6,1,0,0,1.0,0.0,0.0,0.0,0.0,3,0,0,0,0.0,0.0,3,4,0,1047
2,1,0,0,0,0.1667,0.0,0.0,0.0,0.0,0,0,0,0,0.0,0.0,0,4,0,1048
3,6,1,0,0,0.3333,0.0,0.0,0.0,0.0,1,0,0,0,0.0,0.0,0,4,0,1049
3,0,0,1,1,0.5,0.0,0.0,0.0,0.0,2,0,0,0,0.0,0.0,0,4,0,1050
2,6,1,0,1,0.6667,0.3333333333333333,1.0,0.3333333333333333,1.0,3,1,0,1,0.5,0.3333333333333333,0,4,0,1051
1,1,0,0,0,0.8333,0.25,1.0,0.5,1.0,4,1,0,1,0.5,0.25,0,4,0,1052
1,7,1,0,1,1.0,0.2,1.0,0.4,1.0,5,1,0,1,0.5,0.2,0,4,0,1053
3,6,1,0,0,0.1,0.0,0.0,0.0,0.0,0,0,0,0,0.0,0.0,3,2,0,1054
2,6,1,0,0,0.2,0.0,0.0,0.0,0.0,1,0,0,0,0.0,0.0,3,2,0,1055
2,0,0,0,1,0.3,0.0,0.0,0.0,0.0,2,0,0,0,0.0,0.0,3,2,0,1056
2,1,0,0,0,0.4,0.0,0.0,0.3333333333333333,1.0,3,0,0,0,0.5,0.0,3,2,0,1057
2,6,1,0,1,0.5,0.0,0.0,0.25,1.0,4,0,0,0,0.5,0.0,3,2,0,1058
1,1,0,1,1,0.6,0.0,0.0,0.4,1.0,5,0,0,0,0.5,0.0,3,2,0,1059
3,0,0,1,1,0.7,0.16666666666666666,1.0,0.5,1.0,6,1,0,1,0.5,0.16666666666666666,3,2,0,1060
1,0,0,0,0,0.8,0.2857142857142857,1.0,0.5714285714285714,1.0,7,2,0,2,0.5,0.2857142857142857,3,2,0,1061
2,6,1,1,0,0.9,0.25,1.0,0.5,1.0,8,2,0,2,0.5,0.25,3,2,0,1062
3,7,1,0,1,1.0,0.3333333333333333,1.0,0.4444444444444444,1.0,9,3,0,3,0.5,0.3333333333333333,3,2,0,1063
1,0,0,0,0,0.1429,0.0,0.0,0.0,0.0,0,0,0,0,0.0,0.0,0,3,0,1064
3,6,1,0,0,0.2857,0.0,0.0,0.0,0.0,1,0,0,0,0.0,0.0,0,3,0,1065
2,2,0,0,0,0.4286,0.0,0.0,0.0,0.0,2,0,0,0,0.0,0.0,0,3,0,1066
3,6,1,0,0,0.5714,0.0,0.0,0.0,0.0,3,0,0,0,0.0,0.0,0,3,0,1067
1,7,1,0,1,0.7143,0.0,0.0,0.0,0.0,4,0,0,0,0.0,0.0,0,3,0,1068
2,6,1,0,0,0.8571,0.0,0.0,0.2,1.0,5,0,0,0,0.5,0.0,0,3,0,1069
1,7,1,0,1,1.0,0.0,0.0,0.16666666666666666,1.0,6,0,0,0,0.5,0.0,0,3,0,1070
2,1,0,0,0,0.25,0.0,0.0,0.0,0.0,0,0,0,0,0.0,0.0,1,2,0,1071
2,6,1,0,0,0.5,0.0,0.0,0.0,0.0,1,0,0,0,0.0,0.0,1,2,0,1072
1,0,0,0,0,0.75,0.0,0.0,0.0,0.0,2,0,0,0,0.0,0.0,1,2,0,1073
3,0,0,0,1,1.0,0.0,0.0,0.0,0.0,3,0,0,0,0.0,0.0,1,2,0,1074
1,2,0,0,0,0.25,0.0,0.0,0.0,0.0,0,0,0,0,0.0,0.0,2,4,0,1075
3,0,0,0,0,0.5,0.0,0.0,0.0,0.0,1,0,0,0,0.0,0.0,2,4,0,1076
2,6,1,0,0,0.75,0.0,0.0,0.0,0.0,2,0,0,0,0.0,0.0,2,4,0,1077
2,2,0,0,0,1.0,0.0,0.0,0.0,0.0,3,0,0,0,0.0,0.0,2,4,0,1078
2,1,0,0,0,0.1,0.0,0.0,0.0,0.0,0,0,0,0,0.0,0.0,2,3,0,1079
3,2,0,0,0,0.2,0.0,0.0,0.0,0.0,1,0,0,0,0.0,0.0,2,3,0,1080
2,6,1,1,0,0.3,0.0,0.0,0.0,0.0,2,0,0,0,0.0,0.0,2,3,0,1081
1,6,1,0,0,0.4,0.3333333333333333,1.0,0.0,0.0,3,1,0,1,0.0,0.3333333333333333,2,3,0,1082
3,7,1,0,1,0.5,0.25,1.0,0.0,0.0,4,1,0,1,0.0,0.25,2,3,0,1083
1,7,1,0,1,0.6,0.2,1.0,0.2,1.0,5,1,0,1,0.5,0.2,2,3,0,1084
2,0,0,0,0,0.7,0.16666666666666666,1.0,0.3333333333333333,1.0,6,1,0,1,0.5,0.16666666666666666,2,3,0,1085
3,2,0,0,0,0.8,0.14285714285714285,1.0,0.2857142857142857,1.0,7,1,0,1,0.5,0.14285714285714285,2,3,0,1086
1,6,1,1,0,0.9,0.125,1.0,0.25,1.0,8,1,0,1,0.5,0.125,2,3,0,1087
1,6,1,0,0,1.0,0.2222222222222222,1.0,0.2222222222222222,1.0,9,2,0,2,0.5,0.2222222222222222,2,3,0,1088
2,2,0,0,0,0.1111,0.0,0.0,0.0,0.0,0,0,0,0,0.0,0.0,2,3,0,1089
3,7,1,1,0,0.2222,0.0,0.0,0.0,0.0,1,0,0,0,0.0,0.0,2,3,0,1090
3,6,1,0,1,0.3333,0.5,1.0,0.0,0.0,2,1,0,1,0.0,0.5,2,3,0,1091
3,0,0,0,1,0.4444,0.3333333333333333,1.0,0.3333333333333333,1.0,3,1,0,1,0.5,0.3333333333333333,2,3,0,1092
2,7,1,1,1,0.5556,0.25,1.0,0.5,1.0,4,1,0,1,0.5,0.25,2,3,0,1093
2,0,0,0,0,0.6667,0.4,1.0,0.6,1.0,5,2,0,2,0.5,0.4,2,3,0,1094
2,2,0,0,0,0.7778,0.3333333333333333,1.0,0.5,1.0,6,2,0,2,0.5,0.3333333333333333,2,3,0,1095
1,0,0,0,0,0.8889,0.2857142857142857,1.0,0.42857142857142855,1.0,7,2,0,2,0.5,0.2857142857142857,2,3,0,1096
1,2,0,0,0,1.0,0.25,1.0,0.375,1.0,8,2,0,2,0.5,0.25,2,3,0,1097
2,7,1,0,0,0.1429,0.0,0.0,0.0,0.0,0,0,0,0,0.0,0.0,1,2,0,1098
3,2,0,0,1,0.2857,0.0,0.0,0.0,0.0,1,0,0,0,0.0,0.0,1,2,0,1099
2,2,0,0,0,0.4286,0.0,0.0,0.5,1.0,2,0,0,0,0.5,0.0,1,2,0,1100
2,2,0,0,0,0.5714,0.0,0.0,0.3333333333333333,1.0,3,0,0,0,0.5,0.0,1,2,0,1101
2,0,0,0,0,0.7143,0.0,0.0,0.25,1.0,4,0,0,0,0.5,0.0,1,2,0,1102
2,6,1,0,1,0.8571,0.0,0.0,0.2,1.0,5,0,0,0,0.5,0.0,1,2,0,1103
2,2,0,0,0,1.0,0.0,0.0,0.3333333333333333,1.0,6,0,0,0,0.5,0.0,1,2,0,1104
1,0,0,1,0,0.1667,0.0,0.0,0.0,0.0,0,0,0,0,0.0,0.0,2,4,0,1105
3,7,1,0,1,0.3333,1.0,1.0,0.0,0.0,1,1,0,1,0.0,1.0,2,4,0,1106
1,2,0,1,1,0.5,0.5,1.0,0.5,1.0,2,1,0,1,0.5,0.5,2,4,0,1107
1,2,0,0,1,0.6667,0.6666666666666666,1.0,0.6666666666666666,1.0,3,2,0,2,0.5,0.6666666666666666,2,4,0,1108
1,0,0,1,0,0.8333,0.5,1.0,0.75,1.0,4,2,0,2,0.5,0.5,2,4,0,1109
2,1,0,0,0,1.0,0.6,1.0,0.6,1.0,5,3,0,3,0.5,0.6,2,4,0,1110
3,0,0,0,0,0.1111,0.0,0.0,0.0,0.0,0,0,0,0,0.0,0.0,0,2,0,1111
2,2,0,0,1,0.2222,0.0,0.0,0.0,0.0,1,0,0,0,0.0,0.0,0,2,0,1112
2,2,0,0,0,0.3333,0.0,0.0,0.5,1.0,2,0,0,0,0.5,0.0,0,2,0,1113
3,1,0,0,1,0.4444,0.0,0.0,0.3333333333333333,1.0,3,0,0,0,0.5,0.0,0,2,0,1114
2,0,0,1,0,0.5556,0.0,0.0,0.5,1.0,4,0,0,0,0.5,0.0,0,2,0,1115
2,2,0,1,0,0.6667,0.2,1.0,0.4,1.0,5,1,0,1,0.5,0.2,0,2,0,1116
2,1,0,1,0,0.7778,0.3333333333333333,1.0,0.3333333333333333,1.0,6,2,0,2,0.5,0.3333333333333333,0,2,0,1117
1,7,1,0,0,0.8889,0.42857142857142855,1.0,0.2857142857142857,1.0,7,3,0,3,0.5,0.42857142857142855,0,2,0,1118
1,2,0,0,0,1.0,0.375,1.0,0.25,1.0,8,3,0,3,0.5,0.375,0,2,0,1119
3,0,0,0,1,0.1667,0.0,0.0,0.0,0.0,0,0,0,0,0.0,0.0,3,4,0,1120
3,0,0,0,0,0.3333,0.0,0.0,1.0,1.0,1,0,0,0,0.5,0.0,3,4,0,1121
1,1,0,0,0,0.5,0.0,0.0,0.5,1.0,2,0,0,0,0.5,0.0,3,4,0,1122
2,1,0,0,1,0.6667,0.0,0.0,0.3333333333333333,1.0,3,0,0,0,0.5,0.0,3,4,0,1123
2,6,1,0,0,0.8333,0.0,0.0,0.5,1.0,4,0,0,0,0.5,0.0,3,4,0,1124
1,6,1,0,0,1.0,0.0,0.0,0.4,1.0,5,0,0,0,0.5,0.0,3,4,0,1125
1,1,0,0,0,0.1429,0.0,0.0,0.0,0.0,0,0,0,0,0.0,0.0,3,4,0,1126
2,2,0,1,0,0.2857,0.0,0.0,0.0,0.0,1,0,0,0,0.0,0.0,3,4,0,1127
2,7,1,1,0,0.4286,0.5,1.0,0.0,0.0,2,1,0,1,0.0,0.5,3,4,0,1128
2,0,0,0,0,0.5714,0.6666666666666666,1.0,0.0,0.0,3,2,0,2,0.0,0.6666666666666666,3,4,0,1129
2,2,0,0,0,0.7143,0.5,1.0,0.0,0.0,4,2,0,2,0.0,0.5,3,4,0,1130
3,1,0,1,1,0.8571,0.4,1.0,0.0,0.0,5,2,0,2,0.0,0.4,3,4,0,1131
1,1,0,0,0,1.0,0.5,1.0,0.16666666666666666,1.0,6,3,0,3,0.5,0.5,3,4,0,1132
1,1,0,0,0,0.25,0.0,0.0,0.0,0.0,0,0,0,0,0.0,0.0,1,3,0,1133
2,2,0,0,0,0.5,0.0,0.0,0.0,0.0,1,0,0,0,0.0,0.0,1,3,0,1134
2,1,0,0,0,0.75,0.0,0.0,0.0,0.0,2,0,0,0,0.0,0.0,1,3,0,1135
2,6,1,1,1,1.0,0.0,0.0,0.0,0.0,3,0,0,0,0.0,0.0,1,3,0,1136
3,1,0,1,0,0.1429,0.0,0.0,0.0,0.0,0,0,0,0,0.0,0.0,2,3,0,1137
3,2,0,0,0,0.2857,1.0,1.0,0.0,0.0,1,1,0,1,0.0,1.0,2,3,0,1138
3,2,0,0,0,0.4286,0.5,1.0,0.0,0.0,2,1,0,1,0.0,0.5,2,3,0,1139
3,0,0,0,1,0.5714,0.3333333333333333,1.0,0.0,0.0,3,1,0,1,0.0,0.3333333333333333,2,3,0,1140
3,2,0,0,1,0.7143,0.25,1.0,0.25,1.0,4,1,0,1,0.5,0.25,2,3,0,1141
2,7,1,1,0,0.8571,0.2,1.0,0.4,1.0,5,1,0,1,0.5,0.2,2,3,0,1142
3,0,0,0,0,1.0,0.3333333333333333,1.0,0.3333333333333333,1.0,6,2,0,2,0.5,0.3333333333333333,2,3,0,1143
2,2,0,1,0,0.1667,0.0,0.0,0.0,0.0,0,0,0,0,0.0,0.0,0,2,0,1144
1,1,0,0,1,0.3333,1.0,1.0,0.0,0.0,1,1,0,1,0.0,1.0,0,2,0,1145
3,7,1,1,0,0.5,0.5,1.0,0.5,1.0,2,1,0,1,0.5,0.5,0,2,0,1146
2,0,0,0,0,0.6667,0.6666666666666666,1.0,0.3333333333333333,1.0,3,2,0,2,0.5,0.6666666666666666,0,2,0,1147
3,7,1,0,0,0.8333,0.5,1.0,0.25,1.0,4,2,0,2,0.5,0.5,0,2,0,1148
2,2,0,0,0,1.0,0.4,1.0,0.2,1.0,5,2,0,2,0.5,0.4,0,2,0,1149
3,7,1,1,0,0.2,0.0,0.0,0.0,0.0,0,0,0,0,0.0,0.0,0,3,0,1150
2,7,1,0,0,0.4,1.0,1.0,0.0,0.0,1,1,0,1,0.0,1.0,0,3,0,1151
1,0,0,0,0,0.6,0.5,1.0,0.0,0.0,2,1,0,1,0.0,0.5,0,3,0,1152
3,6,1,0,0,0.8,0.3333333333333333,1.0,0.0,0.0,3,1,0,1,0.0,0.3333333333333333,0,3,0,1153
3,0,0,0,0,1.0,0.25,1.0,0.0,0.0,4,1,0,1,0.0,0.25,0,3,0,1154
1,6,1,1,0,0.125,0.0,0.0,0.0,0.0,0,0,0,0,0.0,0.0,0,3,0,1155
2,1,0,0,0,0.25,1.0,1.0,0.0,0.0,1,1,0,1,0.0,1.0,0,3,0,1156
1,1,0,0,0,0.375,0.5,1.0,0.0,0.0,2,1,0,1,0.0,0.5,0,3,0,1157
1,7,1,0,1,0.5,0.3333333333333333,1.0,0.0,0.0,3,1,0,1,0.0,0.3333333333333333,0,3,0,1158
2,0,0,0,0,0.625,0.25,1.0,0.25,1.0,4,1,0,1,0.5,0.25,0,3,0,1159
1,7,1,0,0,0.75,0.2,1.0,0.2,1.0,5,1,0,1,0.5,0.2,0,3,0,1160
3,0,0,1,0,0.875,0.16666666666666666,1.0,0.16666666666666666,1.0,6,1,0,1,0.5,0.16666666666666666,0,3,0,1161
1,0,0,0,0,1.0,0.2857142857142857,1.0,0.14285714285714285,1.0,7,2,0,2,0.5,0.2857142857142857,0,3,0,1162
2,7,1,0,1,0.25,0.0,0.0,0.0,0.0,0,0,0,0,0.0,0.0,1,2,0,1163
1,0,0,0,0,0.5,0.0,0.0,1.0,1.0,1,0,0,0,0.5,0.0,1,2,0,1164
2,2,0,0,0,0.75,0.0,0.0,0.5,1.0,2,0,0,0,0.5,0.0,1,2,0,1165
3,0,0,0,0,1.0,0.0,0.0,0.3333333333333333,1.0,3,0,0,0,0.5,0.0,1,2,0,1166
2,6,1,0,0,0.1429,0.0,0.0,0.0,0.0,0,0,0,0,0.0,0.0,0,3,0,1167
3,1,0,0,0,0.2857,0.0,0.0,0.0,0.0,1,0,0,0,0.0,0.0,0,3,0,1168
1,7,1,0,0,0.4286,0.0,0.0,0.0,0.0,2,0,0,0,0.0,0.0,0,3,0,1169
3,6,1,0,0,0.5714,0.0,0.0,0.0,0.0,3,0,0,0,0.0,0.0,0,3,0,1170
2,6,1,0,0,0.7143,0.0,0.0,0.0,0.0,4,0,0,0,0.0,0.0,0,3,0,1171
3,1,0,0,1,0.8571,0.0,0.0,0.0,0.0,5,0,0,0,0.0,0.0,0,3,0,1172
1,6,1,0,1,1.0,0.0,0.0,0.16666666666666666,1.0,6,0,0,0,0.5,0.0,0,3,0,1173
3,7,1,0,0,0.1,0.0,0.0,0.0,0.0,0,0,0,0,0.0,0.0,2,4,0,1174
3,6,1,0,0,0.2,0.0,0.0,0.0,0.0,1,0,0,0,0.0,0.0,2,4,0,1175
3,2,0,0,0,0.3,0.0,0.0,0.0,0.0,2,0,0,0,0.0,0.0,2,4,0,1176
3,2,0,1,0,0.4,0.0,0.0,0.0,0.0,3,0,0,0,0.0,0.0,2,4,0,1177
2,0,0,0,0,0.5,0.25,1.0,0.0,0.0,4,1,0,1,0.0,0.25,2,4,0,1178
3,7,1,0,0,0.6,0.2,1.0,0.0,0.0,5,1,0,1,0.0,0.2,2,4,0,1179
2,6,1,0,0,0.7,0.16666666666666666,1.0,0.0,0.0,6,1,0,1,0.0,0.16666666666666666,2,4,0,1180
1,7,1,0,0,0.8,0.14285714285714285,1.0,0.0,0.0,7,1,0,1,0.0,0.14285714285714285,2,4,0,1181
3,0,0,0,0,0.9,0.125,1.0,0.0,0.0,8,1,0,1,0.0,0.125,2,4,0,1182
2,7,1,0,1,1.0,0.1111111111111111,1.0,0.0,0.0,9,1,0,1,0.0,0.1111111111111111,2,4,0,1183
1,0,0,0,1,0.1429,0.0,0.0,0.0,0.0,0,0,0,0,0.0,0.0,1,3,0,1184
1,1,0,0,0,0.2857,0.0,0.0,1.0,1.0,1,0,0,0,0.5,0.0,1,3,0,1185
3,6,1,0,0,0.4286,0.0,0.0,0.5,1.0,2,0,0,0,0.5,0.0,1,3,0,1186
2,1,0,0,0,0.5714,0.0,0.0,0.3333333333333333,1.0,3,0,0,0,0.5,0.0,1,3,0,1187
2,6,1,0,0,0.7143,0.0,0.0,0.25,1.0,4,0,0,0,0.5,0.0,1,3,0,1188
2,6,1,0,1,0.8571,0.0,0.0,0.2,1.0,5,0,0,0,0.5,0.0,1,3,0,1189
1,7,1,1,0,1.0,0.0,0.0,0.3333333333333333,1.0,6,0,0,0,0.5,0.0,1,3,0,1190
3,7,1,1,0,0.1429,0.0,0.0,0.0,0.0,0,0,0,0,0.0,0.0,3,3,0,1191
3,6,1,0,0,0.2857,1.0,1.0,0.0,0.0,1,1,0,1,0.0,1.0,3,3,0,1192
2,6,1,0,0,0.4286,0.5,1.0,0.0,0.0,2,1,0,1,0.0,0.5,3,3,0,1193
2,1,0,0,0,0.5714,0.3333333333333333,1.0,0.0,0.0,3,1,0,1,0.0,0.3333333333333333,3,3,0,1194
1,2,0,0,1,0.7143,0.25,1.0,0.0,0.0,4,1,0,1,0.0,0.25,3,3,0,1195
1,2,0,0,0,0.8571,0.2,1.0,0.2,1.0,5,1,0,1,0.5,0.2,3,3,0,1196
1,0,0,0,1,1.0,0.16666666666666666,1.0,0.16666666666666666,1.0,6,1,0,1,0.5,0.16666666666666666,3,3,0,1197
3,7,1,0,0,0.1111,0.0,0.0,0.0,0.0,0,0,0,0,0.0,0.0,0,4,0,1198
3,1,0,0,0,0.2222,0.0,0.0,0.0,0.0,1,0,0,0,0.0,0.0,0,4,0,1199
3,7,1,0,0,0.3333,0.0,0.0,0.0,0.0,2,0,0,0,0.0,0.0,0,4,0,1200
2,7,1,0,0,0.4444,0.0,0.0,0.0,0.0,3,0,0,0,0.0,0.0,0,4,0,1201
3,1,0,0,0,0.5556,0.0,0.0,0.0,0.0,4,0,0,0,0.0,0.0,0,4,0,1202
2,1,0,1,0,0.6667,0.0,0.0,0.0,0.0,5,0,0,0,0.0,0.0,0,4,0,1203
3,0,0,0,0,0.7778,0.16666666666666666,1.0,0.0,0.0,6,1,0,1,0.0,0.16666666666666666,0,4,0,1204
3,7,1,0,0,0.8889,0.14285714285714285,1.0,0.0,0.0,7,1,0,1,0.0,0.14285714285714285,0,4,0,1205
1,6,1,1,0,1.0,0.125,1.0,0.0,0.0,8,1,0,1,0.0,0.125,0,4,0,1206
1,2,0,0,1,0.2,0.0,0.0,0.0,0.0,0,0,0,0,0.0,0.0,1,2,0,1207
1,6,1,0,0,0.4,0.0,0.0,1.0,1.0,1,0,0,0,0.5,0.0,1,2,0,1208
2,7,1,0,0,0.6,0.0,0.0,0.5,1.0,2,0,0,0,0.5,0.0,1,2,0,1209
1,0,0,1,0,0.8,0.0,0.0,0.3333333333333333,1.0,3,0,0,0,0.5,0.0,1,2,0,1210
1,0,0,1,0,1.0,0.25,1.0,0.25,1.0,4,1,0,1,0.5,0.25,1,2,0,1211
1,1,0,1,0,0.2,0.0,0.0,0.0,0.0,0,0,0,0,0.0,0.0,1,2,0,1212
2,7,1,0,0,0.4,1.0,1.0,0.0,0.0,1,1,0,1,0.0,1.0,1,2,0,1213
1,1,0,1,1,0.6,0.5,1.0,0.0,0.0,2,1,0,1,0.0,0.5,1,2,0,1214
1,7,1,0,0,0.8,0.6666666666666666,1.0,0.3333333333333333,1.0,3,2,0,2,0.5,0.6666666666666666,1,2,0,1215
3,2,0,0,0,1.0,0.5,1.0,0.25,1.0,4,2,0,2,0.5,0.5,1,2,0,1216
1,0,0,0,0,0.2,0.0,0.0,0.0,0.0,0,0,0,0,0.0,0.0,2,2,0,1217
2,2,0,0,0,0.4,0.0,0.0,0.0,0.0,1,0,0,0,0.0,0.0,2,2,0,1218
3,6,1,1,1,0.6,0.0,0.0,0.0,0.0,2,0,0,0,0.0,0.0,2,2,0,1219
2,0,0,0,1,0.8,0.3333333333333333,1.0,0.3333333333333333,1.0,3,1,0,1,0.5,0.3333333333333333,2,2,0,1220
3,6,1,1,0,1.0,0.25,1.0,0.5,1.0,4,1,0,1,0.5,0.25,2,2,0,1221
3,6,1,0,1,0.1,0.0,0.0,0.0,0.0,0,0,0,0,0.0,0.0,0,4,0,1222
1,2,0,0,0,0.2,0.0,0.0,1.0,1.0,1,0,0,0,0.5,0.0,0,4,0,1223
2,2,0,0,0,0.3,0.0,0.0,0.5,1.0,2,0,0,0,0.5,0.0,0,4,0,1224
2,6,1,0,0,0.4,0.0,0.0,0.3333333333333333,1.0,3,0,0,0,0.5,0.0,0,4,0,1225
3,0,0,0,0,0.5,0.0,0.0,0.25,1.0,4,0,0,0,0.5,0.0,0,4,0,1226
2,6,1,0,0,0.6,0.0,0.0,0.2,1.0,5,0,0,0,0.5,0.0,0,4,0,1227
1,0,0,0,0,0.7,0.0,0.0,0.16666666666666666,1.0,6,0,0,0,0.5,0.0,0,4,0,1228
1,2,0,0,1,0.8,0.0,0.0,0.14285714285714285,1.0,7,0,0,0,0.5,0.0,0,4,0,1229
2,6,1,0,0,0.9,0.0,0.0,0.25,1.0,8,0,0,0,0.5,0.0,0,4,0,1230
3,0,0,0,0,1.0,0.0,0.0,0.2222222222222222,1.0,9,0,0,0,0.5,0.0,0,4,0,1231
1,1,0,0,1,0.1667,0.0,0.0,0.0,0.0,0,0,0,0,0.0,0.0,0,2,0,1232
2,6,1,0,0,0.3333,0.0,0.0,1.0,1.0,1,0,0,0,0.5,0.0,0,2,0,1233
2,7,1,0,1,0.5,0.0,0.0,0.5,1.0,2,0,0,0,0.5,0.0,0,2,0,1234
2,7,1,1,0,0.6667,0.0,0.0,0.6666666666666666,1.0,3,0,0,0,0.5,0.0,0,2,0,1235
2,1,0,0,0,0.8333,0.25,1.0,0.5,1.0,4,1,0,1,0.5,0.25,0,2,0,1236
3,6,1,0,0,1.0,0.2,1.0,0.4,1.0,5,1,0,1,0.5,0.2,0,2,0,1237
3,7,1,0,1,0.125,0.0,0.0,0.0,0.0,0,0,0,0,0.0,0.0,2,4,0,1238
3,2,0,0,0,0.25,0.0,0.0,1.0,1.0,1,0,0,0,0.5,0.0,2,4,0,1239
1,2,0,0,0,0.375,0.0,0.0,0.5,1.0,2,0,0,0,0.5,0.0,2,4,0,1240
1,2,0,0,0,0.5,0.0,0.0,0.3333333333333333,1.0,3,0,0,0,0.5,0.0,2,4,0,1241
1,2,0,0,0,0.625,0.0,0.0,0.25,1.0,4,0,0,0,0.5,0.0,2,4,0,1242
1,0,0,0,0,0.75,0.0,0.0,0.2,1.0,5,0,0,0,0.5,0.0,2,4,0,1243
2,0,0,1,1,0.875,0.0,0.0,0.16666666666666666,1.0,6,0,0,0,0.5,0.0,2,4,0,1244
2,2,0,1,0,1.0,0.14285714285714285,1.0,0.2857142857142857,1.0,7,1,0,1,0.5,0.14285714285714285,2,4,0,1245
1,2,0,0,0,0.1667,0.0,0.0,0.0,0.0,0,0,0,0,0.0,0.0,0,3,0,1246
1,7,1,0,0,0.3333,0.0,0.0,0.0,0.0,1,0,0,0,0.0,0.0,0,3,0,1247
2,0,0,0,0,0.5,0.0,0.0,0.0,0.0,2,0,0,0,0.0,0.0,0,3,0,1248
1,1,0,0,0,0.6667,0.0,0.0,0.0,0.0,3,0,0,0,0.0,0.0,0,3,0,1249
2,0,0,1,0,0.8333,0.0,0.0,0.0,0.0,4,0,0,0,0.0,0.0,0,3,0,1250
3,6,1,1,1,1.0,0.2,1.0,0.0,0.0,5,1,0,1,0.0,0.2,0,3,0,1251
3,2,0,0,0,0.1,0.0,0.0,0.0,0.0,0,0,0,0,0.0,0.0,3,3,0,1252
2,1,0,0,0,0.2,0.0,0.0,0.0,0.0,1,0,0,0,0.0,0.0,3,3,0,1253
1,2,0,0,1,0.3,0.0,0.0,0.0,0.0,2,0,0,0,0.0,0.0,3,3,0,1254
3,0,0,0,0,0.4,0.0,0.0,0.3333333333333333,1.0,3,0,0,0,0.5,0.0,3,3,0,1255
3,0,0,0,1,0.5,0.0,0.0,0.25,1.0,4,0,0,0,0.5,0.0,3,3,0,1256
1,1,0,0,0,0.6,0.0,0.0,0.4,1.0,5,0,0,0,0.5,0.0,3,3,0,1257
2,2,0,0,0,0.7,0.0,0.0,0.3333333333333333,1.0,6,0,0,0,0.5,0.0,3,3,0,1258
3,6,1,0,0,0.8,0.0,0.0,0.2857142857142857,1.0,7,0,0,0,0.5,0.0,3,3,0,1259
3,1,0,0,1,0.9,0.0,0.0,0.25,1.0,8,0,0,0,0.5,0.0,3,3,0,1260
1,2,0,0,1,1.0,0.0,0.0,0.3333333333333333,1.0,9,0,0,0,0.5,0.0,3,3,0,1261
1,7,1,1,1,0.125,0.0,0.0,0.0,0.0,0,0,0,0,0.0,0.0,1,3,0,1262
1,1,0,0,0,0.25,1.0,1.0,1.0,1.0,1,1,0,1,0.5,1.0,1,3,0,1263
1,6,1,0,0,0.375,0.5,1.0,0.5,1.0,2,1,0,1,0.5,0.5,1,3,0,1264
1,2,0,0,0,0.5,0.3333333333333333,1.0,0.3333333333333333,1.0,3,1,0,1,0.5,0.3333333333333333,1,3,0,1265
3,6,1,1,0,0.625,0.25,1.0,0.25,1.0,4,1,0,1,0.5,0.25,1,3,0,1266
1,7,1,0,0,0.75,0.4,1.0,0.2,1.0,5,2,0,2,0.5,0.4,1,3,0,1267
1,1,0,1,0,0.875,0.3333333333333333,1.0,0.16666666666666666,1.0,6,2,0,2,0.5,0.3333333333333333,1,3,0,1268
1,0,0,0,0,1.0,0.42857142857142855,1.0,0.14285714285714285,1.0,7,3,0,3,0.5,0.42857142857142855,1,3,0,1269
3,6,1,0,0,0.1429,0.0,0.0,0.0,0.0,0,0,0,0,0.0,0.0,0,3,0,1270
3,7,1,0,0,0.2857,0.0,0.0,0.0,0.0,1,0,0,0,0.0,0.0,0,3,0,1271
3,2,0,0,0,0.4286,0.0,0.0,0.0,0.0,2,0,0,0,0.0,0.0,0,3,0,1272
3,7,1,0,1,0.5714,0.0,0.0,0.0,0.0,3,0,0,0,0.0,0.0,0,3,0,1273
3,0,0,0,0,0.7143,0.0,0.0,0.25,1.0,4,0,0,0,0.5,0.0,0,3,0,1274
1,2,0,0,0,0.8571,0.0,0.0,0.2,1.0,5,0,0,0,0.5,0.0,0,3,0,1275
2,7,1,0,1,1.0,0.0,0.0,0.16666666666666666,1.0,6,0,0,0,0.5,0.0,0,3,0,1276
3,6,1,0,0,0.1,0.0,0.0,0.0,0.0,0,0,0,0,0.0,0.0,1,4,0,1277
2,0,0,0,0,0.2,0.0,0.0,0.0,0.0,1,0,0,0,0.0,0.0,1,4,0,1278
1,0,0,0,0,0.3,0.0,0.0,0.0,0.0,2,0,0,0,0.0,0.0,1,4,0,1279
3,7,1,0,1,0.4,0.0,0.0,0.0,0.0,3,0,0,0,0.0,0.0,1,4,0,1280
1,7,1,1,1,0.5,0.0,0.0,0.25,1.0,4,0,0,0,0.5,0.0,1,4,0,1281
1,7,1,0,0,0.6,0.2,1.0,0.4,1.0,5,1,0,1,0.5,0.2,1,4,0,1282
1,2,0,0,0,0.7,0.16666666666666666,1.0,0.3333333333333333,1.0,6,1,0,1,0.5,0.16666666666666666,1,4,0,1283
3,2,0,1,1,0.8,0.14285714285714285,1.0,0.2857142857142857,1.0,7,1,0,1,0.5,0.14285714285714285,1,4,0,1284
3,0,0,1,1,0.9,0.25,1.0,0.375,1.0,8,2,0,2,0.5,0.25,1,4,0,1285
2,0,0,0,0,1.0,0.3333333333333333,1.0,0.4444444444444444,1.0,9,3,0,3,0.5,0.3333333333333333,1,4,0,1286
2,7,1,0,1,0.1,0.0,0.0,0.0,0.0,0,0,0,0,0.0,0.0,3,4,0,1287
3,7,1,0,1,0.2,0.0,0.0,1.0,1.0,1,0,0,0,0.5,0.0,3,4,0,1288
1,1,0,1,0,0.3,0.0,0.0,1.0,1.0,2,0,0,0,0.5,0.0,3,4,0,1289
3,1,0,1,1,0.4,0.3333333333333333,1.0,0.6666666666666666,1.0,3,1,0,1,0.5,0.3333333333333333,3,4,0,1290
3,6,1,0,0,0.5,0.5,1.0,0.75,1.0,4,2,0,2,0.5,0.5,3,4,0,1291
1,7,1,0,0,0.6,0.4,1.0,0.6,1.0,5,2,0,2,0.5,0.4,3,4,0,1292
1,1,0,0,0,0.7,0.3333333333333333,1.0,0.5,1.0,6,2,0,2,0.5,0.3333333333333333,3,4,0,1293
2,7,1,0,1,0.8,0.2857142857142857,1.0,0.42857142857142855,1.0,7,2,0,2,0.5,0.2857142857142857,3,4,0,1294
1,1,0,0,0,0.9,0.25,1.0,0.5,1.0,8,2,0,2,0.5,0.25,3,4,0,1295
1,1,0,0,1,1.0,0.2222222222222222,1.0,0.4444444444444444,1.0,9,2,0,2,0.5,0.2222222222222222,3,4,0,1296
3,7,1,0,1,0.25,0.0,0.0,0.0,0.0,0,0,0,0,0.0,0.0,3,2,0,1297
3,0,0,0,0,0.5,0.0,0.0,1.0,1.0,1,0,0,0,0.5,0.0,3,2,0,1298
3,6,1,1,0,0.75,0.0,0.0,0.5,1.0,2,0,0,0,0.5,0.0,3,2,0,1299
1,7,1,0,0,1.0,0.3333333333333333,1.0,0.3333333333333333,1.0,3,1,0,1,0.5,0.3333333333333333,3,2,0,1300
3,7,1,0,0,0.1111,0.0,0.0,0.0,0.0,0,0,0,0,0.0,0.0,3,2,0,1301
1,1,0,0,0,0.2222,0.0,0.0,0.0,0.0,1,0,0,0,0.0,0.0,3,2,0,1302
1,6,1,1,0,0.3333,0.0,0.0,0.0,0.0,2,0,0,0,0.0,0.0,3,2,0,1303
3,6,1,1,0,0.4444,0.3333333333333333,1.0,0.0,0.0,3,1,0,1,0.0,0.3333333333333333,3,2,0,1304
1,1,0,0,0,0.5556,0.5,1.0,0.0,0.0,4,2,0,2,0.0,0.5,3,2,0,1305
2,7,1,0,0,0.6667,0.4,1.0,0.0,0.0,5,2,0,2,0.0,0.4,3,2,0,1306
2,6,1,0,0,0.7778,0.3333333333333333,1.0,0.0,0.0,6,2,0,2,0.0,0.3333333333333333,3,2,0,1307
2,7,1,0,1,0.8889,0.2857142857142857,1.0,0.0,0.0,7,2,0,2,0.0,0.2857142857142857,3,2,0,1308
1,6,1,0,0,1.0,0.25,1.0,0.125,1.0,8,2,0,2,0.5,0.25,3,2,0,1309
3,1,0,0,0,0.1111,0.0,0.0,0.0,0.0,0,0,0,0,0.0,0.0,1,2,0,1310
2,7,1,1,0,0.2222,0.0,0.0,0.0,0.0,1,0,0,0,0.0,0.0,1,2,0,1311
1,2,0,0,0,0.3333,0.5,1.0,0.0,0.0,2,1,0,1,0.0,0.5,1,2,0,1312
1,0,0,0,0,0.4444,0.3333333333333333,1.0,0.0,0.0,3,1,0,1,0.0,0.3333333333333333,1,2,0,1313
2,6,1,0,1,0.5556,0.25,1.0,0.0,0.0,4,1,0,1,0.0,0.25,1,2,0,1314
1,6,1,0,0,0.6667,0.2,1.0,0.2,1.0,5,1,0,1,0.5,0.2,1,2,0,1315
2,0,0,0,0,0.7778,0.16666666666666666,1.0,0.16666666666666666,1.0,6,1,0,1,0.5,0.16666666666666666,1,2,0,1316
1,0,0,0,0,0.8889,0.14285714285714285,1.0,0.14285714285714285,1.0,7,1,0,1,0.5,0.14285714285714285,1,2,0,1317
2,2,0,1,0,1.0,0.125,1.0,0.125,1.0,8,1,0,1,0.5,0.125,1,2,0,1318
3,0,0,0,0,0.1,0.0,0.0,0.0,0.0,0,0,0,0,0.0,0.0,3,2,0,1319
1,2,0,0,1,0.2,0.0,0.0,0.0,0.0,1,0,0,0,0.0,0.0,3,2,0,1320
2,0,0,1,0,0.3,0.0,0.0,0.5,1.0,2,0,0,0,0.5,0.0,3,2,0,1321
3,2,0,0,0,0.4,0.3333333333333333,1.0,0.3333333333333333,1.0,3,1,0,1,0.5,0.3333333333333333,3,2,0,1322
3,7,1,1,0,0.5,0.25,1.0,0.25,1.0,4,1,0,1,0.5,0.25,3,2,0,1323
2,0,0,0,1,0.6,0.4,1.0,0.2,1.0,5,2,0,2,0.5,0.4,3,2,0,1324
2,7,1,1,1,0.7,0.3333333333333333,1.0,0.3333333333333333,1.0,6,2,0,2,0.5,0.3333333333333333,3,2,0,1325
3,6,1,0,0,0.8,0.42857142857142855,1.0,0.42857142857142855,1.0,7,3,0,3,0.5,0.42857142857142855,3,2,0,1326
1,7,1,1,0,0.9,0.375,1.0,0.375,1.0,8,3,0,3,0.5,0.375,3,2,0,1327
2,0,0,0,0,1.0,0.4444444444444444,1.0,0.3333333333333333,1.0,9,4,0,4,0.5,0.4444444444444444,3,2,0,1328
3,0,0,0,0,0.1111,0.0,0.0,0.0,0.0,0,0,0,0,0.0,0.0,0,4,0,1329
1,1,0,1,1,0.2222,0.0,0.0,0.0,0.0,1,0,0,0,0.0,0.0,0,4,0,1330
3,1,0,0,0,0.3333,0.5,1.0,0.5,1.0,2,1,0,1,0.5,0.5,0,4,0,1331
1,0,0,0,1,0.4444,0.3333333333333333,1.0,0.3333333333333333,1.0,3,1,0,1,0.5,0.3333333333333333,0,4,0,1332
3,7,1,0,0,0.5556,0.25,1.0,0.5,1.0,4,1,0,1,0.5,0.25,0,4,0,1333
3,6,1,0,0,0.6667,0.2,1.0,0.4,1.0,5,1,0,1,0.5,0.2,0,4,0,1334
3,1,0,0,0,0.7778,0.16666666666666666,1.0,0.3333333333333333,1.0,6,1,0,1,0.5,0.16666666666666666,0,4,0,1335
3,6,1,1,0,0.8889,0.14285714285714285,1.0,0.2857142857142857,1.0,7,1,0,1,0.5,0.14285714285714285,0,4,0,1336
2,7,1,0,1,1.0,0.25,1.0,0.25,1.0,8,2,0,2,0.5,0.25,0,4,0,1337
1,2,0,1,0,0.125,0.0,0.0,0.0,0.0,0,0,0,0,0.0,0.0,0,3,0,1338
1,7,1,0,1,0.25,1.0,1.0,0.0,0.0,1,1,0,1,0.0,1.0,0,3,0,1339
3,1,0,0,0,0.375,0.5,1.0,0.5,1.0,2,1,0,1,0.5,0.5,0,3,0,1340
3,7,1,0,0,0.5,0.3333333333333333,1.0,0.3333333333333333,1.0,3,1,0,1,0.5,0.3333333333333333,0,3,0,1341
2,2,0,0,0,0.625,0.25,1.0,0.25,1.0,4,1,0,1,0.5,0.25,0,3,0,1342
1,0,0,0,0,0.75,0.2,1.0,0.2,1.0,5,1,0,1,0.5,0.2,0,3,0,1343
1,6,1,0,0,0.875,0.16666666666666666,1.0,0.16666666666666666,1.0,6,1,0,1,0.5,0.16666666666666666,0,3,0,1344
2,6,1,0,0,1.0,0.14285714285714285,1.0,0.14285714285714285,1.0,7,1,0,1,0.5,0.14285714285714285,0,3,0,1345
3,2,0,1,1,0.1429,0.0,0.0,0.0,0.0,0,0,0,0,0.0,0.0,3,2,0,1346
3,7,1,0,0,0.2857,1.0,1.0,1.0,1.0,1,1,0,1,0.5,1.0,3,2,0,1347
1,6,1,0,0,0.4286,0.5,1.0,0.5,1.0,2,1,0,1,0.5,0.5,3,2,0,1348
2,6,1,0,1,0.5714,0.3333333333333333,1.0,0.3333333333333333,1.0,3,1,0,1,0.5,0.3333333333333333,3,2,0,1349
2,1,0,0,0,0.7143,0.25,1.0,0.5,1.0,4,1,0,1,0.5,0.25,3,2,0,1350
2,1,0,0,1,0.8571,0.2,1.0,0.4,1.0,5,1,0,1,0.5,0.2,3,2,0,1351
3,7,1,1,0,1.0,0.16666666666666666,1.0,0.5,1.0,6,1,0,1,0.5,0.16666666666666666,3,2,0,1352
1,1,0,0,0,0.1667,0.0,0.0,0.0,0.0,0,0,0,0,0.0,0.0,1,2,0,1353
2,7,1,0,0,0.3333,0.0,0.0,0.0,0.0,1,0,0,0,0.0,0.0,1,2,0,1354
3,7,1,0,1,0.5,0.0,0.0,0.0,0.0,2,0,0,0,0.0,0.0,1,2,0,1355
1,1,0,0,1,0.6667,0.0,0.0,0.3333333333333333,1.0,3,0,0,0,0.5,0.0,1,2,0,1356
1,7,1,0,0,0.8333,0.0,0.0,0.5,1.0,4,0,0,0,0.5,0.0,1,2,0,1357
2,0,0,0,0,1.0,0.0,0.0,0.4,1.0,5,0,0,0,0.5,0.0,1,2,0,1358
2,7,1,0,0,0.1,0.0,0.0,0.0,0.0,0,0,0,0,0.0,0.0,2,4,0,1359
2,6,1,1,1,0.2,0.0,0.0,0.0,0.0,1,0,0,0,0.0,0.0,2,4,0,1360
2,1,0,0,1,0.3,0.5,1.0,0.5,1.0,2,1,0,1,0.5,0.5,2,4,0,1361
3,1,0,0,1,0.4,0.3333333333333333,1.0,0.6666666666666666,1.0,3,1,0,1,0.5,0.3333333333333333,2,4,0,1362
1,0,0,0,0,0.5,0.25,1.0,0.75,1.0,4,1,0,1,0.5,0.25,2,4,0,1363
1,7,1,0,0,0.6,0.2,1.0,0.6,1.0,5,1,0,1,0.5,0.2,2,4,0,1364
2,6,1,0,0,0.7,0.16666666666666666,1.0,0.5,1.0,6,1,0,1,0.5,0.16666666666666666,2,4,0,1365
1,2,0,0,0,0.8,0.14285714285714285,1.0,0.42857142857142855,1.0,7,1,0,1,0.5,0.14285714285714285,2,4,0,1366
3,2,0,0,0,0.9,0.125,1.0,0.375,1.0,8,1,0,1,0.5,0.125,2,4,0,1367
2,6,1,0,0,1.0,0.1111111111111111,1.0,0.3333333333333333,1.0,9,1,0,1,0.5,0.1111111111111111,2,4,0,1368
2,0,0,0,0,0.2,0.0,0.0,0.0,0.0,0,0,0,0,0.0,0.0,1,4,0,1369
1,7,1,0,0,0.4,0.0,0.0,0.0,0.0,1,0,0,0,0.0,0.0,1,4,0,1370
2,2,0,0,1,0.6,0.0,0.0,0.0,0.0,2,0,0,0,0.0,0.0,1,4,0,1371
2,6,1,0,0,0.8,0.0,0.0,0.3333333333333333,1.0,3,0,0,0,0.5,0.0,1,4,0,1372
2,1,0,0,0,1.0,0.0,0.0,0.25,1.0,4,0,0,0,0.5,0.0,1,4,0,1373
2,7,1,0,0,0.125,0.0,0.0,0.0,0.0,0,0,0,0,0.0,0.0,0,2,0,1374
2,6,1,1,1,0.25,0.0,0.0,0.0,0.0,1,0,0,0,0.0,0.0,0,2,0,1375
3,0,0,0,1,0.375,0.5,1.0,0.5,1.0,2,1,0,1,0.5,0.5,0,2,0,1376
1,1,0,0,1,0.5,0.3333333333333333,1.0,0.6666666666666666,1.0,3,1,0,1,0.5,0.3333333333333333,0,2,0,1377
3,7,1,0,0,0.625,0.25,1.0,0.75,1.0,4,1,0,1,0.5,0.25,0,2,0,1378
1,1,0,0,1,0.75,0.2,1.0,0.6,1.0,5,1,0,1,0.5,0.2,0,2,0,1379
1,1,0,0,0,0.875,0.16666666666666666,1.0,0.6666666666666666,1.0,6,1,0,1,0.5,0.16666666666666666,0,2,0,1380
2,0,0,1,1,1.0,0.14285714285714285,1.0,0.5714285714285714,1.0,7,1,0,1,0.5,0.14285714285714285,0,2,0,1381
1,7,1,0,0,0.1,0.0,0.0,0.0,0.0,0,0,0,0,0.0,0.0,2,3,0,1382
1,6,1,0,0,0.2,0.0,0.0,0.0,0.0,1,0,0,0,0.0,0.0,2,3,0,1383
2,1,0,0,1,0.3,0.0,0.0,0.0,0.0,2,0,0,0,0.0,0.0,2,3,0,1384
2,0,0,0,0,0.4,0.0,0.0,0.3333333333333333,1.0,3,0,0,0,0.5,0.0,2,3,0,1385
1,6,1,0,0,0.5,0.0,0.0,0.25,1.0,4,0,0,0,0.5,0.0,2,3,0,1386
1,2,0,0,0,0.6,0.0,0.0,0.2,1.0,5,0,0,0,0.5,0.0,2,3,0,1387
2,1,0,0,1,0.7,0.0,0.0,0.16666666666666666,1.0,6,0,0,0,0.5,0.0,2,3,0,1388
2,7,1,1,0,0.8,0.0,0.0,0.2857142857142857,1.0,7,0,0,0,0.5,0.0,2,3,0,1389
3,6,1,0,1,0.9,0.125,1.0,0.25,1.0,8,1,0,1,0.5,0.125,2,3,0,1390
3,2,0,0,1,1.0,0.1111111111111111,1.0,0.3333333333333333,1.0,9,1,0,1,0.5,0.1111111111111111,2,3,0,1391
2,6,1,0,1,0.1111,0.0,0.0,0.0,0.0,0,0,0,0,0.0,0.0,3,2,0,1392
2,7,1,0,0,0.2222,0.0,0.0,1.0,1.0,1,0,0,0,0.5,0.0,3,2,0,1393
3,2,0,0,0,0.3333,0.0,0.0,0.5,1.0,2,0,0,0,0.5,0.0,3,2,0,1394
2,1,0,0,1,0.4444,0.0,0.0,0.3333333333333333,1.0,3,0,0,0,0.5,0.0,3,2,0,1395
1,7,1,0,0,0.5556,0.0,0.0,0.5,1.0,4,0,0,0,0.5,0.0,3,2,0,1396
2,2,0,0,0,0.6667,0.0,0.0,0.4,1.0,5,0,0,0,0.5,0.0,3,2,0,1397
2,7,1,1,0,0.7778,0.0,0.0,0.3333333333333333,1.0,6,0,0,0,0.5,0.0,3,2,0,1398
3,1,0,0,0,0.8889,0.14285714285714285,1.0,0.2857142857142857,1.0,7,1,0,1,0.5,0.14285714285714285,3,2,0,1399
3,2,0,0,0,1.0,0.125,1.0,0.25,1.0,8,1,0,1,0.5,0.125,3,2,0,1400
1,6,1,0,0,0.2,0.0,0.0,0.0,0.0,0,0,0,0,0.0,0.0,0,3,0,1401
1,1,0,1,0,0.4,0.0,0.0,0.0,0.0,1,0,0,0,0.0,0.0,0,3,0,1402
2,1,0,1,0,0.6,0.5,1.0,0.0,0.0,2,1,0,1,0.0,0.5,0,3,0,1403
2,0,0,0,0,0.8,0.6666666666666666,1.0,0.0,0.0,3,2,0,2,0.0,0.6666666666666666,0,3,0,1404
2,0,0,0,0,1.0,0.5,1.0,0.0,0.0,4,2,0,2,0.0,0.5,0,3,0,1405
1,7,1,0,0,0.1,0.0,0.0,0.0,0.0,0,0,0,0,0.0,0.0,2,3,0,1406
2,7,1,0,0,0.2,0.0,0.0,0.0,0.0,1,0,0,0,0.0,0.0,2,3,0,1407
1,6,1,0,0,0.3,0.0,0.0,0.0,0.0,2,0,0,0,0.0,0.0,2,3,0,1408
3,1,0,1,0,0.4,0.0,0.0,0.0,0.0,3,0,0,0,0.0,0.0,2,3,0,1409
1,6,1,0,0,0.5,0.25,1.0,0.0,0.0,4,1,0,1,0.0,0.25,2,3,0,1410
2,7,1,0,0,0.6,0.2,1.0,0.0,0.0,5,1,0,1,0.0,0.2,2,3,0,1411
2,6,1,0,0,0.7,0.16666666666666666,1.0,0.0,0.0,6,1,0,1,0.0,0.16666666666666666,2,3,0,1412
2,6,1,0,0,0.8,0.14285714285714285,1.0,0.0,0.0,7,1,0,1,0.0,0.14285714285714285,2,3,0,1413
3,2,0,0,0,0.9,0.125,1.0,0.0,0.0,8,1,0,1,0.0,0.125,2,3,0,1414
2,2,0,0,0,1.0,0.1111111111111111,1.0,0.0,0.0,9,1,0,1,0.0,0.1111111111111111,2,3,0,1415
2,0,0,0,1,0.1667,0.0,0.0,0.0,0.0,0,0,0,0,0.0,0.0,3,3,0,1416
3,6,1,0,0,0.3333,0.0,0.0,1.0,1.0,1,0,0,0,0.5,0.0,3,3,0,1417
2,0,0,0,0,0.5,0.0,0.0,0.5,1.0,2,0,0,0,0.5,0.0,3,3,0,1418
3,6,1,0,1,0.6667,0.0,0.0,0.3333333333333333,1.0,3,0,0,0,0.5,0.0,3,3,0,1419
1,6,1,0,0,0.8333,0.0,0.0,0.5,1.0,4,0,0,0,0.5,0.0,3,3,0,1420
2,0,0,0,1,1.0,0.0,0.0,0.4,1.0,5,0,0,0,0.5,0.0,3,3,0,1421
2,6,1,0,1,0.1111,0.0,0.0,0.0,0.0,0,0,0,0,0.0,0.0,2,4,0,1422
1,2,0,1,1,0.2222,0.0,0.0,1.0,1.0,1,0,0,0,0.5,0.0,2,4,0,1423
2,6,1,0,1,0.3333,0.5,1.0,1.0,1.0,2,1,0,1,0.5,0.5,2,4,0,1424
1,6,1,1,0,0.4444,0.3333333333333333,1.0,1.0,1.0,3,1,0,1,0.5,0.3333333333333333,2,4,0,1425
1,6,1,0,1,0.5556,0.5,1.0,0.75,1.0,4,2,0,2,0.5,0.5,2,4,0,1426
3,7,1,0,0,0.6667,0.4,1.0,0.8,1.0,5,2,0,2,0.5,0.4,2,4,0,1427
3,2,0,0,1,0.7778,0.3333333333333333,1.0,0.6666666666666666,1.0,6,2,0,2,0.5,0.3333333333333333,2,4,0,1428
1,7,1,0,0,0.8889,0.2857142857142857,1.0,0.7142857142857143,1.0,7,2,0,2,0.5,0.2857142857142857,2,4,0,1429
2,0,0,0,0,1.0,0.25,1.0,0.625,1.0,8,2,0,2,0.5,0.25,2,4,0,1430
1,0,0,0,0,0.1,0.0,0.0,0.0,0.0,0,0,0,0,0.0,0.0,0,3,0,1431
1,2,0,1,1,0.2,0.0,0.0,0.0,0.0,1,0,0,0,0.0,0.0,0,3,0,1432
3,1,0,1,0,0.3,0.5,1.0,0.5,1.0,2,1,0,1,0.5,0.5,0,3,0,1433
2,1,0,0,0,0.4,0.6666666666666666,1.0,0.3333333333333333,1.0,3,2,0,2,0.5,0.6666666666666666,0,3,0,1434
2,1,0,0,0,0.5,0.5,1.0,0.25,1.0,4,2,0,2,0.5,0.5,0,3,0,1435
2,2,0,0,0,0.6,0.4,1.0,0.2,1.0,5,2,0,2,0.5,0.4,0,3,0,1436
1,0,0,0,0,0.7,0.3333333333333333,1.0,0.16666666666666666,1.0,6,2,0,2,0.5,0.3333333333333333,0,3,0,1437
3,1,0,0,0,0.8,0.2857142857142857,1.0,0.14285714285714285,1.0,7,2,0,2,0.5,0.2857142857142857,0,3,0,1438
2,0,0,0,0,0.9,0.25,1.0,0.125,1.0,8,2,0,2,0.5,0.25,0,3,0,1439
3,2,0,0,0,1.0,0.2222222222222222,1.0,0.1111111111111111,1.0,9,2,0,2,0.5,0.2222222222222222,0,3,0,1440
3,0,0,0,0,0.1429,0.0,0.0,0.0,0.0,0,0,0,0,0.0,0.0,3,4,0,1441
1,7,1,0,0,0.2857,0.0,0.0,0.0,0.0,1,0,0,0,0.0,0.0,3,4,0,1442
1,1,0,0,0,0.4286,0.0,0.0,0.0,0.0,2,0,0,0,0.0,0.0,3,4,0,1443
3,7,1,0,0,0.5714,0.0,0.0,0.0,0.0,3,0,0,0,0.0,0.0,3,4,0,1444
1,6,1,0,0,0.7143,0.0,0.0,0.0,0.0,4,0,0,0,0.0,0.0,3,4,0,1445
3,0,0,0,0,0.8571,0.0,0.0,0.0,0.0,5,0,0,0,0.0,0.0,3,4,0,1446
2,6,1,0,0,1.0,0.0,0.0,0.0,0.0,6,0,0,0,0.0,0.0,3,4,0,1447
2,7,1,0,0,0.2,0.0,0.0,0.0,0.0,0,0,0,0,0.0,0.0,3,3,0,1448
2,7,1,0,1,0.4,0.0,0.0,0.0,0.0,1,0,0,0,0.0,0.0,3,3,0,1449
2,7,1,1,0,0.6,0.0,0.0,0.5,1.0,2,0,0,0,0.5,0.0,3,3,0,1450
2,0,0,0,0,0.8,0.3333333333333333,1.0,0.3333333333333333,1.0,3,1,0,1,0.5,0.3333333333333333,3,3,0,1451
1,7,1,0,0,1.0,0.25,1.0,0.25,1.0,4,1,0,1,0.5,0.25,3,3,0,1452
2,7,1,0,0,0.125,0.0,0.0,0.0,0.0,0,0,0,0,0.0,0.0,1,2,0,1453
1,2,0,0,0,0.25,0.0,0.0,0.0,0.0,1,0,0,0,0.0,0.0,1,2,0,1454
2,2,0,0,0,0.375,0.0,0.0,0.0,0.0,2,0,0,0,0.0,0.0,1,2,0,1455
1,7,1,0,0,0.5,0.0,0.0,0.0,0.0,3,0,0,0,0.0,0.0,1,2,0,1456
3,6,1,0,1,0.625,0.0,0.0,0.0,0.0,4,0,0,0,0.0,0.0,1,2,0,1457
1,6,1,0,0,0.75,0.0,0.0,0.2,1.0,5,0,0,0,0.5,0.0,1,2,0,1458
2,6,1,1,0,0.875,0.0,0.0,0.16666666666666666,1.0,6,0,0,0,0.5,0.0,1,2,0,1459
2,1,0,0,0,1.0,0.14285714285714285,1.0,0.14285714285714285,1.0,7,1,0,1,0.5,0.14285714285714285,1,2,0,1460
2,1,0,0,0,0.25,0.0,0.0,0.0,0.0,0,0,0,0,0.0,0.0,1,3,0,1461
2,2,0,0,1,0.5,0.0,0.0,0.0,0.0,1,0,0,0,0.0,0.0,1,3,0,1462
3,2,0,0,0,0.75,0.0,0.0,0.5,1.0,2,0,0,0,0.5,0.0,1,3,0,1463
2,2,0,0,0,1.0,0.0,0.0,0.3333333333333333,1.0,3,0,0,0,0.5,0.0,1,3,0,1464
3,7,1,1,1,0.1111,0.0,0.0,0.0,0.0,0,0,0,0,0.0,0.0,3,2,0,1465
1,6,1,0,0,0.2222,1.0,1.0,1.0,1.0,1,1,0,1,0.5,1.0,3,2,0,1466
2,1,0,1,0,0.3333,0.5,1.0,0.5,1.0,2,1,0,1,0.5,0.5,3,2,0,1467
3,2,0,0,0,0.4444,0.6666666666666666,1.0,0.3333333333333333,1.0,3,2,0,2,0.5,0.6666666666666666,3,2,0,1468
3,7,1,0,0,0.5556,0.5,1.0,0.25,1.0,4,2,0,2,0.5,0.5,3,2,0,1469
3,1,0,0,1,0.6667,0.4,1.0,0.2,1.0,5,2,0,2,0.5,0.4,3,2,0,1470
1,1,0,1,0,0.7778,0.3333333333333333,1.0,0.3333333333333333,1.0,6,2,0,2,0.5,0.3333333333333333,3,2,0,1471
1,6,1,0,1,0.8889,0.42857142857142855,1.0,0.2857142857142857,1.0,7,3,0,3,0.5,0.42857142857142855,3,2,0,1472
2,0,0,0,0,1.0,0.375,1.0,0.375,1.0,8,3,0,3,0.5,0.375,3,2,0,1473
1,2,0,0,0,0.125,0.0,0.0,0.0,0.0,0,0,0,0,0.0,0.0,3,3,0,1474
2,1,0,0,0,0.25,0.0,0.0,0.0,0.0,1,0,0,0,0.0,0.0,3,3,0,1475
3,0,0,0,0,0.375,0.0,0.0,0.0,0.0,2,0,0,0,0.0,0.0,3,3,0,1476
2,6,1,0,0,0.5,0.0,0.0,0.0,0.0,3,0,0,0,0.0,0.0,3,3,0,1477
1,2,0,0,0,0.625,0.0,0.0,0.0,0.0,4,0,0,0,0.0,0.0,3,3,0,1478
2,7,1,1,0,0.75,0.0,0.0,0.0,0.0,5,0,0,0,0.0,0.0,3,3,0,1479
2,1,0,0,1,0.875,0.16666666666666666,1.0,0.0,0.0,6,1,0,1,0.0,0.16666666666666666,3,3,0,1480
3,0,0,0,0,1.0,0.14285714285714285,1.0,0.14285714285714285,1.0,7,1,0,1,0.5,0.14285714285714285,3,3,0,1481
2,2,0,0,1,0.25,0.0,0.0,0.0,0.0,0,0,0,0,0.0,0.0,1,2,0,1482
2,1,0,0,0,0.5,0.0,0.0,1.0,1.0,1,0,0,0,0.5,0.0,1,2,0,1483
1,1,0,0,1,0.75,0.0,0.0,0.5,1.0,2,0,0,0,0.5,0.0,1,2,0,1484
2,2,0,0,0,1.0,0.0,0.0,0.6666666666666666,1.0,3,0,0,0,0.5,0.0,1,2,0,1485
1,1,0,0,0,0.1429,0.0,0.0,0.0,0.0,0,0,0,0,0.0,0.0,3,3,0,1486
1,2,0,0,1,0.2857,0.0,0.0,0.0,0.0,1,0,0,0,0.0,0.0,3,3,0,1487
3,0,0,0,1,0.4286,0.0,0.0,0.5,1.0,2,0,0,0,0.5,0.0,3,3,0,1488
2,0,0,0,1,0.5714,0.0,0.0,0.6666666666666666,1.0,3,0,0,0,0.5,0.0,3,3,0,1489
1,6,1,1,1,0.7143,0.0,0.0,0.75,1.0,4,0,0,0,0.5,0.0,3,3,0,1490
3,6,1,0,1,0.8571,0.2,1.0,0.8,1.0,5,1,0,1,0.5,0.2,3,3,0,1491
3,6,1,1,1,1.0,0.16666666666666666,1.0,0.8333333333333334,1.0,6,1,0,1,0.5,0.16666666666666666,3,3,0,1492
3,6,1,0,0,0.1111,0.0,0.0,0.0,0.0,0,0,0,0,0.0,0.0,3,2,0,1493
3,7,1,0,0,0.2222,0.0,0.0,0.0,0.0,1,0,0,0,0.0,0.0,3,2,0,1494
1,6,1,1,0,0.3333,0.0,0.0,0.0,0.0,2,0,0,0,0.0,0.0,3,2,0,1495
1,7,1,1,1,0.4444,0.3333333333333333,1.0,0.0,0.0,3,1,0,1,0.0,0.3333333333333333,3,2,0,1496
3,2,0,0,0,0.5556,0.5,1.0,0.25,1.0,4,2,0,2,0.5,0.5,3,2,0,1497
1,1,0,1,1,0.6667,0.4,1.0,0.2,1.0,5,2,0,2,0.5,0.4,3,2,0,1498
1,0,0,0,0,0.7778,0.5,1.0,0.3333333333333333,1.0,6,3,0,3,0.5,0.5,3,2,0,1499
1,7,1,0,1,0.8889,0.42857142857142855,1.0,0.2857142857142857,1.0,7,3,0,3,0.5,0.42857142857142855,3,2,0,1500
2,1,0,0,0,1.0,0.375,1.0,0.375,1.0,8,3,0,3,0.5,0.375,3,2,0,1501
2,7,1,0,0,0.1111,0.0,0.0,0.0,0.0,0,0,0,0,0.0,0.0,3,3,0,1502
3,2,0,0,1,0.2222,0.0,0.0,0.0,0.0,1,0,0,0,0.0,0.0,3,3,0,1503
1,6,1,0,0,0.3333,0.0,0.0,0.5,1.0,2,0,0,0,0.5,0.0,3,3,0,1504
3,0,0,0,1,0.4444,0.0,0.0,0.3333333333333333,1.0,3,0,0,0,0.5,0.0,3,3,0,1505
1,1,0,0,0,0.5556,0.0,0.0,0.5,1.0,4,0,0,0,0.5,0.0,3,3,0,1506
3,6,1,0,0,0.6667,0.0,0.0,0.4,1.0,5,0,0,0,0.5,0.0,3,3,0,1507
3,6,1,0,0,0.7778,0.0,0.0,0.3333333333333333,1.0,6,0,0,0,0.5,0.0,3,3,0,1508
3,0,0,0,0,0.8889,0.0,0.0,0.2857142857142857,1.0,7,0,0,0,0.5,0.0,3,3,0,1509
3,0,0,0,0,1.0,0.0,0.0,0.25,1.0,8,0,0,0,0.5,0.0,3,3,0,1510
2,2,0,1,1,0.1111,0.0,0.0,0.0,0.0,0,0,0,0,0.0,0.0,0,2,0,1511
3,7,1,0,0,0.2222,1.0,1.0,1.0,1.0,1,1,0,1,0.5,1.0,0,2,0,1512
2,7,1,1,1,0.3333,0.5,1.0,0.5,1.0,2,1,0,1,0.5,0.5,0,2,0,1513
3,6,1,0,0,0.4444,0.6666666666666666,1.0,0.6666666666666666,1.0,3,2,0,2,0.5,0.6666666666666666,0,2,0,1514
2,0,0,0,0,0.5556,0.5,1.0,0.5,1.0,4,2,0,2,0.5,0.5,0,2,0,1515
3,2,0,0,0,0.6667,0.4,1.0,0.4,1.0,5,2,0,2,0.5,0.4,0,2,0,1516
1,1,0,0,0,0.7778,0.3333333333333333,1.0,0.3333333333333333,1.0,6,2,0,2,0.5,0.3333333333333333,0,2,0,1517
1,1,0,0,1,0.8889,0.2857142857142857,1.0,0.2857142857142857,1.0,7,2,0,2,0.5,0.2857142857142857,0,2,0,1518
3,6,1,0,0,1.0,0.25,1.0,0.375,1.0,8,2,0,2,0.5,0.25,0,2,0,1519
1,7,1,0,0,0.125,0.0,0.0,0.0,0.0,0,0,0,0,0.0,0.0,2,2,0,1520
3,1,0,1,0,0.25,0.0,0.0,0.0,0.0,1,0,0,0,0.0,0.0,2,2,0,1521
2,0,0,0,1,0.375,0.5,1.0,0.0,0.0,2,1,0,1,0.0,0.5,2,2,0,1522
2,2,0,0,0,0.5,0.3333333333333333,1.0,0.3333333333333333,1.0,3,1,0,1,0.5,0.3333333333333333,2,2,0,1523
1,7,1,1,0,0.625,0.25,1.0,0.25,1.0,4,1,0,1,0.5,0.25,2,2,0,1524
2,6,1,0,1,0.75,0.4,1.0,0.2,1.0,5,2,0,2,0.5,0.4,2,2,0,1525
1,0,0,0,0,0.875,0.3333333333333333,1.0,0.3333333333333333,1.0,6,2,0,2,0.5,0.3333333333333333,2,2,0,1526
3,0,0,0,1,1.0,0.2857142857142857,1.0,0.2857142857142857,1.0,7,2,0,2,0.5,0.2857142857142857,2,2,0,1527
2,2,0,0,0,0.1,0.0,0.0,0.0,0.0,0,0,0,0,0.0,0.0,1,2,0,1528
3,7,1,0,1,0.2,0.0,0.0,0.0,0.0,1,0,0,0,0.0,0.0,1,2,0,1529
2,6,1,0,0,0.3,0.0,0.0,0.5,1.0,2,0,0,0,0.5,0.0,1,2,0,1530
2,1,0,1,0,0.4,0.0,0.0,0.3333333333333333,1.0,3,0,0,0,0.5,0.0,1,2,0,1531
3,6,1,1,0,0.5,0.25,1.0,0.25,1.0,4,1,0,1,0.5,0.25,1,2,0,1532
3,0,0,0,0,0.6,0.4,1.0,0.2,1.0,5,2,0,2,0.5,0.4,1,2,0,1533
2,2,0,0,0,0.7,0.3333333333333333,1.0,0.16666666666666666,1.0,6,2,0,2,0.5,0.3333333333333333,1,2,0,1534
3,1,0,0,0,0.8,0.2857142857142857,1.0,0.14285714285714285,1.0,7,2,0,2,0.5,0.2857142857142857,1,2,0,1535
3,7,1,0,1,0.9,0.25,1.0,0.125,1.0,8,2,0,2,0.5,0.25,1,2,0,1536
3,7,1,0,1,1.0,0.2222222222222222,1.0,0.2222222222222222,1.0,9,2,0,2,0.5,0.2222222222222222,1,2,0,1537
3,2,0,0,0,0.25,0.0,0.0,0.0,0.0,0,0,0,0,0.0,0.0,0,2,0,1538
3,0,0,0,0,0.5,0.0,0.0,0.0,0.0,1,0,0,0,0.0,0.0,0,2,0,1539
1,7,1,0,0,0.75,0.0,0.0,0.0,0.0,2,0,0,0,0.0,0.0,0,2,0,1540
3,1,0,0,0,1.0,0.0,0.0,0.0,0.0,3,0,0,0,0.0,0.0,0,2,0,1541
3,2,0,0,1,0.125,0.0,0.0,0.0,0.0,0,0,0,0,0.0,0.0,2,3,0,1542
3,1,0,0,0,0.25,0.0,0.0,1.0,1.0,1,0,0,0,0.5,0.0,2,3,0,1543
2,6,1,0,0,0.375,0.0,0.0,0.5,1.0,2,0,0,0,0.5,0.0,2,3,0,1544
1,2,0,0,0,0.5,0.0,0.0,0.3333333333333333,1.0,3,0,0,0,0.5,0.0,2,3,0,1545
2,6,1,0,0,0.625,0.0,0.0,0.25,1.0,4,0,0,0,0.5,0.0,2,3,0,1546
2,2,0,0,0,0.75,0.0,0.0,0.2,1.0,5,0,0,0,0.5,0.0,2,3,0,1547
3,7,1,1,1,0.875,0.0,0.0,0.16666666666666666,1.0,6,0,0,0,0.5,0.0,2,3,0,1548
3,1,0,0,0,1.0,0.14285714285714285,1.0,0.2857142857142857,1.0,7,1,0,1,0.5,0.14285714285714285,2,3,0,1549
1,1,0,0,1,0.1429,0.0,0.0,0.0,0.0,0,0,0,0,0.0,0.0,1,4,0,1550
1,2,0,0,1,0.2857,0.0,0.0,1.0,1.0,1,0,0,0,0.5,0.0,1,4,0,1551
2,6,1,1,0,0.4286,0.0,0.0,1.0,1.0,2,0,0,0,0.5,0.0,1,4,0,1552
3,6,1,0,0,0.5714,0.3333333333333333,1.0,0.6666666666666666,1.0,3,1,0,1,0.5,0.3333333333333333,1,4,0,1553
3,1,0,0,0,0.7143,0.25,1.0,0.5,1.0,4,1,0,1,0.5,0.25,1,4,0,1554
3,1,0,0,0,0.8571,0.2,1.0,0.4,1.0,5,1,0,1,0.5,0.2,1,4,0,1555
1,2,0,0,1,1.0,0.16666666666666666,1.0,0.3333333333333333,1.0,6,1,0,1,0.5,0.16666666666666666,1,4,0,1556
3,2,0,0,0,0.2,0.0,0.0,0.0,0.0,0,0,0,0,0.0,0.0,1,3,0,1557
3,1,0,0,0,0.4,0.0,0.0,0.0,0.0,1,0,0,0,0.0,0.0,1,3,0,1558
1,2,0,0,1,0.6,0.0,0.0,0.0,0.0,2,0,0,0,0.0,0.0,1,3,0,1559
2,2,0,1,1,0.8,0.0,0.0,0.3333333333333333,1.0,3,0,0,0,0.5,0.0,1,3,0,1560
1,6,1,0,1,1.0,0.25,1.0,0.5,1.0,4,1,0,1,0.5,0.25,1,3,0,1561
2,2,0,0,1,0.125,0.0,0.0,0.0,0.0,0,0,0,0,0.0,0.0,0,4,0,1562
2,0,0,0,1,0.25,0.0,0.0,1.0,1.0,1,0,0,0,0.5,0.0,0,4,0,1563
3,0,0,0,0,0.375,0.0,0.0,1.0,1.0,2,0,0,0,0.5,0.0,0,4,0,1564
2,6,1,0,0,0.5,0.0,0.0,0.6666666666666666,1.0,3,0,0,0,0.5,0.0,0,4,0,1565
3,0,0,0,0,0.625,0.0,0.0,0.5,1.0,4,0,0,0,0.5,0.0,0,4,0,1566
2,0,0,1,0,0.75,0.0,0.0,0.4,1.0,5,0,0,0,0.5,0.0,0,4,0,1567
2,6,1,0,0,0.875,0.16666666666666666,1.0,0.3333333333333333,1.0,6,1,0,1,0.5,0.16666666666666666,0,4,0,1568
3,0,0,0,1,1.0,0.14285714285714285,1.0,0.2857142857142857,1.0,7,1,0,1,0.5,0.14285714285714285,0,4,0,1569
1,1,0,0,0,0.1667,0.0,0.0,0.0,0.0,0,0,0,0,0.0,0.0,3,4,0,1570
1,0,0,1,0,0.3333,0.0,0.0,0.0,0.0,1,0,0,0,0.0,0.0,3,4,0,1571
1,7,1,0,0,0.5,0.5,1.0,0.0,0.0,2,1,0,1,0.0,0.5,3,4,0,1572
3,2,0,0,1,0.6667,0.3333333333333333,1.0,0.0,0.0,3,1,0,1,0.0,0.3333333333333333,3,4,0,1573
1,1,0,0,0,0.8333,0.25,1.0,0.25,1.0,4,1,0,1,0.5,0.25,3,4,0,1574
2,6,1,1,1,1.0,0.2,1.0,0.2,1.0,5,1,0,1,0.5,0.2,3,4,0,1575
2,7,1,1,0,0.1429,0.0,0.0,0.0,0.0,0,0,0,0,0.0,0.0,2,4,0,1576
1,7,1,0,1,0.2857,1.0,1.0,0.0,0.0,1,1,0,1,0.0,1.0,2,4,0,1577
3,0,0,0,0,0.4286,0.5,1.0,0.5,1.0,2,1,0,1,0.5,0.5,2,4,0,1578
1,1,0,1,0,0.5714,0.3333333333333333,1.0,0.3333333333333333,1.0,3,1,0,1,0.5,0.3333333333333333,2,4,0,1579
3,7,1,0,0,0.7143,0.5,1.0,0.25,1.0,4,2,0,2,0.5,0.5,2,4,0,1580
3,6,1,1,0,0.8571,0.4,1.0,0.2,1.0,5,2,0,2,0.5,0.4,2,4,0,1581
2,6,1,0,0,1.0,0.5,1.0,0.16666666666666666,1.0,6,3,0,3,0.5,0.5,2,4,0,1582
1,7,1,0,0,0.1667,0.0,0.0,0.0,0.0,0,0,0,0,0.0,0.0,2,2,0,1583
3,1,0,0,0,0.3333,0.0,0.0,0.0,0.0,1,0,0,0,0.0,0.0,2,2,0,1584
3,0,0,0,1,0.5,0.0,0.0,0.0,0.0,2,0,0,0,0.0,0.0,2,2,0,1585
3,6,1,0,0,0.6667,0.0,0.0,0.3333333333333333,1.0,3,0,0,0,0.5,0.0,2,2,0,1586
2,1,0,0,0,0.8333,0.0,0.0,0.25,1.0,4,0,0,0,0.5,0.0,2,2,0,1587
3,2,0,0,1,1.0,0.0,0.0,0.2,1.0,5,0,0,0,0.5,0.0,2,2,0,1588
3,2,0,0,1,0.2,0.0,0.0,0.0,0.0,0,0,0,0,0.0,0.0,1,4,0,1589
2,2,0,0,0,0.4,0.0,0.0,1.0,1.0,1,0,0,0,0.5,0.0,1,4,0,1590
1,2,0,0,0,0.6,0.0,0.0,0.5,1.0,2,0,0,0,0.5,0.0,1,4,0,1591
3,1,0,0,1,0.8,0.0,0.0,0.3333333333333333,1.0,3,0,0,0,0.5,0.0,1,4,0,1592
3,1,0,1,1,1.0,0.0,0.0,0.5,1.0,4,0,0,0,0.5,0.0,1,4,0,1593
3,1,0,0,0,0.1429,0.0,0.0,0.0,0.0,0,0,0,0,0.0,0.0,3,3,0,1594
2,2,0,0,0,0.2857,0.0,0.0,0.0,0.0,1,0,0,0,0.0,0.0,3,3,0,1595
3,2,0,0,0,0.4286,0.0,0.0,0.0,0.0,2,0,0,0,0.0,0.0,3,3,0,1596
2,0,0,0,0,0.5714,0.0,0.0,0.0,0.0,3,0,0,0,0.0,0.0,3,3,0,1597
2,7,1,0,0,0.7143,0.0,0.0,0.0,0.0,4,0,0,0,0.0,0.0,3,3,0,1598
1,0,0,0,0,0.8571,0.0,0.0,0.0,0.0,5,0,0,0,0.0,0.0,3,3,0,1599
1,2,0,0,0,1.0,0.0,0.0,0.0,0.0,6,0,0,0,0.0,0.0,3,3,0,1600
3,1,0,0,0,0.1111,0.0,0.0,0.0,0.0,0,0,0,0,0.0,0.0,3,2,0,1601
1,0,0,0,0,0.2222,0.0,0.0,0.0,0.0,1,0,0,0,0.0,0.0,3,2,0,1602
1,2,0,0,1,0.3333,0.0,0.0,0.0,0.0,2,0,0,0,0.0,0.0,3,2,0,1603
3,0,0,1,0,0.4444,0.0,0.0,0.3333333333333333,1.0,3,0,0,0,0.5,0.0,3,2,0,1604
2,6,1,1,1,0.5556,0.25,1.0,0.25,1.0,4,1,0,1,0.5,0.25,3,2,0,1605
1,1,0,0,0,0.6667,0.4,1.0,0.4,1.0,5,2,0,2,0.5,0.4,3,2,0,1606
3,2,0,1,0,0.7778,0.3333333333333333,1.0,0.3333333333333333,1.0,6,2,0,2,0.5,0.3333333333333333,3,2,0,1607
3,1,0,0,0,0.8889,0.42857142857142855,1.0,0.2857142857142857,1.0,7,3,0,3,0.5,0.42857142857142855,3,2,0,1608
3,6,1,0,0,1.0,0.375,1.0,0.25,1.0,8,3,0,3,0.5,0.375,3,2,0,1609
2,6,1,0,0,0.25,0.0,0.0,0.0,0.0,0,0,0,0,0.0,0.0,0,3,0,1610
2,6,1,0,0,0.5,0.0,0.0,0.0,0.0,1,0,0,0,0.0,0.0,0,3,0,1611
3,2,0,0,1,0.75,0.0,0.0,0.0,0.0,2,0,0,0,0.0,0.0,0,3,0,1612
3,0,0,0,0,1.0,0.0,0.0,0.3333333333333333,1.0,3,0,0,0,0.5,0.0,0,3,0,1613
2,7,1,0,0,0.2,0.0,0.0,0.0,0.0,0,0,0,0,0.0,0.0,0,4,0,1614
3,2,0,0,1,0.4,0.0,0.0,0.0,0.0,1,0,0,0,0.0,0.0,0,4,0,1615
2,0,0,0,0,0.6,0.0,0.0,0.5,1.0,2,0,0,0,0.5,0.0,0,4,0,1616
1,7,1,1,1,0.8,0.0,0.0,0.3333333333333333,1.0,3,0,0,0,0.5,0.0,0,4,0,1617
1,1,0,0,0,1.0,0.25,1.0,0.5,1.0,4,1,0,1,0.5,0.25,0,4,0,1618
2,7,1,0,0,0.1667,0.0,0.0,0.0,0.0,0,0,0,0,0.0,0.0,0,4,0,1619
2,1,0,1,0,0.3333,0.0,0.0,0.0,0.0,1,0,0,0,0.0,0.0,0,4,0,1620
3,2,0,0,1,0.5,0.5,1.0,0.0,0.0,2,1,0,1,0.0,0.5,0,4,0,1621
1,2,0,1,0,0.6667,0.3333333333333333,1.0,0.3333333333333333,1.0,3,1,0,1,0.5,0.3333333333333333,0,4,0,1622
3,6,1,0,0,0.8333,0.5,1.0,0.25,1.0,4,2,0,2,0.5,0.5,0,4,0,1623
1,2,0,0,0,1.0,0.4,1.0,0.2,1.0,5,2,0,2,0.5,0.4,0,4,0,1624
3,1,0,0,1,0.1429,0.0,0.0,0.0,0.0,0,0,0,0,0.0,0.0,2,2,0,1625
1,2,0,0,1,0.2857,0.0,0.0,1.0,1.0,1,0,0,0,0.5,0.0,2,2,0,1626
1,0,0,0,0,0.4286,0.0,0.0,1.0,1.0,2,0,0,0,0.5,0.0,2,2,0,1627
1,7,1,0,0,0.5714,0.0,0.0,0.6666666666666666,1.0,3,0,0,0,0.5,0.0,2,2,0,1628
2,1,0,1,0,0.7143,0.0,0.0,0.5,1.0,4,0,0,0,0.5,0.0,2,2,0,1629
2,1,0,0,0,0.8571,0.2,1.0,0.4,1.0,5,1,0,1,0.5,0.2,2,2,0,1630
2,1,0,0,0,1.0,0.16666666666666666,1.0,0.3333333333333333,1.0,6,1,0,1,0.5,0.16666666666666666,2,2,0,1631
1,7,1,1,1,0.25,0.0,0.0,0.0,0.0,0,0,0,0,0.0,0.0,1,3,0,1632
2,6,1,0,0,0.5,1.0,1.0,1.0,1.0,1,1,0,1,0.5,1.0,1,3,0,1633
2,6,1,0,0,0.75,0.5,1.0,0.5,1.0,2,1,0,1,0.5,0.5,1,3,0,1634
3,2,0,0,1,1.0,0.3333333333333333,1.0,0.3333333333333333,1.0,3,1,0,1,0.5,0.3333333333333333,1,3,0,1635
2,2,0,0,0,0.1111,0.0,0.0,0.0,0.0,0,0,0,0,0.0,0.0,1,2,0,1636
2,0,0,0,0,0.2222,0.0,0.0,0.0,0.0,1,0,0,0,0.0,0.0,1,2,0,1637
3,0,0,0,0,0.3333,0.0,0.0,0.0,0.0,2,0,0,0,0.0,0.0,1,2,0,1638
1,6,1,0,0,0.4444,0.0,0.0,0.0,0.0,3,0,0,0,0.0,0.0,1,2,0,1639
2,2,0,0,0,0.5556,0.0,0.0,0.0,0.0,4,0,0,0,0.0,0.0,1,2,0,1640
1,6,1,0,0,0.6667,0.0,0.0,0.0,0.0,5,0,0,0,0.0,0.0,1,2,0,1641
1,7,1,0,0,0.7778,0.0,0.0,0.0,0.0,6,0,0,0,0.0,0.0,1,2,0,1642
1,2,0,0,0,0.8889,0.0,0.0,0.0,0.0,7,0,0,0,0.0,0.0,1,2,0,1643
1,2,0,0,0,1.0,0.0,0.0,0.0,0.0,8,0,0,0,0.0,0.0,1,2,0,1644
1,2,0,0,0,0.1111,0.0,0.0,0.0,0.0,0,0,0,0,0.0,0.0,3,4,0,1645
1,6,1,0,0,0.2222,0.0,0.0,0.0,0.0,1,0,0,0,0.0,0.0,3,4,0,1646
3,2,0,0,1,0.3333,0.0,0.0,0.0,0.0,2,0,0,0,0.0,0.0,3,4,0,1647
2,2,0,0,0,0.4444,0.0,0.0,0.3333333333333333,1.0,3,0,0,0,0.5,0.0,3,4,0,1648
3,0,0,0,0,0.5556,0.0,0.0,0.25,1.0,4,0,0,0,0.5,0.0,3,4,0,1649
2,7,1,0,0,0.6667,0.0,0.0,0.2,1.0,5,0,0,0,0.5,0.0,3,4,0,1650
2,7,1,1,0,0.7778,0.0,0.0,0.16666666666666666,1.0,6,0,0,0,0.5,0.0,3,4,0,1651
1,0,0,1,1,0.8889,0.14285714285714285,1.0,0.14285714285714285,1.0,7,1,0,1,0.5,0.14285714285714285,3,4,0,1652
3,1,0,0,1,1.0,0.25,1.0,0.25,1.0,8,2,0,2,0.5,0.25,3,4,0,1653
3,7,1,0,0,0.125,0.0,0.0,0.0,0.0,0,0,0,0,0.0,0.0,1,4,0,1654
3,1,0,0,0,0.25,0.0,0.0,0.0,0.0,1,0,0,0,0.0,0.0,1,4,0,1655
3,7,1,0,1,0.375,0.0,0.0,0.0,0.0,2,0,0,0,0.0,0.0,1,4,0,1656
1,0,0,1,0,0.5,0.0,0.0,0.3333333333333333,1.0,3,0,0,0,0.5,0.0,1,4,0,1657
3,6,1,1,1,0.625,0.25,1.0,0.25,1.0,4,1,0,1,0.5,0.25,1,4,0,1658
2,6,1,0,0,0.75,0.4,1.0,0.4,1.0,5,2,0,2,0.5,0.4,1,4,0,1659
2,6,1,0,0,0.875,0.3333333333333333,1.0,0.3333333333333333,1.0,6,2,0,2,0.5,0.3333333333333333,1,4,0,1660
1,7,1,0,1,1.0,0.2857142857142857,1.0,0.2857142857142857,1.0,7,2,0,2,0.5,0.2857142857142857,1,4,0,1661
1,1,0,1,0,0.1429,0.0,0.0,0.0,0.0,0,0,0,0,0.0,0.0,2,2,0,1662
3,2,0,1,1,0.2857,1.0,1.0,0.0,0.0,1,1,0,1,0.0,1.0,2,2,0,1663
1,2,0,0,0,0.4286,1.0,1.0,0.5,1.0,2,2,0,2,0.5,1.0,2,2,0,1664
2,7,1,0,0,0.5714,0.6666666666666666,1.0,0.3333333333333333,1.0,3,2,0,2,0.5,0.6666666666666666,2,2,0,1665
3,0,0,0,0,0.7143,0.5,1.0,0.25,1.0,4,2,0,2,0.5,0.5,2,2,0,1666
2,2,0,0,0,0.8571,0.4,1.0,0.2,1.0,5,2,0,2,0.5,0.4,2,2,0,1667
1,2,0,0,1,1.0,0.3333333333333333,1.0,0.16666666666666666,1.0,6,2,0,2,0.5,0.3333333333333333,2,2,0,1668
1,0,0,0,0,0.1667,0.0,0.0,0.0,0.0,0,0,0,0,0.0,0.0,0,3,0,1669
2,2,0,0,0,0.3333,0.0,0.0,0.0,0.0,1,0,0,0,0.0,0.0,0,3,0,1670
1,0,0,1,0,0.5,0.0,0.0,0.0,0.0,2,0,0,0,0.0,0.0,0,3,0,1671
2,2,0,0,0,0.6667,0.3333333333333333,1.0,0.0,0.0,3,1,0,1,0.0,0.3333333333333333,0,3,0,1672
1,0,0,0,0,0.8333,0.25,1.0,0.0,0.0,4,1,0,1,0.0,0.25,0,3,0,1673
3,2,0,1,0,1.0,0.2,1.0,0.0,0.0,5,1,0,1,0.0,0.2,0,3,0,1674
1,7,1,0,0,0.2,0.0,0.0,0.0,0.0,0,0,0,0,0.0,0.0,2,4,0,1675
3,1,0,0,0,0.4,0.0,0.0,0.0,0.0,1,0,0,0,0.0,0.0,2,4,0,1676
1,6,1,0,0,0.6,0.0,0.0,0.0,0.0,2,0,0,0,0.0,0.0,2,4,0,1677
1,6,1,0,1,0.8,0.0,0.0,0.0,0.0,3,0,0,0,0.0,0.0,2,4,0,1678
3,7,1,0,0,1.0,0.0,0.0,0.25,1.0,4,0,0,0,0.5,0.0,2,4,0,1679
1,0,0,0,0,0.25,0.0,0.0,0.0,0.0,0,0,0,0,0.0,0.0,2,4,0,1680
3,1,0,0,0,0.5,0.0,0.0,0.0,0.0,1,0,0,0,0.0,0.0,2,4,0,1681
3,2,0,0,1,0.75,0.0,0.0,0.0,0.0,2,0,0,0,0.0,0.0,2,4,0,1682
1,0,0,0,1,1.0,0.0,0.0,0.3333333333333333,1.0,3,0,0,0,0.5,0.0,2,4,0,1683
1,7,1,1,0,0.1667,0.0,0.0,0.0,0.0,0,0,0,0,0.0,0.0,0,3,0,1684
2,7,1,0,0,0.3333,1.0,1.0,0.0,0.0,1,1,0,1,0.0,1.0,0,3,0,1685
2,6,1,0,0,0.5,0.5,1.0,0.0,0.0,2,1,0,1,0.0,0.5,0,3,0,1686
1,6,1,0,0,0.6667,0.3333333333333333,1.0,0.0,0.0,3,1,0,1,0.0,0.3333333333333333,0,3,0,1687
3,1,0,1,0,0.8333,0.25,1.0,0.0,0.0,4,1,0,1,0.0,0.25,0,3,0,1688
1,7,1,0,0,1.0,0.4,1.0,0.0,0.0,5,2,0,2,0.0,0.4,0,3,0,1689
2,6,1,0,0,0.1667,0.0,0.0,0.0,0.0,0,0,0,0,0.0,0.0,3,3,0,1690
1,0,0,0,0,0.3333,0.0,0.0,0.0,0.0,1,0,0,0,0.0,0.0,3,3,0,1691
1,0,0,0,1,0.5,0.0,0.0,0.0,0.0,2,0,0,0,0.0,0.0,3,3,0,1692
3,1,0,0,1,0.6667,0.0,0.0,0.3333333333333333,1.0,3,0,0,0,0.5,0.0,3,3,0,1693
2,7,1,0,0,0.8333,0.0,0.0,0.5,1.0,4,0,0,0,0.5,0.0,3,3,0,1694
1,7,1,0,1,1.0,0.0,0.0,0.4,1.0,5,0,0,0,0.5,0.0,3,3,0,1695
2,2,0,0,1,0.1667,0.0,0.0,0.0,0.0,0,0,0,0,0.0,0.0,2,3,0,1696
1,7,1,0,1,0.3333,0.0,0.0,1.0,1.0,1,0,0,0,0.5,0.0,2,3,0,1697
2,2,0,0,0,0.5,0.0,0.0,1.0,1.0,2,0,0,0,0.5,0.0,2,3,0,1698
3,6,1,0,1,0.6667,0.0,0.0,0.6666666666666666,1.0,3,0,0,0,0.5,0.0,2,3,0,1699
2,2,0,0,0,0.8333,0.0,0.0,0.75,1.0,4,0,0,0,0.5,0.0,2,3,0,1700
3,1,0,0,0,1.0,0.0,0.0,0.6,1.0,5,0,0,0,0.5,0.0,2,3,0,1701
1,0,0,0,1,0.1,0.0,0.0,0.0,0.0,0,0,0,0,0.0,0.0,1,4,0,1702
2,2,0,0,0,0.2,0.0,0.0,1.0,1.0,1,0,0,0,0.5,0.0,1,4,0,1703
1,0,0,0,0,0.3,0.0,0.0,0.5,1.0,2,0,0,0,0.5,0.0,1,4,0,1704
1,2,0,0,0,0.4,0.0,0.0,0.3333333333333333,1.0,3,0,0,0,0.5,0.0,1,4,0,1705
3,1,0,0,0,0.5,0.0,0.0,0.25,1.0,4,0,0,0,0.5,0.0,1,4,0,1706
2,1,0,0,0,0.6,0.0,0.0,0.2,1.0,5,0,0,0,0.5,0.0,1,4,0,1707
2,6,1,0,1,0.7,0.0,0.0,0.16666666666666666,1.0,6,0,0,0,0.5,0.0,1,4,0,1708
3,2,0,0,0,0.8,0.0,0.0,0.2857142857142857,1.0,7,0,0,0,0.5,0.0,1,4,0,1709
1,7,1,0,0,0.9,0.0,0.0,0.25,1.0,8,0,0,0,0.5,0.0,1,4,0,1710
3,7,1,0,1,1.0,0.0,0.0,0.2222222222222222,1.0,9,0,0,0,0.5,0.0,1,4,0,1711
1,6,1,0,1,0.1111,0.0,0.0,0.0,0.0,0,0,0,0,0.0,0.0,3,4,0,1712
3,6,1,0,0,0.2222,0.0,0.0,1.0,1.0,1,0,0,0,0.5,0.0,3,4,0,1713
1,7,1,1,0,0.3333,0.0,0.0,0.5,1.0,2,0,0,0,0.5,0.0,3,4,0,1714
1,7,1,1,1,0.4444,0.3333333333333333,1.0,0.3333333333333333,1.0,3,1,0,1,0.5,0.3333333333333333,3,4,0,1715
1,2,0,1,0,0.5556,0.5,1.0,0.5,1.0,4,2,0,2,0.5,0.5,3,4,0,1716
1,6,1,0,0,0.6667,0.6,1.0,0.4,1.0,5,3,0,3,0.5,0.6,3,4,0,1717
2,2,0,0,0,0.7778,0.5,1.0,0.3333333333333333,1.0,6,3,0,3,0.5,0.5,3,4,0,1718
1,0,0,0,0,0.8889,0.42857142857142855,1.0,0.2857142857142857,1.0,7,3,0,3,0.5,0.42857142857142855,3,4,0,1719
1,6,1,0,1,1.0,0.375,1.0,0.25,1.0,8,3,0,3,0.5,0.375,3,4,0,1720
2,2,0,0,0,0.1429,0.0,0.0,0.0,0.0,0,0,0,0,0.0,0.0,2,4,0,1721
2,0,0,0,0,0.2857,0.0,0.0,0.0,0.0,1,0,0,0,0.0,0.0,2,4,0,1722
2,0,0,0,0,0.4286,0.0,0.0,0.0,0.0,2,0,0,0,0.0,0.0,2,4,0,1723
3,1,0,0,1,0.5714,0.0,0.0,0.0,0.0,3,0,0,0,0.0,0.0,2,4,0,1724
1,1,0,0,0,0.7143,0.0,0.0,0.25,1.0,4,0,0,0,0.5,0.0,2,4,0,1725
3,0,0,0,0,0.8571,0.0,0.0,0.2,1.0,5,0,0,0,0.5,0.0,2,4,0,1726
2,7,1,1,0,1.0,0.0,0.0,0.16666666666666666,1.0,6,0,0,0,0.5,0.0,2,4,0,1727
1,7,1,1,0,0.1111,0.0,0.0,0.0,0.0,0,0,0,0,0.0,0.0,0,3,0,1728
3,0,0,0,0,0.2222,1.0,1.0,0.0,0.0,1,1,0,1,0.0,1.0,0,3,0,1729
1,7,1,0,1,0.3333,0.5,1.0,0.0,0.0,2,1,0,1,0.0,0.5,0,3,0,1730
2,7,1,0,0,0.4444,0.3333333333333333,1.0,0.3333333333333333,1.0,3,1,0,1,0.5,0.3333333333333333,0,3,0,1731
2,0,0,0,1,0.5556,0.25,1.0,0.25,1.0,4,1,0,1,0.5,0.25,0,3,0,1732
2,7,1,0,0,0.6667,0.2,1.0,0.4,1.0,5,1,0,1,0.5,0.2,0,3,0,1733
1,0,0,0,0,0.7778,0.16666666666666666,1.0,0.3333333333333333,1.0,6,1,0,1,0.5,0.16666666666666666,0,3,0,1734
2,2,0,0,0,0.8889,0.14285714285714285,1.0,0.2857142857142857,1.0,7,1,0,1,0.5,0.14285714285714285,0,3,0,1735
3,0,0,0,0,1.0,0.125,1.0,0.25,1.0,8,1,0,1,0.5,0.125,0,3,0,1736
3,6,1,0,0,0.1429,0.0,0.0,0.0,0.0,0,0,0,0,0.0,0.0,1,3,0,1737
1,6,1,0,1,0.2857,0.0,0.0,0.0,0.0,1,0,0,0,0.0,0.0,1,3,0,1738
3,0,0,0,0,0.4286,0.0,0.0,0.5,1.0,2,0,0,0,0.5,0.0,1,3,0,1739
3,7,1,0,0,0.5714,0.0,0.0,0.3333333333333333,1.0,3,0,0,0,0.5,0.0,1,3,0,1740
2,6,1,0,0,0.7143,0.0,0.0,0.25,1.0,4,0,0,0,0.5,0.0,1,3,0,1741
3,6,1,0,0,0.8571,0.0,0.0,0.2,1.0,5,0,0,0,0.5,0.0,1,3,0,1742
3,6,1,0,0,1.0,0.0,0.0,0.16666666666666666,1.0,6,0,0,0,0.5,0.0,1,3,0,1743
2,0,0,0,0,0.2,0.0,0.0,0.0,0.0,0,0,0,0,0.0,0.0,0,3,0,1744
2,6,1,0,1,0.4,0.0,0.0,0.0,0.0,1,0,0,0,0.0,0.0,0,3,0,1745
1,6,1,0,0,0.6,0.0,0.0,0.5,1.0,2,0,0,0,0.5,0.0,0,3,0,1746
1,0,0,0,1,0.8,0.0,0.0,0.3333333333333333,1.0,3,0,0,0,0.5,0.0,0,3,0,1747
2,2,0,1,0,1.0,0.0,0.0,0.5,1.0,4,0,0,0,0.5,0.0,0,3,0,1748
1,2,0,0,0,0.1111,0.0,0.0,0.0,0.0,0,0,0,0,0.0,0.0,0,2,0,1749
1,6,1,0,0,0.2222,0.0,0.0,0.0,0.0,1,0,0,0,0.0,0.0,0,2,0,1750
2,0,0,0,1,0.3333,0.0,0.0,0.0,0.0,2,0,0,0,0.0,0.0,0,2,0,1751
2,6,1,1,0,0.4444,0.0,0.0,0.3333333333333333,1.0,3,0,0,0,0.5,0.0,0,2,0,1752
3,1,0,0,0,0.5556,0.25,1.0,0.25,1.0,4,1,0,1,0.5,0.25,0,2,0,1753
3,1,0,1,0,0.6667,0.2,1.0,0.2,1.0,5,1,0,1,0.5,0.2,0,2,0,1754
3,0,0,0,0,0.7778,0.3333333333333333,1.0,0.16666666666666666,1.0,6,2,0,2,0.5,0.3333333333333333,0,2,0,1755
2,0,0,1,0,0.8889,0.2857142857142857,1.0,0.14285714285714285,1.0,7,2,0,2,0.5,0.2857142857142857,0,2,0,1756
3,7,1,0,0,1.0,0.375,1.0,0.125,1.0,8,3,0,3,0.5,0.375,0,2,0,1757
3,6,1,0,1,0.1,0.0,0.0,0.0,0.0,0,0,0,0,0.0,0.0,3,4,0,1758
2,0,0,0,0,0.2,0.0,0.0,1.0,1.0,1,0,0,0,0.5,0.0,3,4,0,1759
1,7,1,0,0,0.3,0.0,0.0,0.5,1.0,2,0,0,0,0.5,0.0,3,4,0,1760
2,6,1,1,0,0.4,0.0,0.0,0.3333333333333333,1.0,3,0,0,0,0.5,0.0,3,4,0,1761
1,6,1,0,0,0.5,0.25,1.0,0.25,1.0,4,1,0,1,0.5,0.25,3,4,0,1762
2,7,1,0,1,0.6,0.2,1.0,0.2,1.0,5,1,0,1,0.5,0.2,3,4,0,1763
3,2,0,1,0,0.7,0.16666666666666666,1.0,0.3333333333333333,1.0,6,1,0,1,0.5,0.16666666666666666,3,4,0,1764
3,1,0,0,0,0.8,0.2857142857142857,1.0,0.2857142857142857,1.0,7,2,0,2,0.5,0.2857142857142857,3,4,0,1765
3,7,1,0,1,0.9,0.25,1.0,0.25,1.0,8,2,0,2,0.5,0.25,3,4,0,1766
3,6,1,0,0,1.0,0.2222222222222222,1.0,0.3333333333333333,1.0,9,2,0,2,0.5,0.2222222222222222,3,4,0,1767
2,6,1,0,0,0.2,0.0,0.0,0.0,0.0,0,0,0,0,0.0,0.0,1,4,0,1768
2,1,0,0,0,0.4,0.0,0.0,0.0,0.0,1,0,0,0,0.0,0.0,1,4,0,1769
3,1,0,0,0,0.6,0.0,0.0,0.0,0.0,2,0,0,0,0.0,0.0,1,4,0,1770
3,7,1,0,0,0.8,0.0,0.0,0.0,0.0,3,0,0,0,0.0,0.0,1,4,0,1771
2,6,1,1,0,1.0,0.0,0.0,0.0,0.0,4,0,0,0,0.0,0.0,1,4,0,1772
3,2,0,0,0,0.2,0.0,0.0,0.0,0.0,0,0,0,0,0.0,0.0,2,3,0,1773
2,0,0,1,1,0.4,0.0,0.0,0.0,0.0,1,0,0,0,0.0,0.0,2,3,0,1774
1,1,0,1,0,0.6,0.5,1.0,0.5,1.0,2,1,0,1,0.5,0.5,2,3,0,1775
3,0,0,0,0,0.8,0.6666666666666666,1.0,0.3333333333333333,1.0,3,2,0,2,0.5,0.6666666666666666,2,3,0,1776
3,1,0,1,0,1.0,0.5,1.0,0.25,1.0,4,2,0,2,0.5,0.5,2,3,0,1777
3,7,1,1,0,0.1111,0.0,0.0,0.0,0.0,0,0,0,0,0.0,0.0,3,3,0,1778
2,7,1,1,0,0.2222,1.0,1.0,0.0,0.0,1,1,0,1,0.0,1.0,3,3,0,1779
2,2,0,0,0,0.3333,1.0,1.0,0.0,0.0,2,2,0,2,0.0,1.0,3,3,0,1780
3,0,0,0,0,0.4444,0.6666666666666666,1.0,0.0,0.0,3,2,0,2,0.0,0.6666666666666666,3,3,0,1781
3,7,1,0,1,0.5556,0.5,1.0,0.0,0.0,4,2,0,2,0.0,0.5,3,3,0,1782
3,1,0,0,0,0.6667,0.4,1.0,0.2,1.0,5,2,0,2,0.5,0.4,3,3,0,1783
1,7,1,0,0,0.7778,0.3333333333333333,1.0,0.16666666666666666,1.0,6,2,0,2,0.5,0.3333333333333333,3,3,0,1784
3,2,0,0,1,0.8889,0.2857142857142857,1.0,0.14285714285714285,1.0,7,2,0,2,0.5,0.2857142857142857,3,3,0,1785
3,0,0,1,1,1.0,0.25,1.0,0.25,1.0,8,2,0,2,0.5,0.25,3,3,0,1786
1,2,0,0,0,0.2,0.0,0.0,0.0,0.0,0,0,0,0,0.0,0.0,1,2,0,1787
2,7,1,1,0,0.4,0.0,0.0,0.0,0.0,1,0,0,0,0.0,0.0,1,2,0,1788
1,0,0,0,1,0.6,0.5,1.0,0.0,0.0,2,1,0,1,0.0,0.5,1,2,0,1789
3,1,0,0,0,0.8,0.3333333333333333,1.0,0.3333333333333333,1.0,3,1,0,1,0.5,0.3333333333333333,1,2,0,1790
3,0,0,0,0,1.0,0.25,1.0,0.25,1.0,4,1,0,1,0.5,0.25,1,2,0,1791
3,2,0,0,0,0.1111,0.0,0.0,0.0,0.0,0,0,0,0,0.0,0.0,1,4,0,1792
2,0,0,0,0,0.2222,0.0,0.0,0.0,0.0,1,0,0,0,0.0,0.0,1,4,0,1793
1,1,0,0,1,0.3333,0.0,0.0,0.0,0.0,2,0,0,0,0.0,0.0,1,4,0,1794
2,2,0,1,1,0.4444,0.0,0.0,0.3333333333333333,1.0,3,0,0,0,0.5,0.0,1,4,0,1795
2,6,1,0,1,0.5556,0.25,1.0,0.5,1.0,4,1,0,1,0.5,0.25,1,4,0,1796
2,1,0,1,1,0.6667,0.2,1.0,0.6,1.0,5,1,0,1,0.5,0.2,1,4,0,1797
1,1,0,0,0,0.7778,0.3333333333333333,1.0,0.6666666666666666,1.0,6,2,0,2,0.5,0.3333333333333333,1,4,0,1798
2,6,1,0,0,0.8889,0.2857142857142857,1.0,0.5714285714285714,1.0,7,2,0,2,0.5,0.2857142857142857,1,4,0,1799
1,7,1,0,1,1.0,0.25,1.0,0.5,1.0,8,2,0,2,0.5,0.25,1,4,0,1800
1,6,1,0,1,0.1,0.0,0.0,0.0,0.0,0,0,0,0,0.0,0.0,0,4,0,1801
1,7,1,1,0,0.2,0.0,0.0,1.0,1.0,1,0,0,0,0.5,0.0,0,4,0,1802
3,2,0,0,0,0.3,0.5,1.0,0.5,1.0,2,1,0,1,0.5,0.5,0,4,0,1803
1,6,1,0,1,0.4,0.3333333333333333,1.0,0.3333333333333333,1.0,3,1,0,1,0.5,0.3333333333333333,0,4,0,1804
2,0,0,0,0,0.5,0.25,1.0,0.5,1.0,4,1,0,1,0.5,0.25,0,4,0,1805
1,0,0,0,1,0.6,0.2,1.0,0.4,1.0,5,1,0,1,0.5,0.2,0,4,0,1806
2,7,1,0,0,0.7,0.16666666666666666,1.0,0.5,1.0,6,1,0,1,0.5,0.16666666666666666,0,4,0,1807
1,6,1,0,0,0.8,0.14285714285714285,1.0,0.42857142857142855,1.0,7,1,0,1,0.5,0.14285714285714285,0,4,0,1808
2,2,0,0,0,0.9,0.125,1.0,0.375,1.0,8,1,0,1,0.5,0.125,0,4,0,1809
1,0,0,1,0,1.0,0.1111111111111111,1.0,0.3333333333333333,1.0,9,1,0,1,0.5,0.1111111111111111,0,4,0,1810
2,6,1,0,0,0.1429,0.0,0.0,0.0,0.0,0,0,0,0,0.0,0.0,2,4,0,1811
1,0,0,0,0,0.2857,0.0,0.0,0.0,0.0,1,0,0,0,0.0,0.0,2,4,0,1812
1,2,0,0,1,0.4286,0.0,0.0,0.0,0.0,2,0,0,0,0.0,0.0,2,4,0,1813
2,7,1,0,0,0.5714,0.0,0.0,0.3333333333333333,1.0,3,0,0,0,0.5,0.0,2,4,0,1814
3,6,1,0,0,0.7143,0.0,0.0,0.25,1.0,4,0,0,0,0.5,0.0,2,4,0,1815
3,7,1,1,1,0.8571,0.0,0.0,0.2,1.0,5,0,0,0,0.5,0.0,2,4,0,1816
2,0,0,0,1,1.0,0.16666666666666666,1.0,0.3333333333333333,1.0,6,1,0,1,0.5,0.16666666666666666,2,4,0,1817
3,2,0,1,1,0.25,0.0,0.0,0.0,0.0,0,0,0,0,0.0,0.0,2,3,0,1818
2,2,0,0,1,0.5,1.0,1.0,1.0,1.0,1,1,0,1,0.5,1.0,2,3,0,1819
3,2,0,0,0,0.75,0.5,1.0,1.0,1.0,2,1,0,1,0.5,0.5,2,3,0,1820
3,0,0,0,1,1.0,0.3333333333333333,1.0,0.6666666666666666,1.0,3,1,0,1,0.5,0.3333333333333333,2,3,0,1821
3,6,1,0,0,0.1429,0.0,0.0,0.0,0.0,0,0,0,0,0.0,0.0,3,2,0,1822
1,7,1,0,0,0.2857,0.0,0.0,0.0,0.0,1,0,0,0,0.0,0.0,3,2,0,1823
3,6,1,0,1,0.4286,0.0,0.0,0.0,0.0,2,0,0,0,0.0,0.0,3,2,0,1824
1,6,1,0,0,0.5714,0.0,0.0,0.3333333333333333,1.0,3,0,0,0,0.5,0.0,3,2,0,1825
2,1,0,0,0,0.7143,0.0,0.0,0.25,1.0,4,0,0,0,0.5,0.0,3,2,0,1826
3,0,0,0,0,0.8571,0.0,0.0,0.2,1.0,5,0,0,0,0.5,0.0,3,2,0,1827
1,2,0,0,1,1.0,0.0,0.0,0.16666666666666666,1.0,6,0,0,0,0.5,0.0,3,2,0,1828
1,2,0,0,1,0.1667,0.0,0.0,0.0,0.0,0,0,0,0,0.0,0.0,0,2,0,1829
1,7,1,1,0,0.3333,0.0,0.0,1.0,1.0,1,0,0,0,0.5,0.0,0,2,0,1830
3,0,0,0,0,0.5,0.5,1.0,0.5,1.0,2,1,0,1,0.5,0.5,0,2,0,1831
2,2,0,0,0,0.6667,0.3333333333333333,1.0,0.3333333333333333,1.0,3,1,0,1,0.5,0.3333333333333333,0,2,0,1832
3,6,1,0,0,0.8333,0.25,1.0,0.25,1.0,4,1,0,1,0.5,0.25,0,2,0,1833
3,0,0,0,1,1.0,0.2,1.0,0.2,1.0,5,1,0,1,0.5,0.2,0,2,0,1834
2,1,0,0,0,0.1429,0.0,0.0,0.0,0.0,0,0,0,0,0.0,0.0,2,4,0,1835
2,6,1,0,1,0.2857,0.0,0.0,0.0,0.0,1,0,0,0,0.0,0.0,2,4,0,1836
1,1,0,0,0,0.4286,0.0,0.0,0.5,1.0,2,0,0,0,0.5,0.0,2,4,0,1837
1,0,0,0,0,0.5714,0.0,0.0,0.3333333333333333,1.0,3,0,0,0,0.5,0.0,2,4,0,1838
2,1,0,0,0,0.7143,0.0,0.0,0.25,1.0,4,0,0,0,0.5,0.0,2,4,0,1839
3,2,0,0,0,0.8571,0.0,0.0,0.2,1.0,5,0,0,0,0.5,0.0,2,4,0,1840
2,7,1,0,1,1.0,0.0,0.0,0.16666666666666666,1.0,6,0,0,0,0.5,0.0,2,4,0,1841
2,7,1,1,0,0.1667,0.0,0.0,0.0,0.0,0,0,0,0,0.0,0.0,0,2,0,1842
2,7,1,0,0,0.3333,1.0,1.0,0.0,0.0,1,1,0,1,0.0,1.0,0,2,0,1843
3,6,1,1,0,0.5,0.5,1.0,0.0,0.0,2,1,0,1,0.0,0.5,0,2,0,1844
3,2,0,0,0,0.6667,0.6666666666666666,1.0,0.0,0.0,3,2,0,2,0.0,0.6666666666666666,0,2,0,1845
2,6,1,1,0,0.8333,0.5,1.0,0.0,0.0,4,2,0,2,0.0,0.5,0,2,0,1846
2,0,0,0,0,1.0,0.6,1.0,0.0,0.0,5,3,0,3,0.0,0.6,0,2,0,1847
2,0,0,0,0,0.2,0.0,0.0,0.0,0.0,0,0,0,0,0.0,0.0,0,3,0,1848
1,2,0,0,1,0.4,0.0,0.0,0.0,0.0,1,0,0,0,0.0,0.0,0,3,0,1849
1,0,0,0,1,0.6,0.0,0.0,0.5,1.0,2,0,0,0,0.5,0.0,0,3,0,1850
1,7,1,0,1,0.8,0.0,0.0,0.6666666666666666,1.0,3,0,0,0,0.5,0.0,0,3,0,1851
1,1,0,1,0,1.0,0.0,0.0,0.75,1.0,4,0,0,0,0.5,0.0,0,3,0,1852
3,2,0,0,0,0.1667,0.0,0.0,0.0,0.0,0,0,0,0,0.0,0.0,3,3,0,1853
2,6,1,0,1,0.3333,0.0,0.0,0.0,0.0,1,0,0,0,0.0,0.0,3,3,0,1854
2,7,1,0,1,0.5,0.0,0.0,0.5,1.0,2,0,0,0,0.5,0.0,3,3,0,1855
1,7,1,0,0,0.6667,0.0,0.0,0.6666666666666666,1.0,3,0,0,0,0.5,0.0,3,3,0,1856
3,1,0,0,1,0.8333,0.0,0.0,0.5,1.0,4,0,0,0,0.5,0.0,3,3,0,1857
1,6,1,0,1,1.0,0.0,0.0,0.6,1.0,5,0,0,0,0.5,0.0,3,3,0,1858
2,6,1,0,1,0.1429,0.0,0.0,0.0,0.0,0,0,0,0,0.0,0.0,1,4,0,1859
2,0,0,1,0,0.2857,0.0,0.0,1.0,1.0,1,0,0,0,0.5,0.0,1,4,0,1860
2,2,0,0,0,0.4286,0.5,1.0,0.5,1.0,2,1,0,1,0.5,0.5,1,4,0,1861
2,2,0,0,0,0.5714,0.3333333333333333,1.0,0.3333333333333333,1.0,3,1,0,1,0.5,0.3333333333333333,1,4,0,1862
1,1,0,0,1,0.7143,0.25,1.0,0.25,1.0,4,1,0,1,0.5,0.25,1,4,0,1863
3,1,0,0,0,0.8571,0.2,1.0,0.4,1.0,5,1,0,1,0.5,0.2,1,4,0,1864
2,7,1,0,0,1.0,0.16666666666666666,1.0,0.3333333333333333,1.0,6,1,0,1,0.5,0.16666666666666666,1,4,0,1865
1,0,0,0,0,0.125,0.0,0.0,0.0,0.0,0,0,0,0,0.0,0.0,0,3,0,1866
3,6,1,0,1,0.25,0.0,0.0,0.0,0.0,1,0,0,0,0.0,0.0,0,3,0,1867
2,2,0,0,0,0.375,0.0,0.0,0.5,1.0,2,0,0,0,0.5,0.0,0,3,0,1868
2,7,1,1,0,0.5,0.0,0.0,0.3333333333333333,1.0,3,0,0,0,0.5,0.0,0,3,0,1869
1,1,0,0,0,0.625,0.25,1.0,0.25,1.0,4,1,0,1,0.5,0.25,0,3,0,1870
2,6,1,0,1,0.75,0.2,1.0,0.2,1.0,5,1,0,1,0.5,0.2,0,3,0,1871
2,1,0,0,0,0.875,0.16666666666666666,1.0,0.3333333333333333,1.0,6,1,0,1,0.5,0.16666666666666666,0,3,0,1872
1,1,0,0,1,1.0,0.14285714285714285,1.0,0.2857142857142857,1.0,7,1,0,1,0.5,0.14285714285714285,0,3,0,1873
2,1,0,0,0,0.1667,0.0,0.0,0.0,0.0,0,0,0,0,0.0,0.0,2,3,0,1874
1,2,0,0,1,0.3333,0.0,0.0,0.0,0.0,1,0,0,0,0.0,0.0,2,3,0,1875
1,7,1,0,0,0.5,0.0,0.0,0.5,1.0,2,0,0,0,0.5,0.0,2,3,0,1876
2,2,0,0,1,0.6667,0.0,0.0,0.3333333333333333,1.0,3,0,0,0,0.5,0.0,2,3,0,1877
3,1,0,0,0,0.8333,0.0,0.0,0.5,1.0,4,0,0,0,0.5,0.0,2,3,0,1878
3,2,0,0,0,1.0,0.0,0.0,0.4,1.0,5,0,0,0,0.5,0.0,2,3,0,1879
3,0,0,0,0,0.25,0.0,0.0,0.0,0.0,0,0,0,0,0.0,0.0,2,3,0,1880
1,1,0,0,1,0.5,0.0,0.0,0.0,0.0,1,0,0,0,0.0,0.0,2,3,0,1881
2,1,0,0,0,0.75,0.0,0.0,0.5,1.0,2,0,0,0,0.5,0.0,2,3,0,1882
3,2,0,0,0,1.0,0.0,0.0,0.3333333333333333,1.0,3,0,0,0,0.5,0.0,2,3,0,1883
2,2,0,0,0,0.125,0.0,0.0,0.0,0.0,0,0,0,0,0.0,0.0,0,3,0,1884
3,2,0,0,0,0.25,0.0,0.0,0.0,0.0,1,0,0,0,0.0,0.0,0,3,0,1885
3,0,0,0,0,0.375,0.0,0.0,0.0,0.0,2,0,0,0,0.0,0.0,0,3,0,1886
1,1,0,0,0,0.5,0.0,0.0,0.0,0.0,3,0,0,0,0.0,0.0,0,3,0,1887
3,6,1,0,0,0.625,0.0,0.0,0.0,0.0,4,0,0,0,0.0,0.0,0,3,0,1888
1,0,0,0,1,0.75,0.0,0.0,0.0,0.0,5,0,0,0,0.0,0.0,0,3,0,1889
2,6,1,0,1,0.875,0.0,0.0,0.16666666666666666,1.0,6,0,0,0,0.5,0.0,0,3,0,1890
1,6,1,0,0,1.0,0.0,0.0,0.2857142857142857,1.0,7,0,0,0,0.5,0.0,0,3,0,1891
1,2,0,0,0,0.1,0.0,0.0,0.0,0.0,0,0,0,0,0.0,0.0,2,4,0,1892
3,2,0,0,0,0.2,0.0,0.0,0.0,0.0,1,0,0,0,0.0,0.0,2,4,0,1893
2,7,1,0,1,0.3,0.0,0.0,0.0,0.0,2,0,0,0,0.0,0.0,2,4,0,1894
1,1,0,0,0,0.4,0.0,0.0,0.3333333333333333,1.0,3,0,0,0,0.5,0.0,2,4,0,1895
2,2,0,0,1,0.5,0.0,0.0,0.25,1.0,4,0,0,0,0.5,0.0,2,4,0,1896
1,1,0,0,0,0.6,0.0,0.0,0.4,1.0,5,0,0,0,0.5,0.0,2,4,0,1897
2,0,0,1,0,0.7,0.0,0.0,0.3333333333333333,1.0,6,0,0,0,0.5,0.0,2,4,0,1898
2,1,0,1,0,0.8,0.14285714285714285,1.0,0.2857142857142857,1.0,7,1,0,1,0.5,0.14285714285714285,2,4,0,1899
3,2,0,0,0,0.9,0.25,1.0,0.25,1.0,8,2,0,2,0.5,0.25,2,4,0,1900
1,1,0,0,0,1.0,0.2222222222222222,1.0,0.2222222222222222,1.0,9,2,0,2,0.5,0.2222222222222222,2,4,0,1901
1,1,0,0,0,0.1667,0.0,0.0,0.0,0.0,0,0,0,0,0.0,0.0,1,4,0,1902
1,6,1,1,0,0.3333,0.0,0.0,0.0,0.0,1,0,0,0,0.0,0.0,1,4,0,1903
1,1,0,0,1,0.5,0.5,1.0,0.0,0.0,2,1,0,1,0.0,0.5,1,4,0,1904
3,7,1,0,0,0.6667,0.3333333333333333,1.0,0.3333333333333333,1.0,3,1,0,1,0.5,0.3333333333333333,1,4,0,1905
2,2,0,1,0,0.8333,0.25,1.0,0.25,1.0,4,1,0,1,0.5,0.25,1,4,0,1906
2,0,0,0,0,1.0,0.4,1.0,0.2,1.0,5,2,0,2,0.5,0.4,1,4,0,1907
3,7,1,0,0,0.1,0.0,0.0,0.0,0.0,0,0,0,0,0.0,0.0,3,4,0,1908
1,6,1,0,0,0.2,0.0,0.0,0.0,0.0,1,0,0,0,0.0,0.0,3,4,0,1909
2,1,0,0,0,0.3,0.0,0.0,0.0,0.0,2,0,0,0,0.0,0.0,3,4,0,1910
1,1,0,1,1,0.4,0.0,0.0,0.0,0.0,3,0,0,0,0.0,0.0,3,4,0,1911
3,6,1,0,0,0.5,0.25,1.0,0.25,1.0,4,1,0,1,0.5,0.25,3,4,0,1912
1,7,1,0,1,0.6,0.2,1.0,0.2,1.0,5,1,0,1,0.5,0.2,3,4,0,1913
1,1,0,0,0,0.7,0.16666666666666666,1.0,0.3333333333333333,1.0,6,1,0,1,0.5,0.16666666666666666,3,4,0,1914
3,7,1,1,1,0.8,0.14285714285714285,1.0,0.2857142857142857,1.0,7,1,0,1,0.5,0.14285714285714285,3,4,0,1915
3,2,0,0,0,0.9,0.25,1.0,0.375,1.0,8,2,0,2,0.5,0.25,3,4,0,1916
3,2,0,0,0,1.0,0.2222222222222222,1.0,0.3333333333333333,1.0,9,2,0,2,0.5,0.2222222222222222,3,4,0,1917
2,7,1,1,0,0.1,0.0,0.0,0.0,0.0,0,0,0,0,0.0,0.0,0,4,0,1918
1,2,0,0,1,0.2,1.0,1.0,0.0,0.0,1,1,0,1,0.0,1.0,0,4,0,1919
2,0,0,0,0,0.3,0.5,1.0,0.5,1.0,2,1,0,1,0.5,0.5,0,4,0,1920
2,0,0,0,0,0.4,0.3333333333333333,1.0,0.3333333333333333,1.0,3,1,0,1,0.5,0.3333333333333333,0,4,0,1921
3,6,1,0,0,0.5,0.25,1.0,0.25,1.0,4,1,0,1,0.5,0.25,0,4,0,1922
3,0,0,0,0,0.6,0.2,1.0,0.2,1.0,5,1,0,1,0.5,0.2,0,4,0,1923
1,6,1,0,0,0.7,0.16666666666666666,1.0,0.16666666666666666,1.0,6,1,0,1,0.5,0.16666666666666666,0,4,0,1924
3,6,1,0,0,0.8,0.14285714285714285,1.0,0.14285714285714285,1.0,7,1,0,1,0.5,0.14285714285714285,0,4,0,1925
3,1,0,0,0,0.9,0.125,1.0,0.125,1.0,8,1,0,1,0.5,0.125,0,4,0,1926
1,7,1,0,1,1.0,0.1111111111111111,1.0,0.1111111111111111,1.0,9,1,0,1,0.5,0.1111111111111111,0,4,0,1927
3,1,0,0,0,0.2,0.0,0.0,0.0,0.0,0,0,0,0,0.0,0.0,1,3,0,1928
1,6,1,0,0,0.4,0.0,0.0,0.0,0.0,1,0,0,0,0.0,0.0,1,3,0,1929
2,0,0,1,0,0.6,0.0,0.0,0.0,0.0,2,0,0,0,0.0,0.0,1,3,0,1930
3,6,1,1,0,0.8,0.3333333333333333,1.0,0.0,0.0,3,1,0,1,0.0,0.3333333333333333,1,3,0,1931
1,1,0,1,0,1.0,0.5,1.0,0.0,0.0,4,2,0,2,0.0,0.5,1,3,0,1932
3,1,0,0,0,0.1667,0.0,0.0,0.0,0.0,0,0,0,0,0.0,0.0,2,3,0,1933
1,6,1,1,0,0.3333,0.0,0.0,0.0,0.0,1,0,0,0,0.0,0.0,2,3,0,1934
2,0,0,0,1,0.5,0.5,1.0,0.0,0.0,2,1,0,1,0.0,0.5,2,3,0,1935
2,1,0,0,0,0.6667,0.3333333333333333,1.0,0.3333333333333333,1.0,3,1,0,1,0.5,0.3333333333333333,2,3,0,1936
2,0,0,0,0,0.8333,0.25,1.0,0.25,1.0,4,1,0,1,0.5,0.25,2,3,0,1937
3,7,1,0,0,1.0,0.2,1.0,0.2,1.0,5,1,0,1,0.5,0.2,2,3,0,1938
3,2,0,0,0,0.125,0.0,0.0,0.0,0.0,0,0,0,0,0.0,0.0,3,4,0,1939
3,2,0,0,0,0.25,0.0,0.0,0.0,0.0,1,0,0,0,0.0,0.0,3,4,0,1940
3,6,1,0,1,0.375,0.0,0.0,0.0,0.0,2,0,0,0,0.0,0.0,3,4,0,1941
3,7,1,0,0,0.5,0.0,0.0,0.3333333333333333,1.0,3,0,0,0,0.5,0.0,3,4,0,1942
3,0,0,0,0,0.625,0.0,0.0,0.25,1.0,4,0,0,0,0.5,0.0,3,4,0,1943
1,6,1,0,0,0.75,0.0,0.0,0.2,1.0,5,0,0,0,0.5,0.0,3,4,0,1944
1,6,1,0,1,0.875,0.0,0.0,0.16666666666666666,1.0,6,0,0,0,0.5,0.0,3,4,0,1945
2,2,0,0,0,1.0,0.0,0.0,0.2857142857142857,1.0,7,0,0,0,0.5,0.0,3,4,0,1946
2,2,0,0,1,0.1429,0.0,0.0,0.0,0.0,0,0,0,0,0.0,0.0,3,2,0,1947
3,1,0,0,0,0.2857,0.0,0.0,1.0,1.0,1,0,0,0,0.5,0.0,3,2,0,1948
2,7,1,0,1,0.4286,0.0,0.0,0.5,1.0,2,0,0,0,0.5,0.0,3,2,0,1949
2,0,0,0,0,0.5714,0.0,0.0,0.6666666666666666,1.0,3,0,0,0,0.5,0.0,3,2,0,1950
2,0,0,0,0,0.7143,0.0,0.0,0.5,1.0,4,0,0,0,0.5,0.0,3,2,0,1951
1,0,0,0,1,0.8571,0.0,0.0,0.4,1.0,5,0,0,0,0.5,0.0,3,2,0,1952
3,2,0,1,0,1.0,0.0,0.0,0.5,1.0,6,0,0,0,0.5,0.0,3,2,0,1953
3,6,1,0,0,0.25,0.0,0.0,0.0,0.0,0,0,0,0,0.0,0.0,0,3,0,1954
1,2,0,0,0,0.5,0.0,0.0,0.0,0.0,1,0,0,0,0.0,0.0,0,3,0,1955
1,2,0,0,1,0.75,0.0,0.0,0.0,0.0,2,0,0,0,0.0,0.0,0,3,0,1956
3,0,0,1,0,1.0,0.0,0.0,0.3333333333333333,1.0,3,0,0,0,0.5,0.0,0,3,0,1957
3,6,1,1,0,0.125,0.0,0.0,0.0,0.0,0,0,0,0,0.0,0.0,3,4,0,1958
2,0,0,0,0,0.25,1.0,1.0,0.0,0.0,1,1,0,1,0.0,1.0,3,4,0,1959
2,6,1,1,0,0.375,0.5,1.0,0.0,0.0,2,1,0,1,0.0,0.5,3,4,0,1960
1,7,1,0,1,0.5,0.6666666666666666,1.0,0.0,0.0,3,2,0,2,0.0,0.6666666666666666,3,4,0,1961
3,1,0,0,0,0.625,0.5,1.0,0.25,1.0,4,2,0,2,0.5,0.5,3,4,0,1962
1,7,1,1,1,0.75,0.4,1.0,0.2,1.0,5,2,0,2,0.5,0.4,3,4,0,1963
3,6,1,0,0,0.875,0.5,1.0,0.3333333333333333,1.0,6,3,0,3,0.5,0.5,3,4,0,1964
3,0,0,0,1,1.0,0.42857142857142855,1.0,0.2857142857142857,1.0,7,3,0,3,0.5,0.42857142857142855,3,4,0,1965
2,7,1,0,1,0.1,0.0,0.0,0.0,0.0,0,0,0,0,0.0,0.0,1,4,0,1966
2,6,1,0,0,0.2,0.0,0.0,1.0,1.0,1,0,0,0,0.5,0.0,1,4,0,1967
3,6,1,0,1,0.3,0.0,0.0,0.5,1.0,2,0,0,0,0.5,0.0,1,4,0,1968
1,0,0,1,0,0.4,0.0,0.0,0.6666666666666666,1.0,3,0,0,0,0.5,0.0,1,4,0,1969
1,6,1,0,1,0.5,0.25,1.0,0.5,1.0,4,1,0,1,0.5,0.25,1,4,0,1970
2,7,1,0,0,0.6,0.2,1.0,0.6,1.0,5,1,0,1,0.5,0.2,1,4,0,1971
2,6,1,0,0,0.7,0.16666666666666666,1.0,0.5,1.0,6,1,0,1,0.5,0.16666666666666666,1,4,0,1972
1,1,0,0,0,0.8,0.14285714285714285,1.0,0.42857142857142855,1.0,7,1,0,1,0.5,0.14285714285714285,1,4,0,1973
1,6,1,0,0,0.9,0.125,1.0,0.375,1.0,8,1,0,1,0.5,0.125,1,4,0,1974
3,1,0,0,1,1.0,0.1111111111111111,1.0,0.3333333333333333,1.0,9,1,0,1,0.5,0.1111111111111111,1,4,0,1975
1,6,1,0,1,0.1667,0.0,0.0,0.0,0.0,0,0,0,0,0.0,0.0,0,3,0,1976
1,0,0,0,0,0.3333,0.0,0.0,1.0,1.0,1,0,0,0,0.5,0.0,0,3,0,1977
1,7,1,1,1,0.5,0.0,0.0,0.5,1.0,2,0,0,0,0.5,0.0,0,3,0,1978
3,1,0,0,0,0.6667,0.3333333333333333,1.0,0.6666666666666666,1.0,3,1,0,1,0.5,0.3333333333333333,0,3,0,1979
1,1,0,0,0,0.8333,0.25,1.0,0.5,1.0,4,1,0,1,0.5,0.25,0,3,0,1980
3,1,0,0,1,1.0,0.2,1.0,0.4,1.0,5,1,0,1,0.5,0.2,0,3,0,1981
3,1,0,0,0,0.1,0.0,0.0,0.0,0.0,0,0,0,0,0.0,0.0,2,3,0,1982
1,1,0,0,0,0.2,0.0,0.0,0.0,0.0,1,0,0,0,0.0,0.0,2,3,0,1983
3,6,1,1,0,0.3,0.0,0.0,0.0,0.0,2,0,0,0,0.0,0.0,2,3,0,1984
2,1,0,0,1,0.4,0.3333333333333333,1.0,0.0,0.0,3,1,0,1,0.0,0.3333333333333333,2,3,0,1985
3,2,0,0,0,0.5,0.25,1.0,0.25,1.0,4,1,0,1,0.5,0.25,2,3,0,1986
3,0,0,0,1,0.6,0.2,1.0,0.2,1.0,5,1,0,1,0.5,0.2,2,3,0,1987
3,0,0,0,1,0.7,0.16666666666666666,1.0,0.3333333333333333,1.0,6,1,0,1,0.5,0.16666666666666666,2,3,0,1988
3,2,0,0,0,0.8,0.14285714285714285,1.0,0.42857142857142855,1.0,7,1,0,1,0.5,0.14285714285714285,2,3,0,1989
2,2,0,0,0,0.9,0.125,1.0,0.375,1.0,8,1,0,1,0.5,0.125,2,3,0,1990
3,1,0,0,1,1.0,0.1111111111111111,1.0,0.3333333333333333,1.0,9,1,0,1,0.5,0.1111111111111111,2,3,0,1991
3,6,1,0,1,0.1667,0.0,0.0,0.0,0.0,0,0,0,0,0.0,0.0,0,4,0,1992
3,6,1,0,1,0.3333,0.0,0.0,1.0,1.0,1,0,0,0,0.5,0.0,0,4,0,1993
2,1,0,1,0,0.5,0.0,0.0,1.0,1.0,2,0,0,0,0.5,0.0,0,4,0,1994
3,2,0,0,1,0.6667,0.3333333333333333,1.0,0.6666666666666666,1.0,3,1,0,1,0.5,0.3333333333333333,0,4,0,1995
2,2,0,1,0,0.8333,0.25,1.0,0.75,1.0,4,1,0,1,0.5,0.25,0,4,0,1996
3,7,1,0,0,1.0,0.4,1.0,0.6,1.0,5,2,0,2,0.5,0.4,0,4,0,1997
1,7,1,0,0,0.2,0.0,0.0,0.0,0.0,0,0,0,0,0.0,0.0,3,2,0,1998
1,6,1,0,0,0.4,0.0,0.0,0.0,0.0,1,0,0,0,0.0,0.0,3,2,0,1999
1,0,0,1,0,0.6,0.0,0.0,0.0,0.0,2,0,0,0,0.0,0.0,3,2,0,2000
1,6,1,1,0,0.8,0.3333333333333333,1.0,0.0,0.0,3,1,0,1,0.0,0.3333333333333333,3,2,0,2001
1,7,1,0,1,1.0,0.5,1.0,0.0,0.0,4,2,0,2,0.0,0.5,3,2,0,2002
1,6,1,0,0,0.2,0.0,0.0,0.0,0.0,0,0,0,0,0.0,0.0,2,4,0,2003
3,1,0,0,0,0.4,0.0,0.0,0.0,0.0,1,0,0,0,0.0,0.0,2,4,0,2004
1,6,1,1,0,0.6,0.0,0.0,0.0,0.0,2,0,0,0,0.0,0.0,2,4,0,2005
2,7,1,0,0,0.8,0.3333333333333333,1.0,0.0,0.0,3,1,0,1,0.0,0.3333333333333333,2,4,0,2006
1,6,1,0,0,1.0,0.25,1.0,0.0,0.0,4,1,0,1,0.0,0.25,2,4,0,2007
1,2,0,0,0,0.2,0.0,0.0,0.0,0.0,0,0,0,0,0.0,0.0,3,4,0,2008
3,2,0,0,0,0.4,0.0,0.0,0.0,0.0,1,0,0,0,0.0,0.0,3,4,0,2009
1,1,0,0,0,0.6,0.0,0.0,0.0,0.0,2,0,0,0,0.0,0.0,3,4,0,2010
2,2,0,0,1,0.8,0.0,0.0,0.0,0.0,3,0,0,0,0.0,0.0,3,4,0,2011
3,7,1,0,0,1.0,0.0,0.0,0.25,1.0,4,0,0,0,0.5,0.0,3,4,0,2012
2,0,0,0,0,0.2,0.0,0.0,0.0,0.0,0,0,0,0,0.0,0.0,3,3,0,2013
2,0,0,0,0,0.4,0.0,0.0,0.0,0.0,1,0,0,0,0.0,0.0,3,3,0,2014
2,7,1,0,0,0.6,0.0,0.0,0.0,0.0,2,0,0,0,0.0,0.0,3,3,0,2015
2,0,0,0,1,0.8,0.0,0.0,0.0,0.0,3,0,0,0,0.0,0.0,3,3,0,2016
1,1,0,0,1,1.0,0.0,0.0,0.25,1.0,4,0,0,0,0.5,0.0,3,3,0,2017
2,7,1,0,0,0.125,0.0,0.0,0.0,0.0,0,0,0,0,0.0,0.0,2,4,0,2018
3,0,0,0,0,0.25,0.0,0.0,0.0,0.0,1,0,0,0,0.0,0.0,2,4,0,2019
1,2,0,1,0,0.375,0.0,0.0,0.0,0.0,2,0,0,0,0.0,0.0,2,4,0,2020
1,2,0,0,1,0.5,0.3333333333333333,1.0,0.0,0.0,3,1,0,1,0.0,0.3333333333333333,2,4,0,2021
3,0,0,0,1,0.625,0.25,1.0,0.25,1.0,4,1,0,1,0.5,0.25,2,4,0,2022
1,2,0,0,0,0.75,0.2,1.0,0.4,1.0,5,1,0,1,0.5,0.2,2,4,0,2023
1,0,0,0,0,0.875,0.16666666666666666,1.0,0.3333333333333333,1.0,6,1,0,1,0.5,0.16666666666666666,2,4,0,2024
1,0,0,0,0,1.0,0.14285714285714285,1.0,0.2857142857142857,1.0,7,1,0,1,0.5,0.14285714285714285,2,4,0,2025
3,2,0,1,0,0.1111,0.0,0.0,0.0,0.0,0,0,0,0,0.0,0.0,2,3,0,2026
3,0,0,0,0,0.2222,1.0,1.0,0.0,0.0,1,1,0,1,0.0,1.0,2,3,0,2027
2,7,1,0,1,0.3333,0.5,1.0,0.0,0.0,2,1,0,1,0.0,0.5,2,3,0,2028
1,0,0,1,1,0.4444,0.3333333333333333,1.0,0.3333333333333333,1.0,3,1,0,1,0.5,0.3333333333333333,2,3,0,2029
2,7,1,0,0,0.5556,0.5,1.0,0.5,1.0,4,2,0,2,0.5,0.5,2,3,0,2030
3,0,0,0,1,0.6667,0.4,1.0,0.4,1.0,5,2,0,2,0.5,0.4,2,3,0,2031
1,6,1,1,1,0.7778,0.3333333333333333,1.0,0.5,1.0,6,2,0,2,0.5,0.3333333333333333,2,3,0,2032
3,7,1,0,0,0.8889,0.42857142857142855,1.0,0.5714285714285714,1.0,7,3,0,3,0.5,0.42857142857142855,2,3,0,2033
2,1,0,0,0,1.0,0.375,1.0,0.5,1.0,8,3,0,3,0.5,0.375,2,3,0,2034
3,0,0,0,0,0.1,0.0,0.0,0.0,0.0,0,0,0,0,0.0,0.0,1,4,0,2035
3,6,1,0,1,0.2,0.0,0.0,0.0,0.0,1,0,0,0,0.0,0.0,1,4,0,2036
3,0,0,0,0,0.3,0.0,0.0,0.5,1.0,2,0,0,0,0.5,0.0,1,4,0,2037
3,7,1,0,0,0.4,0.0,0.0,0.3333333333333333,1.0,3,0,0,0,0.5,0.0,1,4,0,2038
1,1,0,0,0,0.5,0.0,0.0,0.25,1.0,4,0,0,0,0.5,0.0,1,4,0,2039
2,1,0,0,0,0.6,0.0,0.0,0.2,1.0,5,0,0,0,0.5,0.0,1,4,0,2040
3,0,0,0,0,0.7,0.0,0.0,0.16666666666666666,1.0,6,0,0,0,0.5,0.0,1,4,0,2041
2,0,0,0,1,0.8,0.0,0.0,0.14285714285714285,1.0,7,0,0,0,0.5,0.0,1,4,0,2042
1,2,0,1,0,0.9,0.0,0.0,0.25,1.0,8,0,0,0,0.5,0.0,1,4,0,2043
2,7,1,0,1,1.0,0.1111111111111111,1.0,0.2222222222222222,1.0,9,1,0,1,0.5,0.1111111111111111,1,4,0,2044
2,2,0,1,0,0.1667,0.0,0.0,0.0,0.0,0,0,0,0,0.0,0.0,2,3,0,2045
3,1,0,1,0,0.3333,1.0,1.0,0.0,0.0,1,1,0,1,0.0,1.0,2,3,0,2046
3,2,0,0,1,0.5,1.0,1.0,0.0,0.0,2,2,0,2,0.0,1.0,2,3,0,2047
3,1,0,1,1,0.6667,0.6666666666666666,1.0,0.3333333333333333,1.0,3,2,0,2,0.5,0.6666666666666666,2,3,0,2048
1,2,0,0,0,0.8333,0.75,1.0,0.5,1.0,4,3,0,3,0.5,0.75,2,3,0,2049
1,7,1,0,0,1.0,0.6,1.0,0.4,1.0,5,3,0,3,0.5,0.6,2,3,0,2050
1,6,1,0,0,0.125,0.0,0.0,0.0,0.0,0,0,0,0,0.0,0.0,2,3,0,2051
3,2,0,0,1,0.25,0.0,0.0,0.0,0.0,1,0,0,0,0.0,0.0,2,3,0,2052
3,2,0,0,0,0.375,0.0,0.0,0.5,1.0,2,0,0,0,0.5,0.0,2,3,0,2053
2,7,1,0,0,0.5,0.0,0.0,0.3333333333333333,1.0,3,0,0,0,0.5,0.0,2,3,0,2054
3,6,1,0,0,0.625,0.0,0.0,0.25,1.0,4,0,0,0,0.5,0.0,2,3,0,2055
2,6,1,0,0,0.75,0.0,0.0,0.2,1.0,5,0,0,0,0.5,0.0,2,3,0,2056
3,7,1,1,1,0.875,0.0,0.0,0.16666666666666666,1.0,6,0,0,0,0.5,0.0,2,3,0,2057
2,2,0,0,0,1.0,0.14285714285714285,1.0,0.2857142857142857,1.0,7,1,0,1,0.5,0.14285714285714285,2,3,0,2058
1,2,0,0,0,0.125,0.0,0.0,0.0,0.0,0,0,0,0,0.0,0.0,1,4,0,2059
2,7,1,0,0,0.25,0.0,0.0,0.0,0.0,1,0,0,0,0.0,0.0,1,4,0,2060
2,1,0,0,1,0.375,0.0,0.0,0.0,0.0,2,0,0,0,0.0,0.0,1,4,0,2061
3,6,1,1,0,0.5,0.0,0.0,0.3333333333333333,1.0,3,0,0,0,0.5,0.0,1,4,0,2062
3,6,1,0,0,0.625,0.25,1.0,0.25,1.0,4,1,0,1,0.5,0.25,1,4,0,2063
2,1,0,0,0,0.75,0.2,1.0,0.2,1.0,5,1,0,1,0.5,0.2,1,4,0,2064
3,0,0,0,1,0.875,0.16666666666666666,1.0,0.16666666666666666,1.0,6,1,0,1,0.5,0.16666666666666666,1,4,0,2065
2,1,0,1,1,1.0,0.14285714285714285,1.0,0.2857142857142857,1.0,7,1,0,1,0.5,0.14285714285714285,1,4,0,2066
1,1,0,1,0,0.1111,0.0,0.0,0.0,0.0,0,0,0,0,0.0,0.0,3,3,0,2067
3,0,0,0,0,0.2222,1.0,1.0,0.0,0.0,1,1,0,1,0.0,1.0,3,3,0,2068
2,7,1,0,0,0.3333,0.5,1.0,0.0,0.0,2,1,0,1,0.0,0.5,3,3,0,2069
3,2,0,1,0,0.4444,0.3333333333333333,1.0,0.0,0.0,3,1,0,1,0.0,0.3333333333333333,3,3,0,2070
3,7,1,0,0,0.5556,0.5,1.0,0.0,0.0,4,2,0,2,0.0,0.5,3,3,0,2071
2,2,0,0,1,0.6667,0.4,1.0,0.0,0.0,5,2,0,2,0.0,0.4,3,3,0,2072
2,2,0,0,1,0.7778,0.3333333333333333,1.0,0.16666666666666666,1.0,6,2,0,2,0.5,0.3333333333333333,3,3,0,2073
1,2,0,0,0,0.8889,0.2857142857142857,1.0,0.2857142857142857,1.0,7,2,0,2,0.5,0.2857142857142857,3,3,0,2074
3,6,1,0,1,1.0,0.25,1.0,0.25,1.0,8,2,0,2,0.5,0.25,3,3,0,2075
1,6,1,0,0,0.125,0.0,0.0,0.0,0.0,0,0,0,0,0.0,0.0,3,2,0,2076
1,2,0,1,1,0.25,0.0,0.0,0.0,0.0,1,0,0,0,0.0,0.0,3,2,0,2077
1,6,1,0,1,0.375,0.5,1.0,0.5,1.0,2,1,0,1,0.5,0.5,3,2,0,2078
1,7,1,0,0,0.5,0.3333333333333333,1.0,0.6666666666666666,1.0,3,1,0,1,0.5,0.3333333333333333,3,2,0,2079
2,0,0,0,1,0.625,0.25,1.0,0.5,1.0,4,1,0,1,0.5,0.25,3,2,0,2080
2,2,0,0,0,0.75,0.2,1.0,0.6,1.0,5,1,0,1,0.5,0.2,3,2,0,2081
1,2,0,0,0,0.875,0.16666666666666666,1.0,0.5,1.0,6,1,0,1,0.5,0.16666666666666666,3,2,0,2082
1,1,0,0,0,1.0,0.14285714285714285,1.0,0.42857142857142855,1.0,7,1,0,1,0.5,0.14285714285714285,3,2,0,2083
2,7,1,0,1,0.1,0.0,0.0,0.0,0.0,0,0,0,0,0.0,0.0,2,3,0,2084
3,6,1,0,0,0.2,0.0,0.0,1.0,1.0,1,0,0,0,0.5,0.0,2,3,0,2085
2,1,0,0,0,0.3,0.0,0.0,0.5,1.0,2,0,0,0,0.5,0.0,2,3,0,2086
2,2,0,0,1,0.4,0.0,0.0,0.3333333333333333,1.0,3,0,0,0,0.5,0.0,2,3,0,2087
3,6,1,0,1,0.5,0.0,0.0,0.5,1.0,4,0,0,0,0.5,0.0,2,3,0,2088
2,0,0,0,0,0.6,0.0,0.0,0.6,1.0,5,0,0,0,0.5,0.0,2,3,0,2089
1,2,0,0,0,0.7,0.0,0.0,0.5,1.0,6,0,0,0,0.5,0.0,2,3,0,2090
3,0,0,1,1,0.8,0.0,0.0,0.42857142857142855,1.0,7,0,0,0,0.5,0.0,2,3,0,2091
2,1,0,0,0,0.9,0.125,1.0,0.5,1.0,8,1,0,1,0.5,0.125,2,3,0,2092
1,0,0,0,1,1.0,0.1111111111111111,1.0,0.4444444444444444,1.0,9,1,0,1,0.5,0.1111111111111111,2,3,0,2093
2,7,1,0,0,0.1111,0.0,0.0,0.0,0.0,0,0,0,0,0.0,0.0,1,2,0,2094
1,6,1,0,0,0.2222,0.0,0.0,0.0,0.0,1,0,0,0,0.0,0.0,1,2,0,2095
3,7,1,1,0,0.3333,0.0,0.0,0.0,0.0,2,0,0,0,0.0,0.0,1,2,0,2096
1,2,0,1,0,0.4444,0.3333333333333333,1.0,0.0,0.0,3,1,0,1,0.0,0.3333333333333333,1,2,0,2097
3,1,0,0,0,0.5556,0.5,1.0,0.0,0.0,4,2,0,2,0.0,0.5,1,2,0,2098
2,7,1,0,1,0.6667,0.4,1.0,0.0,0.0,5,2,0,2,0.0,0.4,1,2,0,2099
2,1,0,0,0,0.7778,0.3333333333333333,1.0,0.16666666666666666,1.0,6,2,0,2,0.5,0.3333333333333333,1,2,0,2100
1,6,1,1,1,0.8889,0.2857142857142857,1.0,0.14285714285714285,1.0,7,2,0,2,0.5,0.2857142857142857,1,2,0,2101
2,6,1,0,1,1.0,0.375,1.0,0.25,1.0,8,3,0,3,0.5,0.375,1,2,0,2102
2,6,1,0,0,0.1429,0.0,0.0,0.0,0.0,0,0,0,0,0.0,0.0,3,4,0,2103
1,2,0,0,0,0.2857,0.0,0.0,0.0,0.0,1,0,0,0,0.0,0.0,3,4,0,2104
1,0,0,1,0,0.4286,0.0,0.0,0.0,0.0,2,0,0,0,0.0,0.0,3,4,0,2105
3,0,0,1,0,0.5714,0.3333333333333333,1.0,0.0,0.0,3,1,0,1,0.0,0.3333333333333333,3,4,0,2106
1,1,0,0,0,0.7143,0.5,1.0,0.0,0.0,4,2,0,2,0.0,0.5,3,4,0,2107
2,2,0,1,1,0.8571,0.4,1.0,0.0,0.0,5,2,0,2,0.0,0.4,3,4,0,2108
1,1,0,0,0,1.0,0.5,1.0,0.16666666666666666,1.0,6,3,0,3,0.5,0.5,3,4,0,2109
2,1,0,0,0,0.1,0.0,0.0,0.0,0.0,0,0,0,0,0.0,0.0,3,2,0,2110
3,2,0,1,0,0.2,0.0,0.0,0.0,0.0,1,0,0,0,0.0,0.0,3,2,0,2111
1,2,0,0,0,0.3,0.5,1.0,0.0,0.0,2,1,0,1,0.0,0.5,3,2,0,2112
3,2,0,0,1,0.4,0.3333333333333333,1.0,0.0,0.0,3,1,0,1,0.0,0.3333333333333333,3,2,0,2113
1,1,0,1,0,0.5,0.25,1.0,0.25,1.0,4,1,0,1,0.5,0.25,3,2,0,2114
1,1,0,0,1,0.6,0.4,1.0,0.2,1.0,5,2,0,2,0.5,0.4,3,2,0,2115
3,1,0,0,0,0.7,0.3333333333333333,1.0,0.3333333333333333,1.0,6,2,0,2,0.5,0.3333333333333333,3,2,0,2116
2,2,0,1,0,0.8,0.2857142857142857,1.0,0.2857142857142857,1.0,7,2,0,2,0.5,0.2857142857142857,3,2,0,2117
1,0,0,0,1,0.9,0.375,1.0,0.25,1.0,8,3,0,3,0.5,0.375,3,2,0,2118
3,0,0,0,0,1.0,0.3333333333333333,1.0,0.3333333333333333,1.0,9,3,0,3,0.5,0.3333333333333333,3,2,0,2119
1,1,0,0,0,0.1429,0.0,0.0,0.0,0.0,0,0,0,0,0.0,0.0,3,4,0,2120
2,6,1,1,0,0.2857,0.0,0.0,0.0,0.0,1,0,0,0,0.0,0.0,3,4,0,2121
2,2,0,1,0,0.4286,0.5,1.0,0.0,0.0,2,1,0,1,0.0,0.5,3,4,0,2122
3,1,0,1,0,0.5714,0.6666666666666666,1.0,0.0,0.0,3,2,0,2,0.0,0.6666666666666666,3,4,0,2123
3,0,0,0,1,0.7143,0.75,1.0,0.0,0.0,4,3,0,3,0.0,0.75,3,4,0,2124
3,0,0,0,0,0.8571,0.6,1.0,0.2,1.0,5,3,0,3,0.5,0.6,3,4,0,2125
3,0,0,0,1,1.0,0.5,1.0,0.16666666666666666,1.0,6,3,0,3,0.5,0.5,3,4,0,2126
2,2,0,1,0,0.1,0.0,0.0,0.0,0.0,0,0,0,0,0.0,0.0,1,4,0,2127
3,0,0,0,0,0.2,1.0,1.0,0.0,0.0,1,1,0,1,0.0,1.0,1,4,0,2128
1,0,0,1,0,0.3,0.5,1.0,0.0,0.0,2,1,0,1,0.0,0.5,1,4,0,2129
3,2,0,0,0,0.4,0.6666666666666666,1.0,0.0,0.0,3,2,0,2,0.0,0.6666666666666666,1,4,0,2130
1,6,1,1,0,0.5,0.5,1.0,0.0,0.0,4,2,0,2,0.0,0.5,1,4,0,2131
2,2,0,0,1,0.6,0.6,1.0,0.0,0.0,5,3,0,3,0.0,0.6,1,4,0,2132
1,6,1,0,0,0.7,0.5,1.0,0.16666666666666666,1.0,6,3,0,3,0.5,0.5,1,4,0,2133
3,7,1,0,0,0.8,0.42857142857142855,1.0,0.14285714285714285,1.0,7,3,0,3,0.5,0.42857142857142855,1,4,0,2134
3,2,0,0,1,0.9,0.375,1.0,0.125,1.0,8,3,0,3,0.5,0.375,1,4,0,2135
2,2,0,0,0,1.0,0.3333333333333333,1.0,0.2222222222222222,1.0,9,3,0,3,0.5,0.3333333333333333,1,4,0,2136
3,1,0,1,0,0.1,0.0,0.0,0.0,0.0,0,0,0,0,0.0,0.0,3,2,0,2137
3,6,1,0,0,0.2,1.0,1.0,0.0,0.0,1,1,0,1,0.0,1.0,3,2,0,2138
1,7,1,0,0,0.3,0.5,1.0,0.0,0.0,2,1,0,1,0.0,0.5,3,2,0,2139
2,2,0,0,0,0.4,0.3333333333333333,1.0,0.0,0.0,3,1,0,1,0.0,0.3333333333333333,3,2,0,2140
1,6,1,0,0,0.5,0.25,1.0,0.0,0.0,4,1,0,1,0.0,0.25,3,2,0,2141
3,6,1,0,0,0.6,0.2,1.0,0.0,0.0,5,1,0,1,0.0,0.2,3,2,0,2142
2,6,1,0,0,0.7,0.16666666666666666,1.0,0.0,0.0,6,1,0,1,0.0,0.16666666666666666,3,2,0,2143
1,6,1,0,0,0.8,0.14285714285714285,1.0,0.0,0.0,7,1,0,1,0.0,0.14285714285714285,3,2,0,2144
3,6,1,0,0,0.9,0.125,1.0,0.0,0.0,8,1,0,1,0.0,0.125,3,2,0,2145
1,1,0,0,0,1.0,0.1111111111111111,1.0,0.0,0.0,9,1,0,1,0.0,0.1111111111111111,3,2,0,2146
3,7,1,1,0,0.1111,0.0,0.0,0.0,0.0,0,0,0,0,0.0,0.0,1,4,0,2147
3,0,0,0,0,0.2222,1.0,1.0,0.0,0.0,1,1,0,1,0.0,1.0,1,4,0,2148
3,6,1,0,0,0.3333,0.5,1.0,0.0,0.0,2,1,0,1,0.0,0.5,1,4,0,2149
2,6,1,0,0,0.4444,0.3333333333333333,1.0,0.0,0.0,3,1,0,1,0.0,0.3333333333333333,1,4,0,2150
2,6,1,1,0,0.5556,0.25,1.0,0.0,0.0,4,1,0,1,0.0,0.25,1,4,0,2151
1,6,1,0,0,0.6667,0.4,1.0,0.0,0.0,5,2,0,2,0.0,0.4,1,4,0,2152
1,1,0,0,0,0.7778,0.3333333333333333,1.0,0.0,0.0,6,2,0,2,0.0,0.3333333333333333,1,4,0,2153
2,2,0,0,0,0.8889,0.2857142857142857,1.0,0.0,0.0,7,2,0,2,0.0,0.2857142857142857,1,4,0,2154
1,0,0,0,0,1.0,0.25,1.0,0.0,0.0,8,2,0,2,0.0,0.25,1,4,0,2155
1,0,0,1,0,0.1111,0.0,0.0,0.0,0.0,0,0,0,0,0.0,0.0,2,3,0,2156
2,6,1,0,1,0.2222,1.0,1.0,0.0,0.0,1,1,0,1,0.0,1.0,2,3,0,2157
3,1,0,1,0,0.3333,0.5,1.0,0.5,1.0,2,1,0,1,0.5,0.5,2,3,0,2158
2,1,0,0,0,0.4444,0.6666666666666666,1.0,0.3333333333333333,1.0,3,2,0,2,0.5,0.6666666666666666,2,3,0,2159
2,2,0,0,0,0.5556,0.5,1.0,0.25,1.0,4,2,0,2,0.5,0.5,2,3,0,2160
3,6,1,0,0,0.6667,0.4,1.0,0.2,1.0,5,2,0,2,0.5,0.4,2,3,0,2161
3,6,1,0,0,0.7778,0.3333333333333333,1.0,0.16666666666666666,1.0,6,2,0,2,0.5,0.3333333333333333,2,3,0,2162
2,2,0,0,0,0.8889,0.2857142857142857,1.0,0.14285714285714285,1.0,7,2,0,2,0.5,0.2857142857142857,2,3,0,2163
1,1,0,0,1,1.0,0.25,1.0,0.125,1.0,8,2,0,2,0.5,0.25,2,3,0,2164
2,6,1,0,0,0.125,0.0,0.0,0.0,0.0,0,0,0,0,0.0,0.0,3,3,0,2165
1,1,0,0,1,0.25,0.0,0.0,0.0,0.0,1,0,0,0,0.0,0.0,3,3,0,2166
1,6,1,0,0,0.375,0.0,0.0,0.5,1.0,2,0,0,0,0.5,0.0,3,3,0,2167
1,1,0,0,0,0.5,0.0,0.0,0.3333333333333333,1.0,3,0,0,0,0.5,0.0,3,3,0,2168
3,0,0,0,0,0.625,0.0,0.0,0.25,1.0,4,0,0,0,0.5,0.0,3,3,0,2169
3,7,1,0,0,0.75,0.0,0.0,0.2,1.0,5,0,0,0,0.5,0.0,3,3,0,2170
1,7,1,0,0,0.875,0.0,0.0,0.16666666666666666,1.0,6,0,0,0,0.5,0.0,3,3,0,2171
1,1,0,0,1,1.0,0.0,0.0,0.14285714285714285,1.0,7,0,0,0,0.5,0.0,3,3,0,2172
1,2,0,0,1,0.25,0.0,0.0,0.0,0.0,0,0,0,0,0.0,0.0,3,2,0,2173
2,7,1,0,0,0.5,0.0,0.0,1.0,1.0,1,0,0,0,0.5,0.0,3,2,0,2174
1,1,0,0,1,0.75,0.0,0.0,0.5,1.0,2,0,0,0,0.5,0.0,3,2,0,2175
2,6,1,0,0,1.0,0.0,0.0,0.6666666666666666,1.0,3,0,0,0,0.5,0.0,3,2,0,2176
3,7,1,0,0,0.25,0.0,0.0,0.0,0.0,0,0,0,0,0.0,0.0,3,4,0,2177
2,6,1,0,0,0.5,0.0,0.0,0.0,0.0,1,0,0,0,0.0,0.0,3,4,0,2178
1,0,0,1,0,0.75,0.0,0.0,0.0,0.0,2,0,0,0,0.0,0.0,3,4,0,2179
2,7,1,0,1,1.0,0.3333333333333333,1.0,0.0,0.0,3,1,0,1,0.0,0.3333333333333333,3,4,0,2180
2,0,0,1,0,0.1111,0.0,0.0,0.0,0.0,0,0,0,0,0.0,0.0,1,4,0,2181
2,6,1,0,0,0.2222,1.0,1.0,0.0,0.0,1,1,0,1,0.0,1.0,1,4,0,2182
1,2,0,0,0,0.3333,0.5,1.0,0.0,0.0,2,1,0,1,0.0,0.5,1,4,0,2183
3,1,0,1,1,0.4444,0.3333333333333333,1.0,0.0,0.0,3,1,0,1,0.0,0.3333333333333333,1,4,0,2184
1,6,1,0,0,0.5556,0.5,1.0,0.25,1.0,4,2,0,2,0.5,0.5,1,4,0,2185
1,7,1,0,0,0.6667,0.4,1.0,0.2,1.0,5,2,0,2,0.5,0.4,1,4,0,2186
2,7,1,0,0,0.7778,0.3333333333333333,1.0,0.16666666666666666,1.0,6,2,0,2,0.5,0.3333333333333333,1,4,0,2187
1,2,0,0,0,0.8889,0.2857142857142857,1.0,0.14285714285714285,1.0,7,2,0,2,0.5,0.2857142857142857,1,4,0,2188
3,0,0,0,0,1.0,0.25,1.0,0.125,1.0,8,2,0,2,0.5,0.25,1,4,0,2189
1,7,1,1,1,0.1,0.0,0.0,0.0,0.0,0,0,0,0,0.0,0.0,3,2,0,2190
2,2,0,0,1,0.2,1.0,1.0,1.0,1.0,1,1,0,1,0.5,1.0,3,2,0,2191
1,1,0,0,1,0.3,0.5,1.0,1.0,1.0,2,1,0,1,0.5,0.5,3,2,0,2192
2,2,0,0,0,0.4,0.3333333333333333,1.0,1.0,1.0,3,1,0,1,0.5,0.3333333333333333,3,2,0,2193
3,6,1,0,0,0.5,0.25,1.0,0.75,1.0,4,1,0,1,0.5,0.25,3,2,0,2194
1,7,1,1,1,0.6,0.2,1.0,0.6,1.0,5,1,0,1,0.5,0.2,3,2,0,2195
3,6,1,0,0,0.7,0.3333333333333333,1.0,0.6666666666666666,1.0,6,2,0,2,0.5,0.3333333333333333,3,2,0,2196
2,7,1,0,0,0.8,0.2857142857142857,1.0,0.5714285714285714,1.0,7,2,0,2,0.5,0.2857142857142857,3,2,0,2197
2,1,0,0,1,0.9,0.25,1.0,0.5,1.0,8,2,0,2,0.5,0.25,3,2,0,2198
1,1,0,0,0,1.0,0.2222222222222222,1.0,0.5555555555555556,1.0,9,2,0,2,0.5,0.2222222222222222,3,2,0,2199
1,7,1,0,0,0.1667,0.0,0.0,0.0,0.0,0,0,0,0,0.0,0.0,1,2,0,2200
3,0,0,0,1,0.3333,0.0,0.0,0.0,0.0,1,0,0,0,0.0,0.0,1,2,0,2201
2,2,0,0,0,0.5,0.0,0.0,0.5,1.0,2,0,0,0,0.5,0.0,1,2,0,2202
2,1,0,1,0,0.6667,0.0,0.0,0.3333333333333333,1.0,3,0,0,0,0.5,0.0,1,2,0,2203
1,7,1,0,0,0.8333,0.25,1.0,0.25,1.0,4,1,0,1,0.5,0.25,1,2,0,2204
1,2,0,0,0,1.0,0.2,1.0,0.2,1.0,5,1,0,1,0.5,0.2,1,2,0,2205
3,6,1,0,1,0.1667,0.0,0.0,0.0,0.0,0,0,0,0,0.0,0.0,3,4,0,2206
3,1,0,0,0,0.3333,0.0,0.0,1.0,1.0,1,0,0,0,0.5,0.0,3,4,0,2207
1,7,1,0,0,0.5,0.0,0.0,0.5,1.0,2,0,0,0,0.5,0.0,3,4,0,2208
3,6,1,0,1,0.6667,0.0,0.0,0.3333333333333333,1.0,3,0,0,0,0.5,0.0,3,4,0,2209
2,6,1,0,0,0.8333,0.0,0.0,0.5,1.0,4,0,0,0,0.5,0.0,3,4,0,2210
2,7,1,0,0,1.0,0.0,0.0,0.4,1.0,5,0,0,0,0.5,0.0,3,4,0,2211
3,0,0,0,1,0.1,0.0,0.0,0.0,0.0,0,0,0,0,0.0,0.0,0,2,0,2212
1,7,1,0,0,0.2,0.0,0.0,1.0,1.0,1,0,0,0,0.5,0.0,0,2,0,2213
1,7,1,0,0,0.3,0.0,0.0,0.5,1.0,2,0,0,0,0.5,0.0,0,2,0,2214
2,1,0,1,0,0.4,0.0,0.0,0.3333333333333333,1.0,3,0,0,0,0.5,0.0,0,2,0,2215
3,7,1,0,0,0.5,0.25,1.0,0.25,1.0,4,1,0,1,0.5,0.25,0,2,0,2216
1,1,0,0,0,0.6,0.2,1.0,0.2,1.0,5,1,0,1,0.5,0.2,0,2,0,2217
1,6,1,0,0,0.7,0.16666666666666666,1.0,0.16666666666666666,1.0,6,1,0,1,0.5,0.16666666666666666,0,2,0,2218
3,0,0,0,0,0.8,0.14285714285714285,1.0,0.14285714285714285,1.0,7,1,0,1,0.5,0.14285714285714285,0,2,0,2219
1,6,1,0,1,0.9,0.125,1.0,0.125,1.0,8,1,0,1,0.5,0.125,0,2,0,2220
3,0,0,0,0,1.0,0.1111111111111111,1.0,0.2222222222222222,1.0,9,1,0,1,0.5,0.1111111111111111,0,2,0,2221
1,2,0,0,0,0.1111,0.0,0.0,0.0,0.0,0,0,0,0,0.0,0.0,2,3,0,2222
3,2,0,0,0,0.2222,0.0,0.0,0.0,0.0,1,0,0,0,0.0,0.0,2,3,0,2223
2,1,0,0,1,0.3333,0.0,0.0,0.0,0.0,2,0,0,0,0.0,0.0,2,3,0,2224
1,2,0,0,0,0.4444,0.0,0.0,0.3333333333333333,1.0,3,0,0,0,0.5,0.0,2,3,0,2225
3,1,0,0,0,0.5556,0.0,0.0,0.25,1.0,4,0,0,0,0.5,0.0,2,3,0,2226
3,6,1,0,1,0.6667,0.0,0.0,0.2,1.0,5,0,0,0,0.5,0.0,2,3,0,2227
3,7,1,0,1,0.7778,0.0,0.0,0.3333333333333333,1.0,6,0,0,0,0.5,0.0,2,3,0,2228
2,6,1,1,0,0.8889,0.0,0.0,0.42857142857142855,1.0,7,0,0,0,0.5,0.0,2,3,0,2229
3,2,0,1,0,1.0,0.125,1.0,0.375,1.0,8,1,0,1,0.5,0.125,2,3,0,2230
3,6,1,0,1,0.1,0.0,0.0,0.0,0.0,0,0,0,0,0.0,0.0,2,3,0,2231
1,7,1,0,0,0.2,0.0,0.0,1.0,1.0,1,0,0,0,0.5,0.0,2,3,0,2232
2,1,0,0,1,0.3,0.0,0.0,0.5,1.0,2,0,0,0,0.5,0.0,2,3,0,2233
3,2,0,0,1,0.4,0.0,0.0,0.6666666666666666,1.0,3,0,0,0,0.5,0.0,2,3,0,2234
2,1,0,0,1,0.5,0.0,0.0,0.75,1.0,4,0,0,0,0.5,0.0,2,3,0,2235
2,7,1,0,0,0.6,0.0,0.0,0.8,1.0,5,0,0,0,0.5,0.0,2,3,0,2236
1,2,0,0,1,0.7,0.0,0.0,0.6666666666666666,1.0,6,0,0,0,0.5,0.0,2,3,0,2237
1,6,1,0,1,0.8,0.0,0.0,0.7142857142857143,1.0,7,0,0,0,0.5,0.0,2,3,0,2238
1,6,1,0,1,0.9,0.0,0.0,0.75,1.0,8,0,0,0,0.5,0.0,2,3,0,2239
2,2,0,0,0,1.0,0.0,0.0,0.7777777777777778,1.0,9,0,0,0,0.5,0.0,2,3,0,2240
3,1,0,1,0,0.1111,0.0,0.0,0.0,0.0,0,0,0,0,0.0,0.0,0,4,0,2241
3,0,0,0,1,0.2222,1.0,1.0,0.0,0.0,1,1,0,1,0.0,1.0,0,4,0,2242
3,6,1,0,0,0.3333,0.5,1.0,0.5,1.0,2,1,0,1,0.5,0.5,0,4,0,2243
2,7,1,1,0,0.4444,0.3333333333333333,1.0,0.3333333333333333,1.0,3,1,0,1,0.5,0.3333333333333333,0,4,0,2244
2,0,0,0,0,0.5556,0.5,1.0,0.25,1.0,4,2,0,2,0.5,0.5,0,4,0,2245
2,2,0,0,0,0.6667,0.4,1.0,0.2,1.0,5,2,0,2,0.5,0.4,0,4,0,2246
2,6,1,0,1,0.7778,0.3333333333333333,1.0,0.16666666666666666,1.0,6,2,0,2,0.5,0.3333333333333333,0,4,0,2247
3,1,0,0,0,0.8889,0.2857142857142857,1.0,0.2857142857142857,1.0,7,2,0,2,0.5,0.2857142857142857,0,4,0,2248
2,1,0,0,0,1.0,0.25,1.0,0.25,1.0,8,2,0,2,0.5,0.25,0,4,0,2249
2,2,0,0,0,0.125,0.0,0.0,0.0,0.0,0,0,0,0,0.0,0.0,3,2,0,2250
2,6,1,0,0,0.25,0.0,0.0,0.0,0.0,1,0,0,0,0.0,0.0,3,2,0,2251
1,7,1,0,0,0.375,0.0,0.0,0.0,0.0,2,0,0,0,0.0,0.0,3,2,0,2252
2,1,0,0,0,0.5,0.0,0.0,0.0,0.0,3,0,0,0,0.0,0.0,3,2,0,2253
3,6,1,0,0,0.625,0.0,0.0,0.0,0.0,4,0,0,0,0.0,0.0,3,2,0,2254
2,6,1,0,0,0.75,0.0,0.0,0.0,0.0,5,0,0,0,0.0,0.0,3,2,0,2255
2,1,0,0,0,0.875,0.0,0.0,0.0,0.0,6,0,0,0,0.0,0.0,3,2,0,2256
3,2,0,1,0,1.0,0.0,0.0,0.0,0.0,7,0,0,0,0.0,0.0,3,2,0,2257
1,7,1,0,0,0.125,0.0,0.0,0.0,0.0,0,0,0,0,0.0,0.0,1,3,0,2258
3,1,0,0,0,0.25,0.0,0.0,0.0,0.0,1,0,0,0,0.0,0.0,1,3,0,2259
1,0,0,0,0,0.375,0.0,0.0,0.0,0.0,2,0,0,0,0.0,0.0,1,3,0,2260
2,0,0,0,1,0.5,0.0,0.0,0.0,0.0,3,0,0,0,0.0,0.0,1,3,0,2261
2,0,0,0,0,0.625,0.0,0.0,0.25,1.0,4,0,0,0,0.5,0.0,1,3,0,2262
3,6,1,0,0,0.75,0.0,0.0,0.2,1.0,5,0,0,0,0.5,0.0,1,3,0,2263
1,2,0,0,0,0.875,0.0,0.0,0.16666666666666666,1.0,6,0,0,0,0.5,0.0,1,3,0,2264
1,1,0,0,1,1.0,0.0,0.0,0.14285714285714285,1.0,7,0,0,0,0.5,0.0,1,3,0,2265
1,1,0,0,0,0.1429,0.0,0.0,0.0,0.0,0,0,0,0,0.0,0.0,1,3,0,2266
2,6,1,1,0,0.2857,0.0,0.0,0.0,0.0,1,0,0,0,0.0,0.0,1,3,0,2267
2,0,0,0,0,0.4286,0.5,1.0,0.0,0.0,2,1,0,1,0.0,0.5,1,3,0,2268
1,7,1,0,0,0.5714,0.3333333333333333,1.0,0.0,0.0,3,1,0,1,0.0,0.3333333333333333,1,3,0,2269
1,7,1,0,1,0.7143,0.25,1.0,0.0,0.0,4,1,0,1,0.0,0.25,1,3,0,2270
1,6,1,1,0,0.8571,0.2,1.0,0.2,1.0,5,1,0,1,0.5,0.2,1,3,0,2271
3,0,0,0,0,1.0,0.3333333333333333,1.0,0.16666666666666666,1.0,6,2,0,2,0.5,0.3333333333333333,1,3,0,2272
1,6,1,0,0,0.1667,0.0,0.0,0.0,0.0,0,0,0,0,0.0,0.0,0,3,0,2273
2,1,0,0,1,0.3333,0.0,0.0,0.0,0.0,1,0,0,0,0.0,0.0,0,3,0,2274
3,7,1,0,1,0.5,0.0,0.0,0.5,1.0,2,0,0,0,0.5,0.0,0,3,0,2275
3,2,0,0,0,0.6667,0.0,0.0,0.6666666666666666,1.0,3,0,0,0,0.5,0.0,0,3,0,2276
1,0,0,0,0,0.8333,0.0,0.0,0.5,1.0,4,0,0,0,0.5,0.0,0,3,0,2277
3,1,0,0,0,1.0,0.0,0.0,0.4,1.0,5,0,0,0,0.5,0.0,0,3,0,2278
2,1,0,0,0,0.2,0.0,0.0,0.0,0.0,0,0,0,0,0.0,0.0,1,2,0,2279
3,2,0,1,1,0.4,0.0,0.0,0.0,0.0,1,0,0,0,0.0,0.0,1,2,0,2280
1,1,0,0,1,0.6,0.5,1.0,0.5,1.0,2,1,0,1,0.5,0.5,1,2,0,2281
2,0,0,0,0,0.8,0.3333333333333333,1.0,0.6666666666666666,1.0,3,1,0,1,0.5,0.3333333333333333,1,2,0,2282
3,6,1,0,0,1.0,0.25,1.0,0.5,1.0,4,1,0,1,0.5,0.25,1,2,0,2283
1,7,1,0,0,0.25,0.0,0.0,0.0,0.0,0,0,0,0,0.0,0.0,0,3,0,2284
2,1,0,0,0,0.5,0.0,0.0,0.0,0.0,1,0,0,0,0.0,0.0,0,3,0,2285
1,0,0,0,1,0.75,0.0,0.0,0.0,0.0,2,0,0,0,0.0,0.0,0,3,0,2286
1,0,0,1,0,1.0,0.0,0.0,0.3333333333333333,1.0,3,0,0,0,0.5,0.0,0,3,0,2287
3,0,0,1,1,0.1111,0.0,0.0,0.0,0.0,0,0,0,0,0.0,0.0,1,4,0,2288
1,7,1,0,0,0.2222,1.0,1.0,1.0,1.0,1,1,0,1,0.5,1.0,1,4,0,2289
2,7,1,0,0,0.3333,0.5,1.0,0.5,1.0,2,1,0,1,0.5,0.5,1,4,0,2290
1,1,0,0,1,0.4444,0.3333333333333333,1.0,0.3333333333333333,1.0,3,1,0,1,0.5,0.3333333333333333,1,4,0,2291
2,1,0,0,1,0.5556,0.25,1.0,0.5,1.0,4,1,0,1,0.5,0.25,1,4,0,2292
2,2,0,0,1,0.6667,0.2,1.0,0.6,1.0,5,1,0,1,0.5,0.2,1,4,0,2293
1,2,0,1,0,0.7778,0.16666666666666666,1.0,0.6666666666666666,1.0,6,1,0,1,0.5,0.16666666666666666,1,4,0,2294
2,0,0,0,1,0.8889,0.2857142857142857,1.0,0.5714285714285714,1.0,7,2,0,2,0.5,0.2857142857142857,1,4,0,2295
2,6,1,0,0,1.0,0.25,1.0,0.625,1.0,8,2,0,2,0.5,0.25,1,4,0,2296
2,0,0,0,0,0.25,0.0,0.0,0.0,0.0,0,0,0,0,0.0,0.0,2,2,0,2297
2,7,1,0,0,0.5,0.0,0.0,0.0,0.0,1,0,0,0,0.0,0.0,2,2,0,2298
2,1,0,0,1,0.75,0.0,0.0,0.0,0.0,2,0,0,0,0.0,0.0,2,2,0,2299
2,0,0,0,0,1.0,0.0,0.0,0.3333333333333333,1.0,3,0,0,0,0.5,0.0,2,2,0,2300
3,0,0,0,0,0.125,0.0,0.0,0.0,0.0,0,0,0,0,0.0,0.0,0,4,0,2301
1,0,0,0,0,0.25,0.0,0.0,0.0,0.0,1,0,0,0,0.0,0.0,0,4,0,2302
1,2,0,0,0,0.375,0.0,0.0,0.0,0.0,2,0,0,0,0.0,0.0,0,4,0,2303
3,6,1,0,1,0.5,0.0,0.0,0.0,0.0,3,0,0,0,0.0,0.0,0,4,0,2304
2,0,0,0,1,0.625,0.0,0.0,0.25,1.0,4,0,0,0,0.5,0.0,0,4,0,2305
2,7,1,0,1,0.75,0.0,0.0,0.4,1.0,5,0,0,0,0.5,0.0,0,4,0,2306
3,7,1,0,0,0.875,0.0,0.0,0.5,1.0,6,0,0,0,0.5,0.0,0,4,0,2307
2,1,0,1,0,1.0,0.0,0.0,0.42857142857142855,1.0,7,0,0,0,0.5,0.0,0,4,0,2308
1,7,1,0,0,0.1111,0.0,0.0,0.0,0.0,0,0,0,0,0.0,0.0,0,4,0,2309
2,2,0,0,0,0.2222,0.0,0.0,0.0,0.0,1,0,0,0,0.0,0.0,0,4,0,2310
1,0,0,0,0,0.3333,0.0,0.0,0.0,0.0,2,0,0,0,0.0,0.0,0,4,0,2311
3,6,1,1,1,0.4444,0.0,0.0,0.0,0.0,3,0,0,0,0.0,0.0,0,4,0,2312
2,7,1,0,0,0.5556,0.25,1.0,0.25,1.0,4,1,0,1,0.5,0.25,0,4,0,2313
1,0,0,0,0,0.6667,0.2,1.0,0.2,1.0,5,1,0,1,0.5,0.2,0,4,0,2314
2,1,0,0,1,0.7778,0.16666666666666666,1.0,0.16666666666666666,1.0,6,1,0,1,0.5,0.16666666666666666,0,4,0,2315
3,1,0,0,0,0.8889,0.14285714285714285,1.0,0.2857142857142857,1.0,7,1,0,1,0.5,0.14285714285714285,0,4,0,2316
3,0,0,0,1,1.0,0.125,1.0,0.25,1.0,8,1,0,1,0.5,0.125,0,4,0,2317
1,6,1,0,0,0.1429,0.0,0.0,0.0,0.0,0,0,0,0,0.0,0.0,0,3,0,2318
3,7,1,0,1,0.2857,0.0,0.0,0.0,0.0,1,0,0,0,0.0,0.0,0,3,0,2319
1,2,0,0,0,0.4286,0.0,0.0,0.5,1.0,2,0,0,0,0.5,0.0,0,3,0,2320
1,1,0,0,1,0.5714,0.0,0.0,0.3333333333333333,1.0,3,0,0,0,0.5,0.0,0,3,0,2321
1,2,0,0,1,0.7143,0.0,0.0,0.5,1.0,4,0,0,0,0.5,0.0,0,3,0,2322
1,7,1,1,1,0.8571,0.0,0.0,0.6,1.0,5,0,0,0,0.5,0.0,0,3,0,2323
2,1,0,0,0,1.0,0.16666666666666666,1.0,0.6666666666666666,1.0,6,1,0,1,0.5,0.16666666666666666,0,3,0,2324
2,7,1,0,0,0.1,0.0,0.0,0.0,0.0,0,0,0,0,0.0,0.0,3,3,0,2325
3,0,0,1,0,0.2,0.0,0.0,0.0,0.0,1,0,0,0,0.0,0.0,3,3,0,2326
3,1,0,0,1,0.3,0.5,1.0,0.0,0.0,2,1,0,1,0.0,0.5,3,3,0,2327
1,2,0,1,0,0.4,0.3333333333333333,1.0,0.3333333333333333,1.0,3,1,0,1,0.5,0.3333333333333333,3,3,0,2328
3,7,1,0,0,0.5,0.5,1.0,0.25,1.0,4,2,0,2,0.5,0.5,3,3,0,2329
1,7,1,1,0,0.6,0.4,1.0,0.2,1.0,5,2,0,2,0.5,0.4,3,3,0,2330
3,0,0,0,1,0.7,0.5,1.0,0.16666666666666666,1.0,6,3,0,3,0.5,0.5,3,3,0,2331
3,6,1,0,0,0.8,0.42857142857142855,1.0,0.2857142857142857,1.0,7,3,0,3,0.5,0.42857142857142855,3,3,0,2332
2,7,1,0,0,0.9,0.375,1.0,0.25,1.0,8,3,0,3,0.5,0.375,3,3,0,2333
3,7,1,0,0,1.0,0.3333333333333333,1.0,0.2222222222222222,1.0,9,3,0,3,0.5,0.3333333333333333,3,3,0,2334
3,6,1,0,0,0.1667,0.0,0.0,0.0,0.0,0,0,0,0,0.0,0.0,2,2,0,2335
1,0,0,1,0,0.3333,0.0,0.0,0.0,0.0,1,0,0,0,0.0,0.0,2,2,0,2336
3,2,0,0,0,0.5,0.5,1.0,0.0,0.0,2,1,0,1,0.0,0.5,2,2,0,2337
1,7,1,0,0,0.6667,0.3333333333333333,1.0,0.0,0.0,3,1,0,1,0.0,0.3333333333333333,2,2,0,2338
1,2,0,0,0,0.8333,0.25,1.0,0.0,0.0,4,1,0,1,0.0,0.25,2,2,0,2339
3,0,0,1,0,1.0,0.2,1.0,0.0,0.0,5,1,0,1,0.0,0.2,2,2,0,2340
3,0,0,1,0,0.1667,0.0,0.0,0.0,0.0,0,0,0,0,0.0,0.0,2,3,0,2341
3,6,1,0,0,0.3333,1.0,1.0,0.0,0.0,1,1,0,1,0.0,1.0,2,3,0,2342
3,7,1,0,0,0.5,0.5,1.0,0.0,0.0,2,1,0,1,0.0,0.5,2,3,0,2343
3,6,1,1,1,0.6667,0.3333333333333333,1.0,0.0,0.0,3,1,0,1,0.0,0.3333333333333333,2,3,0,2344
3,7,1,1,0,0.8333,0.5,1.0,0.25,1.0,4,2,0,2,0.5,0.5,2,3,0,2345
3,7,1,1,0,1.0,0.6,1.0,0.2,1.0,5,3,0,3,0.5,0.6,2,3,0,2346
2,2,0,0,1,0.1111,0.0,0.0,0.0,0.0,0,0,0,0,0.0,0.0,0,3,0,2347
3,7,1,0,0,0.2222,0.0,0.0,1.0,1.0,1,0,0,0,0.5,0.0,0,3,0,2348
2,0,0,0,0,0.3333,0.0,0.0,0.5,1.0,2,0,0,0,0.5,0.0,0,3,0,2349
2,1,0,0,0,0.4444,0.0,0.0,0.3333333333333333,1.0,3,0,0,0,0.5,0.0,0,3,0,2350
1,7,1,0,1,0.5556,0.0,0.0,0.25,1.0,4,0,0,0,0.5,0.0,0,3,0,2351
1,6,1,1,1,0.6667,0.0,0.0,0.4,1.0,5,0,0,0,0.5,0.0,0,3,0,2352
2,2,0,0,0,0.7778,0.16666666666666666,1.0,0.5,1.0,6,1,0,1,0.5,0.16666666666666666,0,3,0,2353
3,2,0,0,0,0.8889,0.14285714285714285,1.0,0.42857142857142855,1.0,7,1,0,1,0.5,0.14285714285714285,0,3,0,2354
1,1,0,0,1,1.0,0.125,1.0,0.375,1.0,8,1,0,1,0.5,0.125,0,3,0,2355
3,6,1,0,0,0.1,0.0,0.0,0.0,0.0,0,0,0,0,0.0,0.0,0,3,0,2356
1,2,0,0,0,0.2,0.0,0.0,0.0,0.0,1,0,0,0,0.0,0.0,0,3,0,2357
3,7,1,1,0,0.3,0.0,0.0,0.0,0.0,2,0,0,0,0.0,0.0,0,3,0,2358
1,6,1,0,0,0.4,0.3333333333333333,1.0,0.0,0.0,3,1,0,1,0.0,0.3333333333333333,0,3,0,2359
3,1,0,0,0,0.5,0.25,1.0,0.0,0.0,4,1,0,1,0.0,0.25,0,3,0,2360
3,2,0,0,0,0.6,0.2,1.0,0.0,0.0,5,1,0,1,0.0,0.2,0,3,0,2361
2,2,0,0,0,0.7,0.16666666666666666,1.0,0.0,0.0,6,1,0,1,0.0,0.16666666666666666,0,3,0,2362
1,7,1,0,1,0.8,0.14285714285714285,1.0,0.0,0.0,7,1,0,1,0.0,0.14285714285714285,0,3,0,2363
1,1,0,1,0,0.9,0.125,1.0,0.125,1.0,8,1,0,1,0.5,0.125,0,3,0,2364
3,6,1,0,0,1.0,0.2222222222222222,1.0,0.1111111111111111,1.0,9,2,0,2,0.5,0.2222222222222222,0,3,0,2365
2,0,0,0,1,0.125,0.0,0.0,0.0,0.0,0,0,0,0,0.0,0.0,0,4,0,2366
1,1,0,1,0,0.25,0.0,0.0,1.0,1.0,1,0,0,0,0.5,0.0,0,4,0,2367
1,7,1,0,0,0.375,0.5,1.0,0.5,1.0,2,1,0,1,0.5,0.5,0,4,0,2368
1,0,0,0,0,0.5,0.3333333333333333,1.0,0.3333333333333333,1.0,3,1,0,1,0.5,0.3333333333333333,0,4,0,2369
2,7,1,0,0,0.625,0.25,1.0,0.25,1.0,4,1,0,1,0.5,0.25,0,4,0,2370
3,0,0,0,0,0.75,0.2,1.0,0.2,1.0,5,1,0,1,0.5,0.2,0,4,0,2371
2,0,0,0,0,0.875,0.16666666666666666,1.0,0.16666666666666666,1.0,6,1,0,1,0.5,0.16666666666666666,0,4,0,2372
2,6,1,0,0,1.0,0.14285714285714285,1.0,0.14285714285714285,1.0,7,1,0,1,0.5,0.14285714285714285,0,4,0,2373
3,0,0,0,0,0.1429,0.0,0.0,0.0,0.0,0,0,0,0,0.0,0.0,2,2,0,2374
2,2,0,1,0,0.2857,0.0,0.0,0.0,0.0,1,0,0,0,0.0,0.0,2,2,0,2375
2,6,1,0,0,0.4286,0.5,1.0,0.0,0.0,2,1,0,1,0.0,0.5,2,2,0,2376
1,1,0,1,0,0.5714,0.3333333333333333,1.0,0.0,0.0,3,1,0,1,0.0,0.3333333333333333,2,2,0,2377
1,6,1,0,0,0.7143,0.5,1.0,0.0,0.0,4,2,0,2,0.0,0.5,2,2,0,2378
2,6,1,1,0,0.8571,0.4,1.0,0.0,0.0,5,2,0,2,0.0,0.4,2,2,0,2379
2,7,1,0,0,1.0,0.5,1.0,0.0,0.0,6,3,0,3,0.0,0.5,2,2,0,2380
1,7,1,0,1,0.25,0.0,0.0,0.0,0.0,0,0,0,0,0.0,0.0,0,2,0,2381
3,7,1,0,0,0.5,0.0,0.0,1.0,1.0,1,0,0,0,0.5,0.0,0,2,0,2382
3,0,0,0,0,0.75,0.0,0.0,0.5,1.0,2,0,0,0,0.5,0.0,0,2,0,2383
3,0,0,0,0,1.0,0.0,0.0,0.3333333333333333,1.0,3,0,0,0,0.5,0.0,0,2,0,2384
1,0,0,1,0,0.1667,0.0,0.0,0.0,0.0,0,0,0,0,0.0,0.0,2,4,0,2385
2,2,0,0,1,0.3333,1.0,1.0,0.0,0.0,1,1,0,1,0.0,1.0,2,4,0,2386
2,0,0,0,0,0.5,0.5,1.0,0.5,1.0,2,1,0,1,0.5,0.5,2,4,0,2387
1,2,0,0,0,0.6667,0.3333333333333333,1.0,0.3333333333333333,1.0,3,1,0,1,0.5,0.3333333333333333,2,4,0,2388
1,0,0,0,0,0.8333,0.25,1.0,0.25,1.0,4,1,0,1,0.5,0.25,2,4,0,2389
1,7,1,0,0,1.0,0.2,1.0,0.2,1.0,5,1,0,1,0.5,0.2,2,4,0,2390
3,7,1,0,0,0.125,0.0,0.0,0.0,0.0,0,0,0,0,0.0,0.0,0,4,0,2391
1,7,1,0,0,0.25,0.0,0.0,0.0,0.0,1,0,0,0,0.0,0.0,0,4,0,2392
1,1,0,0,0,0.375,0.0,0.0,0.0,0.0,2,0,0,0,0.0,0.0,0,4,0,2393
1,6,1,0,0,0.5,0.0,0.0,0.0,0.0,3,0,0,0,0.0,0.0,0,4,0,2394
3,7,1,0,0,0.625,0.0,0.0,0.0,0.0,4,0,0,0,0.0,0.0,0,4,0,2395
3,6,1,0,1,0.75,0.0,0.0,0.0,0.0,5,0,0,0,0.0,0.0,0,4,0,2396
3,7,1,1,0,0.875,0.0,0.0,0.16666666666666666,1.0,6,0,0,0,0.5,0.0,0,4,0,2397
1,1,0,0,1,1.0,0.14285714285714285,1.0,0.14285714285714285,1.0,7,1,0,1,0.5,0.14285714285714285,0,4,0,2398
1,6,1,0,0,0.25,0.0,0.0,0.0,0.0,0,0,0,0,0.0,0.0,1,4,0,2399
2,6,1,0,1,0.5,0.0,0.0,0.0,0.0,1,0,0,0,0.0,0.0,1,4,0,2400
2,7,1,0,1,0.75,0.0,0.0,0.5,1.0,2,0,0,0,0.5,0.0,1,4,0,2401
3,2,0,1,1,1.0,0.0,0.0,0.6666666666666666,1.0,3,0,0,0,0.5,0.0,1,4,0,2402
1,0,0,0,0,0.25,0.0,0.0,0.0,0.0,0,0,0,0,0.0,0.0,3,2,0,2403
3,0,0,0,0,0.5,0.0,0.0,0.0,0.0,1,0,0,0,0.0,0.0,3,2,0,2404
3,1,0,1,1,0.75,0.0,0.0,0.0,0.0,2,0,0,0,0.0,0.0,3,2,0,2405
2,2,0,0,0,1.0,0.3333333333333333,1.0,0.3333333333333333,1.0,3,1,0,1,0.5,0.3333333333333333,3,2,0,2406
2,0,0,1,0,0.1429,0.0,0.0,0.0,0.0,0,0,0,0,0.0,0.0,3,2,0,2407
2,0,0,0,0,0.2857,1.0,1.0,0.0,0.0,1,1,0,1,0.0,1.0,3,2,0,2408
1,6,1,0,0,0.4286,0.5,1.0,0.0,0.0,2,1,0,1,0.0,0.5,3,2,0,2409
3,2,0,0,1,0.5714,0.3333333333333333,1.0,0.0,0.0,3,1,0,1,0.0,0.3333333333333333,3,2,0,2410
2,0,0,0,0,0.7143,0.25,1.0,0.25,1.0,4,1,0,1,0.5,0.25,3,2,0,2411
3,1,0,1,1,0.8571,0.2,1.0,0.2,1.0,5,1,0,1,0.5,0.2,3,2,0,2412
1,6,1,0,0,1.0,0.3333333333333333,1.0,0.3333333333333333,1.0,6,2,0,2,0.5,0.3333333333333333,3,2,0,2413
3,1,0,0,0,0.1429,0.0,0.0,0.0,0.0,0,0,0,0,0.0,0.0,1,4,0,2414
3,0,0,1,0,0.2857,0.0,0.0,0.0,0.0,1,0,0,0,0.0,0.0,1,4,0,2415
3,1,0,0,0,0.4286,0.5,1.0,0.0,0.0,2,1,0,1,0.0,0.5,1,4,0,2416
1,0,0,1,0,0.5714,0.3333333333333333,1.0,0.0,0.0,3,1,0,1,0.0,0.3333333333333333,1,4,0,2417
3,0,0,1,0,0.7143,0.5,1.0,0.0,0.0,4,2,0,2,0.0,0.5,1,4,0,2418
3,0,0,0,0,0.8571,0.6,1.0,0.0,0.0,5,3,0,3,0.0,0.6,1,4,0,2419
2,7,1,0,0,1.0,0.5,1.0,0.0,0.0,6,3,0,3,0.0,0.5,1,4,0,2420
2,2,0,0,0,0.125,0.0,0.0,0.0,0.0,0,0,0,0,0.0,0.0,1,4,0,2421
2,1,0,0,0,0.25,0.0,0.0,0.0,0.0,1,0,0,0,0.0,0.0,1,4,0,2422
1,7,1,0,0,0.375,0.0,0.0,0.0,0.0,2,0,0,0,0.0,0.0,1,4,0,2423
3,0,0,0,0,0.5,0.0,0.0,0.0,0.0,3,0,0,0,0.0,0.0,1,4,0,2424
1,1,0,0,0,0.625,0.0,0.0,0.0,0.0,4,0,0,0,0.0,0.0,1,4,0,2425
1,6,1,0,0,0.75,0.0,0.0,0.0,0.0,5,0,0,0,0.0,0.0,1,4,0,2426
2,6,1,0,0,0.875,0.0,0.0,0.0,0.0,6,0,0,0,0.0,0.0,1,4,0,2427
3,2,0,0,1,1.0,0.0,0.0,0.0,0.0,7,0,0,0,0.0,0.0,1,4,0,2428
2,6,1,0,1,0.1,0.0,0.0,0.0,0.0,0,0,0,0,0.0,0.0,3,4,0,2429
3,1,0,0,1,0.2,0.0,0.0,1.0,1.0,1,0,0,0,0.5,0.0,3,4,0,2430
2,7,1,0,0,0.3,0.0,0.0,1.0,1.0,2,0,0,0,0.5,0.0,3,4,0,2431
2,6,1,1,0,0.4,0.0,0.0,0.6666666666666666,1.0,3,0,0,0,0.5,0.0,3,4,0,2432
2,2,0,0,0,0.5,0.25,1.0,0.5,1.0,4,1,0,1,0.5,0.25,3,4,0,2433
2,1,0,0,1,0.6,0.2,1.0,0.4,1.0,5,1,0,1,0.5,0.2,3,4,0,2434
2,2,0,0,0,0.7,0.16666666666666666,1.0,0.5,1.0,6,1,0,1,0.5,0.16666666666666666,3,4,0,2435
1,6,1,1,0,0.8,0.14285714285714285,1.0,0.42857142857142855,1.0,7,1,0,1,0.5,0.14285714285714285,3,4,0,2436
1,6,1,0,0,0.9,0.25,1.0,0.375,1.0,8,2,0,2,0.5,0.25,3,4,0,2437
2,1,0,0,1,1.0,0.2222222222222222,1.0,0.3333333333333333,1.0,9,2,0,2,0.5,0.2222222222222222,3,4,0,2438
2,2,0,0,0,0.1,0.0,0.0,0.0,0.0,0,0,0,0,0.0,0.0,0,4,0,2439
2,2,0,0,0,0.2,0.0,0.0,0.0,0.0,1,0,0,0,0.0,0.0,0,4,0,2440
2,1,0,0,0,0.3,0.0,0.0,0.0,0.0,2,0,0,0,0.0,0.0,0,4,0,2441
3,0,0,0,0,0.4,0.0,0.0,0.0,0.0,3,0,0,0,0.0,0.0,0,4,0,2442
2,7,1,0,0,0.5,0.0,0.0,0.0,0.0,4,0,0,0,0.0,0.0,0,4,0,2443
1,1,0,0,0,0.6,0.0,0.0,0.0,0.0,5,0,0,0,0.0,0.0,0,4,0,2444
1,7,1,0,0,0.7,0.0,0.0,0.0,0.0,6,0,0,0,0.0,0.0,0,4,0,2445
3,1,0,0,0,0.8,0.0,0.0,0.0,0.0,7,0,0,0,0.0,0.0,0,4,0,2446
3,6,1,0,0,0.9,0.0,0.0,0.0,0.0,8,0,0,0,0.0,0.0,0,4,0,2447
3,6,1,1,0,1.0,0.0,0.0,0.0,0.0,9,0,0,0,0.0,0.0,0,4,0,2448
3,1,0,0,0,0.25,0.0,0.0,0.0,0.0,0,0,0,0,0.0,0.0,2,2,0,2449
2,2,0,0,0,0.5,0.0,0.0,0.0,0.0,1,0,0,0,0.0,0.0,2,2,0,2450
1,6,1,0,0,0.75,0.0,0.0,0.0,0.0,2,0,0,0,0.0,0.0,2,2,0,2451
3,6,1,1,1,1.0,0.0,0.0,0.0,0.0,3,0,0,0,0.0,0.0,2,2,0,2452
3,1,0,0,1,0.2,0.0,0.0,0.0,0.0,0,0,0,0,0.0,0.0,3,4,0,2453
3,6,1,1,1,0.4,0.0,0.0,1.0,1.0,1,0,0,0,0.5,0.0,3,4,0,2454
2,2,0,0,0,0.6,0.5,1.0,1.0,1.0,2,1,0,1,0.5,0.5,3,4,0,2455
2,0,0,0,1,0.8,0.3333333333333333,1.0,0.6666666666666666,1.0,3,1,0,1,0.5,0.3333333333333333,3,4,0,2456
2,7,1,0,1,1.0,0.25,1.0,0.75,1.0,4,1,0,1,0.5,0.25,3,4,0,2457
3,1,0,1,0,0.1429,0.0,0.0,0.0,0.0,0,0,0,0,0.0,0.0,2,3,0,2458
3,7,1,1,1,0.2857,1.0,1.0,0.0,0.0,1,1,0,1,0.0,1.0,2,3,0,2459
2,6,1,1,0,0.4286,1.0,1.0,0.5,1.0,2,2,0,2,0.5,1.0,2,3,0,2460
1,7,1,0,1,0.5714,1.0,1.0,0.3333333333333333,1.0,3,3,0,3,0.5,1.0,2,3,0,2461
3,7,1,1,1,0.7143,0.75,1.0,0.5,1.0,4,3,0,3,0.5,0.75,2,3,0,2462
2,6,1,0,1,0.8571,0.8,1.0,0.6,1.0,5,4,0,4,0.5,0.8,2,3,0,2463
3,0,0,1,0,1.0,0.6666666666666666,1.0,0.6666666666666666,1.0,6,4,0,4,0.5,0.6666666666666666,2,3,0,2464
3,7,1,1,0,0.125,0.0,0.0,0.0,0.0,0,0,0,0,0.0,0.0,0,2,0,2465
2,7,1,0,0,0.25,1.0,1.0,0.0,0.0,1,1,0,1,0.0,1.0,0,2,0,2466
1,0,0,0,0,0.375,0.5,1.0,0.0,0.0,2,1,0,1,0.0,0.5,0,2,0,2467
3,2,0,0,0,0.5,0.3333333333333333,1.0,0.0,0.0,3,1,0,1,0.0,0.3333333333333333,0,2,0,2468
2,7,1,0,0,0.625,0.25,1.0,0.0,0.0,4,1,0,1,0.0,0.25,0,2,0,2469
1,7,1,0,0,0.75,0.2,1.0,0.0,0.0,5,1,0,1,0.0,0.2,0,2,0,2470
2,6,1,0,0,0.875,0.16666666666666666,1.0,0.0,0.0,6,1,0,1,0.0,0.16666666666666666,0,2,0,2471
3,6,1,0,0,1.0,0.14285714285714285,1.0,0.0,0.0,7,1,0,1,0.0,0.14285714285714285,0,2,0,2472
3,6,1,0,1,0.1429,0.0,0.0,0.0,0.0,0,0,0,0,0.0,0.0,1,3,0,2473
2,1,0,0,0,0.2857,0.0,0.0,1.0,1.0,1,0,0,0,0.5,0.0,1,3,0,2474
3,2,0,0,1,0.4286,0.0,0.0,0.5,1.0,2,0,0,0,0.5,0.0,1,3,0,2475
3,0,0,0,1,0.5714,0.0,0.0,0.6666666666666666,1.0,3,0,0,0,0.5,0.0,1,3,0,2476
2,1,0,1,0,0.7143,0.0,0.0,0.75,1.0,4,0,0,0,0.5,0.0,1,3,0,2477
1,2,0,1,0,0.8571,0.2,1.0,0.6,1.0,5,1,0,1,0.5,0.2,1,3,0,2478
2,6,1,0,0,1.0,0.3333333333333333,1.0,0.5,1.0,6,2,0,2,0.5,0.3333333333333333,1,3,0,2479
2,1,0,0,0,0.1667,0.0,0.0,0.0,0.0,0,0,0,0,0.0,0.0,3,3,0,2480
1,1,0,0,0,0.3333,0.0,0.0,0.0,0.0,1,0,0,0,0.0,0.0,3,3,0,2481
3,6,1,1,0,0.5,0.0,0.0,0.0,0.0,2,0,0,0,0.0,0.0,3,3,0,2482
2,2,0,0,0,0.6667,0.3333333333333333,1.0,0.0,0.0,3,1,0,1,0.0,0.3333333333333333,3,3,0,2483
2,6,1,1,0,0.8333,0.25,1.0,0.0,0.0,4,1,0,1,0.0,0.25,3,3,0,2484
1,1,0,0,1,1.0,0.4,1.0,0.0,0.0,5,2,0,2,0.0,0.4,3,3,0,2485
1,6,1,0,0,0.25,0.0,0.0,0.0,0.0,0,0,0,0,0.0,0.0,0,4,0,2486
3,0,0,0,0,0.5,0.0,0.0,0.0,0.0,1,0,0,0,0.0,0.0,0,4,0,2487
1,0,0,1,0,0.75,0.0,0.0,0.0,0.0,2,0,0,0,0.0,0.0,0,4,0,2488
1,0,0,0,0,1.0,0.3333333333333333,1.0,0.0,0.0,3,1,0,1,0.0,0.3333333333333333,0,4,0,2489
1,0,0,0,0,0.1111,0.0,0.0,0.0,0.0,0,0,0,0,0.0,0.0,2,4,0,2490
3,6,1,0,0,0.2222,0.0,0.0,0.0,0.0,1,0,0,0,0.0,0.0,2,4,0,2491
3,1,0,0,0,0.3333,0.0,0.0,0.0,0.0,2,0,0,0,0.0,0.0,2,4,0,2492
1,2,0,0,0,0.4444,0.0,0.0,0.0,0.0,3,0,0,0,0.0,0.0,2,4,0,2493
1,1,0,0,0,0.5556,0.0,0.0,0.0,0.0,4,0,0,0,0.0,0.0,2,4,0,2494
1,1,0,0,0,0.6667,0.0,0.0,0.0,0.0,5,0,0,0,0.0,0.0,2,4,0,2495
3,7,1,0,0,0.7778,0.0,0.0,0.0,0.0,6,0,0,0,0.0,0.0,2,4,0,2496
3,1,0,0,0,0.8889,0.0,0.0,0.0,0.0,7,0,0,0,0.0,0.0,2,4,0,2497
3,7,1,0,0,1.0,0.0,0.0,0.0,0.0,8,0,0,0,0.0,0.0,2,4,0,2498
1,2,0,0,0,0.1667,0.0,0.0,0.0,0.0,0,0,0,0,0.0,0.0,1,3,0,2499
1,6,1,1,0,0.3333,0.0,0.0,0.0,0.0,1,0,0,0,0.0,0.0,1,3,0,2500
2,2,0,0,1,0.5,0.5,1.0,0.0,0.0,2,1,0,1,0.0,0.5,1,3,0,2501
2,7,1,1,0,0.6667,0.3333333333333333,1.0,0.3333333333333333,1.0,3,1,0,1,0.5,0.3333333333333333,1,3,0,2502
3,1,0,1,0,0.8333,0.5,1.0,0.25,1.0,4,2,0,2,0.5,0.5,1,3,0,2503
1,1,0,0,1,1.0,0.6,1.0,0.2,1.0,5,3,0,3,0.5,0.6,1,3,0,2504
2,7,1,0,0,0.125,0.0,0.0,0.0,0.0,0,0,0,0,0.0,0.0,3,2,0,2505
3,6,1,0,0,0.25,0.0,0.0,0.0,0.0,1,0,0,0,0.0,0.0,3,2,0,2506
1,7,1,0,0,0.375,0.0,0.0,0.0,0.0,2,0,0,0,0.0,0.0,3,2,0,2507
1,2,0,1,0,0.5,0.0,0.0,0.0,0.0,3,0,0,0,0.0,0.0,3,2,0,2508
1,6,1,0,0,0.625,0.25,1.0,0.0,0.0,4,1,0,1,0.0,0.25,3,2,0,2509
1,6,1,0,0,0.75,0.2,1.0,0.0,0.0,5,1,0,1,0.0,0.2,3,2,0,2510
2,1,0,0,0,0.875,0.16666666666666666,1.0,0.0,0.0,6,1,0,1,0.0,0.16666666666666666,3,2,0,2511
2,1,0,0,1,1.0,0.14285714285714285,1.0,0.0,0.0,7,1,0,1,0.0,0.14285714285714285,3,2,0,2512
1,0,0,0,1,0.25,0.0,0.0,0.0,0.0,0,0,0,0,0.0,0.0,2,3,0,2513
3,6,1,0,1,0.5,0.0,0.0,1.0,1.0,1,0,0,0,0.5,0.0,2,3,0,2514
2,2,0,0,0,0.75,0.0,0.0,1.0,1.0,2,0,0,0,0.5,0.0,2,3,0,2515
2,7,1,0,0,1.0,0.0,0.0,0.6666666666666666,1.0,3,0,0,0,0.5,0.0,2,3,0,2516
2,0,0,0,1,0.1667,0.0,0.0,0.0,0.0,0,0,0,0,0.0,0.0,3,4,0,2517
2,7,1,0,0,0.3333,0.0,0.0,1.0,1.0,1,0,0,0,0.5,0.0,3,4,0,2518
2,7,1,0,0,0.5,0.0,0.0,0.5,1.0,2,0,0,0,0.5,0.0,3,4,0,2519
3,2,0,0,0,0.6667,0.0,0.0,0.3333333333333333,1.0,3,0,0,0,0.5,0.0,3,4,0,2520
1,1,0,0,0,0.8333,0.0,0.0,0.25,1.0,4,0,0,0,0.5,0.0,3,4,0,2521
2,2,0,0,0,1.0,0.0,0.0,0.2,1.0,5,0,0,0,0.5,0.0,3,4,0,2522
1,7,1,0,0,0.1,0.0,0.0,0.0,0.0,0,0,0,0,0.0,0.0,1,2,0,2523
2,2,0,0,1,0.2,0.0,0.0,0.0,0.0,1,0,0,0,0.0,0.0,1,2,0,2524
1,6,1,0,0,0.3,0.0,0.0,0.5,1.0,2,0,0,0,0.5,0.0,1,2,0,2525
3,6,1,0,0,0.4,0.0,0.0,0.3333333333333333,1.0,3,0,0,0,0.5,0.0,1,2,0,2526
3,2,0,0,1,0.5,0.0,0.0,0.25,1.0,4,0,0,0,0.5,0.0,1,2,0,2527
3,0,0,0,0,0.6,0.0,0.0,0.4,1.0,5,0,0,0,0.5,0.0,1,2,0,2528
3,0,0,0,1,0.7,0.0,0.0,0.3333333333333333,1.0,6,0,0,0,0.5,0.0,1,2,0,2529
3,1,0,0,0,0.8,0.0,0.0,0.42857142857142855,1.0,7,0,0,0,0.5,0.0,1,2,0,2530
3,7,1,0,0,0.9,0.0,0.0,0.375,1.0,8,0,0,0,0.5,0.0,1,2,0,2531
2,0,0,0,1,1.0,0.0,0.0,0.3333333333333333,1.0,9,0,0,0,0.5,0.0,1,2,0,2532
1,2,0,0,0,0.125,0.0,0.0,0.0,0.0,0,0,0,0,0.0,0.0,3,3,0,2533
2,2,0,0,0,0.25,0.0,0.0,0.0,0.0,1,0,0,0,0.0,0.0,3,3,0,2534
1,6,1,0,1,0.375,0.0,0.0,0.0,0.0,2,0,0,0,0.0,0.0,3,3,0,2535
1,1,0,1,1,0.5,0.0,0.0,0.3333333333333333,1.0,3,0,0,0,0.5,0.0,3,3,0,2536
2,1,0,0,0,0.625,0.25,1.0,0.5,1.0,4,1,0,1,0.5,0.25,3,3,0,2537
1,6,1,0,0,0.75,0.2,1.0,0.4,1.0,5,1,0,1,0.5,0.2,3,3,0,2538
2,7,1,0,0,0.875,0.16666666666666666,1.0,0.3333333333333333,1.0,6,1,0,1,0.5,0.16666666666666666,3,3,0,2539
2,7,1,0,0,1.0,0.14285714285714285,1.0,0.2857142857142857,1.0,7,1,0,1,0.5,0.14285714285714285,3,3,0,2540
1,0,0,0,0,0.25,0.0,0.0,0.0,0.0,0,0,0,0,0.0,0.0,1,2,0,2541
3,7,1,0,0,0.5,0.0,0.0,0.0,0.0,1,0,0,0,0.0,0.0,1,2,0,2542
2,6,1,0,0,0.75,0.0,0.0,0.0,0.0,2,0,0,0,0.0,0.0,1,2,0,2543
1,1,0,0,0,1.0,0.0,0.0,0.0,0.0,3,0,0,0,0.0,0.0,1,2,0,2544
3,6,1,0,1,0.25,0.0,0.0,0.0,0.0,0,0,0,0,0.0,0.0,1,3,0,2545
1,6,1,1,1,0.5,0.0,0.0,1.0,1.0,1,0,0,0,0.5,0.0,1,3,0,2546
3,0,0,0,1,0.75,0.5,1.0,1.0,1.0,2,1,0,1,0.5,0.5,1,3,0,2547
1,1,0,0,0,1.0,0.3333333333333333,1.0,1.0,1.0,3,1,0,1,0.5,0.3333333333333333,1,3,0,2548
1,2,0,0,0,0.1111,0.0,0.0,0.0,0.0,0,0,0,0,0.0,0.0,3,2,0,2549
3,0,0,0,1,0.2222,0.0,0.0,0.0,0.0,1,0,0,0,0.0,0.0,3,2,0,2550
3,7,1,0,0,0.3333,0.0,0.0,0.5,1.0,2,0,0,0,0.5,0.0,3,2,0,2551
3,0,0,1,0,0.4444,0.0,0.0,0.3333333333333333,1.0,3,0,0,0,0.5,0.0,3,2,0,2552
1,7,1,1,1,0.5556,0.25,1.0,0.25,1.0,4,1,0,1,0.5,0.25,3,2,0,2553
3,0,0,0,1,0.6667,0.4,1.0,0.4,1.0,5,2,0,2,0.5,0.4,3,2,0,2554
2,2,0,0,0,0.7778,0.3333333333333333,1.0,0.5,1.0,6,2,0,2,0.5,0.3333333333333333,3,2,0,2555
2,6,1,0,0,0.8889,0.2857142857142857,1.0,0.42857142857142855,1.0,7,2,0,2,0.5,0.2857142857142857,3,2,0,2556
3,6,1,1,1,1.0,0.25,1.0,0.375,1.0,8,2,0,2,0.5,0.25,3,2,0,2557
2,7,1,0,0,0.1429,0.0,0.0,0.0,0.0,0,0,0,0,0.0,0.0,1,4,0,2558
3,0,0,0,0,0.2857,0.0,0.0,0.0,0.0,1,0,0,0,0.0,0.0,1,4,0,2559
1,2,0,0,0,0.4286,0.0,0.0,0.0,0.0,2,0,0,0,0.0,0.0,1,4,0,2560
1,1,0,0,0,0.5714,0.0,0.0,0.0,0.0,3,0,0,0,0.0,0.0,1,4,0,2561
1,2,0,0,0,0.7143,0.0,0.0,0.0,0.0,4,0,0,0,0.0,0.0,1,4,0,2562
3,6,1,0,1,0.8571,0.0,0.0,0.0,0.0,5,0,0,0,0.0,0.0,1,4,0,2563
2,0,0,0,0,1.0,0.0,0.0,0.16666666666666666,1.0,6,0,0,0,0.5,0.0,1,4,0,2564
1,0,0,0,0,0.125,0.0,0.0,0.0,0.0,0,0,0,0,0.0,0.0,2,4,0,2565
2,7,1,0,0,0.25,0.0,0.0,0.0,0.0,1,0,0,0,0.0,0.0,2,4,0,2566
1,6,1,0,0,0.375,0.0,0.0,0.0,0.0,2,0,0,0,0.0,0.0,2,4,0,2567
2,0,0,1,0,0.5,0.0,0.0,0.0,0.0,3,0,0,0,0.0,0.0,2,4,0,2568
2,2,0,0,0,0.625,0.25,1.0,0.0,0.0,4,1,0,1,0.0,0.25,2,4,0,2569
3,1,0,0,0,0.75,0.2,1.0,0.0,0.0,5,1,0,1,0.0,0.2,2,4,0,2570
3,1,0,0,0,0.875,0.16666666666666666,1.0,0.0,0.0,6,1,0,1,0.0,0.16666666666666666,2,4,0,2571
2,6,1,0,1,1.0,0.14285714285714285,1.0,0.0,0.0,7,1,0,1,0.0,0.14285714285714285,2,4,0,2572
3,6,1,1,0,0.1429,0.0,0.0,0.0,0.0,0,0,0,0,0.0,0.0,0,2,0,2573
1,2,0,0,0,0.2857,1.0,1.0,0.0,0.0,1,1,0,1,0.0,1.0,0,2,0,2574
3,0,0,0,0,0.4286,0.5,1.0,0.0,0.0,2,1,0,1,0.0,0.5,0,2,0,2575
3,0,0,1,1,0.5714,0.3333333333333333,1.0,0.0,0.0,3,1,0,1,0.0,0.3333333333333333,0,2,0,2576
3,1,0,0,1,0.7143,0.5,1.0,0.25,1.0,4,2,0,2,0.5,0.5,0,2,0,2577
1,7,1,0,0,0.8571,0.4,1.0,0.4,1.0,5,2,0,2,0.5,0.4,0,2,0,2578
3,2,0,0,1,1.0,0.3333333333333333,1.0,0.3333333333333333,1.0,6,2,0,2,0.5,0.3333333333333333,0,2,0,2579
3,7,1,0,1,0.125,0.0,0.0,0.0,0.0,0,0,0,0,0.0,0.0,0,3,0,2580
2,6,1,0,1,0.25,0.0,0.0,1.0,1.0,1,0,0,0,0.5,0.0,0,3,0,2581
2,2,0,0,0,0.375,0.0,0.0,1.0,1.0,2,0,0,0,0.5,0.0,0,3,0,2582
2,7,1,1,0,0.5,0.0,0.0,0.6666666666666666,1.0,3,0,0,0,0.5,0.0,0,3,0,2583
3,0,0,1,0,0.625,0.25,1.0,0.5,1.0,4,1,0,1,0.5,0.25,0,3,0,2584
3,0,0,0,1,0.75,0.4,1.0,0.4,1.0,5,2,0,2,0.5,0.4,0,3,0,2585
3,7,1,0,0,0.875,0.3333333333333333,1.0,0.5,1.0,6,2,0,2,0.5,0.3333333333333333,0,3,0,2586
3,7,1,0,1,1.0,0.2857142857142857,1.0,0.42857142857142855,1.0,7,2,0,2,0.5,0.2857142857142857,0,3,0,2587
2,7,1,0,0,0.125,0.0,0.0,0.0,0.0,0,0,0,0,0.0,0.0,1,3,0,2588
3,0,0,0,0,0.25,0.0,0.0,0.0,0.0,1,0,0,0,0.0,0.0,1,3,0,2589
3,7,1,0,0,0.375,0.0,0.0,0.0,0.0,2,0,0,0,0.0,0.0,1,3,0,2590
3,0,0,0,1,0.5,0.0,0.0,0.0,0.0,3,0,0,0,0.0,0.0,1,3,0,2591
3,2,0,0,0,0.625,0.0,0.0,0.25,1.0,4,0,0,0,0.5,0.0,1,3,0,2592
1,7,1,1,1,0.75,0.0,0.0,0.2,1.0,5,0,0,0,0.5,0.0,1,3,0,2593
1,2,0,1,1,0.875,0.16666666666666666,1.0,0.3333333333333333,1.0,6,1,0,1,0.5,0.16666666666666666,1,3,0,2594
1,1,0,0,0,1.0,0.2857142857142857,1.0,0.42857142857142855,1.0,7,2,0,2,0.5,0.2857142857142857,1,3,0,2595
2,2,0,1,1,0.2,0.0,0.0,0.0,0.0,0,0,0,0,0.0,0.0,1,3,0,2596
3,7,1,0,0,0.4,1.0,1.0,1.0,1.0,1,1,0,1,0.5,1.0,1,3,0,2597
1,6,1,0,0,0.6,0.5,1.0,0.5,1.0,2,1,0,1,0.5,0.5,1,3,0,2598
3,2,0,0,0,0.8,0.3333333333333333,1.0,0.3333333333333333,1.0,3,1,0,1,0.5,0.3333333333333333,1,3,0,2599
1,7,1,0,0,1.0,0.25,1.0,0.25,1.0,4,1,0,1,0.5,0.25,1,3,0,2600
1,1,0,1,0,0.25,0.0,0.0,0.0,0.0,0,0,0,0,0.0,0.0,3,2,0,2601
3,6,1,0,0,0.5,1.0,1.0,0.0,0.0,1,1,0,1,0.0,1.0,3,2,0,2602
2,0,0,1,0,0.75,0.5,1.0,0.0,0.0,2,1,0,1,0.0,0.5,3,2,0,2603
3,0,0,0,1,1.0,0.6666666666666666,1.0,0.0,0.0,3,2,0,2,0.0,0.6666666666666666,3,2,0,2604
3,2,0,0,1,0.1667,0.0,0.0,0.0,0.0,0,0,0,0,0.0,0.0,3,3,0,2605
2,0,0,0,1,0.3333,0.0,0.0,1.0,1.0,1,0,0,0,0.5,0.0,3,3,0,2606
1,0,0,0,0,0.5,0.0,0.0,1.0,1.0,2,0,0,0,0.5,0.0,3,3,0,2607
2,7,1,1,0,0.6667,0.0,0.0,0.6666666666666666,1.0,3,0,0,0,0.5,0.0,3,3,0,2608
3,7,1,1,1,0.8333,0.25,1.0,0.5,1.0,4,1,0,1,0.5,0.25,3,3,0,2609
1,2,0,0,0,1.0,0.4,1.0,0.6,1.0,5,2,0,2,0.5,0.4,3,3,0,2610
1,1,0,0,0,0.125,0.0,0.0,0.0,0.0,0,0,0,0,0.0,0.0,3,3,0,2611
3,6,1,0,1,0.25,0.0,0.0,0.0,0.0,1,0,0,0,0.0,0.0,3,3,0,2612
2,2,0,1,1,0.375,0.0,0.0,0.5,1.0,2,0,0,0,0.5,0.0,3,3,0,2613
2,6,1,0,0,0.5,0.3333333333333333,1.0,0.6666666666666666,1.0,3,1,0,1,0.5,0.3333333333333333,3,3,0,2614
1,0,0,1,0,0.625,0.25,1.0,0.5,1.0,4,1,0,1,0.5,0.25,3,3,0,2615
1,1,0,0,0,0.75,0.4,1.0,0.4,1.0,5,2,0,2,0.5,0.4,3,3,0,2616
3,2,0,0,0,0.875,0.3333333333333333,1.0,0.3333333333333333,1.0,6,2,0,2,0.5,0.3333333333333333,3,3,0,2617
1,1,0,0,0,1.0,0.2857142857142857,1.0,0.2857142857142857,1.0,7,2,0,2,0.5,0.2857142857142857,3,3,0,2618
3,2,0,0,1,0.25,0.0,0.0,0.0,0.0,0,0,0,0,0.0,0.0,0,2,0,2619
3,1,0,0,0,0.5,0.0,0.0,1.0,1.0,1,0,0,0,0.5,0.0,0,2,0,2620
3,0,0,0,0,0.75,0.0,0.0,0.5,1.0,2,0,0,0,0.5,0.0,0,2,0,2621
3,0,0,0,0,1.0,0.0,0.0,0.3333333333333333,1.0,3,0,0,0,0.5,0.0,0,2,0,2622
3,6,1,1,0,0.1667,0.0,0.0,0.0,0.0,0,0,0,0,0.0,0.0,0,2,0,2623
1,6,1,0,0,0.3333,1.0,1.0,0.0,0.0,1,1,0,1,0.0,1.0,0,2,0,2624
3,0,0,0,0,0.5,0.5,1.0,0.0,0.0,2,1,0,1,0.0,0.5,0,2,0,2625
3,2,0,0,0,0.6667,0.3333333333333333,1.0,0.0,0.0,3,1,0,1,0.0,0.3333333333333333,0,2,0,2626
2,0,0,0,0,0.8333,0.25,1.0,0.0,0.0,4,1,0,1,0.0,0.25,0,2,0,2627
1,6,1,0,0,1.0,0.2,1.0,0.0,0.0,5,1,0,1,0.0,0.2,0,2,0,2628
1,2,0,0,0,0.1667,0.0,0.0,0.0,0.0,0,0,0,0,0.0,0.0,3,3,0,2629
2,7,1,0,1,0.3333,0.0,0.0,0.0,0.0,1,0,0,0,0.0,0.0,3,3,0,2630
1,2,0,0,0,0.5,0.0,0.0,0.5,1.0,2,0,0,0,0.5,0.0,3,3,0,2631
1,2,0,0,0,0.6667,0.0,0.0,0.3333333333333333,1.0,3,0,0,0,0.5,0.0,3,3,0,2632
2,6,1,1,1,0.8333,0.0,0.0,0.25,1.0,4,0,0,0,0.5,0.0,3,3,0,2633
2,7,1,0,1,1.0,0.2,1.0,0.4,1.0,5,1,0,1,0.5,0.2,3,3,0,2634
3,2,0,0,0,0.1111,0.0,0.0,0.0,0.0,0,0,0,0,0.0,0.0,1,2,0,2635
1,7,1,0,1,0.2222,0.0,0.0,0.0,0.0,1,0,0,0,0.0,0.0,1,2,0,2636
2,0,0,0,1,0.3333,0.0,0.0,0.5,1.0,2,0,0,0,0.5,0.0,1,2,0,2637
3,6,1,0,0,0.4444,0.0,0.0,0.6666666666666666,1.0,3,0,0,0,0.5,0.0,1,2,0,2638
2,1,0,0,0,0.5556,0.0,0.0,0.5,1.0,4,0,0,0,0.5,0.0,1,2,0,2639
1,1,0,0,0,0.6667,0.0,0.0,0.4,1.0,5,0,0,0,0.5,0.0,1,2,0,2640
1,2,0,0,0,0.7778,0.0,0.0,0.3333333333333333,1.0,6,0,0,0,0.5,0.0,1,2,0,2641
2,0,0,0,0,0.8889,0.0,0.0,0.2857142857142857,1.0,7,0,0,0,0.5,0.0,1,2,0,2642
3,1,0,0,0,1.0,0.0,0.0,0.25,1.0,8,0,0,0,0.5,0.0,1,2,0,2643
2,0,0,0,0,0.25,0.0,0.0,0.0,0.0,0,0,0,0,0.0,0.0,1,3,0,2644
3,1,0,0,1,0.5,0.0,0.0,0.0,0.0,1,0,0,0,0.0,0.0,1,3,0,2645
2,6,1,0,0,0.75,0.0,0.0,0.5,1.0,2,0,0,0,0.5,0.0,1,3,0,2646
1,7,1,0,0,1.0,0.0,0.0,0.3333333333333333,1.0,3,0,0,0,0.5,0.0,1,3,0,2647
1,6,1,0,1,0.2,0.0,0.0,0.0,0.0,0,0,0,0,0.0,0.0,2,3,0,2648
1,2,0,0,1,0.4,0.0,0.0,1.0,1.0,1,0,0,0,0.5,0.0,2,3,0,2649
3,0,0,0,1,0.6,0.0,0.0,1.0,1.0,2,0,0,0,0.5,0.0,2,3,0,2650
2,0,0,1,0,0.8,0.0,0.0,1.0,1.0,3,0,0,0,0.5,0.0,2,3,0,2651
3,6,1,0,0,1.0,0.25,1.0,0.75,1.0,4,1,0,1,0.5,0.25,2,3,0,2652
1,0,0,0,0,0.25,0.0,0.0,0.0,0.0,0,0,0,0,0.0,0.0,1,2,0,2653
3,7,1,1,0,0.5,0.0,0.0,0.0,0.0,1,0,0,0,0.0,0.0,1,2,0,2654
1,1,0,1,0,0.75,0.5,1.0,0.0,0.0,2,1,0,1,0.0,0.5,1,2,0,2655
3,1,0,0,1,1.0,0.6666666666666666,1.0,0.0,0.0,3,2,0,2,0.0,0.6666666666666666,1,2,0,2656
2,2,0,0,1,0.125,0.0,0.0,0.0,0.0,0,0,0,0,0.0,0.0,1,2,0,2657
1,6,1,0,0,0.25,0.0,0.0,1.0,1.0,1,0,0,0,0.5,0.0,1,2,0,2658
2,6,1,0,0,0.375,0.0,0.0,0.5,1.0,2,0,0,0,0.5,0.0,1,2,0,2659
2,2,0,1,0,0.5,0.0,0.0,0.3333333333333333,1.0,3,0,0,0,0.5,0.0,1,2,0,2660
2,0,0,0,0,0.625,0.25,1.0,0.25,1.0,4,1,0,1,0.5,0.25,1,2,0,2661
2,0,0,0,0,0.75,0.2,1.0,0.2,1.0,5,1,0,1,0.5,0.2,1,2,0,2662
3,1,0,1,1,0.875,0.16666666666666666,1.0,0.16666666666666666,1.0,6,1,0,1,0.5,0.16666666666666666,1,2,0,2663
3,7,1,1,0,1.0,0.2857142857142857,1.0,0.2857142857142857,1.0,7,2,0,2,0.5,0.2857142857142857,1,2,0,2664
3,7,1,0,0,0.1429,0.0,0.0,0.0,0.0,0,0,0,0,0.0,0.0,3,4,0,2665
2,6,1,0,0,0.2857,0.0,0.0,0.0,0.0,1,0,0,0,0.0,0.0,3,4,0,2666
2,0,0,0,1,0.4286,0.0,0.0,0.0,0.0,2,0,0,0,0.0,0.0,3,4,0,2667
1,2,0,0,0,0.5714,0.0,0.0,0.3333333333333333,1.0,3,0,0,0,0.5,0.0,3,4,0,2668
3,0,0,0,0,0.7143,0.0,0.0,0.25,1.0,4,0,0,0,0.5,0.0,3,4,0,2669
3,1,0,0,0,0.8571,0.0,0.0,0.2,1.0,5,0,0,0,0.5,0.0,3,4,0,2670
2,7,1,1,0,1.0,0.0,0.0,0.16666666666666666,1.0,6,0,0,0,0.5,0.0,3,4,0,2671
3,0,0,0,0,0.1667,0.0,0.0,0.0,0.0,0,0,0,0,0.0,0.0,2,4,0,2672
2,7,1,1,0,0.3333,0.0,0.0,0.0,0.0,1,0,0,0,0.0,0.0,2,4,0,2673
3,2,0,0,1,0.5,0.5,1.0,0.0,0.0,2,1,0,1,0.0,0.5,2,4,0,2674
3,6,1,0,1,0.6667,0.3333333333333333,1.0,0.3333333333333333,1.0,3,1,0,1,0.5,0.3333333333333333,2,4,0,2675
2,0,0,1,0,0.8333,0.25,1.0,0.5,1.0,4,1,0,1,0.5,0.25,2,4,0,2676
2,0,0,0,1,1.0,0.4,1.0,0.4,1.0,5,2,0,2,0.5,0.4,2,4,0,2677
3,1,0,1,0,0.125,0.0,0.0,0.0,0.0,0,0,0,0,0.0,0.0,2,2,0,2678
2,6,1,0,0,0.25,1.0,1.0,0.0,0.0,1,1,0,1,0.0,1.0,2,2,0,2679
3,7,1,1,0,0.375,0.5,1.0,0.0,0.0,2,1,0,1,0.0,0.5,2,2,0,2680
2,0,0,1,0,0.5,0.6666666666666666,1.0,0.0,0.0,3,2,0,2,0.0,0.6666666666666666,2,2,0,2681
3,0,0,0,0,0.625,0.75,1.0,0.0,0.0,4,3,0,3,0.0,0.75,2,2,0,2682
2,1,0,0,0,0.75,0.6,1.0,0.0,0.0,5,3,0,3,0.0,0.6,2,2,0,2683
1,1,0,0,0,0.875,0.5,1.0,0.0,0.0,6,3,0,3,0.0,0.5,2,2,0,2684
3,0,0,0,0,1.0,0.42857142857142855,1.0,0.0,0.0,7,3,0,3,0.0,0.42857142857142855,2,2,0,2685
3,2,0,0,0,0.2,0.0,0.0,0.0,0.0,0,0,0,0,0.0,0.0,2,2,0,2686
2,1,0,0,0,0.4,0.0,0.0,0.0,0.0,1,0,0,0,0.0,0.0,2,2,0,2687
3,6,1,0,0,0.6,0.0,0.0,0.0,0.0,2,0,0,0,0.0,0.0,2,2,0,2688
3,7,1,1,0,0.8,0.0,0.0,0.0,0.0,3,0,0,0,0.0,0.0,2,2,0,2689
2,1,0,1,0,1.0,0.25,1.0,0.0,0.0,4,1,0,1,0.0,0.25,2,2,0,2690
3,6,1,0,1,0.1111,0.0,0.0,0.0,0.0,0,0,0,0,0.0,0.0,2,4,0,2691
2,1,0,0,1,0.2222,0.0,0.0,1.0,1.0,1,0,0,0,0.5,0.0,2,4,0,2692
1,6,1,0,0,0.3333,0.0,0.0,1.0,1.0,2,0,0,0,0.5,0.0,2,4,0,2693
1,0,0,0,1,0.4444,0.0,0.0,0.6666666666666666,1.0,3,0,0,0,0.5,0.0,2,4,0,2694
2,6,1,0,0,0.5556,0.0,0.0,0.75,1.0,4,0,0,0,0.5,0.0,2,4,0,2695
1,2,0,0,0,0.6667,0.0,0.0,0.6,1.0,5,0,0,0,0.5,0.0,2,4,0,2696
3,2,0,0,1,0.7778,0.0,0.0,0.5,1.0,6,0,0,0,0.5,0.0,2,4,0,2697
3,6,1,1,0,0.8889,0.0,0.0,0.5714285714285714,1.0,7,0,0,0,0.5,0.0,2,4,0,2698
3,7,1,1,0,1.0,0.125,1.0,0.5,1.0,8,1,0,1,0.5,0.125,2,4,0,2699
1,6,1,1,0,0.2,0.0,0.0,0.0,0.0,0,0,0,0,0.0,0.0,3,4,0,2700
3,0,0,0,1,0.4,1.0,1.0,0.0,0.0,1,1,0,1,0.0,1.0,3,4,0,2701
3,0,0,1,1,0.6,0.5,1.0,0.5,1.0,2,1,0,1,0.5,0.5,3,4,0,2702
2,6,1,0,0,0.8,0.6666666666666666,1.0,0.6666666666666666,1.0,3,2,0,2,0.5,0.6666666666666666,3,4,0,2703
3,7,1,0,0,1.0,0.5,1.0,0.5,1.0,4,2,0,2,0.5,0.5,3,4,0,2704
3,1,0,0,0,0.25,0.0,0.0,0.0,0.0,0,0,0,0,0.0,0.0,0,3,0,2705
3,1,0,1,0,0.5,0.0,0.0,0.0,0.0,1,0,0,0,0.0,0.0,0,3,0,2706
3,1,0,0,0,0.75,0.5,1.0,0.0,0.0,2,1,0,1,0.0,0.5,0,3,0,2707
2,7,1,0,0,1.0,0.3333333333333333,1.0,0.0,0.0,3,1,0,1,0.0,0.3333333333333333,0,3,0,2708
1,6,1,1,0,0.25,0.0,0.0,0.0,0.0,0,0,0,0,0.0,0.0,1,2,0,2709
1,2,0,1,0,0.5,1.0,1.0,0.0,0.0,1,1,0,1,0.0,1.0,1,2,0,2710
2,1,0,0,0,0.75,1.0,1.0,0.0,0.0,2,2,0,2,0.0,1.0,1,2,0,2711
3,6,1,0,0,1.0,0.6666666666666666,1.0,0.0,0.0,3,2,0,2,0.0,0.6666666666666666,1,2,0,2712
1,7,1,1,0,0.1429,0.0,0.0,0.0,0.0,0,0,0,0,0.0,0.0,2,3,0,2713
2,2,0,0,0,0.2857,1.0,1.0,0.0,0.0,1,1,0,1,0.0,1.0,2,3,0,2714
3,7,1,0,0,0.4286,0.5,1.0,0.0,0.0,2,1,0,1,0.0,0.5,2,3,0,2715
3,0,0,0,0,0.5714,0.3333333333333333,1.0,0.0,0.0,3,1,0,1,0.0,0.3333333333333333,2,3,0,2716
2,6,1,1,0,0.7143,0.25,1.0,0.0,0.0,4,1,0,1,0.0,0.25,2,3,0,2717
1,6,1,0,0,0.8571,0.4,1.0,0.0,0.0,5,2,0,2,0.0,0.4,2,3,0,2718
1,1,0,0,1,1.0,0.3333333333333333,1.0,0.0,0.0,6,2,0,2,0.0,0.3333333333333333,2,3,0,2719
1,2,0,0,1,0.2,0.0,0.0,0.0,0.0,0,0,0,0,0.0,0.0,0,2,0,2720
3,0,0,1,0,0.4,0.0,0.0,1.0,1.0,1,0,0,0,0.5,0.0,0,2,0,2721
1,6,1,0,0,0.6,0.5,1.0,0.5,1.0,2,1,0,1,0.5,0.5,0,2,0,2722
2,2,0,1,0,0.8,0.3333333333333333,1.0,0.3333333333333333,1.0,3,1,0,1,0.5,0.3333333333333333,0,2,0,2723
2,6,1,0,0,1.0,0.5,1.0,0.25,1.0,4,2,0,2,0.5,0.5,0,2,0,2724
2,7,1,0,1,0.25,0.0,0.0,0.0,0.0,0,0,0,0,0.0,0.0,3,2,0,2725
2,1,0,0,0,0.5,0.0,0.0,1.0,1.0,1,0,0,0,0.5,0.0,3,2,0,2726
2,0,0,1,0,0.75,0.0,0.0,0.5,1.0,2,0,0,0,0.5,0.0,3,2,0,2727
2,6,1,1,0,1.0,0.3333333333333333,1.0,0.3333333333333333,1.0,3,1,0,1,0.5,0.3333333333333333,3,2,0,2728
2,2,0,0,0,0.25,0.0,0.0,0.0,0.0,0,0,0,0,0.0,0.0,2,2,0,2729
1,0,0,0,0,0.5,0.0,0.0,0.0,0.0,1,0,0,0,0.0,0.0,2,2,0,2730
2,2,0,1,0,0.75,0.0,0.0,0.0,0.0,2,0,0,0,0.0,0.0,2,2,0,2731
2,6,1,0,0,1.0,0.3333333333333333,1.0,0.0,0.0,3,1,0,1,0.0,0.3333333333333333,2,2,0,2732
3,6,1,1,0,0.25,0.0,0.0,0.0,0.0,0,0,0,0,0.0,0.0,0,2,0,2733
2,6,1,0,0,0.5,1.0,1.0,0.0,0.0,1,1,0,1,0.0,1.0,0,2,0,2734
3,7,1,0,1,0.75,0.5,1.0,0.0,0.0,2,1,0,1,0.0,0.5,0,2,0,2735
3,1,0,0,0,1.0,0.3333333333333333,1.0,0.3333333333333333,1.0,3,1,0,1,0.5,0.3333333333333333,0,2,0,2736
3,6,1,1,1,0.1111,0.0,0.0,0.0,0.0,0,0,0,0,0.0,0.0,3,2,0,2737
1,0,0,0,0,0.2222,1.0,1.0,1.0,1.0,1,1,0,1,0.5,1.0,3,2,0,2738
2,2,0,0,1,0.3333,0.5,1.0,0.5,1.0,2,1,0,1,0.5,0.5,3,2,0,2739
3,2,0,0,0,0.4444,0.3333333333333333,1.0,0.6666666666666666,1.0,3,1,0,1,0.5,0.3333333333333333,3,2,0,2740
2,6,1,1,1,0.5556,0.25,1.0,0.5,1.0,4,1,0,1,0.5,0.25,3,2,0,2741
1,2,0,1,0,0.6667,0.4,1.0,0.6,1.0,5,2,0,2,0.5,0.4,3,2,0,2742
3,1,0,0,0,0.7778,0.5,1.0,0.5,1.0,6,3,0,3,0.5,0.5,3,2,0,2743
2,0,0,0,1,0.8889,0.42857142857142855,1.0,0.42857142857142855,1.0,7,3,0,3,0.5,0.42857142857142855,3,2,0,2744
2,7,1,1,0,1.0,0.375,1.0,0.5,1.0,8,3,0,3,0.5,0.375,3,2,0,2745
1,1,0,0,0,0.125,0.0,0.0,0.0,0.0,0,0,0,0,0.0,0.0,0,4,0,2746
1,7,1,0,0,0.25,0.0,0.0,0.0,0.0,1,0,0,0,0.0,0.0,0,4,0,2747
2,6,1,1,0,0.375,0.0,0.0,0.0,0.0,2,0,0,0,0.0,0.0,0,4,0,2748
3,7,1,0,0,0.5,0.3333333333333333,1.0,0.0,0.0,3,1,0,1,0.0,0.3333333333333333,0,4,0,2749
3,1,0,1,1,0.625,0.25,1.0,0.0,0.0,4,1,0,1,0.0,0.25,0,4,0,2750
3,1,0,0,0,0.75,0.4,1.0,0.2,1.0,5,2,0,2,0.5,0.4,0,4,0,2751
2,0,0,0,1,0.875,0.3333333333333333,1.0,0.16666666666666666,1.0,6,2,0,2,0.5,0.3333333333333333,0,4,0,2752
1,1,0,0,0,1.0,0.2857142857142857,1.0,0.2857142857142857,1.0,7,2,0,2,0.5,0.2857142857142857,0,4,0,2753
2,1,0,0,0,0.1667,0.0,0.0,0.0,0.0,0,0,0,0,0.0,0.0,3,3,0,2754
2,6,1,0,0,0.3333,0.0,0.0,0.0,0.0,1,0,0,0,0.0,0.0,3,3,0,2755
3,7,1,0,0,0.5,0.0,0.0,0.0,0.0,2,0,0,0,0.0,0.0,3,3,0,2756
1,2,0,0,1,0.6667,0.0,0.0,0.0,0.0,3,0,0,0,0.0,0.0,3,3,0,2757
1,2,0,0,0,0.8333,0.0,0.0,0.25,1.0,4,0,0,0,0.5,0.0,3,3,0,2758
2,1,0,0,1,1.0,0.0,0.0,0.2,1.0,5,0,0,0,0.5,0.0,3,3,0,2759
2,7,1,1,0,0.25,0.0,0.0,0.0,0.0,0,0,0,0,0.0,0.0,0,3,0,2760
3,7,1,0,1,0.5,1.0,1.0,0.0,0.0,1,1,0,1,0.0,1.0,0,3,0,2761
1,2,0,0,0,0.75,0.5,1.0,0.5,1.0,2,1,0,1,0.5,0.5,0,3,0,2762
2,7,1,1,1,1.0,0.3333333333333333,1.0,0.3333333333333333,1.0,3,1,0,1,0.5,0.3333333333333333,0,3,0,2763
2,6,1,0,1,0.125,0.0,0.0,0.0,0.0,0,0,0,0,0.0,0.0,1,3,0,2764
1,7,1,0,1,0.25,0.0,0.0,1.0,1.0,1,0,0,0,0.5,0.0,1,3,0,2765
2,0,0,0,0,0.375,0.0,0.0,1.0,1.0,2,0,0,0,0.5,0.0,1,3,0,2766
2,7,1,0,0,0.5,0.0,0.0,0.6666666666666666,1.0,3,0,0,0,0.5,0.0,1,3,0,2767
1,0,0,1,1,0.625,0.0,0.0,0.5,1.0,4,0,0,0,0.5,0.0,1,3,0,2768
2,7,1,0,1,0.75,0.2,1.0,0.6,1.0,5,1,0,1,0.5,0.2,1,3,0,2769
3,7,1,0,1,0.875,0.16666666666666666,1.0,0.6666666666666666,1.0,6,1,0,1,0.5,0.16666666666666666,1,3,0,2770
2,2,0,0,1,1.0,0.14285714285714285,1.0,0.7142857142857143,1.0,7,1,0,1,0.5,0.14285714285714285,1,3,0,2771
1,1,0,0,1,0.25,0.0,0.0,0.0,0.0,0,0,0,0,0.0,0.0,1,2,0,2772
3,6,1,1,0,0.5,0.0,0.0,1.0,1.0,1,0,0,0,0.5,0.0,1,2,0,2773
3,1,0,0,0,0.75,0.5,1.0,0.5,1.0,2,1,0,1,0.5,0.5,1,2,0,2774
1,2,0,0,0,1.0,0.3333333333333333,1.0,0.3333333333333333,1.0,3,1,0,1,0.5,0.3333333333333333,1,2,0,2775
1,2,0,0,0,0.1667,0.0,0.0,0.0,0.0,0,0,0,0,0.0,0.0,3,3,0,2776
2,0,0,0,1,0.3333,0.0,0.0,0.0,0.0,1,0,0,0,0.0,0.0,3,3,0,2777
3,7,1,1,0,0.5,0.0,0.0,0.5,1.0,2,0,0,0,0.5,0.0,3,3,0,2778
2,6,1,0,1,0.6667,0.3333333333333333,1.0,0.3333333333333333,1.0,3,1,0,1,0.5,0.3333333333333333,3,3,0,2779
1,1,0,0,0,0.8333,0.25,1.0,0.5,1.0,4,1,0,1,0.5,0.25,3,3,0,2780
3,6,1,0,0,1.0,0.2,1.0,0.4,1.0,5,1,0,1,0.5,0.2,3,3,0,2781
2,7,1,0,0,0.1,0.0,0.0,0.0,0.0,0,0,0,0,0.0,0.0,0,3,0,2782
1,2,0,0,0,0.2,0.0,0.0,0.0,0.0,1,0,0,0,0.0,0.0,0,3,0,2783
3,2,0,1,1,0.3,0.0,0.0,0.0,0.0,2,0,0,0,0.0,0.0,0,3,0,2784
3,2,0,0,0,0.4,0.3333333333333333,1.0,0.3333333333333333,1.0,3,1,0,1,0.5,0.3333333333333333,0,3,0,2785
3,0,0,0,1,0.5,0.25,1.0,0.25,1.0,4,1,0,1,0.5,0.25,0,3,0,2786
2,1,0,0,0,0.6,0.2,1.0,0.4,1.0,5,1,0,1,0.5,0.2,0,3,0,2787
1,6,1,0,0,0.7,0.16666666666666666,1.0,0.3333333333333333,1.0,6,1,0,1,0.5,0.16666666666666666,0,3,0,2788
1,7,1,0,1,0.8,0.14285714285714285,1.0,0.2857142857142857,1.0,7,1,0,1,0.5,0.14285714285714285,0,3,0,2789
3,0,0,1,0,0.9,0.125,1.0,0.375,1.0,8,1,0,1,0.5,0.125,0,3,0,2790
3,7,1,0,1,1.0,0.2222222222222222,1.0,0.3333333333333333,1.0,9,2,0,2,0.5,0.2222222222222222,0,3,0,2791
1,2,3,0,0,0.1667,0.0,0.0,0.0,0.0,0,0,0,0,0.0,0.0,3,3,0,2792
1,1,0,1,0,0.3333,0.0,0.0,0.0,0.0,1,0,0,0,0.0,0.0,3,3,0,2793
1,1,0,1,0,0.5,0.5,1.0,0.0,0.0,2,1,0,1,0.0,0.5,3,3,0,2794
2,7,1,1,1,0.6667,0.6666666666666666,1.0,0.0,0.0,3,2,0,2,0.0,0.6666666666666666,3,3,0,2795
2,7,1,1,1,0.8333,0.75,1.0,0.25,1.0,4,3,0,3,0.5,0.75,3,3,1,2796
3,6,1,1,1,1.0,0.8,1.0,0.4,1.0,5,4,0,4,0.5,0.8,3,3,1,2797
1,1,0,1,0,0.2,0.0,0.0,0.0,0.0,0,0,0,0,0.0,0.0,1,3,0,2798
1,7,1,1,1,0.4,1.0,1.0,0.0,0.0,1,1,0,1,0.0,1.0,1,3,0,2799
2,1,0,1,1,0.6,1.0,1.0,0.5,1.0,2,2,0,2,0.5,1.0,1,3,1,2800
2,6,1,1,1,0.8,1.0,1.0,0.6666666666666666,1.0,3,3,0,3,0.5,1.0,1,3,1,2801
3,7,1,1,1,1.0,1.0,1.0,0.75,1.0,4,4,0,4,0.5,1.0,1,3,1,2802
1,2,3,0,0,0.1667,0.0,0.0,0.0,0.0,0,0,0,0,0.0,0.0,0,2,0,2803
1,1,0,1,0,0.3333,0.0,0.0,0.0,0.0,1,0,0,0,0.0,0.0,0,2,0,2804
1,1,0,1,0,0.5,0.5,1.0,0.0,0.0,2,1,0,1,0.0,0.5,0,2,0,2805
2,7,1,1,1,0.6667,0.6666666666666666,1.0,0.0,0.0,3,2,0,2,0.0,0.6666666666666666,0,2,0,2806
2,7,1,1,1,0.8333,0.75,1.0,0.25,1.0,4,3,0,3,0.5,0.75,0,2,1,2807
3,6,1,1,1,1.0,0.8,1.0,0.4,1.0,5,4,0,4,0.5,0.8,0,2,1,2808
1,2,3,0,0,0.1667,0.0,0.0,0.0,0.0,0,0,0,0,0.0,0.0,2,2,0,2809
1,1,0,1,0,0.3333,0.0,0.0,0.0,0.0,1,0,0,0,0.0,0.0,2,2,0,2810
1,1,0,1,0,0.5,0.5,1.0,0.0,0.0,2,1,0,1,0.0,0.5,2,2,0,2811
2,7,1,1,1,0.6667,0.6666666666666666,1.0,0.0,0.0,3,2,0,2,0.0,0.6666666666666666,2,2,0,2812
2,7,1,1,1,0.8333,0.75,1.0,0.25,1.0,4,3,0,3,0.5,0.75,2,2,1,2813
3,6,1,1,1,1.0,0.8,1.0,0.4,1.0,5,4,0,4,0.5,0.8,2,2,1,2814
1,0,0,0,0,0.1429,0.0,0.0,0.0,0.0,0,0,0,0,0.0,0.0,1,3,0,2815
1,1,0,0,0,0.2857,0.0,0.0,0.0,0.0,1,0,0,0,0.0,0.0,1,3,0,2816
1,1,0,1,0,0.4286,0.0,0.0,0.0,0.0,2,0,0,0,0.0,0.0,1,3,0,2817
1,1,0,1,0,0.5714,0.3333333333333333,1.0,0.0,0.0,3,1,0,1,0.0,0.3333333333333333,1,3,0,2818
2,7,1,1,1,0.7143,0.5,1.0,0.0,0.0,4,2,0,2,0.0,0.5,1,3,0,2819
2,7,1,1,1,0.8571,0.6,1.0,0.2,1.0,5,3,0,3,0.5,0.6,1,3,1,2820
3,2,3,1,1,1.0,0.6666666666666666,1.0,0.3333333333333333,1.0,6,4,0,4,0.5,0.6666666666666666,1,3,1,2821
1,0,0,0,0,0.1429,0.0,0.0,0.0,0.0,0,0,0,0,0.0,0.0,3,2,0,2822
1,1,0,0,0,0.2857,0.0,0.0,0.0,0.0,1,0,0,0,0.0,0.0,3,2,0,2823
1,1,0,1,0,0.4286,0.0,0.0,0.0,0.0,2,0,0,0,0.0,0.0,3,2,0,2824
1,1,0,1,0,0.5714,0.3333333333333333,1.0,0.0,0.0,3,1,0,1,0.0,0.3333333333333333,3,2,0,2825
2,7,1,1,1,0.7143,0.5,1.0,0.0,0.0,4,2,0,2,0.0,0.5,3,2,0,2826
2,7,1,1,1,0.8571,0.6,1.0,0.2,1.0,5,3,0,3,0.5,0.6,3,2,1,2827
3,2,3,1,1,1.0,0.6666666666666666,1.0,0.3333333333333333,1.0,6,4,0,4,0.5,0.6666666666666666,3,2,1,2828
1,1,0,1,0,0.2,0.0,0.0,0.0,0.0,0,0,0,0,0.0,0.0,2,4,0,2829
1,7,1,1,1,0.4,1.0,1.0,0.0,0.0,1,1,0,1,0.0,1.0,2,4,0,2830
2,1,0,1,1,0.6,1.0,1.0,0.5,1.0,2,2,0,2,0.5,1.0,2,4,1,2831
2,6,1,1,1,0.8,1.0,1.0,0.6666666666666666,1.0,3,3,0,3,0.5,1.0,2,4,1,2832
3,7,1,1,1,1.0,1.0,1.0,0.75,1.0,4,4,0,4,0.5,1.0,2,4,1,2833
1,1,0,1,0,0.2,0.0,0.0,0.0,0.0,0,0,0,0,0.0,0.0,1,2,0,2834
1,7,1,1,1,0.4,1.0,1.0,0.0,0.0,1,1,0,1,0.0,1.0,1,2,0,2835
2,1,0,1,1,0.6,1.0,1.0,0.5,1.0,2,2,0,2,0.5,1.0,1,2,1,2836
2,6,1,1,1,0.8,1.0,1.0,0.6666666666666666,1.0,3,3,0,3,0.5,1.0,1,2,1,2837
3,7,1,1,1,1.0,1.0,1.0,0.75,1.0,4,4,0,4,0.5,1.0,1,2,1,2838
1,2,3,0,0,0.1667,0.0,0.0,0.0,0.0,0,0,0,0,0.0,0.0,0,4,0,2839
1,1,0,1,0,0.3333,0.0,0.0,0.0,0.0,1,0,0,0,0.0,0.0,0,4,0,2840
1,1,0,1,0,0.5,0.5,1.0,0.0,0.0,2,1,0,1,0.0,0.5,0,4,0,2841
2,7,1,1,1,0.6667,0.6666666666666666,1.0,0.0,0.0,3,2,0,2,0.0,0.6666666666666666,0,4,0,2842
2,7,1,1,1,0.8333,0.75,1.0,0.25,1.0,4,3,0,3,0.5,0.75,0,4,1,2843
3,6,1,1,1,1.0,0.8,1.0,0.4,1.0,5,4,0,4,0.5,0.8,0,4,1,2844
1,0,0,0,0,0.1429,0.0,0.0,0.0,0.0,0,0,0,0,0.0,0.0,2,3,0,2845
1,1,0,0,0,0.2857,0.0,0.0,0.0,0.0,1,0,0,0,0.0,0.0,2,3,0,2846
1,1,0,1,0,0.4286,0.0,0.0,0.0,0.0,2,0,0,0,0.0,0.0,2,3,0,2847
1,1,0,1,0,0.5714,0.3333333333333333,1.0,0.0,0.0,3,1,0,1,0.0,0.3333333333333333,2,3,0,2848
2,7,1,1,1,0.7143,0.5,1.0,0.0,0.0,4,2,0,2,0.0,0.5,2,3,0,2849
2,7,1,1,1,0.8571,0.6,1.0,0.2,1.0,5,3,0,3,0.5,0.6,2,3,1,2850
3,2,3,1,1,1.0,0.6666666666666666,1.0,0.3333333333333333,1.0,6,4,0,4,0.5,0.6666666666666666,2,3,1,2851
1,2,3,0,0,0.1667,0.0,0.0,0.0,0.0,0,0,0,0,0.0,0.0,1,4,0,2852
1,1,0,1,0,0.3333,0.0,0.0,0.0,0.0,1,0,0,0,0.0,0.0,1,4,0,2853
1,1,0,1,0,0.5,0.5,1.0,0.0,0.0,2,1,0,1,0.0,0.5,1,4,0,2854
2,7,1,1,1,0.6667,0.6666666666666666,1.0,0.0,0.0,3,2,0,2,0.0,0.6666666666666666,1,4,0,2855
2,7,1,1,1,0.8333,0.75,1.0,0.25,1.0,4,3,0,3,0.5,0.75,1,4,1,2856
3,6,1,1,1,1.0,0.8,1.0,0.4,1.0,5,4,0,4,0.5,0.8,1,4,1,2857
1,2,3,0,0,0.1667,0.0,0.0,0.0,0.0,0,0,0,0,0.0,0.0,2,4,0,2858
1,1,0,1,0,0.3333,0.0,0.0,0.0,0.0,1,0,0,0,0.0,0.0,2,4,0,2859
1,1,0,1,0,0.5,0.5,1.0,0.0,0.0,2,1,0,1,0.0,0.5,2,4,0,2860
2,7,1,1,1,0.6667,0.6666666666666666,1.0,0.0,0.0,3,2,0,2,0.0,0.6666666666666666,2,4,0,2861
2,7,1,1,1,0.8333,0.75,1.0,0.25,1.0,4,3,0,3,0.5,0.75,2,4,1,2862
3,6,1,1,1,1.0,0.8,1.0,0.4,1.0,5,4,0,4,0.5,0.8,2,4,1,2863
1,1,0,1,0,0.2,0.0,0.0,0.0,0.0,0,0,0,0,0.0,0.0,2,2,0,2864
1,7,1,1,1,0.4,1.0,1.0,0.0,0.0,1,1,0,1,0.0,1.0,2,2,0,2865
2,1,0,1,1,0.6,1.0,1.0,0.5,1.0,2,2,0,2,0.5,1.0,2,2,1,2866
2,6,1,1,1,0.8,1.0,1.0,0.6666666666666666,1.0,3,3,0,3,0.5,1.0,2,2,1,2867
3,7,1,1,1,1.0,1.0,1.0,0.75,1.0,4,4,0,4,0.5,1.0,2,2,1,2868
1,0,0,0,0,0.1429,0.0,0.0,0.0,0.0,0,0,0,0,0.0,0.0,0,2,0,2869
1,1,0,0,0,0.2857,0.0,0.0,0.0,0.0,1,0,0,0,0.0,0.0,0,2,0,2870
1,1,0,1,0,0.4286,0.0,0.0,0.0,0.0,2,0,0,0,0.0,0.0,0,2,0,2871
1,1,0,1,0,0.5714,0.3333333333333333,1.0,0.0,0.0,3,1,0,1,0.0,0.3333333333333333,0,2,0,2872
2,7,1,1,1,0.7143,0.5,1.0,0.0,0.0,4,2,0,2,0.0,0.5,0,2,0,2873
2,7,1,1,1,0.8571,0.6,1.0,0.2,1.0,5,3,0,3,0.5,0.6,0,2,1,2874
3,2,3,1,1,1.0,0.6666666666666666,1.0,0.3333333333333333,1.0,6,4,0,4,0.5,0.6666666666666666,0,2,1,2875
1,1,0,1,0,0.2,0.0,0.0,0.0,0.0,0,0,0,0,0.0,0.0,3,4,0,2876
1,7,1,1,1,0.4,1.0,1.0,0.0,0.0,1,1,0,1,0.0,1.0,3,4,0,2877
2,1,0,1,1,0.6,1.0,1.0,0.5,1.0,2,2,0,2,0.5,1.0,3,4,1,2878
2,6,1,1,1,0.8,1.0,1.0,0.6666666666666666,1.0,3,3,0,3,0.5,1.0,3,4,1,2879
3,7,1,1,1,1.0,1.0,1.0,0.75,1.0,4,4,0,4,0.5,1.0,3,4,1,2880
1,1,0,1,0,0.2,0.0,0.0,0.0,0.0,0,0,0,0,0.0,0.0,1,3,0,2881
1,7,1,1,1,0.4,1.0,1.0,0.0,0.0,1,1,0,1,0.0,1.0,1,3,0,2882
2,1,0,1,1,0.6,1.0,1.0,0.5,1.0,2,2,0,2,0.5,1.0,1,3,1,2883
2,6,1,1,1,0.8,1.0,1.0,0.6666666666666666,1.0,3,3,0,3,0.5,1.0,1,3,1,2884
3,7,1,1,1,1.0,1.0,1.0,0.75,1.0,4,4,0,4,0.5,1.0,1,3,1,2885
1,2,3,0,0,0.1667,0.0,0.0,0.0,0.0,0,0,0,0,0.0,0.0,1,2,0,2886
1,1,0,1,0,0.3333,0.0,0.0,0.0,0.0,1,0,0,0,0.0,0.0,1,2,0,2887
1,1,0,1,0,0.5,0.5,1.0,0.0,0.0,2,1,0,1,0.0,0.5,1,2,0,2888
2,7,1,1,1,0.6667,0.6666666666666666,1.0,0.0,0.0,3,2,0,2,0.0,0.6666666666666666,1,2,0,2889
2,7,1,1,1,0.8333,0.75,1.0,0.25,1.0,4,3,0,3,0.5,0.75,1,2,1,2890
3,6,1,1,1,1.0,0.8,1.0,0.4,1.0,5,4,0,4,0.5,0.8,1,2,1,2891
1,2,3,0,0,0.1667,0.0,0.0,0.0,0.0,0,0,0,0,0.0,0.0,0,4,0,2892
1,1,0,1,0,0.3333,0.0,0.0,0.0,0.0,1,0,0,0,0.0,0.0,0,4,0,2893
1,1,0,1,0,0.5,0.5,1.0,0.0,0.0,2,1,0,1,0.0,0.5,0,4,0,2894
2,7,1,1,1,0.6667,0.6666666666666666,1.0,0.0,0.0,3,2,0,2,0.0,0.6666666666666666,0,4,0,2895
2,7,1,1,1,0.8333,0.75,1.0,0.25,1.0,4,3,0,3,0.5,0.75,0,4,1,2896
3,6,1,1,1,1.0,0.8,1.0,0.4,1.0,5,4,0,4,0.5,0.8,0,4,1,2897
1,2,3,0,0,0.1667,0.0,0.0,0.0,0.0,0,0,0,0,0.0,0.0,2,3,0,2898
1,1,0,1,0,0.3333,0.0,0.0,0.0,0.0,1,0,0,0,0.0,0.0,2,3,0,2899
1,1,0,1,0,0.5,0.5,1.0,0.0,0.0,2,1,0,1,0.0,0.5,2,3,0,2900
2,7,1,1,1,0.6667,0.6666666666666666,1.0,0.0,0.0,3,2,0,2,0.0,0.6666666666666666,2,3,0,2901
2,7,1,1,1,0.8333,0.75,1.0,0.25,1.0,4,3,0,3,0.5,0.75,2,3,1,2902
3,6,1,1,1,1.0,0.8,1.0,0.4,1.0,5,4,0,4,0.5,0.8,2,3,1,2903
1,0,0,0,0,0.1429,0.0,0.0,0.0,0.0,0,0,0,0,0.0,0.0,1,4,0,2904
1,1,0,0,0,0.2857,0.0,0.0,0.0,0.0,1,0,0,0,0.0,0.0,1,4,0,2905
1,1,0,1,0,0.4286,0.0,0.0,0.0,0.0,2,0,0,0,0.0,0.0,1,4,0,2906
1,1,0,1,0,0.5714,0.3333333333333333,1.0,0.0,0.0,3,1,0,1,0.0,0.3333333333333333,1,4,0,2907
2,7,1,1,1,0.7143,0.5,1.0,0.0,0.0,4,2,0,2,0.0,0.5,1,4,0,2908
2,7,1,1,1,0.8571,0.6,1.0,0.2,1.0,5,3,0,3,0.5,0.6,1,4,1,2909
3,2,3,1,1,1.0,0.6666666666666666,1.0,0.3333333333333333,1.0,6,4,0,4,0.5,0.6666666666666666,1,4,1,2910
1,1,0,1,0,0.2,0.0,0.0,0.0,0.0,0,0,0,0,0.0,0.0,3,3,0,2911
1,7,1,1,1,0.4,1.0,1.0,0.0,0.0,1,1,0,1,0.0,1.0,3,3,0,2912
2,1,0,1,1,0.6,1.0,1.0,0.5,1.0,2,2,0,2,0.5,1.0,3,3,1,2913
2,6,1,1,1,0.8,1.0,1.0,0.6666666666666666,1.0,3,3,0,3,0.5,1.0,3,3,1,2914
3,7,1,1,1,1.0,1.0,1.0,0.75,1.0,4,4,0,4,0.5,1.0,3,3,1,2915
1,2,3,0,0,0.1667,0.0,0.0,0.0,0.0,0,0,0,0,0.0,0.0,1,2,0,2916
1,1,0,1,0,0.3333,0.0,0.0,0.0,0.0,1,0,0,0,0.0,0.0,1,2,0,2917
1,1,0,1,0,0.5,0.5,1.0,0.0,0.0,2,1,0,1,0.0,0.5,1,2,0,2918
2,7,1,1,1,0.6667,0.6666666666666666,1.0,0.0,0.0,3,2,0,2,0.0,0.6666666666666666,1,2,0,2919
2,7,1,1,1,0.8333,0.75,1.0,0.25,1.0,4,3,0,3,0.5,0.75,1,2,1,2920
3,6,1,1,1,1.0,0.8,1.0,0.4,1.0,5,4,0,4,0.5,0.8,1,2,1,2921
1,2,3,0,0,0.1667,0.0,0.0,0.0,0.0,0,0,0,0,0.0,0.0,1,4,0,2922
1,1,0,1,0,0.3333,0.0,0.0,0.0,0.0,1,0,0,0,0.0,0.0,1,4,0,2923
1,1,0,1,0,0.5,0.5,1.0,0.0,0.0,2,1,0,1,0.0,0.5,1,4,0,2924
2,7,1,1,1,0.6667,0.6666666666666666,1.0,0.0,0.0,3,2,0,2,0.0,0.6666666666666666,1,4,0,2925
2,7,1,1,1,0.8333,0.75,1.0,0.25,1.0,4,3,0,3,0.5,0.75,1,4,1,2926
3,6,1,1,1,1.0,0.8,1.0,0.4,1.0,5,4,0,4,0.5,0.8,1,4,1,2927
1,1,0,1,0,0.2,0.0,0.0,0.0,0.0,0,0,0,0,0.0,0.0,3,4,0,2928
1,7,1,1,1,0.4,1.0,1.0,0.0,0.0,1,1,0,1,0.0,1.0,3,4,0,2929
2,1,0,1,1,0.6,1.0,1.0,0.5,1.0,2,2,0,2,0.5,1.0,3,4,1,2930
2,6,1,1,1,0.8,1.0,1.0,0.6666666666666666,1.0,3,3,0,3,0.5,1.0,3,4,1,2931
3,7,1,1,1,1.0,1.0,1.0,0.75,1.0,4,4,0,4,0.5,1.0,3,4,1,2932
1,0,0,0,0,0.1429,0.0,0.0,0.0,0.0,0,0,0,0,0.0,0.0,0,2,0,2933
1,1,0,0,0,0.2857,0.0,0.0,0.0,0.0,1,0,0,0,0.0,0.0,0,2,0,2934
1,1,0,1,0,0.4286,0.0,0.0,0.0,0.0,2,0,0,0,0.0,0.0,0,2,0,2935
1,1,0,1,0,0.5714,0.3333333333333333,1.0,0.0,0.0,3,1,0,1,0.0,0.3333333333333333,0,2,0,2936
2,7,1,1,1,0.7143,0.5,1.0,0.0,0.0,4,2,0,2,0.0,0.5,0,2,0,2937
2,7,1,1,1,0.8571,0.6,1.0,0.2,1.0,5,3,0,3,0.5,0.6,0,2,1,2938
3,2,3,1,1,1.0,0.6666666666666666,1.0,0.3333333333333333,1.0,6,4,0,4,0.5,0.6666666666666666,0,2,1,2939
1,1,0,1,0,0.2,0.0,0.0,0.0,0.0,0,0,0,0,0.0,0.0,0,2,0,2940
1,7,1,1,1,0.4,1.0,1.0,0.0,0.0,1,1,0,1,0.0,1.0,0,2,0,2941
2,1,0,1,1,0.6,1.0,1.0,0.5,1.0,2,2,0,2,0.5,1.0,0,2,1,2942
2,6,1,1,1,0.8,1.0,1.0,0.6666666666666666,1.0,3,3,0,3,0.5,1.0,0,2,1,2943
3,7,1,1,1,1.0,1.0,1.0,0.75,1.0,4,4,0,4,0.5,1.0,0,2,1,2944
1,2,3,0,0,0.1667,0.0,0.0,0.0,0.0,0,0,0,0,0.0,0.0,3,4,0,2945
1,1,0,1,0,0.3333,0.0,0.0,0.0,0.0,1,0,0,0,0.0,0.0,3,4,0,2946
1,1,0,1,0,0.5,0.5,1.0,0.0,0.0,2,1,0,1,0.0,0.5,3,4,0,2947
2,7,1,1,1,0.6667,0.6666666666666666,1.0,0.0,0.0,3,2,0,2,0.0,0.6666666666666666,3,4,0,2948
2,7,1,1,1,0.8333,0.75,1.0,0.25,1.0,4,3,0,3,0.5,0.75,3,4,1,2949
3,6,1,1,1,1.0,0.8,1.0,0.4,1.0,5,4,0,4,0.5,0.8,3,4,1,2950
1,1,0,1,0,0.2,0.0,0.0,0.0,0.0,0,0,0,0,0.0,0.0,0,2,0,2951
1,7,1,1,1,0.4,1.0,1.0,0.0,0.0,1,1,0,1,0.0,1.0,0,2,0,2952
2,1,0,1,1,0.6,1.0,1.0,0.5,1.0,2,2,0,2,0.5,1.0,0,2,1,2953
2,6,1,1,1,0.8,1.0,1.0,0.6666666666666666,1.0,3,3,0,3,0.5,1.0,0,2,1,2954
3,7,1,1,1,1.0,1.0,1.0,0.75,1.0,4,4,0,4,0.5,1.0,0,2,1,2955
1,1,0,1,0,0.2,0.0,0.0,0.0,0.0,0,0,0,0,0.0,0.0,0,4,0,2956
1,7,1,1,1,0.4,1.0,1.0,0.0,0.0,1,1,0,1,0.0,1.0,0,4,0,2957
2,1,0,1,1,0.6,1.0,1.0,0.5,1.0,2,2,0,2,0.5,1.0,0,4,1,2958
2,6,1,1,1,0.8,1.0,1.0,0.6666666666666666,1.0,3,3,0,3,0.5,1.0,0,4,1,2959
3,7,1,1,1,1.0,1.0,1.0,0.75,1.0,4,4,0,4,0.5,1.0,0,4,1,2960
1,2,3,0,0,0.1667,0.0,0.0,0.0,0.0,0,0,0,0,0.0,0.0,3,3,0,2961
1,1,0,1,0,0.3333,0.0,0.0,0.0,0.0,1,0,0,0,0.0,0.0,3,3,0,2962
1,1,0,1,0,0.5,0.5,1.0,0.0,0.0,2,1,0,1,0.0,0.5,3,3,0,2963
2,7,1,1,1,0.6667,0.6666666666666666,1.0,0.0,0.0,3,2,0,2,0.0,0.6666666666666666,3,3,0,2964
2,7,1,1,1,0.8333,0.75,1.0,0.25,1.0,4,3,0,3,0.5,0.75,3,3,1,2965
3,6,1,1,1,1.0,0.8,1.0,0.4,1.0,5,4,0,4,0.5,0.8,3,3,1,2966
1,2,3,0,0,0.1667,0.0,0.0,0.0,0.0,0,0,0,0,0.0,0.0,2,2,0,2967
1,1,0,1,0,0.3333,0.0,0.0,0.0,0.0,1,0,0,0,0.0,0.0,2,2,0,2968
1,1,0,1,0,0.5,0.5,1.0,0.0,0.0,2,1,0,1,0.0,0.5,2,2,0,2969
2,7,1,1,1,0.6667,0.6666666666666666,1.0,0.0,0.0,3,2,0,2,0.0,0.6666666666666666,2,2,0,2970
2,7,1,1,1,0.8333,0.75,1.0,0.25,1.0,4,3,0,3,0.5,0.75,2,2,1,2971
3,6,1,1,1,1.0,0.8,1.0,0.4,1.0,5,4,0,4,0.5,0.8,2,2,1,2972
1,1,0,1,0,0.2,0.0,0.0,0.0,0.0,0,0,0,0,0.0,0.0,3,4,0,2973
1,7,1,1,1,0.4,1.0,1.0,0.0,0.0,1,1,0,1,0.0,1.0,3,4,0,2974
2,1,0,1,1,0.6,1.0,1.0,0.5,1.0,2,2,0,2,0.5,1.0,3,4,1,2975
2,6,1,1,1,0.8,1.0,1.0,0.6666666666666666,1.0,3,3,0,3,0.5,1.0,3,4,1,2976
3,7,1,1,1,1.0,1.0,1.0,0.75,1.0,4,4,0,4,0.5,1.0,3,4,1,2977
1,2,3,0,0,0.1667,0.0,0.0,0.0,0.0,0,0,0,0,0.0,0.0,0,3,0,2978
1,1,0,1,0,0.3333,0.0,0.0,0.0,0.0,1,0,0,0,0.0,0.0,0,3,0,2979
1,1,0,1,0,0.5,0.5,1.0,0.0,0.0,2,1,0,1,0.0,0.5,0,3,0,2980
2,7,1,1,1,0.6667,0.6666666666666666,1.0,0.0,0.0,3,2,0,2,0.0,0.6666666666666666,0,3,0,2981
2,7,1,1,1,0.8333,0.75,1.0,0.25,1.0,4,3,0,3,0.5,0.75,0,3,1,2982
3,6,1,1,1,1.0,0.8,1.0,0.4,1.0,5,4,0,4,0.5,0.8,0,3,1,2983
1,1,0,1,0,0.2,0.0,0.0,0.0,0.0,0,0,0,0,0.0,0.0,0,2,0,2984
1,7,1,1,1,0.4,1.0,1.0,0.0,0.0,1,1,0,1,0.0,1.0,0,2,0,2985
2,1,0,1,1,0.6,1.0,1.0,0.5,1.0,2,2,0,2,0.5,1.0,0,2,1,2986
2,6,1,1,1,0.8,1.0,1.0,0.6666666666666666,1.0,3,3,0,3,0.5,1.0,0,2,1,2987
3,7,1,1,1,1.0,1.0,1.0,0.75,1.0,4,4,0,4,0.5,1.0,0,2,1,2988
1,2,3,0,0,0.1667,0.0,0.0,0.0,0.0,0,0,0,0,0.0,0.0,2,2,0,2989
1,1,0,1,0,0.3333,0.0,0.0,0.0,0.0,1,0,0,0,0.0,0.0,2,2,0,2990
1,1,0,1,0,0.5,0.5,1.0,0.0,0.0,2,1,0,1,0.0,0.5,2,2,0,2991
2,7,1,1,1,0.6667,0.6666666666666666,1.0,0.0,0.0,3,2,0,2,0.0,0.6666666666666666,2,2,0,2992
2,7,1,1,1,0.8333,0.75,1.0,0.25,1.0,4,3,0,3,0.5,0.75,2,2,1,2993
3,6,1,1,1,1.0,0.8,1.0,0.4,1.0,5,4,0,4,0.5,0.8,2,2,1,2994
1,2,3,0,0,0.1667,0.0,0.0,0.0,0.0,0,0,0,0,0.0,0.0,3,3,0,2995
1,1,0,1,0,0.3333,0.0,0.0,0.0,0.0,1,0,0,0,0.0,0.0,3,3,0,2996
1,1,0,1,0,0.5,0.5,1.0,0.0,0.0,2,1,0,1,0.0,0.5,3,3,0,2997
2,7,1,1,1,0.6667,0.6666666666666666,1.0,0.0,0.0,3,2,0,2,0.0,0.6666666666666666,3,3,0,2998
2,7,1,1,1,0.8333,0.75,1.0,0.25,1.0,4,3,0,3,0.5,0.75,3,3,1,2999
3,6,1,1,1,1.0,0.8,1.0,0.4,1.0,5,4,0,4,0.5,0.8,3,3,1,3000
1,1,0,1,0,0.2,0.0,0.0,0.0,0.0,0,0,0,0,0.0,0.0,3,2,0,3001
1,7,1,1,1,0.4,1.0,1.0,0.0,0.0,1,1,0,1,0.0,1.0,3,2,0,3002
2,1,0,1,1,0.6,1.0,1.0,0.5,1.0,2,2,0,2,0.5,1.0,3,2,1,3003
2,6,1,1,1,0.8,1.0,1.0,0.6666666666666666,1.0,3,3,0,3,0.5,1.0,3,2,1,3004
3,7,1,1,1,1.0,1.0,1.0,0.75,1.0,4,4,0,4,0.5,1.0,3,2,1,3005
1,0,0,0,0,0.1429,0.0,0.0,0.0,0.0,0,0,0,0,0.0,0.0,3,3,0,3006
1,1,0,0,0,0.2857,0.0,0.0,0.0,0.0,1,0,0,0,0.0,0.0,3,3,0,3007
1,1,0,1,0,0.4286,0.0,0.0,0.0,0.0,2,0,0,0,0.0,0.0,3,3,0,3008
1,1,0,1,0,0.5714,0.3333333333333333,1.0,0.0,0.0,3,1,0,1,0.0,0.3333333333333333,3,3,0,3009
2,7,1,1,1,0.7143,0.5,1.0,0.0,0.0,4,2,0,2,0.0,0.5,3,3,0,3010
2,7,1,1,1,0.8571,0.6,1.0,0.2,1.0,5,3,0,3,0.5,0.6,3,3,1,3011
3,2,3,1,1,1.0,0.6666666666666666,1.0,0.3333333333333333,1.0,6,4,0,4,0.5,0.6666666666666666,3,3,1,3012
1,2,3,0,0,0.1667,0.0,0.0,0.0,0.0,0,0,0,0,0.0,0.0,2,3,0,3013
1,1,0,1,0,0.3333,0.0,0.0,0.0,0.0,1,0,0,0,0.0,0.0,2,3,0,3014
1,1,0,1,0,0.5,0.5,1.0,0.0,0.0,2,1,0,1,0.0,0.5,2,3,0,3015
2,7,1,1,1,0.6667,0.6666666666666666,1.0,0.0,0.0,3,2,0,2,0.0,0.6666666666666666,2,3,0,3016
2,7,1,1,1,0.8333,0.75,1.0,0.25,1.0,4,3,0,3,0.5,0.75,2,3,1,3017
3,6,1,1,1,1.0,0.8,1.0,0.4,1.0,5,4,0,4,0.5,0.8,2,3,1,3018
1,1,0,1,0,0.2,0.0,0.0,0.0,0.0,0,0,0,0,0.0,0.0,3,4,0,3019
1,7,1,1,1,0.4,1.0,1.0,0.0,0.0,1,1,0,1,0.0,1.0,3,4,0,3020
2,1,0,1,1,0.6,1.0,1.0,0.5,1.0,2,2,0,2,0.5,1.0,3,4,1,3021
2,6,1,1,1,0.8,1.0,1.0,0.6666666666666666,1.0,3,3,0,3,0.5,1.0,3,4,1,3022
3,7,1,1,1,1.0,1.0,1.0,0.75,1.0,4,4,0,4,0.5,1.0,3,4,1,3023
1,0,0,0,0,0.1429,0.0,0.0,0.0,0.0,0,0,0,0,0.0,0.0,1,2,0,3024
1,1,0,0,0,0.2857,0.0,0.0,0.0,0.0,1,0,0,0,0.0,0.0,1,2,0,3025
1,1,0,1,0,0.4286,0.0,0.0,0.0,0.0,2,0,0,0,0.0,0.0,1,2,0,3026
1,1,0,1,0,0.5714,0.3333333333333333,1.0,0.0,0.0,3,1,0,1,0.0,0.3333333333333333,1,2,0,3027
2,7,1,1,1,0.7143,0.5,1.0,0.0,0.0,4,2,0,2,0.0,0.5,1,2,0,3028
2,7,1,1,1,0.8571,0.6,1.0,0.2,1.0,5,3,0,3,0.5,0.6,1,2,1,3029
3,2,3,1,1,1.0,0.6666666666666666,1.0,0.3333333333333333,1.0,6,4,0,4,0.5,0.6666666666666666,1,2,1,3030
1,0,0,0,0,0.1429,0.0,0.0,0.0,0.0,0,0,0,0,0.0,0.0,1,2,0,3031
1,1,0,0,0,0.2857,0.0,0.0,0.0,0.0,1,0,0,0,0.0,0.0,1,2,0,3032
1,1,0,1,0,0.4286,0.0,0.0,0.0,0.0,2,0,0,0,0.0,0.0,1,2,0,3033
1,1,0,1,0,0.5714,0.3333333333333333,1.0,0.0,0.0,3,1,0,1,0.0,0.3333333333333333,1,2,0,3034
2,7,1,1,1,0.7143,0.5,1.0,0.0,0.0,4,2,0,2,0.0,0.5,1,2,0,3035
2,7,1,1,1,0.8571,0.6,1.0,0.2,1.0,5,3,0,3,0.5,0.6,1,2,1,3036
3,2,3,1,1,1.0,0.6666666666666666,1.0,0.3333333333333333,1.0,6,4,0,4,0.5,0.6666666666666666,1,2,1,3037
1,1,0,1,0,0.2,0.0,0.0,0.0,0.0,0,0,0,0,0.0,0.0,3,4,0,3038
1,7,1,1,1,0.4,1.0,1.0,0.0,0.0,1,1,0,1,0.0,1.0,3,4,0,3039
2,1,0,1,1,0.6,1.0,1.0,0.5,1.0,2,2,0,2,0.5,1.0,3,4,1,3040
2,6,1,1,1,0.8,1.0,1.0,0.6666666666666666,1.0,3,3,0,3,0.5,1.0,3,4,1,3041
3,7,1,1,1,1.0,1.0,1.0,0.75,1.0,4,4,0,4,0.5,1.0,3,4,1,3042
1,0,0,0,0,0.1429,0.0,0.0,0.0,0.0,0,0,0,0,0.0,0.0,0,2,0,3043
1,1,0,0,0,0.2857,0.0,0.0,0.0,0.0,1,0,0,0,0.0,0.0,0,2,0,3044
1,1,0,1,0,0.4286,0.0,0.0,0.0,0.0,2,0,0,0,0.0,0.0,0,2,0,3045
1,1,0,1,0,0.5714,0.3333333333333333,1.0,0.0,0.0,3,1,0,1,0.0,0.3333333333333333,0,2,0,3046
2,7,1,1,1,0.7143,0.5,1.0,0.0,0.0,4,2,0,2,0.0,0.5,0,2,0,3047
2,7,1,1,1,0.8571,0.6,1.0,0.2,1.0,5,3,0,3,0.5,0.6,0,2,1,3048
3,2,3,1,1,1.0,0.6666666666666666,1.0,0.3333333333333333,1.0,6,4,0,4,0.5,0.6666666666666666,0,2,1,3049
1,2,3,0,0,0.1667,0.0,0.0,0.0,0.0,0,0,0,0,0.0,0.0,0,2,0,3050
1,1,0,1,0,0.3333,0.0,0.0,0.0,0.0,1,0,0,0,0.0,0.0,0,2,0,3051
1,1,0,1,0,0.5,0.5,1.0,0.0,0.0,2,1,0,1,0.0,0.5,0,2,0,3052
2,7,1,1,1,0.6667,0.6666666666666666,1.0,0.0,0.0,3,2,0,2,0.0,0.6666666666666666,0,2,0,3053
2,7,1,1,1,0.8333,0.75,1.0,0.25,1.0,4,3,0,3,0.5,0.75,0,2,1,3054
3,6,1,1,1,1.0,0.8,1.0,0.4,1.0,5,4,0,4,0.5,0.8,0,2,1,3055
1,0,0,0,0,0.1429,0.0,0.0,0.0,0.0,0,0,0,0,0.0,0.0,3,3,0,3056
1,1,0,0,0,0.2857,0.0,0.0,0.0,0.0,1,0,0,0,0.0,0.0,3,3,0,3057
1,1,0,1,0,0.4286,0.0,0.0,0.0,0.0,2,0,0,0,0.0,0.0,3,3,0,3058
1,1,0,1,0,0.5714,0.3333333333333333,1.0,0.0,0.0,3,1,0,1,0.0,0.3333333333333333,3,3,0,3059
2,7,1,1,1,0.7143,0.5,1.0,0.0,0.0,4,2,0,2,0.0,0.5,3,3,0,3060
2,7,1,1,1,0.8571,0.6,1.0,0.2,1.0,5,3,0,3,0.5,0.6,3,3,1,3061
3,2,3,1,1,1.0,0.6666666666666666,1.0,0.3333333333333333,1.0,6,4,0,4,0.5,0.6666666666666666,3,3,1,3062
1,0,0,0,0,0.1429,0.0,0.0,0.0,0.0,0,0,0,0,0.0,0.0,1,3,0,3063
1,1,0,0,0,0.2857,0.0,0.0,0.0,0.0,1,0,0,0,0.0,0.0,1,3,0,3064
1,1,0,1,0,0.4286,0.0,0.0,0.0,0.0,2,0,0,0,0.0,0.0,1,3,0,3065
1,1,0,1,0,0.5714,0.3333333333333333,1.0,0.0,0.0,3,1,0,1,0.0,0.3333333333333333,1,3,0,3066
2,7,1,1,1,0.7143,0.5,1.0,0.0,0.0,4,2,0,2,0.0,0.5,1,3,0,3067
2,7,1,1,1,0.8571,0.6,1.0,0.2,1.0,5,3,0,3,0.5,0.6,1,3,1,3068
3,2,3,1,1,1.0,0.6666666666666666,1.0,0.3333333333333333,1.0,6,4,0,4,0.5,0.6666666666666666,1,3,1,3069
1,2,3,0,0,0.1667,0.0,0.0,0.0,0.0,0,0,0,0,0.0,0.0,1,3,0,3070
1,1,0,1,0,0.3333,0.0,0.0,0.0,0.0,1,0,0,0,0.0,0.0,1,3,0,3071
1,1,0,1,0,0.5,0.5,1.0,0.0,0.0,2,1,0,1,0.0,0.5,1,3,0,3072
2,7,1,1,1,0.6667,0.6666666666666666,1.0,0.0,0.0,3,2,0,2,0.0,0.6666666666666666,1,3,0,3073
2,7,1,1,1,0.8333,0.75,1.0,0.25,1.0,4,3,0,3,0.5,0.75,1,3,1,3074
3,6,1,1,1,1.0,0.8,1.0,0.4,1.0,5,4,0,4,0.5,0.8,1,3,1,3075
1,2,3,0,0,0.1667,0.0,0.0,0.0,0.0,0,0,0,0,0.0,0.0,2,4,0,3076
1,1,0,1,0,0.3333,0.0,0.0,0.0,0.0,1,0,0,0,0.0,0.0,2,4,0,3077
1,1,0,1,0,0.5,0.5,1.0,0.0,0.0,2,1,0,1,0.0,0.5,2,4,0,3078
2,7,1,1,1,0.6667,0.6666666666666666,1.0,0.0,0.0,3,2,0,2,0.0,0.6666666666666666,2,4,0,3079
2,7,1,1,1,0.8333,0.75,1.0,0.25,1.0,4,3,0,3,0.5,0.75,2,4,1,3080
3,6,1,1,1,1.0,0.8,1.0,0.4,1.0,5,4,0,4,0.5,0.8,2,4,1,3081
1,1,0,1,0,0.2,0.0,0.0,0.0,0.0,0,0,0,0,0.0,0.0,3,3,0,3082
1,7,1,1,1,0.4,1.0,1.0,0.0,0.0,1,1,0,1,0.0,1.0,3,3,0,3083
2,1,0,1,1,0.6,1.0,1.0,0.5,1.0,2,2,0,2,0.5,1.0,3,3,1,3084
2,6,1,1,1,0.8,1.0,1.0,0.6666666666666666,1.0,3,3,0,3,0.5,1.0,3,3,1,3085
3,7,1,1,1,1.0,1.0,1.0,0.75,1.0,4,4,0,4,0.5,1.0,3,3,1,3086
1,2,3,0,0,0.1667,0.0,0.0,0.0,0.0,0,0,0,0,0.0,0.0,3,4,0,3087
1,1,0,1,0,0.3333,0.0,0.0,0.0,0.0,1,0,0,0,0.0,0.0,3,4,0,3088
1,1,0,1,0,0.5,0.5,1.0,0.0,0.0,2,1,0,1,0.0,0.5,3,4,0,3089
2,7,1,1,1,0.6667,0.6666666666666666,1.0,0.0,0.0,3,2,0,2,0.0,0.6666666666666666,3,4,0,3090
2,7,1,1,1,0.8333,0.75,1.0,0.25,1.0,4,3,0,3,0.5,0.75,3,4,1,3091
3,6,1,1,1,1.0,0.8,1.0,0.4,1.0,5,4,0,4,0.5,0.8,3,4,1,3092
1,0,0,0,0,0.1429,0.0,0.0,0.0,0.0,0,0,0,0,0.0,0.0,1,3,0,3093
1,1,0,0,0,0.2857,0.0,0.0,0.0,0.0,1,0,0,0,0.0,0.0,1,3,0,3094
1,1,0,1,0,0.4286,0.0,0.0,0.0,0.0,2,0,0,0,0.0,0.0,1,3,0,3095
1,1,0,1,0,0.5714,0.3333333333333333,1.0,0.0,0.0,3,1,0,1,0.0,0.3333333333333333,1,3,0,3096
2,7,1,1,1,0.7143,0.5,1.0,0.0,0.0,4,2,0,2,0.0,0.5,1,3,0,3097
2,7,1,1,1,0.8571,0.6,1.0,0.2,1.0,5,3,0,3,0.5,0.6,1,3,1,3098
3,2,3,1,1,1.0,0.6666666666666666,1.0,0.3333333333333333,1.0,6,4,0,4,0.5,0.6666666666666666,1,3,1,3099
1,0,0,0,0,0.1429,0.0,0.0,0.0,0.0,0,0,0,0,0.0,0.0,2,3,0,3100
1,1,0,0,0,0.2857,0.0,0.0,0.0,0.0,1,0,0,0,0.0,0.0,2,3,0,3101
1,1,0,1,0,0.4286,0.0,0.0,0.0,0.0,2,0,0,0,0.0,0.0,2,3,0,3102
1,1,0,1,0,0.5714,0.3333333333333333,1.0,0.0,0.0,3,1,0,1,0.0,0.3333333333333333,2,3,0,3103
2,7,1,1,1,0.7143,0.5,1.0,0.0,0.0,4,2,0,2,0.0,0.5,2,3,0,3104
2,7,1,1,1,0.8571,0.6,1.0,0.2,1.0,5,3,0,3,0.5,0.6,2,3,1,3105
3,2,3,1,1,1.0,0.6666666666666666,1.0,0.3333333333333333,1.0,6,4,0,4,0.5,0.6666666666666666,2,3,1,3106
1,1,0,1,0,0.2,0.0,0.0,0.0,0.0,0,0,0,0,0.0,0.0,1,4,0,3107
1,7,1,1,1,0.4,1.0,1.0,0.0,0.0,1,1,0,1,0.0,1.0,1,4,0,3108
2,1,0,1,1,0.6,1.0,1.0,0.5,1.0,2,2,0,2,0.5,1.0,1,4,1,3109
2,6,1,1,1,0.8,1.0,1.0,0.6666666666666666,1.0,3,3,0,3,0.5,1.0,1,4,1,3110
3,7,1,1,1,1.0,1.0,1.0,0.75,1.0,4,4,0,4,0.5,1.0,1,4,1,3111
1,1,0,1,0,0.2,0.0,0.0,0.0,0.0,0,0,0,0,0.0,0.0,0,4,0,3112
1,7,1,1,1,0.4,1.0,1.0,0.0,0.0,1,1,0,1,0.0,1.0,0,4,0,3113
2,1,0,1,1,0.6,1.0,1.0,0.5,1.0,2,2,0,2,0.5,1.0,0,4,1,3114
2,6,1,1,1,0.8,1.0,1.0,0.6666666666666666,1.0,3,3,0,3,0.5,1.0,0,4,1,3115
3,7,1,1,1,1.0,1.0,1.0,0.75,1.0,4,4,0,4,0.5,1.0,0,4,1,3116
1,0,0,0,0,0.1429,0.0,0.0,0.0,0.0,0,0,0,0,0.0,0.0,0,2,0,3117
1,1,0,0,0,0.2857,0.0,0.0,0.0,0.0,1,0,0,0,0.0,0.0,0,2,0,3118
1,1,0,1,0,0.4286,0.0,0.0,0.0,0.0,2,0,0,0,0.0,0.0,0,2,0,3119
1,1,0,1,0,0.5714,0.3333333333333333,1.0,0.0,0.0,3,1,0,1,0.0,0.3333333333333333,0,2,0,3120
2,7,1,1,1,0.7143,0.5,1.0,0.0,0.0,4,2,0,2,0.0,0.5,0,2,0,3121
2,7,1,1,1,0.8571,0.6,1.0,0.2,1.0,5,3,0,3,0.5,0.6,0,2,1,3122
3,2,3,1,1,1.0,0.6666666666666666,1.0,0.3333333333333333,1.0,6,4,0,4,0.5,0.6666666666666666,0,2,1,3123
1,2,3,0,0,0.1667,0.0,0.0,0.0,0.0,0,0,0,0,0.0,0.0,3,3,0,3124
1,1,0,1,0,0.3333,0.0,0.0,0.0,0.0,1,0,0,0,0.0,0.0,3,3,0,3125
1,1,0,1,0,0.5,0.5,1.0,0.0,0.0,2,1,0,1,0.0,0.5,3,3,0,3126
2,7,1,1,1,0.6667,0.6666666666666666,1.0,0.0,0.0,3,2,0,2,0.0,0.6666666666666666,3,3,0,3127
2,7,1,1,1,0.8333,0.75,1.0,0.25,1.0,4,3,0,3,0.5,0.75,3,3,1,3128
3,6,1,1,1,1.0,0.8,1.0,0.4,1.0,5,4,0,4,0.5,0.8,3,3,1,3129
1,1,0,1,0,0.2,0.0,0.0,0.0,0.0,0,0,0,0,0.0,0.0,1,4,0,3130
1,7,1,1,1,0.4,1.0,1.0,0.0,0.0,1,1,0,1,0.0,1.0,1,4,0,3131
2,1,0,1,1,0.6,1.0,1.0,0.5,1.0,2,2,0,2,0.5,1.0,1,4,1,3132
2,6,1,1,1,0.8,1.0,1.0,0.6666666666666666,1.0,3,3,0,3,0.5,1.0,1,4,1,3133
3,7,1,1,1,1.0,1.0,1.0,0.75,1.0,4,4,0,4,0.5,1.0,1,4,1,3134
1,0,0,0,0,0.1429,0.0,0.0,0.0,0.0,0,0,0,0,0.0,0.0,0,2,0,3135
1,1,0,0,0,0.2857,0.0,0.0,0.0,0.0,1,0,0,0,0.0,0.0,0,2,0,3136
1,1,0,1,0,0.4286,0.0,0.0,0.0,0.0,2,0,0,0,0.0,0.0,0,2,0,3137
1,1,0,1,0,0.5714,0.3333333333333333,1.0,0.0,0.0,3,1,0,1,0.0,0.3333333333333333,0,2,0,3138
2,7,1,1,1,0.7143,0.5,1.0,0.0,0.0,4,2,0,2,0.0,0.5,0,2,0,3139
2,7,1,1,1,0.8571,0.6,1.0,0.2,1.0,5,3,0,3,0.5,0.6,0,2,1,3140
3,2,3,1,1,1.0,0.6666666666666666,1.0,0.3333333333333333,1.0,6,4,0,4,0.5,0.6666666666666666,0,2,1,3141
1,1,0,1,0,0.2,0.0,0.0,0.0,0.0,0,0,0,0,0.0,0.0,3,3,0,3142
1,7,1,1,1,0.4,1.0,1.0,0.0,0.0,1,1,0,1,0.0,1.0,3,3,0,3143
2,1,0,1,1,0.6,1.0,1.0,0.5,1.0,2,2,0,2,0.5,1.0,3,3,1,3144
2,6,1,1,1,0.8,1.0,1.0,0.6666666666666666,1.0,3,3,0,3,0.5,1.0,3,3,1,3145
3,7,1,1,1,1.0,1.0,1.0,0.75,1.0,4,4,0,4,0.5,1.0,3,3,1,3146
1,2,3,0,0,0.1667,0.0,0.0,0.0,0.0,0,0,0,0,0.0,0.0,0,2,0,3147
1,1,0,1,0,0.3333,0.0,0.0,0.0,0.0,1,0,0,0,0.0,0.0,0,2,0,3148
1,1,0,1,0,0.5,0.5,1.0,0.0,0.0,2,1,0,1,0.0,0.5,0,2,0,3149
2,7,1,1,1,0.6667,0.6666666666666666,1.0,0.0,0.0,3,2,0,2,0.0,0.6666666666666666,0,2,0,3150
2,7,1,1,1,0.8333,0.75,1.0,0.25,1.0,4,3,0,3,0.5,0.75,0,2,1,3151
3,6,1,1,1,1.0,0.8,1.0,0.4,1.0,5,4,0,4,0.5,0.8,0,2,1,3152
1,1,0,1,0,0.2,0.0,0.0,0.0,0.0,0,0,0,0,0.0,0.0,3,2,0,3153
1,7,1,1,1,0.4,1.0,1.0,0.0,0.0,1,1,0,1,0.0,1.0,3,2,0,3154
2,1,0,1,1,0.6,1.0,1.0,0.5,1.0,2,2,0,2,0.5,1.0,3,2,1,3155
2,6,1,1,1,0.8,1.0,1.0,0.6666666666666666,1.0,3,3,0,3,0.5,1.0,3,2,1,3156
3,7,1,1,1,1.0,1.0,1.0,0.75,1.0,4,4,0,4,0.5,1.0,3,2,1,3157
1,1,0,1,0,0.2,0.0,0.0,0.0,0.0,0,0,0,0,0.0,0.0,2,2,0,3158
1,7,1,1,1,0.4,1.0,1.0,0.0,0.0,1,1,0,1,0.0,1.0,2,2,0,3159
2,1,0,1,1,0.6,1.0,1.0,0.5,1.0,2,2,0,2,0.5,1.0,2,2,1,3160
2,6,1,1,1,0.8,1.0,1.0,0.6666666666666666,1.0,3,3,0,3,0.5,1.0,2,2,1,3161
3,7,1,1,1,1.0,1.0,1.0,0.75,1.0,4,4,0,4,0.5,1.0,2,2,1,3162
1,0,0,0,0,0.1429,0.0,0.0,0.0,0.0,0,0,0,0,0.0,0.0,0,4,0,3163
1,1,0,0,0,0.2857,0.0,0.0,0.0,0.0,1,0,0,0,0.0,0.0,0,4,0,3164
1,1,0,1,0,0.4286,0.0,0.0,0.0,0.0,2,0,0,0,0.0,0.0,0,4,0,3165
1,1,0,1,0,0.5714,0.3333333333333333,1.0,0.0,0.0,3,1,0,1,0.0,0.3333333333333333,0,4,0,3166
2,7,1,1,1,0.7143,0.5,1.0,0.0,0.0,4,2,0,2,0.0,0.5,0,4,0,3167
2,7,1,1,1,0.8571,0.6,1.0,0.2,1.0,5,3,0,3,0.5,0.6,0,4,1,3168
3,2,3,1,1,1.0,0.6666666666666666,1.0,0.3333333333333333,1.0,6,4,0,4,0.5,0.6666666666666666,0,4,1,3169
1,1,0,1,0,0.2,0.0,0.0,0.0,0.0,0,0,0,0,0.0,0.0,3,2,0,3170
1,7,1,1,1,0.4,1.0,1.0,0.0,0.0,1,1,0,1,0.0,1.0,3,2,0,3171
2,1,0,1,1,0.6,1.0,1.0,0.5,1.0,2,2,0,2,0.5,1.0,3,2,1,3172
2,6,1,1,1,0.8,1.0,1.0,0.6666666666666666,1.0,3,3,0,3,0.5,1.0,3,2,1,3173
3,7,1,1,1,1.0,1.0,1.0,0.75,1.0,4,4,0,4,0.5,1.0,3,2,1,3174
1,2,3,0,0,0.1667,0.0,0.0,0.0,0.0,0,0,0,0,0.0,0.0,0,3,0,3175
1,1,0,1,0,0.3333,0.0,0.0,0.0,0.0,1,0,0,0,0.0,0.0,0,3,0,3176
1,1,0,1,0,0.5,0.5,1.0,0.0,0.0,2,1,0,1,0.0,0.5,0,3,0,3177
2,7,1,1,1,0.6667,0.6666666666666666,1.0,0.0,0.0,3,2,0,2,0.0,0.6666666666666666,0,3,0,3178
2,7,1,1,1,0.8333,0.75,1.0,0.25,1.0,4,3,0,3,0.5,0.75,0,3,1,3179
3,6,1,1,1,1.0,0.8,1.0,0.4,1.0,5,4,0,4,0.5,0.8,0,3,1,3180
1,2,3,0,0,0.1667,0.0,0.0,0.0,0.0,0,0,0,0,0.0,0.0,2,3,0,3181
1,1,0,1,0,0.3333,0.0,0.0,0.0,0.0,1,0,0,0,0.0,0.0,2,3,0,3182
1,1,0,1,0,0.5,0.5,1.0,0.0,0.0,2,1,0,1,0.0,0.5,2,3,0,3183
2,7,1,1,1,0.6667,0.6666666666666666,1.0,0.0,0.0,3,2,0,2,0.0,0.6666666666666666,2,3,0,3184
2,7,1,1,1,0.8333,0.75,1.0,0.25,1.0,4,3,0,3,0.5,0.75,2,3,1,3185
3,6,1,1,1,1.0,0.8,1.0,0.4,1.0,5,4,0,4,0.5,0.8,2,3,1,3186
1,0,0,0,0,0.1429,0.0,0.0,0.0,0.0,0,0,0,0,0.0,0.0,2,2,0,3187
1,1,0,0,0,0.2857,0.0,0.0,0.0,0.0,1,0,0,0,0.0,0.0,2,2,0,3188
1,1,0,1,0,0.4286,0.0,0.0,0.0,0.0,2,0,0,0,0.0,0.0,2,2,0,3189
1,1,0,1,0,0.5714,0.3333333333333333,1.0,0.0,0.0,3,1,0,1,0.0,0.3333333333333333,2,2,0,3190
2,7,1,1,1,0.7143,0.5,1.0,0.0,0.0,4,2,0,2,0.0,0.5,2,2,0,3191
2,7,1,1,1,0.8571,0.6,1.0,0.2,1.0,5,3,0,3,0.5,0.6,2,2,1,3192
3,2,3,1,1,1.0,0.6666666666666666,1.0,0.3333333333333333,1.0,6,4,0,4,0.5,0.6666666666666666,2,2,1,3193
1,0,0,0,0,0.1429,0.0,0.0,0.0,0.0,0,0,0,0,0.0,0.0,3,2,0,3194
1,1,0,0,0,0.2857,0.0,0.0,0.0,0.0,1,0,0,0,0.0,0.0,3,2,0,3195
1,1,0,1,0,0.4286,0.0,0.0,0.0,0.0,2,0,0,0,0.0,0.0,3,2,0,3196
1,1,0,1,0,0.5714,0.3333333333333333,1.0,0.0,0.0,3,1,0,1,0.0,0.3333333333333333,3,2,0,3197
2,7,1,1,1,0.7143,0.5,1.0,0.0,0.0,4,2,0,2,0.0,0.5,3,2,0,3198
2,7,1,1,1,0.8571,0.6,1.0,0.2,1.0,5,3,0,3,0.5,0.6,3,2,1,3199
3,2,3,1,1,1.0,0.6666666666666666,1.0,0.3333333333333333,1.0,6,4,0,4,0.5,0.6666666666666666,3,2,1,3200
1,1,0,1,0,0.2,0.0,0.0,0.0,0.0,0,0,0,0,0.0,0.0,3,2,0,3201
1,7,1,1,1,0.4,1.0,1.0,0.0,0.0,1,1,0,1,0.0,1.0,3,2,0,3202
2,1,0,1,1,0.6,1.0,1.0,0.5,1.0,2,2,0,2,0.5,1.0,3,2,1,3203
2,6,1,1,1,0.8,1.0,1.0,0.6666666666666666,1.0,3,3,0,3,0.5,1.0,3,2,1,3204
3,7,1,1,1,1.0,1.0,1.0,0.75,1.0,4,4,0,4,0.5,1.0,3,2,1,3205
1,2,3,0,0,0.1667,0.0,0.0,0.0,0.0,0,0,0,0,0.0,0.0,2,2,0,3206
1,1,0,1,0,0.3333,0.0,0.0,0.0,0.0,1,0,0,0,0.0,0.0,2,2,0,3207
1,1,0,1,0,0.5,0.5,1.0,0.0,0.0,2,1,0,1,0.0,0.5,2,2,0,3208
2,7,1,1,1,0.6667,0.6666666666666666,1.0,0.0,0.0,3,2,0,2,0.0,0.6666666666666666,2,2,0,3209
2,7,1,1,1,0.8333,0.75,1.0,0.25,1.0,4,3,0,3,0.5,0.75,2,2,1,3210
3,6,1,1,1,1.0,0.8,1.0,0.4,1.0,5,4,0,4,0.5,0.8,2,2,1,3211
1,2,3,0,0,0.1667,0.0,0.0,0.0,0.0,0,0,0,0,0.0,0.0,0,2,0,3212
1,1,0,1,0,0.3333,0.0,0.0,0.0,0.0,1,0,0,0,0.0,0.0,0,2,0,3213
1,1,0,1,0,0.5,0.5,1.0,0.0,0.0,2,1,0,1,0.0,0.5,0,2,0,3214
2,7,1,1,1,0.6667,0.6666666666666666,1.0,0.0,0.0,3,2,0,2,0.0,0.6666666666666666,0,2,0,3215
2,7,1,1,1,0.8333,0.75,1.0,0.25,1.0,4,3,0,3,0.5,0.75,0,2,1,3216
3,6,1,1,1,1.0,0.8,1.0,0.4,1.0,5,4,0,4,0.5,0.8,0,2,1,3217
1,0,0,0,0,0.1429,0.0,0.0,0.0,0.0,0,0,0,0,0.0,0.0,3,3,0,3218
1,1,0,0,0,0.2857,0.0,0.0,0.0,0.0,1,0,0,0,0.0,0.0,3,3,0,3219
1,1,0,1,0,0.4286,0.0,0.0,0.0,0.0,2,0,0,0,0.0,0.0,3,3,0,3220
1,1,0,1,0,0.5714,0.3333333333333333,1.0,0.0,0.0,3,1,0,1,0.0,0.3333333333333333,3,3,0,3221
2,7,1,1,1,0.7143,0.5,1.0,0.0,0.0,4,2,0,2,0.0,0.5,3,3,0,3222
2,7,1,1,1,0.8571,0.6,1.0,0.2,1.0,5,3,0,3,0.5,0.6,3,3,1,3223
3,2,3,1,1,1.0,0.6666666666666666,1.0,0.3333333333333333,1.0,6,4,0,4,0.5,0.6666666666666666,3,3,1,3224
1,1,0,1,0,0.2,0.0,0.0,0.0,0.0,0,0,0,0,0.0,0.0,1,3,0,3225
1,7,1,1,1,0.4,1.0,1.0,0.0,0.0,1,1,0,1,0.0,1.0,1,3,0,3226
2,1,0,1,1,0.6,1.0,1.0,0.5,1.0,2,2,0,2,0.5,1.0,1,3,1,3227
2,6,1,1,1,0.8,1.0,1.0,0.6666666666666666,1.0,3,3,0,3,0.5,1.0,1,3,1,3228
3,7,1,1,1,1.0,1.0,1.0,0.75,1.0,4,4,0,4,0.5,1.0,1,3,1,3229
1,2,3,0,0,0.1667,0.0,0.0,0.0,0.0,0,0,0,0,0.0,0.0,1,3,0,3230
1,1,0,1,0,0.3333,0.0,0.0,0.0,0.0,1,0,0,0,0.0,0.0,1,3,0,3231
1,1,0,1,0,0.5,0.5,1.0,0.0,0.0,2,1,0,1,0.0,0.5,1,3,0,3232
2,7,1,1,1,0.6667,0.6666666666666666,1.0,0.0,0.0,3,2,0,2,0.0,0.6666666666666666,1,3,0,3233
2,7,1,1,1,0.8333,0.75,1.0,0.25,1.0,4,3,0,3,0.5,0.75,1,3,1,3234
3,6,1,1,1,1.0,0.8,1.0,0.4,1.0,5,4,0,4,0.5,0.8,1,3,1,3235
1,1,0,1,0,0.2,0.0,0.0,0.0,0.0,0,0,0,0,0.0,0.0,0,3,0,3236
1,7,1,1,1,0.4,1.0,1.0,0.0,0.0,1,1,0,1,0.0,1.0,0,3,0,3237
2,1,0,1,1,0.6,1.0,1.0,0.5,1.0,2,2,0,2,0.5,1.0,0,3,1,3238
2,6,1,1,1,0.8,1.0,1.0,0.6666666666666666,1.0,3,3,0,3,0.5,1.0,0,3,1,3239
3,7,1,1,1,1.0,1.0,1.0,0.75,1.0,4,4,0,4,0.5,1.0,0,3,1,3240
1,0,0,0,0,0.1429,0.0,0.0,0.0,0.0,0,0,0,0,0.0,0.0,2,3,0,3241
1,1,0,0,0,0.2857,0.0,0.0,0.0,0.0,1,0,0,0,0.0,0.0,2,3,0,3242
1,1,0,1,0,0.4286,0.0,0.0,0.0,0.0,2,0,0,0,0.0,0.0,2,3,0,3243
1,1,0,1,0,0.5714,0.3333333333333333,1.0,0.0,0.0,3,1,0,1,0.0,0.3333333333333333,2,3,0,3244
2,7,1,1,1,0.7143,0.5,1.0,0.0,0.0,4,2,0,2,0.0,0.5,2,3,0,3245
2,7,1,1,1,0.8571,0.6,1.0,0.2,1.0,5,3,0,3,0.5,0.6,2,3,1,3246
3,2,3,1,1,1.0,0.6666666666666666,1.0,0.3333333333333333,1.0,6,4,0,4,0.5,0.6666666666666666,2,3,1,3247
1,0,0,0,0,0.1429,0.0,0.0,0.0,0.0,0,0,0,0,0.0,0.0,2,4,0,3248
1,1,0,0,0,0.2857,0.0,0.0,0.0,0.0,1,0,0,0,0.0,0.0,2,4,0,3249
1,1,0,1,0,0.4286,0.0,0.0,0.0,0.0,2,0,0,0,0.0,0.0,2,4,0,3250
1,1,0,1,0,0.5714,0.3333333333333333,1.0,0.0,0.0,3,1,0,1,0.0,0.3333333333333333,2,4,0,3251
2,7,1,1,1,0.7143,0.5,1.0,0.0,0.0,4,2,0,2,0.0,0.5,2,4,0,3252
2,7,1,1,1,0.8571,0.6,1.0,0.2,1.0,5,3,0,3,0.5,0.6,2,4,1,3253
3,2,3,1,1,1.0,0.6666666666666666,1.0,0.3333333333333333,1.0,6,4,0,4,0.5,0.6666666666666666,2,4,1,3254
1,2,3,0,0,0.1667,0.0,0.0,0.0,0.0,0,0,0,0,0.0,0.0,3,2,0,3255
1,1,0,1,0,0.3333,0.0,0.0,0.0,0.0,1,0,0,0,0.0,0.0,3,2,0,3256
1,1,0,1,0,0.5,0.5,1.0,0.0,0.0,2,1,0,1,0.0,0.5,3,2,0,3257
2,7,1,1,1,0.6667,0.6666666666666666,1.0,0.0,0.0,3,2,0,2,0.0,0.6666666666666666,3,2,0,3258
2,7,1,1,1,0.8333,0.75,1.0,0.25,1.0,4,3,0,3,0.5,0.75,3,2,1,3259
3,6,1,1,1,1.0,0.8,1.0,0.4,1.0,5,4,0,4,0.5,0.8,3,2,1,3260
1,2,3,0,0,0.1667,0.0,0.0,0.0,0.0,0,0,0,0,0.0,0.0,0,2,0,3261
1,1,0,1,0,0.3333,0.0,0.0,0.0,0.0,1,0,0,0,0.0,0.0,0,2,0,3262
1,1,0,1,0,0.5,0.5,1.0,0.0,0.0,2,1,0,1,0.0,0.5,0,2,0,3263
2,7,1,1,1,0.6667,0.6666666666666666,1.0,0.0,0.0,3,2,0,2,0.0,0.6666666666666666,0,2,0,3264
2,7,1,1,1,0.8333,0.75,1.0,0.25,1.0,4,3,0,3,0.5,0.75,0,2,1,3265
3,6,1,1,1,1.0,0.8,1.0,0.4,1.0,5,4,0,4,0.5,0.8,0,2,1,3266
1,0,0,0,0,0.1429,0.0,0.0,0.0,0.0,0,0,0,0,0.0,0.0,0,3,0,3267
1,1,0,0,0,0.2857,0.0,0.0,0.0,0.0,1,0,0,0,0.0,0.0,0,3,0,3268
1,1,0,1,0,0.4286,0.0,0.0,0.0,0.0,2,0,0,0,0.0,0.0,0,3,0,3269
1,1,0,1,0,0.5714,0.3333333333333333,1.0,0.0,0.0,3,1,0,1,0.0,0.3333333333333333,0,3,0,3270
2,7,1,1,1,0.7143,0.5,1.0,0.0,0.0,4,2,0,2,0.0,0.5,0,3,0,3271
2,7,1,1,1,0.8571,0.6,1.0,0.2,1.0,5,3,0,3,0.5,0.6,0,3,1,3272
3,2,3,1,1,1.0,0.6666666666666666,1.0,0.3333333333333333,1.0,6,4,0,4,0.5,0.6666666666666666,0,3,1,3273
1,0,0,0,0,0.1429,0.0,0.0,0.0,0.0,0,0,0,0,0.0,0.0,1,2,0,3274
1,1,0,0,0,0.2857,0.0,0.0,0.0,0.0,1,0,0,0,0.0,0.0,1,2,0,3275
1,1,0,1,0,0.4286,0.0,0.0,0.0,0.0,2,0,0,0,0.0,0.0,1,2,0,3276
1,1,0,1,0,0.5714,0.3333333333333333,1.0,0.0,0.0,3,1,0,1,0.0,0.3333333333333333,1,2,0,3277
2,7,1,1,1,0.7143,0.5,1.0,0.0,0.0,4,2,0,2,0.0,0.5,1,2,0,3278
2,7,1,1,1,0.8571,0.6,1.0,0.2,1.0,5,3,0,3,0.5,0.6,1,2,1,3279
3,2,3,1,1,1.0,0.6666666666666666,1.0,0.3333333333333333,1.0,6,4,0,4,0.5,0.6666666666666666,1,2,1,3280
1,2,3,0,0,0.1667,0.0,0.0,0.0,0.0,0,0,0,0,0.0,0.0,3,4,0,3281
1,1,0,1,0,0.3333,0.0,0.0,0.0,0.0,1,0,0,0,0.0,0.0,3,4,0,3282
1,1,0,1,0,0.5,0.5,1.0,0.0,0.0,2,1,0,1,0.0,0.5,3,4,0,3283
2,7,1,1,1,0.6667,0.6666666666666666,1.0,0.0,0.0,3,2,0,2,0.0,0.6666666666666666,3,4,0,3284
2,7,1,1,1,0.8333,0.75,1.0,0.25,1.0,4,3,0,3,0.5,0.75,3,4,1,3285
3,6,1,1,1,1.0,0.8,1.0,0.4,1.0,5,4,0,4,0.5,0.8,3,4,1,3286
1,0,0,0,0,0.1429,0.0,0.0,0.0,0.0,0,0,0,0,0.0,0.0,0,2,0,3287
1,1,0,0,0,0.2857,0.0,0.0,0.0,0.0,1,0,0,0,0.0,0.0,0,2,0,3288
1,1,0,1,0,0.4286,0.0,0.0,0.0,0.0,2,0,0,0,0.0,0.0,0,2,0,3289
1,1,0,1,0,0.5714,0.3333333333333333,1.0,0.0,0.0,3,1,0,1,0.0,0.3333333333333333,0,2,0,3290
2,7,1,1,1,0.7143,0.5,1.0,0.0,0.0,4,2,0,2,0.0,0.5,0,2,0,3291
2,7,1,1,1,0.8571,0.6,1.0,0.2,1.0,5,3,0,3,0.5,0.6,0,2,1,3292
3,2,3,1,1,1.0,0.6666666666666666,1.0,0.3333333333333333,1.0,6,4,0,4,0.5,0.6666666666666666,0,2,1,3293
1,2,3,0,0,0.1667,0.0,0.0,0.0,0.0,0,0,0,0,0.0,0.0,0,2,0,3294
1,1,0,1,0,0.3333,0.0,0.0,0.0,0.0,1,0,0,0,0.0,0.0,0,2,0,3295
1,1,0,1,0,0.5,0.5,1.0,0.0,0.0,2,1,0,1,0.0,0.5,0,2,0,3296
2,7,1,1,1,0.6667,0.6666666666666666,1.0,0.0,0.0,3,2,0,2,0.0,0.6666666666666666,0,2,0,3297
2,7,1,1,1,0.8333,0.75,1.0,0.25,1.0,4,3,0,3,0.5,0.75,0,2,1,3298
3,6,1,1,1,1.0,0.8,1.0,0.4,1.0,5,4,0,4,0.5,0.8,0,2,1,3299
1,0,0,0,0,0.1429,0.0,0.0,0.0,0.0,0,0,0,0,0.0,0.0,0,3,0,3300
1,1,0,0,0,0.2857,0.0,0.0,0.0,0.0,1,0,0,0,0.0,0.0,0,3,0,3301
1,1,0,1,0,0.4286,0.0,0.0,0.0,0.0,2,0,0,0,0.0,0.0,0,3,0,3302
1,1,0,1,0,0.5714,0.3333333333333333,1.0,0.0,0.0,3,1,0,1,0.0,0.3333333333333333,0,3,0,3303
2,7,1,1,1,0.7143,0.5,1.0,0.0,0.0,4,2,0,2,0.0,0.5,0,3,0,3304
2,7,1,1,1,0.8571,0.6,1.0,0.2,1.0,5,3,0,3,0.5,0.6,0,3,1,3305
3,2,3,1,1,1.0,0.6666666666666666,1.0,0.3333333333333333,1.0,6,4,0,4,0.5,0.6666666666666666,0,3,1,3306
1,2,3,0,0,0.1667,0.0,0.0,0.0,0.0,0,0,0,0,0.0,0.0,1,3,0,3307
1,1,0,1,0,0.3333,0.0,0.0,0.0,0.0,1,0,0,0,0.0,0.0,1,3,0,3308
1,1,0,1,0,0.5,0.5,1.0,0.0,0.0,2,1,0,1,0.0,0.5,1,3,0,3309
2,7,1,1,1,0.6667,0.6666666666666666,1.0,0.0,0.0,3,2,0,2,0.0,0.6666666666666666,1,3,0,3310
2,7,1,1,1,0.8333,0.75,1.0,0.25,1.0,4,3,0,3,0.5,0.75,1,3,1,3311
3,6,1,1,1,1.0,0.8,1.0,0.4,1.0,5,4,0,4,0.5,0.8,1,3,1,3312
1,2,3,0,0,0.1667,0.0,0.0,0.0,0.0,0,0,0,0,0.0,0.0,2,2,0,3313
1,1,0,1,0,0.3333,0.0,0.0,0.0,0.0,1,0,0,0,0.0,0.0,2,2,0,3314
1,1,0,1,0,0.5,0.5,1.0,0.0,0.0,2,1,0,1,0.0,0.5,2,2,0,3315
2,7,1,1,1,0.6667,0.6666666666666666,1.0,0.0,0.0,3,2,0,2,0.0,0.6666666666666666,2,2,0,3316
2,7,1,1,1,0.8333,0.75,1.0,0.25,1.0,4,3,0,3,0.5,0.75,2,2,1,3317
3,6,1,1,1,1.0,0.8,1.0,0.4,1.0,5,4,0,4,0.5,0.8,2,2,1,3318
1,0,0,0,0,0.1429,0.0,0.0,0.0,0.0,0,0,0,0,0.0,0.0,3,4,0,3319
1,1,0,0,0,0.2857,0.0,0.0,0.0,0.0,1,0,0,0,0.0,0.0,3,4,0,3320
1,1,0,1,0,0.4286,0.0,0.0,0.0,0.0,2,0,0,0,0.0,0.0,3,4,0,3321
1,1,0,1,0,0.5714,0.3333333333333333,1.0,0.0,0.0,3,1,0,1,0.0,0.3333333333333333,3,4,0,3322
2,7,1,1,1,0.7143,0.5,1.0,0.0,0.0,4,2,0,2,0.0,0.5,3,4,0,3323
2,7,1,1,1,0.8571,0.6,1.0,0.2,1.0,5,3,0,3,0.5,0.6,3,4,1,3324
3,2,3,1,1,1.0,0.6666666666666666,1.0,0.3333333333333333,1.0,6,4,0,4,0.5,0.6666666666666666,3,4,1,3325
1,1,0,1,0,0.2,0.0,0.0,0.0,0.0,0,0,0,0,0.0,0.0,0,4,0,3326
1,7,1,1,1,0.4,1.0,1.0,0.0,0.0,1,1,0,1,0.0,1.0,0,4,0,3327
2,1,0,1,1,0.6,1.0,1.0,0.5,1.0,2,2,0,2,0.5,1.0,0,4,1,3328
2,6,1,1,1,0.8,1.0,1.0,0.6666666666666666,1.0,3,3,0,3,0.5,1.0,0,4,1,3329
3,7,1,1,1,1.0,1.0,1.0,0.75,1.0,4,4,0,4,0.5,1.0,0,4,1,3330
1,1,0,1,0,0.2,0.0,0.0,0.0,0.0,0,0,0,0,0.0,0.0,0,2,0,3331
1,7,1,1,1,0.4,1.0,1.0,0.0,0.0,1,1,0,1,0.0,1.0,0,2,0,3332
2,1,0,1,1,0.6,1.0,1.0,0.5,1.0,2,2,0,2,0.5,1.0,0,2,1,3333
2,6,1,1,1,0.8,1.0,1.0,0.6666666666666666,1.0,3,3,0,3,0.5,1.0,0,2,1,3334
3,7,1,1,1,1.0,1.0,1.0,0.75,1.0,4,4,0,4,0.5,1.0,0,2,1,3335
1,0,0,0,0,0.1429,0.0,0.0,0.0,0.0,0,0,0,0,0.0,0.0,2,2,0,3336
1,1,0,0,0,0.2857,0.0,0.0,0.0,0.0,1,0,0,0,0.0,0.0,2,2,0,3337
1,1,0,1,0,0.4286,0.0,0.0,0.0,0.0,2,0,0,0,0.0,0.0,2,2,0,3338
1,1,0,1,0,0.5714,0.3333333333333333,1.0,0.0,0.0,3,1,0,1,0.0,0.3333333333333333,2,2,0,3339
2,7,1,1,1,0.7143,0.5,1.0,0.0,0.0,4,2,0,2,0.0,0.5,2,2,0,3340
2,7,1,1,1,0.8571,0.6,1.0,0.2,1.0,5,3,0,3,0.5,0.6,2,2,1,3341
3,2,3,1,1,1.0,0.6666666666666666,1.0,0.3333333333333333,1.0,6,4,0,4,0.5,0.6666666666666666,2,2,1,3342
1,0,0,0,0,0.1429,0.0,0.0,0.0,0.0,0,0,0,0,0.0,0.0,0,4,0,3343
1,1,0,0,0,0.2857,0.0,0.0,0.0,0.0,1,0,0,0,0.0,0.0,0,4,0,3344
1,1,0,1,0,0.4286,0.0,0.0,0.0,0.0,2,0,0,0,0.0,0.0,0,4,0,3345
1,1,0,1,0,0.5714,0.3333333333333333,1.0,0.0,0.0,3,1,0,1,0.0,0.3333333333333333,0,4,0,3346
2,7,1,1,1,0.7143,0.5,1.0,0.0,0.0,4,2,0,2,0.0,0.5,0,4,0,3347
2,7,1,1,1,0.8571,0.6,1.0,0.2,1.0,5,3,0,3,0.5,0.6,0,4,1,3348
3,2,3,1,1,1.0,0.6666666666666666,1.0,0.3333333333333333,1.0,6,4,0,4,0.5,0.6666666666666666,0,4,1,3349
1,0,0,0,0,0.1429,0.0,0.0,0.0,0.0,0,0,0,0,0.0,0.0,0,4,0,3350
1,1,0,0,0,0.2857,0.0,0.0,0.0,0.0,1,0,0,0,0.0,0.0,0,4,0,3351
1,1,0,1,0,0.4286,0.0,0.0,0.0,0.0,2,0,0,0,0.0,0.0,0,4,0,3352
1,1,0,1,0,0.5714,0.3333333333333333,1.0,0.0,0.0,3,1,0,1,0.0,0.3333333333333333,0,4,0,3353
2,7,1,1,1,0.7143,0.5,1.0,0.0,0.0,4,2,0,2,0.0,0.5,0,4,0,3354
2,7,1,1,1,0.8571,0.6,1.0,0.2,1.0,5,3,0,3,0.5,0.6,0,4,1,3355
3,2,3,1,1,1.0,0.6666666666666666,1.0,0.3333333333333333,1.0,6,4,0,4,0.5,0.6666666666666666,0,4,1,3356
1,2,3,0,0,0.1667,0.0,0.0,0.0,0.0,0,0,0,0,0.0,0.0,0,2,0,3357
1,1,0,1,0,0.3333,0.0,0.0,0.0,0.0,1,0,0,0,0.0,0.0,0,2,0,3358
1,1,0,1,0,0.5,0.5,1.0,0.0,0.0,2,1,0,1,0.0,0.5,0,2,0,3359
2,7,1,1,1,0.6667,0.6666666666666666,1.0,0.0,0.0,3,2,0,2,0.0,0.6666666666666666,0,2,0,3360
2,7,1,1,1,0.8333,0.75,1.0,0.25,1.0,4,3,0,3,0.5,0.75,0,2,1,3361
3,6,1,1,1,1.0,0.8,1.0,0.4,1.0,5,4,0,4,0.5,0.8,0,2,1,3362
1,1,0,1,0,0.2,0.0,0.0,0.0,0.0,0,0,0,0,0.0,0.0,3,3,0,3363
1,7,1,1,1,0.4,1.0,1.0,0.0,0.0,1,1,0,1,0.0,1.0,3,3,0,3364
2,1,0,1,1,0.6,1.0,1.0,0.5,1.0,2,2,0,2,0.5,1.0,3,3,1,3365
2,6,1,1,1,0.8,1.0,1.0,0.6666666666666666,1.0,3,3,0,3,0.5,1.0,3,3,1,3366
3,7,1,1,1,1.0,1.0,1.0,0.75,1.0,4,4,0,4,0.5,1.0,3,3,1,3367
1,2,3,0,0,0.1667,0.0,0.0,0.0,0.0,0,0,0,0,0.0,0.0,2,3,0,3368
1,1,0,1,0,0.3333,0.0,0.0,0.0,0.0,1,0,0,0,0.0,0.0,2,3,0,3369
1,1,0,1,0,0.5,0.5,1.0,0.0,0.0,2,1,0,1,0.0,0.5,2,3,0,3370
2,7,1,1,1,0.6667,0.6666666666666666,1.0,0.0,0.0,3,2,0,2,0.0,0.6666666666666666,2,3,0,3371
2,7,1,1,1,0.8333,0.75,1.0,0.25,1.0,4,3,0,3,0.5,0.75,2,3,1,3372
3,6,1,1,1,1.0,0.8,1.0,0.4,1.0,5,4,0,4,0.5,0.8,2,3,1,3373
1,1,0,1,0,0.2,0.0,0.0,0.0,0.0,0,0,0,0,0.0,0.0,3,3,0,3374
1,7,1,1,1,0.4,1.0,1.0,0.0,0.0,1,1,0,1,0.0,1.0,3,3,0,3375
2,1,0,1,1,0.6,1.0,1.0,0.5,1.0,2,2,0,2,0.5,1.0,3,3,1,3376
2,6,1,1,1,0.8,1.0,1.0,0.6666666666666666,1.0,3,3,0,3,0.5,1.0,3,3,1,3377
3,7,1,1,1,1.0,1.0,1.0,0.75,1.0,4,4,0,4,0.5,1.0,3,3,1,3378
1,1,0,1,0,0.2,0.0,0.0,0.0,0.0,0,0,0,0,0.0,0.0,1,3,0,3379
1,7,1,1,1,0.4,1.0,1.0,0.0,0.0,1,1,0,1,0.0,1.0,1,3,0,3380
2,1,0,1,1,0.6,1.0,1.0,0.5,1.0,2,2,0,2,0.5,1.0,1,3,1,3381
2,6,1,1,1,0.8,1.0,1.0,0.6666666666666666,1.0,3,3,0,3,0.5,1.0,1,3,1,3382
3,7,1,1,1,1.0,1.0,1.0,0.75,1.0,4,4,0,4,0.5,1.0,1,3,1,3383
1,2,3,0,0,0.1667,0.0,0.0,0.0,0.0,0,0,0,0,0.0,0.0,2,4,0,3384
1,1,0,1,0,0.3333,0.0,0.0,0.0,0.0,1,0,0,0,0.0,0.0,2,4,0,3385
1,1,0,1,0,0.5,0.5,1.0,0.0,0.0,2,1,0,1,0.0,0.5,2,4,0,3386
2,7,1,1,1,0.6667,0.6666666666666666,1.0,0.0,0.0,3,2,0,2,0.0,0.6666666666666666,2,4,0,3387
2,7,1,1,1,0.8333,0.75,1.0,0.25,1.0,4,3,0,3,0.5,0.75,2,4,1,3388
3,6,1,1,1,1.0,0.8,1.0,0.4,1.0,5,4,0,4,0.5,0.8,2,4,1,3389
1,1,0,1,0,0.2,0.0,0.0,0.0,0.0,0,0,0,0,0.0,0.0,0,3,0,3390
1,7,1,1,1,0.4,1.0,1.0,0.0,0.0,1,1,0,1,0.0,1.0,0,3,0,3391
2,1,0,1,1,0.6,1.0,1.0,0.5,1.0,2,2,0,2,0.5,1.0,0,3,1,3392
2,6,1,1,1,0.8,1.0,1.0,0.6666666666666666,1.0,3,3,0,3,0.5,1.0,0,3,1,3393
3,7,1,1,1,1.0,1.0,1.0,0.75,1.0,4,4,0,4,0.5,1.0,0,3,1,3394
1,1,0,1,0,0.2,0.0,0.0,0.0,0.0,0,0,0,0,0.0,0.0,3,2,0,3395
1,7,1,1,1,0.4,1.0,1.0,0.0,0.0,1,1,0,1,0.0,1.0,3,2,0,3396
2,1,0,1,1,0.6,1.0,1.0,0.5,1.0,2,2,0,2,0.5,1.0,3,2,1,3397
2,6,1,1,1,0.8,1.0,1.0,0.6666666666666666,1.0,3,3,0,3,0.5,1.0,3,2,1,3398
3,7,1,1,1,1.0,1.0,1.0,0.75,1.0,4,4,0,4,0.5,1.0,3,2,1,3399
1,2,3,0,0,0.1667,0.0,0.0,0.0,0.0,0,0,0,0,0.0,0.0,0,2,0,3400
1,1,0,1,0,0.3333,0.0,0.0,0.0,0.0,1,0,0,0,0.0,0.0,0,2,0,3401
1,1,0,1,0,0.5,0.5,1.0,0.0,0.0,2,1,0,1,0.0,0.5,0,2,0,3402
2,7,1,1,1,0.6667,0.6666666666666666,1.0,0.0,0.0,3,2,0,2,0.0,0.6666666666666666,0,2,0,3403
2,7,1,1,1,0.8333,0.75,1.0,0.25,1.0,4,3,0,3,0.5,0.75,0,2,1,3404
3,6,1,1,1,1.0,0.8,1.0,0.4,1.0,5,4,0,4,0.5,0.8,0,2,1,3405
1,0,0,0,0,0.1429,0.0,0.0,0.0,0.0,0,0,0,0,0.0,0.0,0,2,0,3406
1,1,0,0,0,0.2857,0.0,0.0,0.0,0.0,1,0,0,0,0.0,0.0,0,2,0,3407
1,1,0,1,0,0.4286,0.0,0.0,0.0,0.0,2,0,0,0,0.0,0.0,0,2,0,3408
1,1,0,1,0,0.5714,0.3333333333333333,1.0,0.0,0.0,3,1,0,1,0.0,0.3333333333333333,0,2,0,3409
2,7,1,1,1,0.7143,0.5,1.0,0.0,0.0,4,2,0,2,0.0,0.5,0,2,0,3410
2,7,1,1,1,0.8571,0.6,1.0,0.2,1.0,5,3,0,3,0.5,0.6,0,2,1,3411
3,2,3,1,1,1.0,0.6666666666666666,1.0,0.3333333333333333,1.0,6,4,0,4,0.5,0.6666666666666666,0,2,1,3412
1,1,0,1,0,0.2,0.0,0.0,0.0,0.0,0,0,0,0,0.0,0.0,0,2,0,3413
1,7,1,1,1,0.4,1.0,1.0,0.0,0.0,1,1,0,1,0.0,1.0,0,2,0,3414
2,1,0,1,1,0.6,1.0,1.0,0.5,1.0,2,2,0,2,0.5,1.0,0,2,1,3415
2,6,1,1,1,0.8,1.0,1.0,0.6666666666666666,1.0,3,3,0,3,0.5,1.0,0,2,1,3416
3,7,1,1,1,1.0,1.0,1.0,0.75,1.0,4,4,0,4,0.5,1.0,0,2,1,3417
1,1,0,1,0,0.2,0.0,0.0,0.0,0.0,0,0,0,0,0.0,0.0,0,4,0,3418
1,7,1,1,1,0.4,1.0,1.0,0.0,0.0,1,1,0,1,0.0,1.0,0,4,0,3419
2,1,0,1,1,0.6,1.0,1.0,0.5,1.0,2,2,0,2,0.5,1.0,0,4,1,3420
2,6,1,1,1,0.8,1.0,1.0,0.6666666666666666,1.0,3,3,0,3,0.5,1.0,0,4,1,3421
3,7,1,1,1,1.0,1.0,1.0,0.75,1.0,4,4,0,4,0.5,1.0,0,4,1,3422
1,2,3,0,0,0.1667,0.0,0.0,0.0,0.0,0,0,0,0,0.0,0.0,1,2,0,3423
1,1,0,1,0,0.3333,0.0,0.0,0.0,0.0,1,0,0,0,0.0,0.0,1,2,0,3424
1,1,0,1,0,0.5,0.5,1.0,0.0,0.0,2,1,0,1,0.0,0.5,1,2,0,3425
2,7,1,1,1,0.6667,0.6666666666666666,1.0,0.0,0.0,3,2,0,2,0.0,0.6666666666666666,1,2,0,3426
2,7,1,1,1,0.8333,0.75,1.0,0.25,1.0,4,3,0,3,0.5,0.75,1,2,1,3427
3,6,1,1,1,1.0,0.8,1.0,0.4,1.0,5,4,0,4,0.5,0.8,1,2,1,3428
1,2,3,0,0,0.1667,0.0,0.0,0.0,0.0,0,0,0,0,0.0,0.0,2,4,0,3429
1,1,0,1,0,0.3333,0.0,0.0,0.0,0.0,1,0,0,0,0.0,0.0,2,4,0,3430
1,1,0,1,0,0.5,0.5,1.0,0.0,0.0,2,1,0,1,0.0,0.5,2,4,0,3431
2,7,1,1,1,0.6667,0.6666666666666666,1.0,0.0,0.0,3,2,0,2,0.0,0.6666666666666666,2,4,0,3432
2,7,1,1,1,0.8333,0.75,1.0,0.25,1.0,4,3,0,3,0.5,0.75,2,4,1,3433
3,6,1,1,1,1.0,0.8,1.0,0.4,1.0,5,4,0,4,0.5,0.8,2,4,1,3434
1,1,0,1,0,0.2,0.0,0.0,0.0,0.0,0,0,0,0,0.0,0.0,3,3,0,3435
1,7,1,1,1,0.4,1.0,1.0,0.0,0.0,1,1,0,1,0.0,1.0,3,3,0,3436
2,1,0,1,1,0.6,1.0,1.0,0.5,1.0,2,2,0,2,0.5,1.0,3,3,1,3437
2,6,1,1,1,0.8,1.0,1.0,0.6666666666666666,1.0,3,3,0,3,0.5,1.0,3,3,1,3438
3,7,1,1,1,1.0,1.0,1.0,0.75,1.0,4,4,0,4,0.5,1.0,3,3,1,3439
1,1,0,1,0,0.2,0.0,0.0,0.0,0.0,0,0,0,0,0.0,0.0,0,4,0,3440
1,7,1,1,1,0.4,1.0,1.0,0.0,0.0,1,1,0,1,0.0,1.0,0,4,0,3441
2,1,0,1,1,0.6,1.0,1.0,0.5,1.0,2,2,0,2,0.5,1.0,0,4,1,3442
2,6,1,1,1,0.8,1.0,1.0,0.6666666666666666,1.0,3,3,0,3,0.5,1.0,0,4,1,3443
3,7,1,1,1,1.0,1.0,1.0,0.75,1.0,4,4,0,4,0.5,1.0,0,4,1,3444
1,0,0,0,0,0.1429,0.0,0.0,0.0,0.0,0,0,0,0,0.0,0.0,2,2,0,3445
1,1,0,0,0,0.2857,0.0,0.0,0.0,0.0,1,0,0,0,0.0,0.0,2,2,0,3446
1,1,0,1,0,0.4286,0.0,0.0,0.0,0.0,2,0,0,0,0.0,0.0,2,2,0,3447
1,1,0,1,0,0.5714,0.3333333333333333,1.0,0.0,0.0,3,1,0,1,0.0,0.3333333333333333,2,2,0,3448
2,7,1,1,1,0.7143,0.5,1.0,0.0,0.0,4,2,0,2,0.0,0.5,2,2,0,3449
2,7,1,1,1,0.8571,0.6,1.0,0.2,1.0,5,3,0,3,0.5,0.6,2,2,1,3450
3,2,3,1,1,1.0,0.6666666666666666,1.0,0.3333333333333333,1.0,6,4,0,4,0.5,0.6666666666666666,2,2,1,3451
1,0,0,0,0,0.1429,0.0,0.0,0.0,0.0,0,0,0,0,0.0,0.0,2,2,0,3452
1,1,0,0,0,0.2857,0.0,0.0,0.0,0.0,1,0,0,0,0.0,0.0,2,2,0,3453
1,1,0,1,0,0.4286,0.0,0.0,0.0,0.0,2,0,0,0,0.0,0.0,2,2,0,3454
1,1,0,1,0,0.5714,0.3333333333333333,1.0,0.0,0.0,3,1,0,1,0.0,0.3333333333333333,2,2,0,3455
2,7,1,1,1,0.7143,0.5,1.0,0.0,0.0,4,2,0,2,0.0,0.5,2,2,0,3456
2,7,1,1,1,0.8571,0.6,1.0,0.2,1.0,5,3,0,3,0.5,0.6,2,2,1,3457
3,2,3,1,1,1.0,0.6666666666666666,1.0,0.3333333333333333,1.0,6,4,0,4,0.5,0.6666666666666666,2,2,1,3458
1,1,0,1,0,0.2,0.0,0.0,0.0,0.0,0,0,0,0,0.0,0.0,3,3,0,3459
1,7,1,1,1,0.4,1.0,1.0,0.0,0.0,1,1,0,1,0.0,1.0,3,3,0,3460
2,1,0,1,1,0.6,1.0,1.0,0.5,1.0,2,2,0,2,0.5,1.0,3,3,1,3461
2,6,1,1,1,0.8,1.0,1.0,0.6666666666666666,1.0,3,3,0,3,0.5,1.0,3,3,1,3462
3,7,1,1,1,1.0,1.0,1.0,0.75,1.0,4,4,0,4,0.5,1.0,3,3,1,3463
1,2,3,0,0,0.1667,0.0,0.0,0.0,0.0,0,0,0,0,0.0,0.0,1,2,0,3464
1,1,0,1,0,0.3333,0.0,0.0,0.0,0.0,1,0,0,0,0.0,0.0,1,2,0,3465
1,1,0,1,0,0.5,0.5,1.0,0.0,0.0,2,1,0,1,0.0,0.5,1,2,0,3466
2,7,1,1,1,0.6667,0.6666666666666666,1.0,0.0,0.0,3,2,0,2,0.0,0.6666666666666666,1,2,0,3467
2,7,1,1,1,0.8333,0.75,1.0,0.25,1.0,4,3,0,3,0.5,0.75,1,2,1,3468
3,6,1,1,1,1.0,0.8,1.0,0.4,1.0,5,4,0,4,0.5,0.8,1,2,1,3469
1,2,3,0,0,0.1667,0.0,0.0,0.0,0.0,0,0,0,0,0.0,0.0,2,3,0,3470
1,1,0,1,0,0.3333,0.0,0.0,0.0,0.0,1,0,0,0,0.0,0.0,2,3,0,3471
1,1,0,1,0,0.5,0.5,1.0,0.0,0.0,2,1,0,1,0.0,0.5,2,3,0,3472
2,7,1,1,1,0.6667,0.6666666666666666,1.0,0.0,0.0,3,2,0,2,0.0,0.6666666666666666,2,3,0,3473
2,7,1,1,1,0.8333,0.75,1.0,0.25,1.0,4,3,0,3,0.5,0.75,2,3,1,3474
3,6,1,1,1,1.0,0.8,1.0,0.4,1.0,5,4,0,4,0.5,0.8,2,3,1,3475
1,1,0,1,0,0.2,0.0,0.0,0.0,0.0,0,0,0,0,0.0,0.0,3,3,0,3476
1,7,1,1,1,0.4,1.0,1.0,0.0,0.0,1,1,0,1,0.0,1.0,3,3,0,3477
2,1,0,1,1,0.6,1.0,1.0,0.5,1.0,2,2,0,2,0.5,1.0,3,3,1,3478
2,6,1,1,1,0.8,1.0,1.0,0.6666666666666666,1.0,3,3,0,3,0.5,1.0,3,3,1,3479
3,7,1,1,1,1.0,1.0,1.0,0.75,1.0,4,4,0,4,0.5,1.0,3,3,1,3480
1,1,0,1,0,0.2,0.0,0.0,0.0,0.0,0,0,0,0,0.0,0.0,1,4,0,3481
1,7,1,1,1,0.4,1.0,1.0,0.0,0.0,1,1,0,1,0.0,1.0,1,4,0,3482
2,1,0,1,1,0.6,1.0,1.0,0.5,1.0,2,2,0,2,0.5,1.0,1,4,1,3483
2,6,1,1,1,0.8,1.0,1.0,0.6666666666666666,1.0,3,3,0,3,0.5,1.0,1,4,1,3484
3,7,1,1,1,1.0,1.0,1.0,0.75,1.0,4,4,0,4,0.5,1.0,1,4,1,3485
1,2,3,0,0,0.1667,0.0,0.0,0.0,0.0,0,0,0,0,0.0,0.0,3,3,0,3486
1,1,0,1,0,0.3333,0.0,0.0,0.0,0.0,1,0,0,0,0.0,0.0,3,3,0,3487
1,1,0,1,0,0.5,0.5,1.0,0.0,0.0,2,1,0,1,0.0,0.5,3,3,0,3488
2,7,1,1,1,0.6667,0.6666666666666666,1.0,0.0,0.0,3,2,0,2,0.0,0.6666666666666666,3,3,0,3489
2,7,1,1,1,0.8333,0.75,1.0,0.25,1.0,4,3,0,3,0.5,0.75,3,3,1,3490
3,6,1,1,1,1.0,0.8,1.0,0.4,1.0,5,4,0,4,0.5,0.8,3,3,1,3491
1,1,0,1,0,0.2,0.0,0.0,0.0,0.0,0,0,0,0,0.0,0.0,2,4,0,3492
1,7,1,1,1,0.4,1.0,1.0,0.0,0.0,1,1,0,1,0.0,1.0,2,4,0,3493
2,1,0,1,1,0.6,1.0,1.0,0.5,1.0,2,2,0,2,0.5,1.0,2,4,1,3494
2,6,1,1,1,0.8,1.0,1.0,0.6666666666666666,1.0,3,3,0,3,0.5,1.0,2,4,1,3495
3,7,1,1,1,1.0,1.0,1.0,0.75,1.0,4,4,0,4,0.5,1.0,2,4,1,3496
1,1,0,1,0,0.2,0.0,0.0,0.0,0.0,0,0,0,0,0.0,0.0,1,3,0,3497
1,7,1,1,1,0.4,1.0,1.0,0.0,0.0,1,1,0,1,0.0,1.0,1,3,0,3498
2,1,0,1,1,0.6,1.0,1.0,0.5,1.0,2,2,0,2,0.5,1.0,1,3,1,3499
2,6,1,1,1,0.8,1.0,1.0,0.6666666666666666,1.0,3,3,0,3,0.5,1.0,1,3,1,3500
3,7,1,1,1,1.0,1.0,1.0,0.75,1.0,4,4,0,4,0.5,1.0,1,3,1,3501
1,2,3,0,0,0.1667,0.0,0.0,0.0,0.0,0,0,0,0,0.0,0.0,1,2,0,3502
1,1,0,1,0,0.3333,0.0,0.0,0.0,0.0,1,0,0,0,0.0,0.0,1,2,0,3503
1,1,0,1,0,0.5,0.5,1.0,0.0,0.0,2,1,0,1,0.0,0.5,1,2,0,3504
2,7,1,1,1,0.6667,0.6666666666666666,1.0,0.0,0.0,3,2,0,2,0.0,0.6666666666666666,1,2,0,3505
2,7,1,1,1,0.8333,0.75,1.0,0.25,1.0,4,3,0,3,0.5,0.75,1,2,1,3506
3,6,1,1,1,1.0,0.8,1.0,0.4,1.0,5,4,0,4,0.5,0.8,1,2,1,3507
1,1,0,1,0,0.2,0.0,0.0,0.0,0.0,0,0,0,0,0.0,0.0,1,2,0,3508
1,7,1,1,1,0.4,1.0,1.0,0.0,0.0,1,1,0,1,0.0,1.0,1,2,0,3509
2,1,0,1,1,0.6,1.0,1.0,0.5,1.0,2,2,0,2,0.5,1.0,1,2,1,3510
2,6,1,1,1,0.8,1.0,1.0,0.6666666666666666,1.0,3,3,0,3,0.5,1.0,1,2,1,3511
3,7,1,1,1,1.0,1.0,1.0,0.75,1.0,4,4,0,4,0.5,1.0,1,2,1,3512
1,2,3,0,0,0.1667,0.0,0.0,0.0,0.0,0,0,0,0,0.0,0.0,2,4,0,3513
1,1,0,1,0,0.3333,0.0,0.0,0.0,0.0,1,0,0,0,0.0,0.0,2,4,0,3514
1,1,0,1,0,0.5,0.5,1.0,0.0,0.0,2,1,0,1,0.0,0.5,2,4,0,3515
2,7,1,1,1,0.6667,0.6666666666666666,1.0,0.0,0.0,3,2,0,2,0.0,0.6666666666666666,2,4,0,3516
2,7,1,1,1,0.8333,0.75,1.0,0.25,1.0,4,3,0,3,0.5,0.75,2,4,1,3517
3,6,1,1,1,1.0,0.8,1.0,0.4,1.0,5,4,0,4,0.5,0.8,2,4,1,3518
1,2,3,0,0,0.1667,0.0,0.0,0.0,0.0,0,0,0,0,0.0,0.0,1,4,0,3519
1,1,0,1,0,0.3333,0.0,0.0,0.0,0.0,1,0,0,0,0.0,0.0,1,4,0,3520
1,1,0,1,0,0.5,0.5,1.0,0.0,0.0,2,1,0,1,0.0,0.5,1,4,0,3521
2,7,1,1,1,0.6667,0.6666666666666666,1.0,0.0,0.0,3,2,0,2,0.0,0.6666666666666666,1,4,0,3522
2,7,1,1,1,0.8333,0.75,1.0,0.25,1.0,4,3,0,3,0.5,0.75,1,4,1,3523
3,6,1,1,1,1.0,0.8,1.0,0.4,1.0,5,4,0,4,0.5,0.8,1,4,1,3524
1,0,0,0,0,0.1429,0.0,0.0,0.0,0.0,0,0,0,0,0.0,0.0,3,2,0,3525
1,1,0,0,0,0.2857,0.0,0.0,0.0,0.0,1,0,0,0,0.0,0.0,3,2,0,3526
1,1,0,1,0,0.4286,0.0,0.0,0.0,0.0,2,0,0,0,0.0,0.0,3,2,0,3527
1,1,0,1,0,0.5714,0.3333333333333333,1.0,0.0,0.0,3,1,0,1,0.0,0.3333333333333333,3,2,0,3528
2,7,1,1,1,0.7143,0.5,1.0,0.0,0.0,4,2,0,2,0.0,0.5,3,2,0,3529
2,7,1,1,1,0.8571,0.6,1.0,0.2,1.0,5,3,0,3,0.5,0.6,3,2,1,3530
3,2,3,1,1,1.0,0.6666666666666666,1.0,0.3333333333333333,1.0,6,4,0,4,0.5,0.6666666666666666,3,2,1,3531
1,0,0,0,0,0.1429,0.0,0.0,0.0,0.0,0,0,0,0,0.0,0.0,2,3,0,3532
1,1,0,0,0,0.2857,0.0,0.0,0.0,0.0,1,0,0,0,0.0,0.0,2,3,0,3533
1,1,0,1,0,0.4286,0.0,0.0,0.0,0.0,2,0,0,0,0.0,0.0,2,3,0,3534
1,1,0,1,0,0.5714,0.3333333333333333,1.0,0.0,0.0,3,1,0,1,0.0,0.3333333333333333,2,3,0,3535
2,7,1,1,1,0.7143,0.5,1.0,0.0,0.0,4,2,0,2,0.0,0.5,2,3,0,3536
2,7,1,1,1,0.8571,0.6,1.0,0.2,1.0,5,3,0,3,0.5,0.6,2,3,1,3537
3,2,3,1,1,1.0,0.6666666666666666,1.0,0.3333333333333333,1.0,6,4,0,4,0.5,0.6666666666666666,2,3,1,3538
1,2,3,0,0,0.1667,0.0,0.0,0.0,0.0,0,0,0,0,0.0,0.0,0,4,0,3539
1,1,0,1,0,0.3333,0.0,0.0,0.0,0.0,1,0,0,0,0.0,0.0,0,4,0,3540
1,1,0,1,0,0.5,0.5,1.0,0.0,0.0,2,1,0,1,0.0,0.5,0,4,0,3541
2,7,1,1,1,0.6667,0.6666666666666666,1.0,0.0,0.0,3,2,0,2,0.0,0.6666666666666666,0,4,0,3542
2,7,1,1,1,0.8333,0.75,1.0,0.25,1.0,4,3,0,3,0.5,0.75,0,4,1,3543
3,6,1,1,1,1.0,0.8,1.0,0.4,1.0,5,4,0,4,0.5,0.8,0,4,1,3544
1,0,0,0,0,0.1429,0.0,0.0,0.0,0.0,0,0,0,0,0.0,0.0,3,2,0,3545
1,1,0,0,0,0.2857,0.0,0.0,0.0,0.0,1,0,0,0,0.0,0.0,3,2,0,3546
1,1,0,1,0,0.4286,0.0,0.0,0.0,0.0,2,0,0,0,0.0,0.0,3,2,0,3547
1,1,0,1,0,0.5714,0.3333333333333333,1.0,0.0,0.0,3,1,0,1,0.0,0.3333333333333333,3,2,0,3548
2,7,1,1,1,0.7143,0.5,1.0,0.0,0.0,4,2,0,2,0.0,0.5,3,2,0,3549
2,7,1,1,1,0.8571,0.6,1.0,0.2,1.0,5,3,0,3,0.5,0.6,3,2,1,3550
3,2,3,1,1,1.0,0.6666666666666666,1.0,0.3333333333333333,1.0,6,4,0,4,0.5,0.6666666666666666,3,2,1,3551
1,0,0,0,0,0.1429,0.0,0.0,0.0,0.0,0,0,0,0,0.0,0.0,0,4,0,3552
1,1,0,0,0,0.2857,0.0,0.0,0.0,0.0,1,0,0,0,0.0,0.0,0,4,0,3553
1,1,0,1,0,0.4286,0.0,0.0,0.0,0.0,2,0,0,0,0.0,0.0,0,4,0,3554
1,1,0,1,0,0.5714,0.3333333333333333,1.0,0.0,0.0,3,1,0,1,0.0,0.3333333333333333,0,4,0,3555
2,7,1,1,1,0.7143,0.5,1.0,0.0,0.0,4,2,0,2,0.0,0.5,0,4,0,3556
2,7,1,1,1,0.8571,0.6,1.0,0.2,1.0,5,3,0,3,0.5,0.6,0,4,1,3557
3,2,3,1,1,1.0,0.6666666666666666,1.0,0.3333333333333333,1.0,6,4,0,4,0.5,0.6666666666666666,0,4,1,3558
1,0,0,0,0,0.1429,0.0,0.0,0.0,0.0,0,0,0,0,0.0,0.0,0,3,0,3559
1,1,0,0,0,0.2857,0.0,0.0,0.0,0.0,1,0,0,0,0.0,0.0,0,3,0,3560
1,1,0,1,0,0.4286,0.0,0.0,0.0,0.0,2,0,0,0,0.0,0.0,0,3,0,3561
1,1,0,1,0,0.5714,0.3333333333333333,1.0,0.0,0.0,3,1,0,1,0.0,0.3333333333333333,0,3,0,3562
2,7,1,1,1,0.7143,0.5,1.0,0.0,0.0,4,2,0,2,0.0,0.5,0,3,0,3563
2,7,1,1,1,0.8571,0.6,1.0,0.2,1.0,5,3,0,3,0.5,0.6,0,3,1,3564
3,2,3,1,1,1.0,0.6666666666666666,1.0,0.3333333333333333,1.0,6,4,0,4,0.5,0.6666666666666666,0,3,1,3565
1,1,0,1,0,0.2,0.0,0.0,0.0,0.0,0,0,0,0,0.0,0.0,0,4,0,3566
1,7,1,1,1,0.4,1.0,1.0,0.0,0.0,1,1,0,1,0.0,1.0,0,4,0,3567
2,1,0,1,1,0.6,1.0,1.0,0.5,1.0,2,2,0,2,0.5,1.0,0,4,1,3568
2,6,1,1,1,0.8,1.0,1.0,0.6666666666666666,1.0,3,3,0,3,0.5,1.0,0,4,1,3569
3,7,1,1,1,1.0,1.0,1.0,0.75,1.0,4,4,0,4,0.5,1.0,0,4,1,3570
1,0,0,0,0,0.1429,0.0,0.0,0.0,0.0,0,0,0,0,0.0,0.0,1,3,0,3571
1,1,0,0,0,0.2857,0.0,0.0,0.0,0.0,1,0,0,0,0.0,0.0,1,3,0,3572
1,1,0,1,0,0.4286,0.0,0.0,0.0,0.0,2,0,0,0,0.0,0.0,1,3,0,3573
1,1,0,1,0,0.5714,0.3333333333333333,1.0,0.0,0.0,3,1,0,1,0.0,0.3333333333333333,1,3,0,3574
2,7,1,1,1,0.7143,0.5,1.0,0.0,0.0,4,2,0,2,0.0,0.5,1,3,0,3575
2,7,1,1,1,0.8571,0.6,1.0,0.2,1.0,5,3,0,3,0.5,0.6,1,3,1,3576
3,2,3,1,1,1.0,0.6666666666666666,1.0,0.3333333333333333,1.0,6,4,0,4,0.5,0.6666666666666666,1,3,1,3577
1,1,0,1,0,0.2,0.0,0.0,0.0,0.0,0,0,0,0,0.0,0.0,0,2,0,3578
1,7,1,1,1,0.4,1.0,1.0,0.0,0.0,1,1,0,1,0.0,1.0,0,2,0,3579
2,1,0,1,1,0.6,1.0,1.0,0.5,1.0,2,2,0,2,0.5,1.0,0,2,1,3580
2,6,1,1,1,0.8,1.0,1.0,0.6666666666666666,1.0,3,3,0,3,0.5,1.0,0,2,1,3581
3,7,1,1,1,1.0,1.0,1.0,0.75,1.0,4,4,0,4,0.5,1.0,0,2,1,3582
1,0,0,0,0,0.1429,0.0,0.0,0.0,0.0,0,0,0,0,0.0,0.0,0,3,0,3583
1,1,0,0,0,0.2857,0.0,0.0,0.0,0.0,1,0,0,0,0.0,0.0,0,3,0,3584
1,1,0,1,0,0.4286,0.0,0.0,0.0,0.0,2,0,0,0,0.0,0.0,0,3,0,3585
1,1,0,1,0,0.5714,0.3333333333333333,1.0,0.0,0.0,3,1,0,1,0.0,0.3333333333333333,0,3,0,3586
2,7,1,1,1,0.7143,0.5,1.0,0.0,0.0,4,2,0,2,0.0,0.5,0,3,0,3587
2,7,1,1,1,0.8571,0.6,1.0,0.2,1.0,5,3,0,3,0.5,0.6,0,3,1,3588
3,2,3,1,1,1.0,0.6666666666666666,1.0,0.3333333333333333,1.0,6,4,0,4,0.5,0.6666666666666666,0,3,1,3589
1,2,3,0,0,0.1667,0.0,0.0,0.0,0.0,0,0,0,0,0.0,0.0,2,3,0,3590
1,1,0,1,0,0.3333,0.0,0.0,0.0,0.0,1,0,0,0,0.0,0.0,2,3,0,3591
1,1,0,1,0,0.5,0.5,1.0,0.0,0.0,2,1,0,1,0.0,0.5,2,3,0,3592
2,7,1,1,1,0.6667,0.6666666666666666,1.0,0.0,0.0,3,2,0,2,0.0,0.6666666666666666,2,3,0,3593
2,7,1,1,1,0.8333,0.75,1.0,0.25,1.0,4,3,0,3,0.5,0.75,2,3,1,3594
3,6,1,1,1,1.0,0.8,1.0,0.4,1.0,5,4,0,4,0.5,0.8,2,3,1,3595
1,0,0,0,0,0.1429,0.0,0.0,0.0,0.0,0,0,0,0,0.0,0.0,3,4,0,3596
1,1,0,0,0,0.2857,0.0,0.0,0.0,0.0,1,0,0,0,0.0,0.0,3,4,0,3597
1,1,0,1,0,0.4286,0.0,0.0,0.0,0.0,2,0,0,0,0.0,0.0,3,4,0,3598
1,1,0,1,0,0.5714,0.3333333333333333,1.0,0.0,0.0,3,1,0,1,0.0,0.3333333333333333,3,4,0,3599
2,7,1,1,1,0.7143,0.5,1.0,0.0,0.0,4,2,0,2,0.0,0.5,3,4,0,3600
2,7,1,1,1,0.8571,0.6,1.0,0.2,1.0,5,3,0,3,0.5,0.6,3,4,1,3601
3,2,3,1,1,1.0,0.6666666666666666,1.0,0.3333333333333333,1.0,6,4,0,4,0.5,0.6666666666666666,3,4,1,3602
1,2,3,0,0,0.1667,0.0,0.0,0.0,0.0,0,0,0,0,0.0,0.0,2,4,0,3603
1,1,0,1,0,0.3333,0.0,0.0,0.0,0.0,1,0,0,0,0.0,0.0,2,4,0,3604
1,1,0,1,0,0.5,0.5,1.0,0.0,0.0,2,1,0,1,0.0,0.5,2,4,0,3605
2,7,1,1,1,0.6667,0.6666666666666666,1.0,0.0,0.0,3,2,0,2,0.0,0.6666666666666666,2,4,0,3606
2,7,1,1,1,0.8333,0.75,1.0,0.25,1.0,4,3,0,3,0.5,0.75,2,4,1,3607
3,6,1,1,1,1.0,0.8,1.0,0.4,1.0,5,4,0,4,0.5,0.8,2,4,1,3608
1,0,0,0,0,0.1429,0.0,0.0,0.0,0.0,0,0,0,0,0.0,0.0,2,3,0,3609
1,1,0,0,0,0.2857,0.0,0.0,0.0,0.0,1,0,0,0,0.0,0.0,2,3,0,3610
1,1,0,1,0,0.4286,0.0,0.0,0.0,0.0,2,0,0,0,0.0,0.0,2,3,0,3611
1,1,0,1,0,0.5714,0.3333333333333333,1.0,0.0,0.0,3,1,0,1,0.0,0.3333333333333333,2,3,0,3612
2,7,1,1,1,0.7143,0.5,1.0,0.0,0.0,4,2,0,2,0.0,0.5,2,3,0,3613
2,7,1,1,1,0.8571,0.6,1.0,0.2,1.0,5,3,0,3,0.5,0.6,2,3,1,3614
3,2,3,1,1,1.0,0.6666666666666666,1.0,0.3333333333333333,1.0,6,4,0,4,0.5,0.6666666666666666,2,3,1,3615
1,2,3,0,0,0.1667,0.0,0.0,0.0,0.0,0,0,0,0,0.0,0.0,3,3,0,3616
1,1,0,1,0,0.3333,0.0,0.0,0.0,0.0,1,0,0,0,0.0,0.0,3,3,0,3617
1,1,0,1,0,0.5,0.5,1.0,0.0,0.0,2,1,0,1,0.0,0.5,3,3,0,3618
2,7,1,1,1,0.6667,0.6666666666666666,1.0,0.0,0.0,3,2,0,2,0.0,0.6666666666666666,3,3,0,3619
2,7,1,1,1,0.8333,0.75,1.0,0.25,1.0,4,3,0,3,0.5,0.75,3,3,1,3620
3,6,1,1,1,1.0,0.8,1.0,0.4,1.0,5,4,0,4,0.5,0.8,3,3,1,3621
1,1,0,1,0,0.2,0.0,0.0,0.0,0.0,0,0,0,0,0.0,0.0,3,3,0,3622
1,7,1,1,1,0.4,1.0,1.0,0.0,0.0,1,1,0,1,0.0,1.0,3,3,0,3623
2,1,0,1,1,0.6,1.0,1.0,0.5,1.0,2,2,0,2,0.5,1.0,3,3,1,3624
2,6,1,1,1,0.8,1.0,1.0,0.6666666666666666,1.0,3,3,0,3,0.5,1.0,3,3,1,3625
3,7,1,1,1,1.0,1.0,1.0,0.75,1.0,4,4,0,4,0.5,1.0,3,3,1,3626
1,2,3,0,0,0.1667,0.0,0.0,0.0,0.0,0,0,0,0,0.0,0.0,2,3,0,3627
1,1,0,1,0,0.3333,0.0,0.0,0.0,0.0,1,0,0,0,0.0,0.0,2,3,0,3628
1,1,0,1,0,0.5,0.5,1.0,0.0,0.0,2,1,0,1,0.0,0.5,2,3,0,3629
2,7,1,1,1,0.6667,0.6666666666666666,1.0,0.0,0.0,3,2,0,2,0.0,0.6666666666666666,2,3,0,3630
2,7,1,1,1,0.8333,0.75,1.0,0.25,1.0,4,3,0,3,0.5,0.75,2,3,1,3631
3,6,1,1,1,1.0,0.8,1.0,0.4,1.0,5,4,0,4,0.5,0.8,2,3,1,3632
1,1,0,1,0,0.2,0.0,0.0,0.0,0.0,0,0,0,0,0.0,0.0,3,3,0,3633
1,7,1,1,1,0.4,1.0,1.0,0.0,0.0,1,1,0,1,0.0,1.0,3,3,0,3634
2,1,0,1,1,0.6,1.0,1.0,0.5,1.0,2,2,0,2,0.5,1.0,3,3,1,3635
2,6,1,1,1,0.8,1.0,1.0,0.6666666666666666,1.0,3,3,0,3,0.5,1.0,3,3,1,3636
3,7,1,1,1,1.0,1.0,1.0,0.75,1.0,4,4,0,4,0.5,1.0,3,3,1,3637
1,1,0,1,0,0.2,0.0,0.0,0.0,0.0,0,0,0,0,0.0,0.0,2,2,0,3638
1,7,1,1,1,0.4,1.0,1.0,0.0,0.0,1,1,0,1,0.0,1.0,2,2,0,3639
2,1,0,1,1,0.6,1.0,1.0,0.5,1.0,2,2,0,2,0.5,1.0,2,2,1,3640
2,6,1,1,1,0.8,1.0,1.0,0.6666666666666666,1.0,3,3,0,3,0.5,1.0,2,2,1,3641
3,7,1,1,1,1.0,1.0,1.0,0.75,1.0,4,4,0,4,0.5,1.0,2,2,1,3642
1,2,3,0,0,0.1667,0.0,0.0,0.0,0.0,0,0,0,0,0.0,0.0,1,4,0,3643
1,1,0,1,0,0.3333,0.0,0.0,0.0,0.0,1,0,0,0,0.0,0.0,1,4,0,3644
1,1,0,1,0,0.5,0.5,1.0,0.0,0.0,2,1,0,1,0.0,0.5,1,4,0,3645
2,7,1,1,1,0.6667,0.6666666666666666,1.0,0.0,0.0,3,2,0,2,0.0,0.6666666666666666,1,4,0,3646
2,7,1,1,1,0.8333,0.75,1.0,0.25,1.0,4,3,0,3,0.5,0.75,1,4,1,3647
3,6,1,1,1,1.0,0.8,1.0,0.4,1.0,5,4,0,4,0.5,0.8,1,4,1,3648
1,1,0,1,0,0.2,0.0,0.0,0.0,0.0,0,0,0,0,0.0,0.0,3,2,0,3649
1,7,1,1,1,0.4,1.0,1.0,0.0,0.0,1,1,0,1,0.0,1.0,3,2,0,3650
2,1,0,1,1,0.6,1.0,1.0,0.5,1.0,2,2,0,2,0.5,1.0,3,2,1,3651
2,6,1,1,1,0.8,1.0,1.0,0.6666666666666666,1.0,3,3,0,3,0.5,1.0,3,2,1,3652
3,7,1,1,1,1.0,1.0,1.0,0.75,1.0,4,4,0,4,0.5,1.0,3,2,1,3653
1,1,0,1,0,0.2,0.0,0.0,0.0,0.0,0,0,0,0,0.0,0.0,0,4,0,3654
1,7,1,1,1,0.4,1.0,1.0,0.0,0.0,1,1,0,1,0.0,1.0,0,4,0,3655
2,1,0,1,1,0.6,1.0,1.0,0.5,1.0,2,2,0,2,0.5,1.0,0,4,1,3656
2,6,1,1,1,0.8,1.0,1.0,0.6666666666666666,1.0,3,3,0,3,0.5,1.0,0,4,1,3657
3,7,1,1,1,1.0,1.0,1.0,0.75,1.0,4,4,0,4,0.5,1.0,0,4,1,3658
1,0,0,0,0,0.1429,0.0,0.0,0.0,0.0,0,0,0,0,0.0,0.0,0,3,0,3659
1,1,0,0,0,0.2857,0.0,0.0,0.0,0.0,1,0,0,0,0.0,0.0,0,3,0,3660
1,1,0,1,0,0.4286,0.0,0.0,0.0,0.0,2,0,0,0,0.0,0.0,0,3,0,3661
1,1,0,1,0,0.5714,0.3333333333333333,1.0,0.0,0.0,3,1,0,1,0.0,0.3333333333333333,0,3,0,3662
2,7,1,1,1,0.7143,0.5,1.0,0.0,0.0,4,2,0,2,0.0,0.5,0,3,0,3663
2,7,1,1,1,0.8571,0.6,1.0,0.2,1.0,5,3,0,3,0.5,0.6,0,3,1,3664
3,2,3,1,1,1.0,0.6666666666666666,1.0,0.3333333333333333,1.0,6,4,0,4,0.5,0.6666666666666666,0,3,1,3665
1,0,0,0,0,0.1429,0.0,0.0,0.0,0.0,0,0,0,0,0.0,0.0,0,4,0,3666
1,1,0,0,0,0.2857,0.0,0.0,0.0,0.0,1,0,0,0,0.0,0.0,0,4,0,3667
1,1,0,1,0,0.4286,0.0,0.0,0.0,0.0,2,0,0,0,0.0,0.0,0,4,0,3668
1,1,0,1,0,0.5714,0.3333333333333333,1.0,0.0,0.0,3,1,0,1,0.0,0.3333333333333333,0,4,0,3669
2,7,1,1,1,0.7143,0.5,1.0,0.0,0.0,4,2,0,2,0.0,0.5,0,4,0,3670
2,7,1,1,1,0.8571,0.6,1.0,0.2,1.0,5,3,0,3,0.5,0.6,0,4,1,3671
3,2,3,1,1,1.0,0.6666666666666666,1.0,0.3333333333333333,1.0,6,4,0,4,0.5,0.6666666666666666,0,4,1,3672
1,2,3,0,0,0.1667,0.0,0.0,0.0,0.0,0,0,0,0,0.0,0.0,3,4,0,3673
1,1,0,1,0,0.3333,0.0,0.0,0.0,0.0,1,0,0,0,0.0,0.0,3,4,0,3674
1,1,0,1,0,0.5,0.5,1.0,0.0,0.0,2,1,0,1,0.0,0.5,3,4,0,3675
2,7,1,1,1,0.6667,0.6666666666666666,1.0,0.0,0.0,3,2,0,2,0.0,0.6666666666666666,3,4,0,3676
2,7,1,1,1,0.8333,0.75,1.0,0.25,1.0,4,3,0,3,0.5,0.75,3,4,1,3677
3,6,1,1,1,1.0,0.8,1.0,0.4,1.0,5,4,0,4,0.5,0.8,3,4,1,3678
1,0,0,0,0,0.1429,0.0,0.0,0.0,0.0,0,0,0,0,0.0,0.0,3,4,0,3679
1,1,0,0,0,0.2857,0.0,0.0,0.0,0.0,1,0,0,0,0.0,0.0,3,4,0,3680
1,1,0,1,0,0.4286,0.0,0.0,0.0,0.0,2,0,0,0,0.0,0.0,3,4,0,3681
1,1,0,1,0,0.5714,0.3333333333333333,1.0,0.0,0.0,3,1,0,1,0.0,0.3333333333333333,3,4,0,3682
2,7,1,1,1,0.7143,0.5,1.0,0.0,0.0,4,2,0,2,0.0,0.5,3,4,0,3683
2,7,1,1,1,0.8571,0.6,1.0,0.2,1.0,5,3,0,3,0.5,0.6,3,4,1,3684
3,2,3,1,1,1.0,0.6666666666666666,1.0,0.3333333333333333,1.0,6,4,0,4,0.5,0.6666666666666666,3,4,1,3685
1,2,3,0,0,0.1667,0.0,0.0,0.0,0.0,0,0,0,0,0.0,0.0,3,4,0,3686
1,1,0,1,0,0.3333,0.0,0.0,0.0,0.0,1,0,0,0,0.0,0.0,3,4,0,3687
1,1,0,1,0,0.5,0.5,1.0,0.0,0.0,2,1,0,1,0.0,0.5,3,4,0,3688
2,7,1,1,1,0.6667,0.6666666666666666,1.0,0.0,0.0,3,2,0,2,0.0,0.6666666666666666,3,4,0,3689
2,7,1,1,1,0.8333,0.75,1.0,0.25,1.0,4,3,0,3,0.5,0.75,3,4,1,3690
3,6,1,1,1,1.0,0.8,1.0,0.4,1.0,5,4,0,4,0.5,0.8,3,4,1,3691
1,0,0,0,0,0.1429,0.0,0.0,0.0,0.0,0,0,0,0,0.0,0.0,2,2,0,3692
1,1,0,0,0,0.2857,0.0,0.0,0.0,0.0,1,0,0,0,0.0,0.0,2,2,0,3693
1,1,0,1,0,0.4286,0.0,0.0,0.0,0.0,2,0,0,0,0.0,0.0,2,2,0,3694
1,1,0,1,0,0.5714,0.3333333333333333,1.0,0.0,0.0,3,1,0,1,0.0,0.3333333333333333,2,2,0,3695
2,7,1,1,1,0.7143,0.5,1.0,0.0,0.0,4,2,0,2,0.0,0.5,2,2,0,3696
2,7,1,1,1,0.8571,0.6,1.0,0.2,1.0,5,3,0,3,0.5,0.6,2,2,1,3697
3,2,3,1,1,1.0,0.6666666666666666,1.0,0.3333333333333333,1.0,6,4,0,4,0.5,0.6666666666666666,2,2,1,3698
1,1,0,1,0,0.2,0.0,0.0,0.0,0.0,0,0,0,0,0.0,0.0,1,4,0,3699
1,7,1,1,1,0.4,1.0,1.0,0.0,0.0,1,1,0,1,0.0,1.0,1,4,0,3700
2,1,0,1,1,0.6,1.0,1.0,0.5,1.0,2,2,0,2,0.5,1.0,1,4,1,3701
2,6,1,1,1,0.8,1.0,1.0,0.6666666666666666,1.0,3,3,0,3,0.5,1.0,1,4,1,3702
3,7,1,1,1,1.0,1.0,1.0,0.75,1.0,4,4,0,4,0.5,1.0,1,4,1,3703
1,2,3,0,0,0.1667,0.0,0.0,0.0,0.0,0,0,0,0,0.0,0.0,3,3,0,3704
1,1,0,1,0,0.3333,0.0,0.0,0.0,0.0,1,0,0,0,0.0,0.0,3,3,0,3705
1,1,0,1,0,0.5,0.5,1.0,0.0,0.0,2,1,0,1,0.0,0.5,3,3,0,3706
2,7,1,1,1,0.6667,0.6666666666666666,1.0,0.0,0.0,3,2,0,2,0.0,0.6666666666666666,3,3,0,3707
2,7,1,1,1,0.8333,0.75,1.0,0.25,1.0,4,3,0,3,0.5,0.75,3,3,1,3708
3,6,1,1,1,1.0,0.8,1.0,0.4,1.0,5,4,0,4,0.5,0.8,3,3,1,3709
1,2,3,0,0,0.1667,0.0,0.0,0.0,0.0,0,0,0,0,0.0,0.0,1,2,0,3710
1,1,0,1,0,0.3333,0.0,0.0,0.0,0.0,1,0,0,0,0.0,0.0,1,2,0,3711
1,1,0,1,0,0.5,0.5,1.0,0.0,0.0,2,1,0,1,0.0,0.5,1,2,0,3712
2,7,1,1,1,0.6667,0.6666666666666666,1.0,0.0,0.0,3,2,0,2,0.0,0.6666666666666666,1,2,0,3713
2,7,1,1,1,0.8333,0.75,1.0,0.25,1.0,4,3,0,3,0.5,0.75,1,2,1,3714
3,6,1,1,1,1.0,0.8,1.0,0.4,1.0,5,4,0,4,0.5,0.8,1,2,1,3715
1,0,0,0,0,0.1429,0.0,0.0,0.0,0.0,0,0,0,0,0.0,0.0,3,4,0,3716
1,1,0,0,0,0.2857,0.0,0.0,0.0,0.0,1,0,0,0,0.0,0.0,3,4,0,3717
1,1,0,1,0,0.4286,0.0,0.0,0.0,0.0,2,0,0,0,0.0,0.0,3,4,0,3718
1,1,0,1,0,0.5714,0.3333333333333333,1.0,0.0,0.0,3,1,0,1,0.0,0.3333333333333333,3,4,0,3719
2,7,1,1,1,0.7143,0.5,1.0,0.0,0.0,4,2,0,2,0.0,0.5,3,4,0,3720
2,7,1,1,1,0.8571,0.6,1.0,0.2,1.0,5,3,0,3,0.5,0.6,3,4,1,3721
3,2,3,1,1,1.0,0.6666666666666666,1.0,0.3333333333333333,1.0,6,4,0,4,0.5,0.6666666666666666,3,4,1,3722
1,0,0,0,0,0.1429,0.0,0.0,0.0,0.0,0,0,0,0,0.0,0.0,2,4,0,3723
1,1,0,0,0,0.2857,0.0,0.0,0.0,0.0,1,0,0,0,0.0,0.0,2,4,0,3724
1,1,0,1,0,0.4286,0.0,0.0,0.0,0.0,2,0,0,0,0.0,0.0,2,4,0,3725
1,1,0,1,0,0.5714,0.3333333333333333,1.0,0.0,0.0,3,1,0,1,0.0,0.3333333333333333,2,4,0,3726
2,7,1,1,1,0.7143,0.5,1.0,0.0,0.0,4,2,0,2,0.0,0.5,2,4,0,3727
2,7,1,1,1,0.8571,0.6,1.0,0.2,1.0,5,3,0,3,0.5,0.6,2,4,1,3728
3,2,3,1,1,1.0,0.6666666666666666,1.0,0.3333333333333333,1.0,6,4,0,4,0.5,0.6666666666666666,2,4,1,3729
1,0,0,0,0,0.1429,0.0,0.0,0.0,0.0,0,0,0,0,0.0,0.0,0,2,0,3730
1,1,0,0,0,0.2857,0.0,0.0,0.0,0.0,1,0,0,0,0.0,0.0,0,2,0,3731
1,1,0,1,0,0.4286,0.0,0.0,0.0,0.0,2,0,0,0,0.0,0.0,0,2,0,3732
1,1,0,1,0,0.5714,0.3333333333333333,1.0,0.0,0.0,3,1,0,1,0.0,0.3333333333333333,0,2,0,3733
2,7,1,1,1,0.7143,0.5,1.0,0.0,0.0,4,2,0,2,0.0,0.5,0,2,0,3734
2,7,1,1,1,0.8571,0.6,1.0,0.2,1.0,5,3,0,3,0.5,0.6,0,2,1,3735
3,2,3,1,1,1.0,0.6666666666666666,1.0,0.3333333333333333,1.0,6,4,0,4,0.5,0.6666666666666666,0,2,1,3736
1,1,0,1,0,0.2,0.0,0.0,0.0,0.0,0,0,0,0,0.0,0.0,0,3,0,3737
1,7,1,1,1,0.4,1.0,1.0,0.0,0.0,1,1,0,1,0.0,1.0,0,3,0,3738
2,1,0,1,1,0.6,1.0,1.0,0.5,1.0,2,2,0,2,0.5,1.0,0,3,1,3739
2,6,1,1,1,0.8,1.0,1.0,0.6666666666666666,1.0,3,3,0,3,0.5,1.0,0,3,1,3740
3,7,1,1,1,1.0,1.0,1.0,0.75,1.0,4,4,0,4,0.5,1.0,0,3,1,3741
1,2,3,0,0,0.1667,0.0,0.0,0.0,0.0,0,0,0,0,0.0,0.0,0,4,0,3742
1,1,0,1,0,0.3333,0.0,0.0,0.0,0.0,1,0,0,0,0.0,0.0,0,4,0,3743
1,1,0,1,0,0.5,0.5,1.0,0.0,0.0,2,1,0,1,0.0,0.5,0,4,0,3744
2,7,1,1,1,0.6667,0.6666666666666666,1.0,0.0,0.0,3,2,0,2,0.0,0.6666666666666666,0,4,0,3745
2,7,1,1,1,0.8333,0.75,1.0,0.25,1.0,4,3,0,3,0.5,0.75,0,4,1,3746
3,6,1,1,1,1.0,0.8,1.0,0.4,1.0,5,4,0,4,0.5,0.8,0,4,1,3747
1,0,0,0,0,0.1429,0.0,0.0,0.0,0.0,0,0,0,0,0.0,0.0,1,4,0,3748
1,1,0,0,0,0.2857,0.0,0.0,0.0,0.0,1,0,0,0,0.0,0.0,1,4,0,3749
1,1,0,1,0,0.4286,0.0,0.0,0.0,0.0,2,0,0,0,0.0,0.0,1,4,0,3750
1,1,0,1,0,0.5714,0.3333333333333333,1.0,0.0,0.0,3,1,0,1,0.0,0.3333333333333333,1,4,0,3751
2,7,1,1,1,0.7143,0.5,1.0,0.0,0.0,4,2,0,2,0.0,0.5,1,4,0,3752
2,7,1,1,1,0.8571,0.6,1.0,0.2,1.0,5,3,0,3,0.5,0.6,1,4,1,3753
3,2,3,1,1,1.0,0.6666666666666666,1.0,0.3333333333333333,1.0,6,4,0,4,0.5,0.6666666666666666,1,4,1,3754
1,2,3,0,0,0.1667,0.0,0.0,0.0,0.0,0,0,0,0,0.0,0.0,1,4,0,3755
1,1,0,1,0,0.3333,0.0,0.0,0.0,0.0,1,0,0,0,0.0,0.0,1,4,0,3756
1,1,0,1,0,0.5,0.5,1.0,0.0,0.0,2,1,0,1,0.0,0.5,1,4,0,3757
2,7,1,1,1,0.6667,0.6666666666666666,1.0,0.0,0.0,3,2,0,2,0.0,0.6666666666666666,1,4,0,3758
2,7,1,1,1,0.8333,0.75,1.0,0.25,1.0,4,3,0,3,0.5,0.75,1,4,1,3759
3,6,1,1,1,1.0,0.8,1.0,0.4,1.0,5,4,0,4,0.5,0.8,1,4,1,3760
1,0,0,0,0,0.1429,0.0,0.0,0.0,0.0,0,0,0,0,0.0,0.0,3,3,0,3761
1,1,0,0,0,0.2857,0.0,0.0,0.0,0.0,1,0,0,0,0.0,0.0,3,3,0,3762
1,1,0,1,0,0.4286,0.0,0.0,0.0,0.0,2,0,0,0,0.0,0.0,3,3,0,3763
1,1,0,1,0,0.5714,0.3333333333333333,1.0,0.0,0.0,3,1,0,1,0.0,0.3333333333333333,3,3,0,3764
2,7,1,1,1,0.7143,0.5,1.0,0.0,0.0,4,2,0,2,0.0,0.5,3,3,0,3765
2,7,1,1,1,0.8571,0.6,1.0,0.2,1.0,5,3,0,3,0.5,0.6,3,3,1,3766
3,2,3,1,1,1.0,0.6666666666666666,1.0,0.3333333333333333,1.0,6,4,0,4,0.5,0.6666666666666666,3,3,1,3767
1,0,0,0,0,0.1429,0.0,0.0,0.0,0.0,0,0,0,0,0.0,0.0,1,4,0,3768
1,1,0,0,0,0.2857,0.0,0.0,0.0,0.0,1,0,0,0,0.0,0.0,1,4,0,3769
1,1,0,1,0,0.4286,0.0,0.0,0.0,0.0,2,0,0,0,0.0,0.0,1,4,0,3770
1,1,0,1,0,0.5714,0.3333333333333333,1.0,0.0,0.0,3,1,0,1,0.0,0.3333333333333333,1,4,0,3771
2,7,1,1,1,0.7143,0.5,1.0,0.0,0.0,4,2,0,2,0.0,0.5,1,4,0,3772
2,7,1,1,1,0.8571,0.6,1.0,0.2,1.0,5,3,0,3,0.5,0.6,1,4,1,3773
3,2,3,1,1,1.0,0.6666666666666666,1.0,0.3333333333333333,1.0,6,4,0,4,0.5,0.6666666666666666,1,4,1,3774
1,1,0,1,0,0.2,0.0,0.0,0.0,0.0,0,0,0,0,0.0,0.0,1,4,0,3775
1,7,1,1,1,0.4,1.0,1.0,0.0,0.0,1,1,0,1,0.0,1.0,1,4,0,3776
2,1,0,1,1,0.6,1.0,1.0,0.5,1.0,2,2,0,2,0.5,1.0,1,4,1,3777
2,6,1,1,1,0.8,1.0,1.0,0.6666666666666666,1.0,3,3,0,3,0.5,1.0,1,4,1,3778
3,7,1,1,1,1.0,1.0,1.0,0.75,1.0,4,4,0,4,0.5,1.0,1,4,1,3779
1,2,3,0,0,0.1667,0.0,0.0,0.0,0.0,0,0,0,0,0.0,0.0,1,2,0,3780
1,1,0,1,0,0.3333,0.0,0.0,0.0,0.0,1,0,0,0,0.0,0.0,1,2,0,3781
1,1,0,1,0,0.5,0.5,1.0,0.0,0.0,2,1,0,1,0.0,0.5,1,2,0,3782
2,7,1,1,1,0.6667,0.6666666666666666,1.0,0.0,0.0,3,2,0,2,0.0,0.6666666666666666,1,2,0,3783
2,7,1,1,1,0.8333,0.75,1.0,0.25,1.0,4,3,0,3,0.5,0.75,1,2,1,3784
3,6,1,1,1,1.0,0.8,1.0,0.4,1.0,5,4,0,4,0.5,0.8,1,2,1,3785
1,2,3,0,0,0.1667,0.0,0.0,0.0,0.0,0,0,0,0,0.0,0.0,2,4,0,3786
1,1,0,1,0,0.3333,0.0,0.0,0.0,0.0,1,0,0,0,0.0,0.0,2,4,0,3787
1,1,0,1,0,0.5,0.5,1.0,0.0,0.0,2,1,0,1,0.0,0.5,2,4,0,3788
2,7,1,1,1,0.6667,0.6666666666666666,1.0,0.0,0.0,3,2,0,2,0.0,0.6666666666666666,2,4,0,3789
2,7,1,1,1,0.8333,0.75,1.0,0.25,1.0,4,3,0,3,0.5,0.75,2,4,1,3790
3,6,1,1,1,1.0,0.8,1.0,0.4,1.0,5,4,0,4,0.5,0.8,2,4,1,3791
1,2,3,0,0,0.1667,0.0,0.0,0.0,0.0,0,0,0,0,0.0,0.0,2,2,0,3792
1,1,0,1,0,0.3333,0.0,0.0,0.0,0.0,1,0,0,0,0.0,0.0,2,2,0,3793
1,1,0,1,0,0.5,0.5,1.0,0.0,0.0,2,1,0,1,0.0,0.5,2,2,0,3794
2,7,1,1,1,0.6667,0.6666666666666666,1.0,0.0,0.0,3,2,0,2,0.0,0.6666666666666666,2,2,0,3795
2,7,1,1,1,0.8333,0.75,1.0,0.25,1.0,4,3,0,3,0.5,0.75,2,2,1,3796
3,6,1,1,1,1.0,0.8,1.0,0.4,1.0,5,4,0,4,0.5,0.8,2,2,1,3797
1,0,0,0,0,0.1429,0.0,0.0,0.0,0.0,0,0,0,0,0.0,0.0,2,4,0,3798
1,1,0,0,0,0.2857,0.0,0.0,0.0,0.0,1,0,0,0,0.0,0.0,2,4,0,3799
1,1,0,1,0,0.4286,0.0,0.0,0.0,0.0,2,0,0,0,0.0,0.0,2,4,0,3800
1,1,0,1,0,0.5714,0.3333333333333333,1.0,0.0,0.0,3,1,0,1,0.0,0.3333333333333333,2,4,0,3801
2,7,1,1,1,0.7143,0.5,1.0,0.0,0.0,4,2,0,2,0.0,0.5,2,4,0,3802
2,7,1,1,1,0.8571,0.6,1.0,0.2,1.0,5,3,0,3,0.5,0.6,2,4,1,3803
3,2,3,1,1,1.0,0.6666666666666666,1.0,0.3333333333333333,1.0,6,4,0,4,0.5,0.6666666666666666,2,4,1,3804
1,1,0,1,0,0.2,0.0,0.0,0.0,0.0,0,0,0,0,0.0,0.0,1,2,0,3805
1,7,1,1,1,0.4,1.0,1.0,0.0,0.0,1,1,0,1,0.0,1.0,1,2,0,3806
2,1,0,1,1,0.6,1.0,1.0,0.5,1.0,2,2,0,2,0.5,1.0,1,2,1,3807
2,6,1,1,1,0.8,1.0,1.0,0.6666666666666666,1.0,3,3,0,3,0.5,1.0,1,2,1,3808
3,7,1,1,1,1.0,1.0,1.0,0.75,1.0,4,4,0,4,0.5,1.0,1,2,1,3809
1,2,3,0,0,0.1667,0.0,0.0,0.0,0.0,0,0,0,0,0.0,0.0,0,2,0,3810
1,1,0,1,0,0.3333,0.0,0.0,0.0,0.0,1,0,0,0,0.0,0.0,0,2,0,3811
1,1,0,1,0,0.5,0.5,1.0,0.0,0.0,2,1,0,1,0.0,0.5,0,2,0,3812
2,7,1,1,1,0.6667,0.6666666666666666,1.0,0.0,0.0,3,2,0,2,0.0,0.6666666666666666,0,2,0,3813
2,7,1,1,1,0.8333,0.75,1.0,0.25,1.0,4,3,0,3,0.5,0.75,0,2,1,3814
3,6,1,1,1,1.0,0.8,1.0,0.4,1.0,5,4,0,4,0.5,0.8,0,2,1,3815
1,0,0,0,0,0.1429,0.0,0.0,0.0,0.0,0,0,0,0,0.0,0.0,3,3,0,3816
1,1,0,0,0,0.2857,0.0,0.0,0.0,0.0,1,0,0,0,0.0,0.0,3,3,0,3817
1,1,0,1,0,0.4286,0.0,0.0,0.0,0.0,2,0,0,0,0.0,0.0,3,3,0,3818
1,1,0,1,0,0.5714,0.3333333333333333,1.0,0.0,0.0,3,1,0,1,0.0,0.3333333333333333,3,3,0,3819
2,7,1,1,1,0.7143,0.5,1.0,0.0,0.0,4,2,0,2,0.0,0.5,3,3,0,3820
2,7,1,1,1,0.8571,0.6,1.0,0.2,1.0,5,3,0,3,0.5,0.6,3,3,1,3821
3,2,3,1,1,1.0,0.6666666666666666,1.0,0.3333333333333333,1.0,6,4,0,4,0.5,0.6666666666666666,3,3,1,3822
1,0,0,0,0,0.1429,0.0,0.0,0.0,0.0,0,0,0,0,0.0,0.0,2,2,0,3823
1,1,0,0,0,0.2857,0.0,0.0,0.0,0.0,1,0,0,0,0.0,0.0,2,2,0,3824
1,1,0,1,0,0.4286,0.0,0.0,0.0,0.0,2,0,0,0,0.0,0.0,2,2,0,3825
1,1,0,1,0,0.5714,0.3333333333333333,1.0,0.0,0.0,3,1,0,1,0.0,0.3333333333333333,2,2,0,3826
2,7,1,1,1,0.7143,0.5,1.0,0.0,0.0,4,2,0,2,0.0,0.5,2,2,0,3827
2,7,1,1,1,0.8571,0.6,1.0,0.2,1.0,5,3,0,3,0.5,0.6,2,2,1,3828
3,2,3,1,1,1.0,0.6666666666666666,1.0,0.3333333333333333,1.0,6,4,0,4,0.5,0.6666666666666666,2,2,1,3829
1,2,3,0,0,0.1667,0.0,0.0,0.0,0.0,0,0,0,0,0.0,0.0,3,2,0,3830
1,1,0,1,0,0.3333,0.0,0.0,0.0,0.0,1,0,0,0,0.0,0.0,3,2,0,3831
1,1,0,1,0,0.5,0.5,1.0,0.0,0.0,2,1,0,1,0.0,0.5,3,2,0,3832
2,7,1,1,1,0.6667,0.6666666666666666,1.0,0.0,0.0,3,2,0,2,0.0,0.6666666666666666,3,2,0,3833
2,7,1,1,1,0.8333,0.75,1.0,0.25,1.0,4,3,0,3,0.5,0.75,3,2,1,3834
3,6,1,1,1,1.0,0.8,1.0,0.4,1.0,5,4,0,4,0.5,0.8,3,2,1,3835
1,2,3,0,0,0.1667,0.0,0.0,0.0,0.0,0,0,0,0,0.0,0.0,2,4,0,3836
1,1,0,1,0,0.3333,0.0,0.0,0.0,0.0,1,0,0,0,0.0,0.0,2,4,0,3837
1,1,0,1,0,0.5,0.5,1.0,0.0,0.0,2,1,0,1,0.0,0.5,2,4,0,3838
2,7,1,1,1,0.6667,0.6666666666666666,1.0,0.0,0.0,3,2,0,2,0.0,0.6666666666666666,2,4,0,3839
2,7,1,1,1,0.8333,0.75,1.0,0.25,1.0,4,3,0,3,0.5,0.75,2,4,1,3840
3,6,1,1,1,1.0,0.8,1.0,0.4,1.0,5,4,0,4,0.5,0.8,2,4,1,3841
1,2,3,0,0,0.1667,0.0,0.0,0.0,0.0,0,0,0,0,0.0,0.0,2,2,0,3842
1,1,0,1,0,0.3333,0.0,0.0,0.0,0.0,1,0,0,0,0.0,0.0,2,2,0,3843
1,1,0,1,0,0.5,0.5,1.0,0.0,0.0,2,1,0,1,0.0,0.5,2,2,0,3844
2,7,1,1,1,0.6667,0.6666666666666666,1.0,0.0,0.0,3,2,0,2,0.0,0.6666666666666666,2,2,0,3845
2,7,1,1,1,0.8333,0.75,1.0,0.25,1.0,4,3,0,3,0.5,0.75,2,2,1,3846
3,6,1,1,1,1.0,0.8,1.0,0.4,1.0,5,4,0,4,0.5,0.8,2,2,1,3847
1,1,0,1,0,0.2,0.0,0.0,0.0,0.0,0,0,0,0,0.0,0.0,2,4,0,3848
1,7,1,1,1,0.4,1.0,1.0,0.0,0.0,1,1,0,1,0.0,1.0,2,4,0,3849
2,1,0,1,1,0.6,1.0,1.0,0.5,1.0,2,2,0,2,0.5,1.0,2,4,1,3850
2,6,1,1,1,0.8,1.0,1.0,0.6666666666666666,1.0,3,3,0,3,0.5,1.0,2,4,1,3851
3,7,1,1,1,1.0,1.0,1.0,0.75,1.0,4,4,0,4,0.5,1.0,2,4,1,3852
1,1,0,1,0,0.2,0.0,0.0,0.0,0.0,0,0,0,0,0.0,0.0,2,2,0,3853
1,7,1,1,1,0.4,1.0,1.0,0.0,0.0,1,1,0,1,0.0,1.0,2,2,0,3854
2,1,0,1,1,0.6,1.0,1.0,0.5,1.0,2,2,0,2,0.5,1.0,2,2,1,3855
2,6,1,1,1,0.8,1.0,1.0,0.6666666666666666,1.0,3,3,0,3,0.5,1.0,2,2,1,3856
3,7,1,1,1,1.0,1.0,1.0,0.75,1.0,4,4,0,4,0.5,1.0,2,2,1,3857
1,1,0,1,0,0.2,0.0,0.0,0.0,0.0,0,0,0,0,0.0,0.0,2,3,0,3858
1,7,1,1,1,0.4,1.0,1.0,0.0,0.0,1,1,0,1,0.0,1.0,2,3,0,3859
2,1,0,1,1,0.6,1.0,1.0,0.5,1.0,2,2,0,2,0.5,1.0,2,3,1,3860
2,6,1,1,1,0.8,1.0,1.0,0.6666666666666666,1.0,3,3,0,3,0.5,1.0,2,3,1,3861
3,7,1,1,1,1.0,1.0,1.0,0.75,1.0,4,4,0,4,0.5,1.0,2,3,1,3862
1,1,0,1,0,0.2,0.0,0.0,0.0,0.0,0,0,0,0,0.0,0.0,1,3,0,3863
1,7,1,1,1,0.4,1.0,1.0,0.0,0.0,1,1,0,1,0.0,1.0,1,3,0,3864
2,1,0,1,1,0.6,1.0,1.0,0.5,1.0,2,2,0,2,0.5,1.0,1,3,1,3865
2,6,1,1,1,0.8,1.0,1.0,0.6666666666666666,1.0,3,3,0,3,0.5,1.0,1,3,1,3866
3,7,1,1,1,1.0,1.0,1.0,0.75,1.0,4,4,0,4,0.5,1.0,1,3,1,3867
1,1,0,1,0,0.2,0.0,0.0,0.0,0.0,0,0,0,0,0.0,0.0,1,4,0,3868
1,7,1,1,1,0.4,1.0,1.0,0.0,0.0,1,1,0,1,0.0,1.0,1,4,0,3869
2,1,0,1,1,0.6,1.0,1.0,0.5,1.0,2,2,0,2,0.5,1.0,1,4,1,3870
2,6,1,1,1,0.8,1.0,1.0,0.6666666666666666,1.0,3,3,0,3,0.5,1.0,1,4,1,3871
3,7,1,1,1,1.0,1.0,1.0,0.75,1.0,4,4,0,4,0.5,1.0,1,4,1,3872
1,2,3,0,0,0.1667,0.0,0.0,0.0,0.0,0,0,0,0,0.0,0.0,0,2,0,3873
1,1,0,1,0,0.3333,0.0,0.0,0.0,0.0,1,0,0,0,0.0,0.0,0,2,0,3874
1,1,0,1,0,0.5,0.5,1.0,0.0,0.0,2,1,0,1,0.0,0.5,0,2,0,3875
2,7,1,1,1,0.6667,0.6666666666666666,1.0,0.0,0.0,3,2,0,2,0.0,0.6666666666666666,0,2,0,3876
2,7,1,1,1,0.8333,0.75,1.0,0.25,1.0,4,3,0,3,0.5,0.75,0,2,1,3877
3,6,1,1,1,1.0,0.8,1.0,0.4,1.0,5,4,0,4,0.5,0.8,0,2,1,3878
1,2,3,0,0,0.1667,0.0,0.0,0.0,0.0,0,0,0,0,0.0,0.0,1,4,0,3879
1,1,0,1,0,0.3333,0.0,0.0,0.0,0.0,1,0,0,0,0.0,0.0,1,4,0,3880
1,1,0,1,0,0.5,0.5,1.0,0.0,0.0,2,1,0,1,0.0,0.5,1,4,0,3881
2,7,1,1,1,0.6667,0.6666666666666666,1.0,0.0,0.0,3,2,0,2,0.0,0.6666666666666666,1,4,0,3882
2,7,1,1,1,0.8333,0.75,1.0,0.25,1.0,4,3,0,3,0.5,0.75,1,4,1,3883
3,6,1,1,1,1.0,0.8,1.0,0.4,1.0,5,4,0,4,0.5,0.8,1,4,1,3884
1,2,3,0,0,0.1667,0.0,0.0,0.0,0.0,0,0,0,0,0.0,0.0,0,3,0,3885
1,1,0,1,0,0.3333,0.0,0.0,0.0,0.0,1,0,0,0,0.0,0.0,0,3,0,3886
1,1,0,1,0,0.5,0.5,1.0,0.0,0.0,2,1,0,1,0.0,0.5,0,3,0,3887
2,7,1,1,1,0.6667,0.6666666666666666,1.0,0.0,0.0,3,2,0,2,0.0,0.6666666666666666,0,3,0,3888
2,7,1,1,1,0.8333,0.75,1.0,0.25,1.0,4,3,0,3,0.5,0.75,0,3,1,3889
3,6,1,1,1,1.0,0.8,1.0,0.4,1.0,5,4,0,4,0.5,0.8,0,3,1,3890
1,1,0,1,0,0.2,0.0,0.0,0.0,0.0,0,0,0,0,0.0,0.0,0,3,0,3891
1,7,1,1,1,0.4,1.0,1.0,0.0,0.0,1,1,0,1,0.0,1.0,0,3,0,3892
2,1,0,1,1,0.6,1.0,1.0,0.5,1.0,2,2,0,2,0.5,1.0,0,3,1,3893
2,6,1,1,1,0.8,1.0,1.0,0.6666666666666666,1.0,3,3,0,3,0.5,1.0,0,3,1,3894
3,7,1,1,1,1.0,1.0,1.0,0.75,1.0,4,4,0,4,0.5,1.0,0,3,1,3895
1,1,0,1,0,0.2,0.0,0.0,0.0,0.0,0,0,0,0,0.0,0.0,0,4,0,3896
1,7,1,1,1,0.4,1.0,1.0,0.0,0.0,1,1,0,1,0.0,1.0,0,4,0,3897
2,1,0,1,1,0.6,1.0,1.0,0.5,1.0,2,2,0,2,0.5,1.0,0,4,1,3898
2,6,1,1,1,0.8,1.0,1.0,0.6666666666666666,1.0,3,3,0,3,0.5,1.0,0,4,1,3899
3,7,1,1,1,1.0,1.0,1.0,0.75,1.0,4,4,0,4,0.5,1.0,0,4,1,3900
1,0,0,0,0,0.1429,0.0,0.0,0.0,0.0,0,0,0,0,0.0,0.0,0,4,0,3901
1,1,0,0,0,0.2857,0.0,0.0,0.0,0.0,1,0,0,0,0.0,0.0,0,4,0,3902
1,1,0,1,0,0.4286,0.0,0.0,0.0,0.0,2,0,0,0,0.0,0.0,0,4,0,3903
1,1,0,1,0,0.5714,0.3333333333333333,1.0,0.0,0.0,3,1,0,1,0.0,0.3333333333333333,0,4,0,3904
2,7,1,1,1,0.7143,0.5,1.0,0.0,0.0,4,2,0,2,0.0,0.5,0,4,0,3905
2,7,1,1,1,0.8571,0.6,1.0,0.2,1.0,5,3,0,3,0.5,0.6,0,4,1,3906
3,2,3,1,1,1.0,0.6666666666666666,1.0,0.3333333333333333,1.0,6,4,0,4,0.5,0.6666666666666666,0,4,1,3907
1,2,3,0,0,0.1667,0.0,0.0,0.0,0.0,0,0,0,0,0.0,0.0,1,2,0,3908
1,1,0,1,0,0.3333,0.0,0.0,0.0,0.0,1,0,0,0,0.0,0.0,1,2,0,3909
1,1,0,1,0,0.5,0.5,1.0,0.0,0.0,2,1,0,1,0.0,0.5,1,2,0,3910
2,7,1,1,1,0.6667,0.6666666666666666,1.0,0.0,0.0,3,2,0,2,0.0,0.6666666666666666,1,2,0,3911
2,7,1,1,1,0.8333,0.75,1.0,0.25,1.0,4,3,0,3,0.5,0.75,1,2,1,3912
3,6,1,1,1,1.0,0.8,1.0,0.4,1.0,5,4,0,4,0.5,0.8,1,2,1,3913
1,2,3,0,0,0.1667,0.0,0.0,0.0,0.0,0,0,0,0,0.0,0.0,0,2,0,3914
1,1,0,1,0,0.3333,0.0,0.0,0.0,0.0,1,0,0,0,0.0,0.0,0,2,0,3915
1,1,0,1,0,0.5,0.5,1.0,0.0,0.0,2,1,0,1,0.0,0.5,0,2,0,3916
2,7,1,1,1,0.6667,0.6666666666666666,1.0,0.0,0.0,3,2,0,2,0.0,0.6666666666666666,0,2,0,3917
2,7,1,1,1,0.8333,0.75,1.0,0.25,1.0,4,3,0,3,0.5,0.75,0,2,1,3918
3,6,1,1,1,1.0,0.8,1.0,0.4,1.0,5,4,0,4,0.5,0.8,0,2,1,3919
1,1,0,1,0,0.2,0.0,0.0,0.0,0.0,0,0,0,0,0.0,0.0,2,2,0,3920
1,7,1,1,1,0.4,1.0,1.0,0.0,0.0,1,1,0,1,0.0,1.0,2,2,0,3921
2,1,0,1,1,0.6,1.0,1.0,0.5,1.0,2,2,0,2,0.5,1.0,2,2,1,3922
2,6,1,1,1,0.8,1.0,1.0,0.6666666666666666,1.0,3,3,0,3,0.5,1.0,2,2,1,3923
3,7,1,1,1,1.0,1.0,1.0,0.75,1.0,4,4,0,4,0.5,1.0,2,2,1,3924
1,2,3,0,0,0.1667,0.0,0.0,0.0,0.0,0,0,0,0,0.0,0.0,0,4,0,3925
1,1,0,1,0,0.3333,0.0,0.0,0.0,0.0,1,0,0,0,0.0,0.0,0,4,0,3926
1,1,0,1,0,0.5,0.5,1.0,0.0,0.0,2,1,0,1,0.0,0.5,0,4,0,3927
2,7,1,1,1,0.6667,0.6666666666666666,1.0,0.0,0.0,3,2,0,2,0.0,0.6666666666666666,0,4,0,3928
2,7,1,1,1,0.8333,0.75,1.0,0.25,1.0,4,3,0,3,0.5,0.75,0,4,1,3929
3,6,1,1,1,1.0,0.8,1.0,0.4,1.0,5,4,0,4,0.5,0.8,0,4,1,3930
1,0,0,0,0,0.1429,0.0,0.0,0.0,0.0,0,0,0,0,0.0,0.0,1,2,0,3931
1,1,0,0,0,0.2857,0.0,0.0,0.0,0.0,1,0,0,0,0.0,0.0,1,2,0,3932
1,1,0,1,0,0.4286,0.0,0.0,0.0,0.0,2,0,0,0,0.0,0.0,1,2,0,3933
1,1,0,1,0,0.5714,0.3333333333333333,1.0,0.0,0.0,3,1,0,1,0.0,0.3333333333333333,1,2,0,3934
2,7,1,1,1,0.7143,0.5,1.0,0.0,0.0,4,2,0,2,0.0,0.5,1,2,0,3935
2,7,1,1,1,0.8571,0.6,1.0,0.2,1.0,5,3,0,3,0.5,0.6,1,2,1,3936
3,2,3,1,1,1.0,0.6666666666666666,1.0,0.3333333333333333,1.0,6,4,0,4,0.5,0.6666666666666666,1,2,1,3937
1,0,0,0,0,0.1429,0.0,0.0,0.0,0.0,0,0,0,0,0.0,0.0,3,3,0,3938
1,1,0,0,0,0.2857,0.0,0.0,0.0,0.0,1,0,0,0,0.0,0.0,3,3,0,3939
1,1,0,1,0,0.4286,0.0,0.0,0.0,0.0,2,0,0,0,0.0,0.0,3,3,0,3940
1,1,0,1,0,0.5714,0.3333333333333333,1.0,0.0,0.0,3,1,0,1,0.0,0.3333333333333333,3,3,0,3941
2,7,1,1,1,0.7143,0.5,1.0,0.0,0.0,4,2,0,2,0.0,0.5,3,3,0,3942
2,7,1,1,1,0.8571,0.6,1.0,0.2,1.0,5,3,0,3,0.5,0.6,3,3,1,3943
3,2,3,1,1,1.0,0.6666666666666666,1.0,0.3333333333333333,1.0,6,4,0,4,0.5,0.6666666666666666,3,3,1,3944
1,0,0,0,0,0.1429,0.0,0.0,0.0,0.0,0,0,0,0,0.0,0.0,2,3,0,3945
1,1,0,0,0,0.2857,0.0,0.0,0.0,0.0,1,0,0,0,0.0,0.0,2,3,0,3946
1,1,0,1,0,0.4286,0.0,0.0,0.0,0.0,2,0,0,0,0.0,0.0,2,3,0,3947
1,1,0,1,0,0.5714,0.3333333333333333,1.0,0.0,0.0,3,1,0,1,0.0,0.3333333333333333,2,3,0,3948
2,7,1,1,1,0.7143,0.5,1.0,0.0,0.0,4,2,0,2,0.0,0.5,2,3,0,3949
2,7,1,1,1,0.8571,0.6,1.0,0.2,1.0,5,3,0,3,0.5,0.6,2,3,1,3950
3,2,3,1,1,1.0,0.6666666666666666,1.0,0.3333333333333333,1.0,6,4,0,4,0.5,0.6666666666666666,2,3,1,3951
1,0,0,0,0,0.1429,0.0,0.0,0.0,0.0,0,0,0,0,0.0,0.0,3,3,0,3952
1,1,0,0,0,0.2857,0.0,0.0,0.0,0.0,1,0,0,0,0.0,0.0,3,3,0,3953
1,1,0,1,0,0.4286,0.0,0.0,0.0,0.0,2,0,0,0,0.0,0.0,3,3,0,3954
1,1,0,1,0,0.5714,0.3333333333333333,1.0,0.0,0.0,3,1,0,1,0.0,0.3333333333333333,3,3,0,3955
2,7,1,1,1,0.7143,0.5,1.0,0.0,0.0,4,2,0,2,0.0,0.5,3,3,0,3956
2,7,1,1,1,0.8571,0.6,1.0,0.2,1.0,5,3,0,3,0.5,0.6,3,3,1,3957
3,2,3,1,1,1.0,0.6666666666666666,1.0,0.3333333333333333,1.0,6,4,0,4,0.5,0.6666666666666666,3,3,1,3958
1,1,0,1,0,0.2,0.0,0.0,0.0,0.0,0,0,0,0,0.0,0.0,2,4,0,3959
1,7,1,1,1,0.4,1.0,1.0,0.0,0.0,1,1,0,1,0.0,1.0,2,4,0,3960
2,1,0,1,1,0.6,1.0,1.0,0.5,1.0,2,2,0,2,0.5,1.0,2,4,1,3961
2,6,1,1,1,0.8,1.0,1.0,0.6666666666666666,1.0,3,3,0,3,0.5,1.0,2,4,1,3962
3,7,1,1,1,1.0,1.0,1.0,0.75,1.0,4,4,0,4,0.5,1.0,2,4,1,3963
1,2,3,0,0,0.1667,0.0,0.0,0.0,0.0,0,0,0,0,0.0,0.0,0,3,0,3964
1,1,0,1,0,0.3333,0.0,0.0,0.0,0.0,1,0,0,0,0.0,0.0,0,3,0,3965
1,1,0,1,0,0.5,0.5,1.0,0.0,0.0,2,1,0,1,0.0,0.5,0,3,0,3966
2,7,1,1,1,0.6667,0.6666666666666666,1.0,0.0,0.0,3,2,0,2,0.0,0.6666666666666666,0,3,0,3967
2,7,1,1,1,0.8333,0.75,1.0,0.25,1.0,4,3,0,3,0.5,0.75,0,3,1,3968
3,6,1,1,1,1.0,0.8,1.0,0.4,1.0,5,4,0,4,0.5,0.8,0,3,1,3969
1,2,3,0,0,0.1667,0.0,0.0,0.0,0.0,0,0,0,0,0.0,0.0,1,4,0,3970
1,1,0,1,0,0.3333,0.0,0.0,0.0,0.0,1,0,0,0,0.0,0.0,1,4,0,3971
1,1,0,1,0,0.5,0.5,1.0,0.0,0.0,2,1,0,1,0.0,0.5,1,4,0,3972
2,7,1,1,1,0.6667,0.6666666666666666,1.0,0.0,0.0,3,2,0,2,0.0,0.6666666666666666,1,4,0,3973
2,7,1,1,1,0.8333,0.75,1.0,0.25,1.0,4,3,0,3,0.5,0.75,1,4,1,3974
3,6,1,1,1,1.0,0.8,1.0,0.4,1.0,5,4,0,4,0.5,0.8,1,4,1,3975
1,1,0,1,0,0.2,0.0,0.0,0.0,0.0,0,0,0,0,0.0,0.0,0,2,0,3976
1,7,1,1,1,0.4,1.0,1.0,0.0,0.0,1,1,0,1,0.0,1.0,0,2,0,3977
2,1,0,1,1,0.6,1.0,1.0,0.5,1.0,2,2,0,2,0.5,1.0,0,2,1,3978
2,6,1,1,1,0.8,1.0,1.0,0.6666666666666666,1.0,3,3,0,3,0.5,1.0,0,2,1,3979
3,7,1,1,1,1.0,1.0,1.0,0.75,1.0,4,4,0,4,0.5,1.0,0,2,1,3980
1,1,0,1,0,0.2,0.0,0.0,0.0,0.0,0,0,0,0,0.0,0.0,3,4,0,3981
1,7,1,1,1,0.4,1.0,1.0,0.0,0.0,1,1,0,1,0.0,1.0,3,4,0,3982
2,1,0,1,1,0.6,1.0,1.0,0.5,1.0,2,2,0,2,0.5,1.0,3,4,1,3983
2,6,1,1,1,0.8,1.0,1.0,0.6666666666666666,1.0,3,3,0,3,0.5,1.0,3,4,1,3984
3,7,1,1,1,1.0,1.0,1.0,0.75,1.0,4,4,0,4,0.5,1.0,3,4,1,3985
1,1,0,1,0,0.2,0.0,0.0,0.0,0.0,0,0,0,0,0.0,0.0,1,4,0,3986
1,7,1,1,1,0.4,1.0,1.0,0.0,0.0,1,1,0,1,0.0,1.0,1,4,0,3987
2,1,0,1,1,0.6,1.0,1.0,0.5,1.0,2,2,0,2,0.5,1.0,1,4,1,3988
2,6,1,1,1,0.8,1.0,1.0,0.6666666666666666,1.0,3,3,0,3,0.5,1.0,1,4,1,3989
3,7,1,1,1,1.0,1.0,1.0,0.75,1.0,4,4,0,4,0.5,1.0,1,4,1,3990
1,2,3,0,0,0.1667,0.0,0.0,0.0,0.0,0,0,0,0,0.0,0.0,0,4,0,3991
1,1,0,1,0,0.3333,0.0,0.0,0.0,0.0,1,0,0,0,0.0,0.0,0,4,0,3992
1,1,0,1,0,0.5,0.5,1.0,0.0,0.0,2,1,0,1,0.0,0.5,0,4,0,3993
2,7,1,1,1,0.6667,0.6666666666666666,1.0,0.0,0.0,3,2,0,2,0.0,0.6666666666666666,0,4,0,3994
2,7,1,1,1,0.8333,0.75,1.0,0.25,1.0,4,3,0,3,0.5,0.75,0,4,1,3995
3,6,1,1,1,1.0,0.8,1.0,0.4,1.0,5,4,0,4,0.5,0.8,0,4,1,3996
1,1,0,1,0,0.2,0.0,0.0,0.0,0.0,0,0,0,0,0.0,0.0,3,2,0,3997
1,7,1,1,1,0.4,1.0,1.0,0.0,0.0,1,1,0,1,0.0,1.0,3,2,0,3998
2,1,0,1,1,0.6,1.0,1.0,0.5,1.0,2,2,0,2,0.5,1.0,3,2,1,3999
2,6,1,1,1,0.8,1.0,1.0,0.6666666666666666,1.0,3,3,0,3,0.5,1.0,3,2,1,4000
3,7,1,1,1,1.0,1.0,1.0,0.75,1.0,4,4,0,4,0.5,1.0,3,2,1,4001
1,1,0,1,0,0.2,0.0,0.0,0.0,0.0,0,0,0,0,0.0,0.0,1,2,0,4002
1,7,1,1,1,0.4,1.0,1.0,0.0,0.0,1,1,0,1,0.0,1.0,1,2,0,4003
2,1,0,1,1,0.6,1.0,1.0,0.5,1.0,2,2,0,2,0.5,1.0,1,2,1,4004
2,6,1,1,1,0.8,1.0,1.0,0.6666666666666666,1.0,3,3,0,3,0.5,1.0,1,2,1,4005
3,7,1,1,1,1.0,1.0,1.0,0.75,1.0,4,4,0,4,0.5,1.0,1,2,1,4006
1,2,3,0,0,0.1667,0.0,0.0,0.0,0.0,0,0,0,0,0.0,0.0,2,4,0,4007
1,1,0,1,0,0.3333,0.0,0.0,0.0,0.0,1,0,0,0,0.0,0.0,2,4,0,4008
1,1,0,1,0,0.5,0.5,1.0,0.0,0.0,2,1,0,1,0.0,0.5,2,4,0,4009
2,7,1,1,1,0.6667,0.6666666666666666,1.0,0.0,0.0,3,2,0,2,0.0,0.6666666666666666,2,4,0,4010
2,7,1,1,1,0.8333,0.75,1.0,0.25,1.0,4,3,0,3,0.5,0.75,2,4,1,4011
3,6,1,1,1,1.0,0.8,1.0,0.4,1.0,5,4,0,4,0.5,0.8,2,4,1,4012
1,1,0,1,0,0.2,0.0,0.0,0.0,0.0,0,0,0,0,0.0,0.0,1,3,0,4013
1,7,1,1,1,0.4,1.0,1.0,0.0,0.0,1,1,0,1,0.0,1.0,1,3,0,4014
2,1,0,1,1,0.6,1.0,1.0,0.5,1.0,2,2,0,2,0.5,1.0,1,3,1,4015
2,6,1,1,1,0.8,1.0,1.0,0.6666666666666666,1.0,3,3,0,3,0.5,1.0,1,3,1,4016
3,7,1,1,1,1.0,1.0,1.0,0.75,1.0,4,4,0,4,0.5,1.0,1,3,1,4017
1,1,0,1,0,0.2,0.0,0.0,0.0,0.0,0,0,0,0,0.0,0.0,1,3,0,4018
1,7,1,1,1,0.4,1.0,1.0,0.0,0.0,1,1,0,1,0.0,1.0,1,3,0,4019
2,1,0,1,1,0.6,1.0,1.0,0.5,1.0,2,2,0,2,0.5,1.0,1,3,1,4020
2,6,1,1,1,0.8,1.0,1.0,0.6666666666666666,1.0,3,3,0,3,0.5,1.0,1,3,1,4021
3,7,1,1,1,1.0,1.0,1.0,0.75,1.0,4,4,0,4,0.5,1.0,1,3,1,4022
1,2,3,0,0,0.1667,0.0,0.0,0.0,0.0,0,0,0,0,0.0,0.0,0,3,0,4023
1,1,0,1,0,0.3333,0.0,0.0,0.0,0.0,1,0,0,0,0.0,0.0,0,3,0,4024
1,1,0,1,0,0.5,0.5,1.0,0.0,0.0,2,1,0,1,0.0,0.5,0,3,0,4025
2,7,1,1,1,0.6667,0.6666666666666666,1.0,0.0,0.0,3,2,0,2,0.0,0.6666666666666666,0,3,0,4026
2,7,1,1,1,0.8333,0.75,1.0,0.25,1.0,4,3,0,3,0.5,0.75,0,3,1,4027
3,6,1,1,1,1.0,0.8,1.0,0.4,1.0,5,4,0,4,0.5,0.8,0,3,1,4028
1,0,0,0,0,0.1429,0.0,0.0,0.0,0.0,0,0,0,0,0.0,0.0,3,3,0,4029
1,1,0,0,0,0.2857,0.0,0.0,0.0,0.0,1,0,0,0,0.0,0.0,3,3,0,4030
1,1,0,1,0,0.4286,0.0,0.0,0.0,0.0,2,0,0,0,0.0,0.0,3,3,0,4031
1,1,0,1,0,0.5714,0.3333333333333333,1.0,0.0,0.0,3,1,0,1,0.0,0.3333333333333333,3,3,0,4032
2,7,1,1,1,0.7143,0.5,1.0,0.0,0.0,4,2,0,2,0.0,0.5,3,3,0,4033
2,7,1,1,1,0.8571,0.6,1.0,0.2,1.0,5,3,0,3,0.5,0.6,3,3,1,4034
3,2,3,1,1,1.0,0.6666666666666666,1.0,0.3333333333333333,1.0,6,4,0,4,0.5,0.6666666666666666,3,3,1,4035
1,1,0,1,0,0.2,0.0,0.0,0.0,0.0,0,0,0,0,0.0,0.0,0,2,0,4036
1,7,1,1,1,0.4,1.0,1.0,0.0,0.0,1,1,0,1,0.0,1.0,0,2,0,4037
2,1,0,1,1,0.6,1.0,1.0,0.5,1.0,2,2,0,2,0.5,1.0,0,2,1,4038
2,6,1,1,1,0.8,1.0,1.0,0.6666666666666666,1.0,3,3,0,3,0.5,1.0,0,2,1,4039
3,7,1,1,1,1.0,1.0,1.0,0.75,1.0,4,4,0,4,0.5,1.0,0,2,1,4040
1,1,0,1,0,0.2,0.0,0.0,0.0,0.0,0,0,0,0,0.0,0.0,1,2,0,4041
1,7,1,1,1,0.4,1.0,1.0,0.0,0.0,1,1,0,1,0.0,1.0,1,2,0,4042
2,1,0,1,1,0.6,1.0,1.0,0.5,1.0,2,2,0,2,0.5,1.0,1,2,1,4043
2,6,1,1,1,0.8,1.0,1.0,0.6666666666666666,1.0,3,3,0,3,0.5,1.0,1,2,1,4044
3,7,1,1,1,1.0,1.0,1.0,0.75,1.0,4,4,0,4,0.5,1.0,1,2,1,4045
1,1,0,1,0,0.2,0.0,0.0,0.0,0.0,0,0,0,0,0.0,0.0,1,3,0,4046
1,7,1,1,1,0.4,1.0,1.0,0.0,0.0,1,1,0,1,0.0,1.0,1,3,0,4047
2,1,0,1,1,0.6,1.0,1.0,0.5,1.0,2,2,0,2,0.5,1.0,1,3,1,4048
2,6,1,1,1,0.8,1.0,1.0,0.6666666666666666,1.0,3,3,0,3,0.5,1.0,1,3,1,4049
3,7,1,1,1,1.0,1.0,1.0,0.75,1.0,4,4,0,4,0.5,1.0,1,3,1,4050
1,1,0,1,0,0.2,0.0,0.0,0.0,0.0,0,0,0,0,0.0,0.0,0,2,0,4051
1,7,1,1,1,0.4,1.0,1.0,0.0,0.0,1,1,0,1,0.0,1.0,0,2,0,4052
2,1,0,1,1,0.6,1.0,1.0,0.5,1.0,2,2,0,2,0.5,1.0,0,2,1,4053
2,6,1,1,1,0.8,1.0,1.0,0.6666666666666666,1.0,3,3,0,3,0.5,1.0,0,2,1,4054
3,7,1,1,1,1.0,1.0,1.0,0.75,1.0,4,4,0,4,0.5,1.0,0,2,1,4055
1,2,3,0,0,0.1667,0.0,0.0,0.0,0.0,0,0,0,0,0.0,0.0,0,3,0,4056
1,1,0,1,0,0.3333,0.0,0.0,0.0,0.0,1,0,0,0,0.0,0.0,0,3,0,4057
1,1,0,1,0,0.5,0.5,1.0,0.0,0.0,2,1,0,1,0.0,0.5,0,3,0,4058
2,7,1,1,1,0.6667,0.6666666666666666,1.0,0.0,0.0,3,2,0,2,0.0,0.6666666666666666,0,3,0,4059
2,7,1,1,1,0.8333,0.75,1.0,0.25,1.0,4,3,0,3,0.5,0.75,0,3,1,4060
3,6,1,1,1,1.0,0.8,1.0,0.4,1.0,5,4,0,4,0.5,0.8,0,3,1,4061
1,1,0,1,0,0.2,0.0,0.0,0.0,0.0,0,0,0,0,0.0,0.0,3,3,0,4062
1,7,1,1,1,0.4,1.0,1.0,0.0,0.0,1,1,0,1,0.0,1.0,3,3,0,4063
2,1,0,1,1,0.6,1.0,1.0,0.5,1.0,2,2,0,2,0.5,1.0,3,3,1,4064
2,6,1,1,1,0.8,1.0,1.0,0.6666666666666666,1.0,3,3,0,3,0.5,1.0,3,3,1,4065
3,7,1,1,1,1.0,1.0,1.0,0.75,1.0,4,4,0,4,0.5,1.0,3,3,1,4066
1,0,0,0,0,0.1429,0.0,0.0,0.0,0.0,0,0,0,0,0.0,0.0,0,4,0,4067
1,1,0,0,0,0.2857,0.0,0.0,0.0,0.0,1,0,0,0,0.0,0.0,0,4,0,4068
1,1,0,1,0,0.4286,0.0,0.0,0.0,0.0,2,0,0,0,0.0,0.0,0,4,0,4069
1,1,0,1,0,0.5714,0.3333333333333333,1.0,0.0,0.0,3,1,0,1,0.0,0.3333333333333333,0,4,0,4070
2,7,1,1,1,0.7143,0.5,1.0,0.0,0.0,4,2,0,2,0.0,0.5,0,4,0,4071
2,7,1,1,1,0.8571,0.6,1.0,0.2,1.0,5,3,0,3,0.5,0.6,0,4,1,4072
3,2,3,1,1,1.0,0.6666666666666666,1.0,0.3333333333333333,1.0,6,4,0,4,0.5,0.6666666666666666,0,4,1,4073
1,0,0,0,0,0.1429,0.0,0.0,0.0,0.0,0,0,0,0,0.0,0.0,1,3,0,4074
1,1,0,0,0,0.2857,0.0,0.0,0.0,0.0,1,0,0,0,0.0,0.0,1,3,0,4075
1,1,0,1,0,0.4286,0.0,0.0,0.0,0.0,2,0,0,0,0.0,0.0,1,3,0,4076
1,1,0,1,0,0.5714,0.3333333333333333,1.0,0.0,0.0,3,1,0,1,0.0,0.3333333333333333,1,3,0,4077
2,7,1,1,1,0.7143,0.5,1.0,0.0,0.0,4,2,0,2,0.0,0.5,1,3,0,4078
2,7,1,1,1,0.8571,0.6,1.0,0.2,1.0,5,3,0,3,0.5,0.6,1,3,1,4079
3,2,3,1,1,1.0,0.6666666666666666,1.0,0.3333333333333333,1.0,6,4,0,4,0.5,0.6666666666666666,1,3,1,4080
1,2,3,0,0,0.1667,0.0,0.0,0.0,0.0,0,0,0,0,0.0,0.0,1,2,0,4081
1,1,0,1,0,0.3333,0.0,0.0,0.0,0.0,1,0,0,0,0.0,0.0,1,2,0,4082
1,1,0,1,0,0.5,0.5,1.0,0.0,0.0,2,1,0,1,0.0,0.5,1,2,0,4083
2,7,1,1,1,0.6667,0.6666666666666666,1.0,0.0,0.0,3,2,0,2,0.0,0.6666666666666666,1,2,0,4084
2,7,1,1,1,0.8333,0.75,1.0,0.25,1.0,4,3,0,3,0.5,0.75,1,2,1,4085
3,6,1,1,1,1.0,0.8,1.0,0.4,1.0,5,4,0,4,0.5,0.8,1,2,1,4086
1,2,3,0,0,0.1667,0.0,0.0,0.0,0.0,0,0,0,0,0.0,0.0,3,4,0,4087
1,1,0,1,0,0.3333,0.0,0.0,0.0,0.0,1,0,0,0,0.0,0.0,3,4,0,4088
1,1,0,1,0,0.5,0.5,1.0,0.0,0.0,2,1,0,1,0.0,0.5,3,4,0,4089
2,7,1,1,1,0.6667,0.6666666666666666,1.0,0.0,0.0,3,2,0,2,0.0,0.6666666666666666,3,4,0,4090
2,7,1,1,1,0.8333,0.75,1.0,0.25,1.0,4,3,0,3,0.5,0.75,3,4,1,4091
3,6,1,1,1,1.0,0.8,1.0,0.4,1.0,5,4,0,4,0.5,0.8,3,4,1,4092
1,2,3,0,0,0.1667,0.0,0.0,0.0,0.0,0,0,0,0,0.0,0.0,1,2,0,4093
1,1,0,1,0,0.3333,0.0,0.0,0.0,0.0,1,0,0,0,0.0,0.0,1,2,0,4094
1,1,0,1,0,0.5,0.5,1.0,0.0,0.0,2,1,0,1,0.0,0.5,1,2,0,4095
2,7,1,1,1,0.6667,0.6666666666666666,1.0,0.0,0.0,3,2,0,2,0.0,0.6666666666666666,1,2,0,4096
2,7,1,1,1,0.8333,0.75,1.0,0.25,1.0,4,3,0,3,0.5,0.75,1,2,1,4097
3,6,1,1,1,1.0,0.8,1.0,0.4,1.0,5,4,0,4,0.5,0.8,1,2,1,4098
1,1,0,1,0,0.2,0.0,0.0,0.0,0.0,0,0,0,0,0.0,0.0,1,4,0,4099
1,7,1,1,1,0.4,1.0,1.0,0.0,0.0,1,1,0,1,0.0,1.0,1,4,0,4100
2,1,0,1,1,0.6,1.0,1.0,0.5,1.0,2,2,0,2,0.5,1.0,1,4,1,4101
2,6,1,1,1,0.8,1.0,1.0,0.6666666666666666,1.0,3,3,0,3,0.5,1.0,1,4,1,4102
3,7,1,1,1,1.0,1.0,1.0,0.75,1.0,4,4,0,4,0.5,1.0,1,4,1,4103
1,0,0,0,0,0.1429,0.0,0.0,0.0,0.0,0,0,0,0,0.0,0.0,1,3,0,4104
1,1,0,0,0,0.2857,0.0,0.0,0.0,0.0,1,0,0,0,0.0,0.0,1,3,0,4105
1,1,0,1,0,0.4286,0.0,0.0,0.0,0.0,2,0,0,0,0.0,0.0,1,3,0,4106
1,1,0,1,0,0.5714,0.3333333333333333,1.0,0.0,0.0,3,1,0,1,0.0,0.3333333333333333,1,3,0,4107
2,7,1,1,1,0.7143,0.5,1.0,0.0,0.0,4,2,0,2,0.0,0.5,1,3,0,4108
2,7,1,1,1,0.8571,0.6,1.0,0.2,1.0,5,3,0,3,0.5,0.6,1,3,1,4109
3,2,3,1,1,1.0,0.6666666666666666,1.0,0.3333333333333333,1.0,6,4,0,4,0.5,0.6666666666666666,1,3,1,4110
1,2,3,0,0,0.1667,0.0,0.0,0.0,0.0,0,0,0,0,0.0,0.0,1,2,0,4111
1,1,0,1,0,0.3333,0.0,0.0,0.0,0.0,1,0,0,0,0.0,0.0,1,2,0,4112
1,1,0,1,0,0.5,0.5,1.0,0.0,0.0,2,1,0,1,0.0,0.5,1,2,0,4113
2,7,1,1,1,0.6667,0.6666666666666666,1.0,0.0,0.0,3,2,0,2,0.0,0.6666666666666666,1,2,0,4114
2,7,1,1,1,0.8333,0.75,1.0,0.25,1.0,4,3,0,3,0.5,0.75,1,2,1,4115
3,6,1,1,1,1.0,0.8,1.0,0.4,1.0,5,4,0,4,0.5,0.8,1,2,1,4116
1,2,3,0,0,0.1667,0.0,0.0,0.0,0.0,0,0,0,0,0.0,0.0,1,4,0,4117
1,1,0,1,0,0.3333,0.0,0.0,0.0,0.0,1,0,0,0,0.0,0.0,1,4,0,4118
1,1,0,1,0,0.5,0.5,1.0,0.0,0.0,2,1,0,1,0.0,0.5,1,4,0,4119
2,7,1,1,1,0.6667,0.6666666666666666,1.0,0.0,0.0,3,2,0,2,0.0,0.6666666666666666,1,4,0,4120
2,7,1,1,1,0.8333,0.75,1.0,0.25,1.0,4,3,0,3,0.5,0.75,1,4,1,4121
3,6,1,1,1,1.0,0.8,1.0,0.4,1.0,5,4,0,4,0.5,0.8,1,4,1,4122
1,2,3,0,0,0.1667,0.0,0.0,0.0,0.0,0,0,0,0,0.0,0.0,1,3,0,4123
1,1,0,1,0,0.3333,0.0,0.0,0.0,0.0,1,0,0,0,0.0,0.0,1,3,0,4124
1,1,0,1,0,0.5,0.5,1.0,0.0,0.0,2,1,0,1,0.0,0.5,1,3,0,4125
2,7,1,1,1,0.6667,0.6666666666666666,1.0,0.0,0.0,3,2,0,2,0.0,0.6666666666666666,1,3,0,4126
2,7,1,1,1,0.8333,0.75,1.0,0.25,1.0,4,3,0,3,0.5,0.75,1,3,1,4127
3,6,1,1,1,1.0,0.8,1.0,0.4,1.0,5,4,0,4,0.5,0.8,1,3,1,4128
1,2,3,0,0,0.1667,0.0,0.0,0.0,0.0,0,0,0,0,0.0,0.0,2,2,0,4129
1,1,0,1,0,0.3333,0.0,0.0,0.0,0.0,1,0,0,0,0.0,0.0,2,2,0,4130
1,1,0,1,0,0.5,0.5,1.0,0.0,0.0,2,1,0,1,0.0,0.5,2,2,0,4131
2,7,1,1,1,0.6667,0.6666666666666666,1.0,0.0,0.0,3,2,0,2,0.0,0.6666666666666666,2,2,0,4132
2,7,1,1,1,0.8333,0.75,1.0,0.25,1.0,4,3,0,3,0.5,0.75,2,2,1,4133
3,6,1,1,1,1.0,0.8,1.0,0.4,1.0,5,4,0,4,0.5,0.8,2,2,1,4134
1,0,0,0,0,0.1429,0.0,0.0,0.0,0.0,0,0,0,0,0.0,0.0,0,4,0,4135
1,1,0,0,0,0.2857,0.0,0.0,0.0,0.0,1,0,0,0,0.0,0.0,0,4,0,4136
1,1,0,1,0,0.4286,0.0,0.0,0.0,0.0,2,0,0,0,0.0,0.0,0,4,0,4137
1,1,0,1,0,0.5714,0.3333333333333333,1.0,0.0,0.0,3,1,0,1,0.0,0.3333333333333333,0,4,0,4138
2,7,1,1,1,0.7143,0.5,1.0,0.0,0.0,4,2,0,2,0.0,0.5,0,4,0,4139
2,7,1,1,1,0.8571,0.6,1.0,0.2,1.0,5,3,0,3,0.5,0.6,0,4,1,4140
3,2,3,1,1,1.0,0.6666666666666666,1.0,0.3333333333333333,1.0,6,4,0,4,0.5,0.6666666666666666,0,4,1,4141
1,0,0,0,0,0.1429,0.0,0.0,0.0,0.0,0,0,0,0,0.0,0.0,0,3,0,4142
1,1,0,0,0,0.2857,0.0,0.0,0.0,0.0,1,0,0,0,0.0,0.0,0,3,0,4143
1,1,0,1,0,0.4286,0.0,0.0,0.0,0.0,2,0,0,0,0.0,0.0,0,3,0,4144
1,1,0,1,0,0.5714,0.3333333333333333,1.0,0.0,0.0,3,1,0,1,0.0,0.3333333333333333,0,3,0,4145
2,7,1,1,1,0.7143,0.5,1.0,0.0,0.0,4,2,0,2,0.0,0.5,0,3,0,4146
2,7,1,1,1,0.8571,0.6,1.0,0.2,1.0,5,3,0,3,0.5,0.6,0,3,1,4147
3,2,3,1,1,1.0,0.6666666666666666,1.0,0.3333333333333333,1.0,6,4,0,4,0.5,0.6666666666666666,0,3,1,4148
1,1,0,1,0,0.2,0.0,0.0,0.0,0.0,0,0,0,0,0.0,0.0,0,3,0,4149
1,7,1,1,1,0.4,1.0,1.0,0.0,0.0,1,1,0,1,0.0,1.0,0,3,0,4150
2,1,0,1,1,0.6,1.0,1.0,0.5,1.0,2,2,0,2,0.5,1.0,0,3,1,4151
2,6,1,1,1,0.8,1.0,1.0,0.6666666666666666,1.0,3,3,0,3,0.5,1.0,0,3,1,4152
3,7,1,1,1,1.0,1.0,1.0,0.75,1.0,4,4,0,4,0.5,1.0,0,3,1,4153
1,2,3,0,0,0.1667,0.0,0.0,0.0,0.0,0,0,0,0,0.0,0.0,1,2,0,4154
1,1,0,1,0,0.3333,0.0,0.0,0.0,0.0,1,0,0,0,0.0,0.0,1,2,0,4155
1,1,0,1,0,0.5,0.5,1.0,0.0,0.0,2,1,0,1,0.0,0.5,1,2,0,4156
2,7,1,1,1,0.6667,0.6666666666666666,1.0,0.0,0.0,3,2,0,2,0.0,0.6666666666666666,1,2,0,4157
2,7,1,1,1,0.8333,0.75,1.0,0.25,1.0,4,3,0,3,0.5,0.75,1,2,1,4158
3,6,1,1,1,1.0,0.8,1.0,0.4,1.0,5,4,0,4,0.5,0.8,1,2,1,4159
1,2,3,0,0,0.1667,0.0,0.0,0.0,0.0,0,0,0,0,0.0,0.0,0,2,0,4160
1,1,0,1,0,0.3333,0.0,0.0,0.0,0.0,1,0,0,0,0.0,0.0,0,2,0,4161
1,1,0,1,0,0.5,0.5,1.0,0.0,0.0,2,1,0,1,0.0,0.5,0,2,0,4162
2,7,1,1,1,0.6667,0.6666666666666666,1.0,0.0,0.0,3,2,0,2,0.0,0.6666666666666666,0,2,0,4163
2,7,1,1,1,0.8333,0.75,1.0,0.25,1.0,4,3,0,3,0.5,0.75,0,2,1,4164
3,6,1,1,1,1.0,0.8,1.0,0.4,1.0,5,4,0,4,0.5,0.8,0,2,1,4165
1,0,0,0,0,0.1429,0.0,0.0,0.0,0.0,0,0,0,0,0.0,0.0,2,4,0,4166
1,1,0,0,0,0.2857,0.0,0.0,0.0,0.0,1,0,0,0,0.0,0.0,2,4,0,4167
1,1,0,1,0,0.4286,0.0,0.0,0.0,0.0,2,0,0,0,0.0,0.0,2,4,0,4168
1,1,0,1,0,0.5714,0.3333333333333333,1.0,0.0,0.0,3,1,0,1,0.0,0.3333333333333333,2,4,0,4169
2,7,1,1,1,0.7143,0.5,1.0,0.0,0.0,4,2,0,2,0.0,0.5,2,4,0,4170
2,7,1,1,1,0.8571,0.6,1.0,0.2,1.0,5,3,0,3,0.5,0.6,2,4,1,4171
3,2,3,1,1,1.0,0.6666666666666666,1.0,0.3333333333333333,1.0,6,4,0,4,0.5,0.6666666666666666,2,4,1,4172
1,1,0,1,0,0.2,0.0,0.0,0.0,0.0,0,0,0,0,0.0,0.0,1,2,0,4173
1,7,1,1,1,0.4,1.0,1.0,0.0,0.0,1,1,0,1,0.0,1.0,1,2,0,4174
2,1,0,1,1,0.6,1.0,1.0,0.5,1.0,2,2,0,2,0.5,1.0,1,2,1,4175
2,6,1,1,1,0.8,1.0,1.0,0.6666666666666666,1.0,3,3,0,3,0.5,1.0,1,2,1,4176
3,7,1,1,1,1.0,1.0,1.0,0.75,1.0,4,4,0,4,0.5,1.0,1,2,1,4177
1,1,0,1,0,0.2,0.0,0.0,0.0,0.0,0,0,0,0,0.0,0.0,2,3,0,4178
1,7,1,1,1,0.4,1.0,1.0,0.0,0.0,1,1,0,1,0.0,1.0,2,3,0,4179
2,1,0,1,1,0.6,1.0,1.0,0.5,1.0,2,2,0,2,0.5,1.0,2,3,1,4180
2,6,1,1,1,0.8,1.0,1.0,0.6666666666666666,1.0,3,3,0,3,0.5,1.0,2,3,1,4181
3,7,1,1,1,1.0,1.0,1.0,0.75,1.0,4,4,0,4,0.5,1.0,2,3,1,4182
1,0,0,0,0,0.1429,0.0,0.0,0.0,0.0,0,0,0,0,0.0,0.0,2,2,0,4183
1,1,0,0,0,0.2857,0.0,0.0,0.0,0.0,1,0,0,0,0.0,0.0,2,2,0,4184
1,1,0,1,0,0.4286,0.0,0.0,0.0,0.0,2,0,0,0,0.0,0.0,2,2,0,4185
1,1,0,1,0,0.5714,0.3333333333333333,1.0,0.0,0.0,3,1,0,1,0.0,0.3333333333333333,2,2,0,4186
2,7,1,1,1,0.7143,0.5,1.0,0.0,0.0,4,2,0,2,0.0,0.5,2,2,0,4187
2,7,1,1,1,0.8571,0.6,1.0,0.2,1.0,5,3,0,3,0.5,0.6,2,2,1,4188
3,2,3,1,1,1.0,0.6666666666666666,1.0,0.3333333333333333,1.0,6,4,0,4,0.5,0.6666666666666666,2,2,1,4189
1,1,0,1,0,0.2,0.0,0.0,0.0,0.0,0,0,0,0,0.0,0.0,2,2,0,4190
1,7,1,1,1,0.4,1.0,1.0,0.0,0.0,1,1,0,1,0.0,1.0,2,2,0,4191
2,1,0,1,1,0.6,1.0,1.0,0.5,1.0,2,2,0,2,0.5,1.0,2,2,1,4192
2,6,1,1,1,0.8,1.0,1.0,0.6666666666666666,1.0,3,3,0,3,0.5,1.0,2,2,1,4193
3,7,1,1,1,1.0,1.0,1.0,0.75,1.0,4,4,0,4,0.5,1.0,2,2,1,4194
1,0,0,0,0,0.1429,0.0,0.0,0.0,0.0,0,0,0,0,0.0,0.0,3,4,0,4195
1,1,0,0,0,0.2857,0.0,0.0,0.0,0.0,1,0,0,0,0.0,0.0,3,4,0,4196
1,1,0,1,0,0.4286,0.0,0.0,0.0,0.0,2,0,0,0,0.0,0.0,3,4,0,4197
1,1,0,1,0,0.5714,0.3333333333333333,1.0,0.0,0.0,3,1,0,1,0.0,0.3333333333333333,3,4,0,4198
2,7,1,1,1,0.7143,0.5,1.0,0.0,0.0,4,2,0,2,0.0,0.5,3,4,0,4199
2,7,1,1,1,0.8571,0.6,1.0,0.2,1.0,5,3,0,3,0.5,0.6,3,4,1,4200
3,2,3,1,1,1.0,0.6666666666666666,1.0,0.3333333333333333,1.0,6,4,0,4,0.5,0.6666666666666666,3,4,1,4201
1,2,3,0,0,0.1667,0.0,0.0,0.0,0.0,0,0,0,0,0.0,0.0,1,4,0,4202
1,1,0,1,0,0.3333,0.0,0.0,0.0,0.0,1,0,0,0,0.0,0.0,1,4,0,4203
1,1,0,1,0,0.5,0.5,1.0,0.0,0.0,2,1,0,1,0.0,0.5,1,4,0,4204
2,7,1,1,1,0.6667,0.6666666666666666,1.0,0.0,0.0,3,2,0,2,0.0,0.6666666666666666,1,4,0,4205
2,7,1,1,1,0.8333,0.75,1.0,0.25,1.0,4,3,0,3,0.5,0.75,1,4,1,4206
3,6,1,1,1,1.0,0.8,1.0,0.4,1.0,5,4,0,4,0.5,0.8,1,4,1,4207
1,0,0,0,0,0.1429,0.0,0.0,0.0,0.0,0,0,0,0,0.0,0.0,0,2,0,4208
1,1,0,0,0,0.2857,0.0,0.0,0.0,0.0,1,0,0,0,0.0,0.0,0,2,0,4209
1,1,0,1,0,0.4286,0.0,0.0,0.0,0.0,2,0,0,0,0.0,0.0,0,2,0,4210
1,1,0,1,0,0.5714,0.3333333333333333,1.0,0.0,0.0,3,1,0,1,0.0,0.3333333333333333,0,2,0,4211
2,7,1,1,1,0.7143,0.5,1.0,0.0,0.0,4,2,0,2,0.0,0.5,0,2,0,4212
2,7,1,1,1,0.8571,0.6,1.0,0.2,1.0,5,3,0,3,0.5,0.6,0,2,1,4213
3,2,3,1,1,1.0,0.6666666666666666,1.0,0.3333333333333333,1.0,6,4,0,4,0.5,0.6666666666666666,0,2,1,4214
1,0,0,0,0,0.1429,0.0,0.0,0.0,0.0,0,0,0,0,0.0,0.0,0,4,0,4215
1,1,0,0,0,0.2857,0.0,0.0,0.0,0.0,1,0,0,0,0.0,0.0,0,4,0,4216
1,1,0,1,0,0.4286,0.0,0.0,0.0,0.0,2,0,0,0,0.0,0.0,0,4,0,4217
1,1,0,1,0,0.5714,0.3333333333333333,1.0,0.0,0.0,3,1,0,1,0.0,0.3333333333333333,0,4,0,4218
2,7,1,1,1,0.7143,0.5,1.0,0.0,0.0,4,2,0,2,0.0,0.5,0,4,0,4219
2,7,1,1,1,0.8571,0.6,1.0,0.2,1.0,5,3,0,3,0.5,0.6,0,4,1,4220
3,2,3,1,1,1.0,0.6666666666666666,1.0,0.3333333333333333,1.0,6,4,0,4,0.5,0.6666666666666666,0,4,1,4221
1,1,0,1,0,0.2,0.0,0.0,0.0,0.0,0,0,0,0,0.0,0.0,1,4,0,4222
1,7,1,1,1,0.4,1.0,1.0,0.0,0.0,1,1,0,1,0.0,1.0,1,4,0,4223
2,1,0,1,1,0.6,1.0,1.0,0.5,1.0,2,2,0,2,0.5,1.0,1,4,1,4224
2,6,1,1,1,0.8,1.0,1.0,0.6666666666666666,1.0,3,3,0,3,0.5,1.0,1,4,1,4225
3,7,1,1,1,1.0,1.0,1.0,0.75,1.0,4,4,0,4,0.5,1.0,1,4,1,4226
1,1,0,1,0,0.2,0.0,0.0,0.0,0.0,0,0,0,0,0.0,0.0,1,3,0,4227
1,7,1,1,1,0.4,1.0,1.0,0.0,0.0,1,1,0,1,0.0,1.0,1,3,0,4228
2,1,0,1,1,0.6,1.0,1.0,0.5,1.0,2,2,0,2,0.5,1.0,1,3,1,4229
2,6,1,1,1,0.8,1.0,1.0,0.6666666666666666,1.0,3,3,0,3,0.5,1.0,1,3,1,4230
3,7,1,1,1,1.0,1.0,1.0,0.75,1.0,4,4,0,4,0.5,1.0,1,3,1,4231
1,1,0,1,0,0.2,0.0,0.0,0.0,0.0,0,0,0,0,0.0,0.0,3,2,0,4232
1,7,1,1,1,0.4,1.0,1.0,0.0,0.0,1,1,0,1,0.0,1.0,3,2,0,4233
2,1,0,1,1,0.6,1.0,1.0,0.5,1.0,2,2,0,2,0.5,1.0,3,2,1,4234
2,6,1,1,1,0.8,1.0,1.0,0.6666666666666666,1.0,3,3,0,3,0.5,1.0,3,2,1,4235
3,7,1,1,1,1.0,1.0,1.0,0.75,1.0,4,4,0,4,0.5,1.0,3,2,1,4236
1,0,0,0,0,0.1429,0.0,0.0,0.0,0.0,0,0,0,0,0.0,0.0,0,3,0,4237
1,1,0,0,0,0.2857,0.0,0.0,0.0,0.0,1,0,0,0,0.0,0.0,0,3,0,4238
1,1,0,1,0,0.4286,0.0,0.0,0.0,0.0,2,0,0,0,0.0,0.0,0,3,0,4239
1,1,0,1,0,0.5714,0.3333333333333333,1.0,0.0,0.0,3,1,0,1,0.0,0.3333333333333333,0,3,0,4240
2,7,1,1,1,0.7143,0.5,1.0,0.0,0.0,4,2,0,2,0.0,0.5,0,3,0,4241
2,7,1,1,1,0.8571,0.6,1.0,0.2,1.0,5,3,0,3,0.5,0.6,0,3,1,4242
3,2,3,1,1,1.0,0.6666666666666666,1.0,0.3333333333333333,1.0,6,4,0,4,0.5,0.6666666666666666,0,3,1,4243
1,1,0,1,0,0.2,0.0,0.0,0.0,0.0,0,0,0,0,0.0,0.0,1,4,0,4244
1,7,1,1,1,0.4,1.0,1.0,0.0,0.0,1,1,0,1,0.0,1.0,1,4,0,4245
2,1,0,1,1,0.6,1.0,1.0,0.5,1.0,2,2,0,2,0.5,1.0,1,4,1,4246
2,6,1,1,1,0.8,1.0,1.0,0.6666666666666666,1.0,3,3,0,3,0.5,1.0,1,4,1,4247
3,7,1,1,1,1.0,1.0,1.0,0.75,1.0,4,4,0,4,0.5,1.0,1,4,1,4248
1,1,0,1,0,0.2,0.0,0.0,0.0,0.0,0,0,0,0,0.0,0.0,0,4,0,4249
1,7,1,1,1,0.4,1.0,1.0,0.0,0.0,1,1,0,1,0.0,1.0,0,4,0,4250
2,1,0,1,1,0.6,1.0,1.0,0.5,1.0,2,2,0,2,0.5,1.0,0,4,1,4251
2,6,1,1,1,0.8,1.0,1.0,0.6666666666666666,1.0,3,3,0,3,0.5,1.0,0,4,1,4252
3,7,1,1,1,1.0,1.0,1.0,0.75,1.0,4,4,0,4,0.5,1.0,0,4,1,4253
1,2,3,0,0,0.1667,0.0,0.0,0.0,0.0,0,0,0,0,0.0,0.0,2,3,0,4254
1,1,0,1,0,0.3333,0.0,0.0,0.0,0.0,1,0,0,0,0.0,0.0,2,3,0,4255
1,1,0,1,0,0.5,0.5,1.0,0.0,0.0,2,1,0,1,0.0,0.5,2,3,0,4256
2,7,1,1,1,0.6667,0.6666666666666666,1.0,0.0,0.0,3,2,0,2,0.0,0.6666666666666666,2,3,0,4257
2,7,1,1,1,0.8333,0.75,1.0,0.25,1.0,4,3,0,3,0.5,0.75,2,3,1,4258
3,6,1,1,1,1.0,0.8,1.0,0.4,1.0,5,4,0,4,0.5,0.8,2,3,1,4259
1,1,0,1,0,0.2,0.0,0.0,0.0,0.0,0,0,0,0,0.0,0.0,1,3,0,4260
1,7,1,1,1,0.4,1.0,1.0,0.0,0.0,1,1,0,1,0.0,1.0,1,3,0,4261
2,1,0,1,1,0.6,1.0,1.0,0.5,1.0,2,2,0,2,0.5,1.0,1,3,1,4262
2,6,1,1,1,0.8,1.0,1.0,0.6666666666666666,1.0,3,3,0,3,0.5,1.0,1,3,1,4263
3,7,1,1,1,1.0,1.0,1.0,0.75,1.0,4,4,0,4,0.5,1.0,1,3,1,4264
1,1,0,1,0,0.2,0.0,0.0,0.0,0.0,0,0,0,0,0.0,0.0,2,2,0,4265
1,7,1,1,1,0.4,1.0,1.0,0.0,0.0,1,1,0,1,0.0,1.0,2,2,0,4266
2,1,0,1,1,0.6,1.0,1.0,0.5,1.0,2,2,0,2,0.5,1.0,2,2,1,4267
2,6,1,1,1,0.8,1.0,1.0,0.6666666666666666,1.0,3,3,0,3,0.5,1.0,2,2,1,4268
3,7,1,1,1,1.0,1.0,1.0,0.75,1.0,4,4,0,4,0.5,1.0,2,2,1,4269
1,2,3,0,0,0.1667,0.0,0.0,0.0,0.0,0,0,0,0,0.0,0.0,0,2,0,4270
1,1,0,1,0,0.3333,0.0,0.0,0.0,0.0,1,0,0,0,0.0,0.0,0,2,0,4271
1,1,0,1,0,0.5,0.5,1.0,0.0,0.0,2,1,0,1,0.0,0.5,0,2,0,4272
2,7,1,1,1,0.6667,0.6666666666666666,1.0,0.0,0.0,3,2,0,2,0.0,0.6666666666666666,0,2,0,4273
2,7,1,1,1,0.8333,0.75,1.0,0.25,1.0,4,3,0,3,0.5,0.75,0,2,1,4274
3,6,1,1,1,1.0,0.8,1.0,0.4,1.0,5,4,0,4,0.5,0.8,0,2,1,4275
1,2,3,0,0,0.1667,0.0,0.0,0.0,0.0,0,0,0,0,0.0,0.0,0,4,0,4276
1,1,0,1,0,0.3333,0.0,0.0,0.0,0.0,1,0,0,0,0.0,0.0,0,4,0,4277
1,1,0,1,0,0.5,0.5,1.0,0.0,0.0,2,1,0,1,0.0,0.5,0,4,0,4278
2,7,1,1,1,0.6667,0.6666666666666666,1.0,0.0,0.0,3,2,0,2,0.0,0.6666666666666666,0,4,0,4279
2,7,1,1,1,0.8333,0.75,1.0,0.25,1.0,4,3,0,3,0.5,0.75,0,4,1,4280
3,6,1,1,1,1.0,0.8,1.0,0.4,1.0,5,4,0,4,0.5,0.8,0,4,1,4281
1,0,0,0,0,0.1429,0.0,0.0,0.0,0.0,0,0,0,0,0.0,0.0,2,3,0,4282
1,1,0,0,0,0.2857,0.0,0.0,0.0,0.0,1,0,0,0,0.0,0.0,2,3,0,4283
1,1,0,1,0,0.4286,0.0,0.0,0.0,0.0,2,0,0,0,0.0,0.0,2,3,0,4284
1,1,0,1,0,0.5714,0.3333333333333333,1.0,0.0,0.0,3,1,0,1,0.0,0.3333333333333333,2,3,0,4285
2,7,1,1,1,0.7143,0.5,1.0,0.0,0.0,4,2,0,2,0.0,0.5,2,3,0,4286
2,7,1,1,1,0.8571,0.6,1.0,0.2,1.0,5,3,0,3,0.5,0.6,2,3,1,4287
3,2,3,1,1,1.0,0.6666666666666666,1.0,0.3333333333333333,1.0,6,4,0,4,0.5,0.6666666666666666,2,3,1,4288
1,2,3,0,0,0.1667,0.0,0.0,0.0,0.0,0,0,0,0,0.0,0.0,0,2,0,4289
1,1,0,1,0,0.3333,0.0,0.0,0.0,0.0,1,0,0,0,0.0,0.0,0,2,0,4290
1,1,0,1,0,0.5,0.5,1.0,0.0,0.0,2,1,0,1,0.0,0.5,0,2,0,4291
2,7,1,1,1,0.6667,0.6666666666666666,1.0,0.0,0.0,3,2,0,2,0.0,0.6666666666666666,0,2,0,4292
2,7,1,1,1,0.8333,0.75,1.0,0.25,1.0,4,3,0,3,0.5,0.75,0,2,1,4293
3,6,1,1,1,1.0,0.8,1.0,0.4,1.0,5,4,0,4,0.5,0.8,0,2,1,4294
1,0,0,0,0,0.1429,0.0,0.0,0.0,0.0,0,0,0,0,0.0,0.0,3,2,0,4295
1,1,0,0,0,0.2857,0.0,0.0,0.0,0.0,1,0,0,0,0.0,0.0,3,2,0,4296
1,1,0,1,0,0.4286,0.0,0.0,0.0,0.0,2,0,0,0,0.0,0.0,3,2,0,4297
1,1,0,1,0,0.5714,0.3333333333333333,1.0,0.0,0.0,3,1,0,1,0.0,0.3333333333333333,3,2,0,4298
2,7,1,1,1,0.7143,0.5,1.0,0.0,0.0,4,2,0,2,0.0,0.5,3,2,0,4299
2,7,1,1,1,0.8571,0.6,1.0,0.2,1.0,5,3,0,3,0.5,0.6,3,2,1,4300
3,2,3,1,1,1.0,0.6666666666666666,1.0,0.3333333333333333,1.0,6,4,0,4,0.5,0.6666666666666666,3,2,1,4301
1,1,0,1,0,0.2,0.0,0.0,0.0,0.0,0,0,0,0,0.0,0.0,0,4,0,4302
1,7,1,1,1,0.4,1.0,1.0,0.0,0.0,1,1,0,1,0.0,1.0,0,4,0,4303
2,1,0,1,1,0.6,1.0,1.0,0.5,1.0,2,2,0,2,0.5,1.0,0,4,1,4304
2,6,1,1,1,0.8,1.0,1.0,0.6666666666666666,1.0,3,3,0,3,0.5,1.0,0,4,1,4305
3,7,1,1,1,1.0,1.0,1.0,0.75,1.0,4,4,0,4,0.5,1.0,0,4,1,4306
1,2,3,0,0,0.1667,0.0,0.0,0.0,0.0,0,0,0,0,0.0,0.0,1,4,0,4307
1,1,0,1,0,0.3333,0.0,0.0,0.0,0.0,1,0,0,0,0.0,0.0,1,4,0,4308
1,1,0,1,0,0.5,0.5,1.0,0.0,0.0,2,1,0,1,0.0,0.5,1,4,0,4309
2,7,1,1,1,0.6667,0.6666666666666666,1.0,0.0,0.0,3,2,0,2,0.0,0.6666666666666666,1,4,0,4310
2,7,1,1,1,0.8333,0.75,1.0,0.25,1.0,4,3,0,3,0.5,0.75,1,4,1,4311
3,6,1,1,1,1.0,0.8,1.0,0.4,1.0,5,4,0,4,0.5,0.8,1,4,1,4312
1,2,3,0,0,0.1667,0.0,0.0,0.0,0.0,0,0,0,0,0.0,0.0,1,2,0,4313
1,1,0,1,0,0.3333,0.0,0.0,0.0,0.0,1,0,0,0,0.0,0.0,1,2,0,4314
1,1,0,1,0,0.5,0.5,1.0,0.0,0.0,2,1,0,1,0.0,0.5,1,2,0,4315
2,7,1,1,1,0.6667,0.6666666666666666,1.0,0.0,0.0,3,2,0,2,0.0,0.6666666666666666,1,2,0,4316
2,7,1,1,1,0.8333,0.75,1.0,0.25,1.0,4,3,0,3,0.5,0.75,1,2,1,4317
3,6,1,1,1,1.0,0.8,1.0,0.4,1.0,5,4,0,4,0.5,0.8,1,2,1,4318
1,0,0,0,0,0.1429,0.0,0.0,0.0,0.0,0,0,0,0,0.0,0.0,3,2,0,4319
1,1,0,0,0,0.2857,0.0,0.0,0.0,0.0,1,0,0,0,0.0,0.0,3,2,0,4320
1,1,0,1,0,0.4286,0.0,0.0,0.0,0.0,2,0,0,0,0.0,0.0,3,2,0,4321
1,1,0,1,0,0.5714,0.3333333333333333,1.0,0.0,0.0,3,1,0,1,0.0,0.3333333333333333,3,2,0,4322
2,7,1,1,1,0.7143,0.5,1.0,0.0,0.0,4,2,0,2,0.0,0.5,3,2,0,4323
2,7,1,1,1,0.8571,0.6,1.0,0.2,1.0,5,3,0,3,0.5,0.6,3,2,1,4324
3,2,3,1,1,1.0,0.6666666666666666,1.0,0.3333333333333333,1.0,6,4,0,4,0.5,0.6666666666666666,3,2,1,4325
1,2,3,0,0,0.1667,0.0,0.0,0.0,0.0,0,0,0,0,0.0,0.0,3,2,0,4326
1,1,0,1,0,0.3333,0.0,0.0,0.0,0.0,1,0,0,0,0.0,0.0,3,2,0,4327
1,1,0,1,0,0.5,0.5,1.0,0.0,0.0,2,1,0,1,0.0,0.5,3,2,0,4328
2,7,1,1,1,0.6667,0.6666666666666666,1.0,0.0,0.0,3,2,0,2,0.0,0.6666666666666666,3,2,0,4329
2,7,1,1,1,0.8333,0.75,1.0,0.25,1.0,4,3,0,3,0.5,0.75,3,2,1,4330
3,6,1,1,1,1.0,0.8,1.0,0.4,1.0,5,4,0,4,0.5,0.8,3,2,1,4331
1,2,3,0,0,0.1667,0.0,0.0,0.0,0.0,0,0,0,0,0.0,0.0,0,4,0,4332
1,1,0,1,0,0.3333,0.0,0.0,0.0,0.0,1,0,0,0,0.0,0.0,0,4,0,4333
1,1,0,1,0,0.5,0.5,1.0,0.0,0.0,2,1,0,1,0.0,0.5,0,4,0,4334
2,7,1,1,1,0.6667,0.6666666666666666,1.0,0.0,0.0,3,2,0,2,0.0,0.6666666666666666,0,4,0,4335
2,7,1,1,1,0.8333,0.75,1.0,0.25,1.0,4,3,0,3,0.5,0.75,0,4,1,4336
3,6,1,1,1,1.0,0.8,1.0,0.4,1.0,5,4,0,4,0.5,0.8,0,4,1,4337
1,1,0,1,0,0.2,0.0,0.0,0.0,0.0,0,0,0,0,0.0,0.0,1,3,0,4338
1,7,1,1,1,0.4,1.0,1.0,0.0,0.0,1,1,0,1,0.0,1.0,1,3,0,4339
2,1,0,1,1,0.6,1.0,1.0,0.5,1.0,2,2,0,2,0.5,1.0,1,3,1,4340
2,6,1,1,1,0.8,1.0,1.0,0.6666666666666666,1.0,3,3,0,3,0.5,1.0,1,3,1,4341
3,7,1,1,1,1.0,1.0,1.0,0.75,1.0,4,4,0,4,0.5,1.0,1,3,1,4342
1,2,3,0,0,0.1667,0.0,0.0,0.0,0.0,0,0,0,0,0.0,0.0,1,2,0,4343
1,1,0,1,0,0.3333,0.0,0.0,0.0,0.0,1,0,0,0,0.0,0.0,1,2,0,4344
1,1,0,1,0,0.5,0.5,1.0,0.0,0.0,2,1,0,1,0.0,0.5,1,2,0,4345
2,7,1,1,1,0.6667,0.6666666666666666,1.0,0.0,0.0,3,2,0,2,0.0,0.6666666666666666,1,2,0,4346
2,7,1,1,1,0.8333,0.75,1.0,0.25,1.0,4,3,0,3,0.5,0.75,1,2,1,4347
3,6,1,1,1,1.0,0.8,1.0,0.4,1.0,5,4,0,4,0.5,0.8,1,2,1,4348
1,2,3,0,0,0.1667,0.0,0.0,0.0,0.0,0,0,0,0,0.0,0.0,3,2,0,4349
1,1,0,1,0,0.3333,0.0,0.0,0.0,0.0,1,0,0,0,0.0,0.0,3,2,0,4350
1,1,0,1,0,0.5,0.5,1.0,0.0,0.0,2,1,0,1,0.0,0.5,3,2,0,4351
2,7,1,1,1,0.6667,0.6666666666666666,1.0,0.0,0.0,3,2,0,2,0.0,0.6666666666666666,3,2,0,4352
2,7,1,1,1,0.8333,0.75,1.0,0.25,1.0,4,3,0,3,0.5,0.75,3,2,1,4353
3,6,1,1,1,1.0,0.8,1.0,0.4,1.0,5,4,0,4,0.5,0.8,3,2,1,4354
1,0,0,0,0,0.1429,0.0,0.0,0.0,0.0,0,0,0,0,0.0,0.0,1,2,0,4355
1,1,0,0,0,0.2857,0.0,0.0,0.0,0.0,1,0,0,0,0.0,0.0,1,2,0,4356
1,1,0,1,0,0.4286,0.0,0.0,0.0,0.0,2,0,0,0,0.0,0.0,1,2,0,4357
1,1,0,1,0,0.5714,0.3333333333333333,1.0,0.0,0.0,3,1,0,1,0.0,0.3333333333333333,1,2,0,4358
2,7,1,1,1,0.7143,0.5,1.0,0.0,0.0,4,2,0,2,0.0,0.5,1,2,0,4359
2,7,1,1,1,0.8571,0.6,1.0,0.2,1.0,5,3,0,3,0.5,0.6,1,2,1,4360
3,2,3,1,1,1.0,0.6666666666666666,1.0,0.3333333333333333,1.0,6,4,0,4,0.5,0.6666666666666666,1,2,1,4361
1,0,0,0,0,0.1429,0.0,0.0,0.0,0.0,0,0,0,0,0.0,0.0,2,3,0,4362
1,1,0,0,0,0.2857,0.0,0.0,0.0,0.0,1,0,0,0,0.0,0.0,2,3,0,4363
1,1,0,1,0,0.4286,0.0,0.0,0.0,0.0,2,0,0,0,0.0,0.0,2,3,0,4364
1,1,0,1,0,0.5714,0.3333333333333333,1.0,0.0,0.0,3,1,0,1,0.0,0.3333333333333333,2,3,0,4365
2,7,1,1,1,0.7143,0.5,1.0,0.0,0.0,4,2,0,2,0.0,0.5,2,3,0,4366
2,7,1,1,1,0.8571,0.6,1.0,0.2,1.0,5,3,0,3,0.5,0.6,2,3,1,4367
3,2,3,1,1,1.0,0.6666666666666666,1.0,0.3333333333333333,1.0,6,4,0,4,0.5,0.6666666666666666,2,3,1,4368
1,2,3,0,0,0.1667,0.0,0.0,0.0,0.0,0,0,0,0,0.0,0.0,1,4,0,4369
1,1,0,1,0,0.3333,0.0,0.0,0.0,0.0,1,0,0,0,0.0,0.0,1,4,0,4370
1,1,0,1,0,0.5,0.5,1.0,0.0,0.0,2,1,0,1,0.0,0.5,1,4,0,4371
2,7,1,1,1,0.6667,0.6666666666666666,1.0,0.0,0.0,3,2,0,2,0.0,0.6666666666666666,1,4,0,4372
2,7,1,1,1,0.8333,0.75,1.0,0.25,1.0,4,3,0,3,0.5,0.75,1,4,1,4373
3,6,1,1,1,1.0,0.8,1.0,0.4,1.0,5,4,0,4,0.5,0.8,1,4,1,4374
1,2,3,0,0,0.1667,0.0,0.0,0.0,0.0,0,0,0,0,0.0,0.0,3,3,0,4375
1,1,0,1,0,0.3333,0.0,0.0,0.0,0.0,1,0,0,0,0.0,0.0,3,3,0,4376
1,1,0,1,0,0.5,0.5,1.0,0.0,0.0,2,1,0,1,0.0,0.5,3,3,0,4377
2,7,1,1,1,0.6667,0.6666666666666666,1.0,0.0,0.0,3,2,0,2,0.0,0.6666666666666666,3,3,0,4378
2,7,1,1,1,0.8333,0.75,1.0,0.25,1.0,4,3,0,3,0.5,0.75,3,3,1,4379
3,6,1,1,1,1.0,0.8,1.0,0.4,1.0,5,4,0,4,0.5,0.8,3,3,1,4380
1,2,3,0,0,0.1667,0.0,0.0,0.0,0.0,0,0,0,0,0.0,0.0,1,4,0,4381
1,1,0,1,0,0.3333,0.0,0.0,0.0,0.0,1,0,0,0,0.0,0.0,1,4,0,4382
1,1,0,1,0,0.5,0.5,1.0,0.0,0.0,2,1,0,1,0.0,0.5,1,4,0,4383
2,7,1,1,1,0.6667,0.6666666666666666,1.0,0.0,0.0,3,2,0,2,0.0,0.6666666666666666,1,4,0,4384
2,7,1,1,1,0.8333,0.75,1.0,0.25,1.0,4,3,0,3,0.5,0.75,1,4,1,4385
3,6,1,1,1,1.0,0.8,1.0,0.4,1.0,5,4,0,4,0.5,0.8,1,4,1,4386
1,0,0,0,0,0.1429,0.0,0.0,0.0,0.0,0,0,0,0,0.0,0.0,1,2,0,4387
1,1,0,0,0,0.2857,0.0,0.0,0.0,0.0,1,0,0,0,0.0,0.0,1,2,0,4388
1,1,0,1,0,0.4286,0.0,0.0,0.0,0.0,2,0,0,0,0.0,0.0,1,2,0,4389
1,1,0,1,0,0.5714,0.3333333333333333,1.0,0.0,0.0,3,1,0,1,0.0,0.3333333333333333,1,2,0,4390
2,7,1,1,1,0.7143,0.5,1.0,0.0,0.0,4,2,0,2,0.0,0.5,1,2,0,4391
2,7,1,1,1,0.8571,0.6,1.0,0.2,1.0,5,3,0,3,0.5,0.6,1,2,1,4392
3,2,3,1,1,1.0,0.6666666666666666,1.0,0.3333333333333333,1.0,6,4,0,4,0.5,0.6666666666666666,1,2,1,4393
1,0,0,0,0,0.1429,0.0,0.0,0.0,0.0,0,0,0,0,0.0,0.0,2,3,0,4394
1,1,0,0,0,0.2857,0.0,0.0,0.0,0.0,1,0,0,0,0.0,0.0,2,3,0,4395
1,1,0,1,0,0.4286,0.0,0.0,0.0,0.0,2,0,0,0,0.0,0.0,2,3,0,4396
1,1,0,1,0,0.5714,0.3333333333333333,1.0,0.0,0.0,3,1,0,1,0.0,0.3333333333333333,2,3,0,4397
2,7,1,1,1,0.7143,0.5,1.0,0.0,0.0,4,2,0,2,0.0,0.5,2,3,0,4398
2,7,1,1,1,0.8571,0.6,1.0,0.2,1.0,5,3,0,3,0.5,0.6,2,3,1,4399
3,2,3,1,1,1.0,0.6666666666666666,1.0,0.3333333333333333,1.0,6,4,0,4,0.5,0.6666666666666666,2,3,1,4400
1,2,3,0,0,0.1667,0.0,0.0,0.0,0.0,0,0,0,0,0.0,0.0,2,2,0,4401
1,1,0,1,0,0.3333,0.0,0.0,0.0,0.0,1,0,0,0,0.0,0.0,2,2,0,4402
1,1,0,1,0,0.5,0.5,1.0,0.0,0.0,2,1,0,1,0.0,0.5,2,2,0,4403
2,7,1,1,1,0.6667,0.6666666666666666,1.0,0.0,0.0,3,2,0,2,0.0,0.6666666666666666,2,2,0,4404
2,7,1,1,1,0.8333,0.75,1.0,0.25,1.0,4,3,0,3,0.5,0.75,2,2,1,4405
3,6,1,1,1,1.0,0.8,1.0,0.4,1.0,5,4,0,4,0.5,0.8,2,2,1,4406
1,2,3,0,0,0.1667,0.0,0.0,0.0,0.0,0,0,0,0,0.0,0.0,1,2,0,4407
1,1,0,1,0,0.3333,0.0,0.0,0.0,0.0,1,0,0,0,0.0,0.0,1,2,0,4408
1,1,0,1,0,0.5,0.5,1.0,0.0,0.0,2,1,0,1,0.0,0.5,1,2,0,4409
2,7,1,1,1,0.6667,0.6666666666666666,1.0,0.0,0.0,3,2,0,2,0.0,0.6666666666666666,1,2,0,4410
2,7,1,1,1,0.8333,0.75,1.0,0.25,1.0,4,3,0,3,0.5,0.75,1,2,1,4411
3,6,1,1,1,1.0,0.8,1.0,0.4,1.0,5,4,0,4,0.5,0.8,1,2,1,4412
1,1,0,1,0,0.2,0.0,0.0,0.0,0.0,0,0,0,0,0.0,0.0,3,3,0,4413
1,7,1,1,1,0.4,1.0,1.0,0.0,0.0,1,1,0,1,0.0,1.0,3,3,0,4414
2,1,0,1,1,0.6,1.0,1.0,0.5,1.0,2,2,0,2,0.5,1.0,3,3,1,4415
2,6,1,1,1,0.8,1.0,1.0,0.6666666666666666,1.0,3,3,0,3,0.5,1.0,3,3,1,4416
3,7,1,1,1,1.0,1.0,1.0,0.75,1.0,4,4,0,4,0.5,1.0,3,3,1,4417
1,1,0,1,0,0.2,0.0,0.0,0.0,0.0,0,0,0,0,0.0,0.0,3,4,0,4418
1,7,1,1,1,0.4,1.0,1.0,0.0,0.0,1,1,0,1,0.0,1.0,3,4,0,4419
2,1,0,1,1,0.6,1.0,1.0,0.5,1.0,2,2,0,2,0.5,1.0,3,4,1,4420
2,6,1,1,1,0.8,1.0,1.0,0.6666666666666666,1.0,3,3,0,3,0.5,1.0,3,4,1,4421
3,7,1,1,1,1.0,1.0,1.0,0.75,1.0,4,4,0,4,0.5,1.0,3,4,1,4422
1,1,0,1,0,0.2,0.0,0.0,0.0,0.0,0,0,0,0,0.0,0.0,3,4,0,4423
1,7,1,1,1,0.4,1.0,1.0,0.0,0.0,1,1,0,1,0.0,1.0,3,4,0,4424
2,1,0,1,1,0.6,1.0,1.0,0.5,1.0,2,2,0,2,0.5,1.0,3,4,1,4425
2,6,1,1,1,0.8,1.0,1.0,0.6666666666666666,1.0,3,3,0,3,0.5,1.0,3,4,1,4426
3,7,1,1,1,1.0,1.0,1.0,0.75,1.0,4,4,0,4,0.5,1.0,3,4,1,4427
1,2,3,0,0,0.1667,0.0,0.0,0.0,0.0,0,0,0,0,0.0,0.0,0,3,0,4428
1,1,0,1,0,0.3333,0.0,0.0,0.0,0.0,1,0,0,0,0.0,0.0,0,3,0,4429
1,1,0,1,0,0.5,0.5,1.0,0.0,0.0,2,1,0,1,0.0,0.5,0,3,0,4430
2,7,1,1,1,0.6667,0.6666666666666666,1.0,0.0,0.0,3,2,0,2,0.0,0.6666666666666666,0,3,0,4431
2,7,1,1,1,0.8333,0.75,1.0,0.25,1.0,4,3,0,3,0.5,0.75,0,3,1,4432
3,6,1,1,1,1.0,0.8,1.0,0.4,1.0,5,4,0,4,0.5,0.8,0,3,1,4433
1,2,3,0,0,0.1667,0.0,0.0,0.0,0.0,0,0,0,0,0.0,0.0,1,3,0,4434
1,1,0,1,0,0.3333,0.0,0.0,0.0,0.0,1,0,0,0,0.0,0.0,1,3,0,4435
1,1,0,1,0,0.5,0.5,1.0,0.0,0.0,2,1,0,1,0.0,0.5,1,3,0,4436
2,7,1,1,1,0.6667,0.6666666666666666,1.0,0.0,0.0,3,2,0,2,0.0,0.6666666666666666,1,3,0,4437
2,7,1,1,1,0.8333,0.75,1.0,0.25,1.0,4,3,0,3,0.5,0.75,1,3,1,4438
3,6,1,1,1,1.0,0.8,1.0,0.4,1.0,5,4,0,4,0.5,0.8,1,3,1,4439
1,1,0,1,0,0.2,0.0,0.0,0.0,0.0,0,0,0,0,0.0,0.0,3,3,0,4440
1,7,1,1,1,0.4,1.0,1.0,0.0,0.0,1,1,0,1,0.0,1.0,3,3,0,4441
2,1,0,1,1,0.6,1.0,1.0,0.5,1.0,2,2,0,2,0.5,1.0,3,3,1,4442
2,6,1,1,1,0.8,1.0,1.0,0.6666666666666666,1.0,3,3,0,3,0.5,1.0,3,3,1,4443
3,7,1,1,1,1.0,1.0,1.0,0.75,1.0,4,4,0,4,0.5,1.0,3,3,1,4444
1,2,3,0,0,0.1667,0.0,0.0,0.0,0.0,0,0,0,0,0.0,0.0,1,3,0,4445
1,1,0,1,0,0.3333,0.0,0.0,0.0,0.0,1,0,0,0,0.0,0.0,1,3,0,4446
1,1,0,1,0,0.5,0.5,1.0,0.0,0.0,2,1,0,1,0.0,0.5,1,3,0,4447
2,7,1,1,1,0.6667,0.6666666666666666,1.0,0.0,0.0,3,2,0,2,0.0,0.6666666666666666,1,3,0,4448
2,7,1,1,1,0.8333,0.75,1.0,0.25,1.0,4,3,0,3,0.5,0.75,1,3,1,4449
3,6,1,1,1,1.0,0.8,1.0,0.4,1.0,5,4,0,4,0.5,0.8,1,3,1,4450
1,1,0,1,0,0.2,0.0,0.0,0.0,0.0,0,0,0,0,0.0,0.0,2,4,0,4451
1,7,1,1,1,0.4,1.0,1.0,0.0,0.0,1,1,0,1,0.0,1.0,2,4,0,4452
2,1,0,1,1,0.6,1.0,1.0,0.5,1.0,2,2,0,2,0.5,1.0,2,4,1,4453
2,6,1,1,1,0.8,1.0,1.0,0.6666666666666666,1.0,3,3,0,3,0.5,1.0,2,4,1,4454
3,7,1,1,1,1.0,1.0,1.0,0.75,1.0,4,4,0,4,0.5,1.0,2,4,1,4455
1,1,0,1,0,0.2,0.0,0.0,0.0,0.0,0,0,0,0,0.0,0.0,1,3,0,4456
1,7,1,1,1,0.4,1.0,1.0,0.0,0.0,1,1,0,1,0.0,1.0,1,3,0,4457
2,1,0,1,1,0.6,1.0,1.0,0.5,1.0,2,2,0,2,0.5,1.0,1,3,1,4458
2,6,1,1,1,0.8,1.0,1.0,0.6666666666666666,1.0,3,3,0,3,0.5,1.0,1,3,1,4459
3,7,1,1,1,1.0,1.0,1.0,0.75,1.0,4,4,0,4,0.5,1.0,1,3,1,4460
1,1,0,1,0,0.2,0.0,0.0,0.0,0.0,0,0,0,0,0.0,0.0,2,4,0,4461
1,7,1,1,1,0.4,1.0,1.0,0.0,0.0,1,1,0,1,0.0,1.0,2,4,0,4462
2,1,0,1,1,0.6,1.0,1.0,0.5,1.0,2,2,0,2,0.5,1.0,2,4,1,4463
2,6,1,1,1,0.8,1.0,1.0,0.6666666666666666,1.0,3,3,0,3,0.5,1.0,2,4,1,4464
3,7,1,1,1,1.0,1.0,1.0,0.75,1.0,4,4,0,4,0.5,1.0,2,4,1,4465
1,0,0,0,0,0.1429,0.0,0.0,0.0,0.0,0,0,0,0,0.0,0.0,2,3,0,4466
1,1,0,0,0,0.2857,0.0,0.0,0.0,0.0,1,0,0,0,0.0,0.0,2,3,0,4467
1,1,0,1,0,0.4286,0.0,0.0,0.0,0.0,2,0,0,0,0.0,0.0,2,3,0,4468
1,1,0,1,0,0.5714,0.3333333333333333,1.0,0.0,0.0,3,1,0,1,0.0,0.3333333333333333,2,3,0,4469
2,7,1,1,1,0.7143,0.5,1.0,0.0,0.0,4,2,0,2,0.0,0.5,2,3,0,4470
2,7,1,1,1,0.8571,0.6,1.0,0.2,1.0,5,3,0,3,0.5,0.6,2,3,1,4471
3,2,3,1,1,1.0,0.6666666666666666,1.0,0.3333333333333333,1.0,6,4,0,4,0.5,0.6666666666666666,2,3,1,4472
1,1,0,1,0,0.2,0.0,0.0,0.0,0.0,0,0,0,0,0.0,0.0,3,4,0,4473
1,7,1,1,1,0.4,1.0,1.0,0.0,0.0,1,1,0,1,0.0,1.0,3,4,0,4474
2,1,0,1,1,0.6,1.0,1.0,0.5,1.0,2,2,0,2,0.5,1.0,3,4,1,4475
2,6,1,1,1,0.8,1.0,1.0,0.6666666666666666,1.0,3,3,0,3,0.5,1.0,3,4,1,4476
3,7,1,1,1,1.0,1.0,1.0,0.75,1.0,4,4,0,4,0.5,1.0,3,4,1,4477
1,2,3,0,0,0.1667,0.0,0.0,0.0,0.0,0,0,0,0,0.0,0.0,2,2,0,4478
1,1,0,1,0,0.3333,0.0,0.0,0.0,0.0,1,0,0,0,0.0,0.0,2,2,0,4479
1,1,0,1,0,0.5,0.5,1.0,0.0,0.0,2,1,0,1,0.0,0.5,2,2,0,4480
2,7,1,1,1,0.6667,0.6666666666666666,1.0,0.0,0.0,3,2,0,2,0.0,0.6666666666666666,2,2,0,4481
2,7,1,1,1,0.8333,0.75,1.0,0.25,1.0,4,3,0,3,0.5,0.75,2,2,1,4482
3,6,1,1,1,1.0,0.8,1.0,0.4,1.0,5,4,0,4,0.5,0.8,2,2,1,4483
1,0,0,0,0,0.1429,0.0,0.0,0.0,0.0,0,0,0,0,0.0,0.0,3,3,0,4484
1,1,0,0,0,0.2857,0.0,0.0,0.0,0.0,1,0,0,0,0.0,0.0,3,3,0,4485
1,1,0,1,0,0.4286,0.0,0.0,0.0,0.0,2,0,0,0,0.0,0.0,3,3,0,4486
1,1,0,1,0,0.5714,0.3333333333333333,1.0,0.0,0.0,3,1,0,1,0.0,0.3333333333333333,3,3,0,4487
2,7,1,1,1,0.7143,0.5,1.0,0.0,0.0,4,2,0,2,0.0,0.5,3,3,0,4488
2,7,1,1,1,0.8571,0.6,1.0,0.2,1.0,5,3,0,3,0.5,0.6,3,3,1,4489
3,2,3,1,1,1.0,0.6666666666666666,1.0,0.3333333333333333,1.0,6,4,0,4,0.5,0.6666666666666666,3,3,1,4490
1,0,0,0,0,0.1429,0.0,0.0,0.0,0.0,0,0,0,0,0.0,0.0,0,4,0,4491
1,1,0,0,0,0.2857,0.0,0.0,0.0,0.0,1,0,0,0,0.0,0.0,0,4,0,4492
1,1,0,1,0,0.4286,0.0,0.0,0.0,0.0,2,0,0,0,0.0,0.0,0,4,0,4493
1,1,0,1,0,0.5714,0.3333333333333333,1.0,0.0,0.0,3,1,0,1,0.0,0.3333333333333333,0,4,0,4494
2,7,1,1,1,0.7143,0.5,1.0,0.0,0.0,4,2,0,2,0.0,0.5,0,4,0,4495
2,7,1,1,1,0.8571,0.6,1.0,0.2,1.0,5,3,0,3,0.5,0.6,0,4,1,4496
3,2,3,1,1,1.0,0.6666666666666666,1.0,0.3333333333333333,1.0,6,4,0,4,0.5,0.6666666666666666,0,4,1,4497
1,2,3,0,0,0.1667,0.0,0.0,0.0,0.0,0,0,0,0,0.0,0.0,1,3,0,4498
1,1,0,1,0,0.3333,0.0,0.0,0.0,0.0,1,0,0,0,0.0,0.0,1,3,0,4499
1,1,0,1,0,0.5,0.5,1.0,0.0,0.0,2,1,0,1,0.0,0.5,1,3,0,4500
2,7,1,1,1,0.6667,0.6666666666666666,1.0,0.0,0.0,3,2,0,2,0.0,0.6666666666666666,1,3,0,4501
2,7,1,1,1,0.8333,0.75,1.0,0.25,1.0,4,3,0,3,0.5,0.75,1,3,1,4502
3,6,1,1,1,1.0,0.8,1.0,0.4,1.0,5,4,0,4,0.5,0.8,1,3,1,4503
1,0,0,0,0,0.1429,0.0,0.0,0.0,0.0,0,0,0,0,0.0,0.0,0,3,0,4504
1,1,0,0,0,0.2857,0.0,0.0,0.0,0.0,1,0,0,0,0.0,0.0,0,3,0,4505
1,1,0,1,0,0.4286,0.0,0.0,0.0,0.0,2,0,0,0,0.0,0.0,0,3,0,4506
1,1,0,1,0,0.5714,0.3333333333333333,1.0,0.0,0.0,3,1,0,1,0.0,0.3333333333333333,0,3,0,4507
2,7,1,1,1,0.7143,0.5,1.0,0.0,0.0,4,2,0,2,0.0,0.5,0,3,0,4508
2,7,1,1,1,0.8571,0.6,1.0,0.2,1.0,5,3,0,3,0.5,0.6,0,3,1,4509
3,2,3,1,1,1.0,0.6666666666666666,1.0,0.3333333333333333,1.0,6,4,0,4,0.5,0.6666666666666666,0,3,1,4510
1,1,0,1,0,0.2,0.0,0.0,0.0,0.0,0,0,0,0,0.0,0.0,1,2,0,4511
1,7,1,1,1,0.4,1.0,1.0,0.0,0.0,1,1,0,1,0.0,1.0,1,2,0,4512
2,1,0,1,1,0.6,1.0,1.0,0.5,1.0,2,2,0,2,0.5,1.0,1,2,1,4513
2,6,1,1,1,0.8,1.0,1.0,0.6666666666666666,1.0,3,3,0,3,0.5,1.0,1,2,1,4514
3,7,1,1,1,1.0,1.0,1.0,0.75,1.0,4,4,0,4,0.5,1.0,1,2,1,4515
1,2,3,0,0,0.1667,0.0,0.0,0.0,0.0,0,0,0,0,0.0,0.0,1,2,0,4516
1,1,0,1,0,0.3333,0.0,0.0,0.0,0.0,1,0,0,0,0.0,0.0,1,2,0,4517
1,1,0,1,0,0.5,0.5,1.0,0.0,0.0,2,1,0,1,0.0,0.5,1,2,0,4518
2,7,1,1,1,0.6667,0.6666666666666666,1.0,0.0,0.0,3,2,0,2,0.0,0.6666666666666666,1,2,0,4519
2,7,1,1,1,0.8333,0.75,1.0,0.25,1.0,4,3,0,3,0.5,0.75,1,2,1,4520
3,6,1,1,1,1.0,0.8,1.0,0.4,1.0,5,4,0,4,0.5,0.8,1,2,1,4521
1,1,0,1,0,0.2,0.0,0.0,0.0,0.0,0,0,0,0,0.0,0.0,1,3,0,4522
1,7,1,1,1,0.4,1.0,1.0,0.0,0.0,1,1,0,1,0.0,1.0,1,3,0,4523
2,1,0,1,1,0.6,1.0,1.0,0.5,1.0,2,2,0,2,0.5,1.0,1,3,1,4524
2,6,1,1,1,0.8,1.0,1.0,0.6666666666666666,1.0,3,3,0,3,0.5,1.0,1,3,1,4525
3,7,1,1,1,1.0,1.0,1.0,0.75,1.0,4,4,0,4,0.5,1.0,1,3,1,4526
1,2,3,0,0,0.1667,0.0,0.0,0.0,0.0,0,0,0,0,0.0,0.0,1,4,0,4527
1,1,0,1,0,0.3333,0.0,0.0,0.0,0.0,1,0,0,0,0.0,0.0,1,4,0,4528
1,1,0,1,0,0.5,0.5,1.0,0.0,0.0,2,1,0,1,0.0,0.5,1,4,0,4529
2,7,1,1,1,0.6667,0.6666666666666666,1.0,0.0,0.0,3,2,0,2,0.0,0.6666666666666666,1,4,0,4530
2,7,1,1,1,0.8333,0.75,1.0,0.25,1.0,4,3,0,3,0.5,0.75,1,4,1,4531
3,6,1,1,1,1.0,0.8,1.0,0.4,1.0,5,4,0,4,0.5,0.8,1,4,1,4532
1,2,3,0,0,0.1667,0.0,0.0,0.0,0.0,0,0,0,0,0.0,0.0,3,4,0,4533
1,1,0,1,0,0.3333,0.0,0.0,0.0,0.0,1,0,0,0,0.0,0.0,3,4,0,4534
1,1,0,1,0,0.5,0.5,1.0,0.0,0.0,2,1,0,1,0.0,0.5,3,4,0,4535
2,7,1,1,1,0.6667,0.6666666666666666,1.0,0.0,0.0,3,2,0,2,0.0,0.6666666666666666,3,4,0,4536
2,7,1,1,1,0.8333,0.75,1.0,0.25,1.0,4,3,0,3,0.5,0.75,3,4,1,4537
3,6,1,1,1,1.0,0.8,1.0,0.4,1.0,5,4,0,4,0.5,0.8,3,4,1,4538
1,2,3,0,0,0.1667,0.0,0.0,0.0,0.0,0,0,0,0,0.0,0.0,2,4,0,4539
1,1,0,1,0,0.3333,0.0,0.0,0.0,0.0,1,0,0,0,0.0,0.0,2,4,0,4540
1,1,0,1,0,0.5,0.5,1.0,0.0,0.0,2,1,0,1,0.0,0.5,2,4,0,4541
2,7,1,1,1,0.6667,0.6666666666666666,1.0,0.0,0.0,3,2,0,2,0.0,0.6666666666666666,2,4,0,4542
2,7,1,1,1,0.8333,0.75,1.0,0.25,1.0,4,3,0,3,0.5,0.75,2,4,1,4543
3,6,1,1,1,1.0,0.8,1.0,0.4,1.0,5,4,0,4,0.5,0.8,2,4,1,4544
1,0,0,0,0,0.1429,0.0,0.0,0.0,0.0,0,0,0,0,0.0,0.0,0,2,0,4545
1,1,0,0,0,0.2857,0.0,0.0,0.0,0.0,1,0,0,0,0.0,0.0,0,2,0,4546
1,1,0,1,0,0.4286,0.0,0.0,0.0,0.0,2,0,0,0,0.0,0.0,0,2,0,4547
1,1,0,1,0,0.5714,0.3333333333333333,1.0,0.0,0.0,3,1,0,1,0.0,0.3333333333333333,0,2,0,4548
2,7,1,1,1,0.7143,0.5,1.0,0.0,0.0,4,2,0,2,0.0,0.5,0,2,0,4549
2,7,1,1,1,0.8571,0.6,1.0,0.2,1.0,5,3,0,3,0.5,0.6,0,2,1,4550
3,2,3,1,1,1.0,0.6666666666666666,1.0,0.3333333333333333,1.0,6,4,0,4,0.5,0.6666666666666666,0,2,1,4551
1,2,3,0,0,0.1667,0.0,0.0,0.0,0.0,0,0,0,0,0.0,0.0,1,4,0,4552
1,1,0,1,0,0.3333,0.0,0.0,0.0,0.0,1,0,0,0,0.0,0.0,1,4,0,4553
1,1,0,1,0,0.5,0.5,1.0,0.0,0.0,2,1,0,1,0.0,0.5,1,4,0,4554
2,7,1,1,1,0.6667,0.6666666666666666,1.0,0.0,0.0,3,2,0,2,0.0,0.6666666666666666,1,4,0,4555
2,7,1,1,1,0.8333,0.75,1.0,0.25,1.0,4,3,0,3,0.5,0.75,1,4,1,4556
3,6,1,1,1,1.0,0.8,1.0,0.4,1.0,5,4,0,4,0.5,0.8,1,4,1,4557
1,2,3,0,0,0.1667,0.0,0.0,0.0,0.0,0,0,0,0,0.0,0.0,3,2,0,4558
1,1,0,1,0,0.3333,0.0,0.0,0.0,0.0,1,0,0,0,0.0,0.0,3,2,0,4559
1,1,0,1,0,0.5,0.5,1.0,0.0,0.0,2,1,0,1,0.0,0.5,3,2,0,4560
2,7,1,1,1,0.6667,0.6666666666666666,1.0,0.0,0.0,3,2,0,2,0.0,0.6666666666666666,3,2,0,4561
2,7,1,1,1,0.8333,0.75,1.0,0.25,1.0,4,3,0,3,0.5,0.75,3,2,1,4562
3,6,1,1,1,1.0,0.8,1.0,0.4,1.0,5,4,0,4,0.5,0.8,3,2,1,4563
1,2,3,0,0,0.1667,0.0,0.0,0.0,0.0,0,0,0,0,0.0,0.0,0,4,0,4564
1,1,0,1,0,0.3333,0.0,0.0,0.0,0.0,1,0,0,0,0.0,0.0,0,4,0,4565
1,1,0,1,0,0.5,0.5,1.0,0.0,0.0,2,1,0,1,0.0,0.5,0,4,0,4566
2,7,1,1,1,0.6667,0.6666666666666666,1.0,0.0,0.0,3,2,0,2,0.0,0.6666666666666666,0,4,0,4567
2,7,1,1,1,0.8333,0.75,1.0,0.25,1.0,4,3,0,3,0.5,0.75,0,4,1,4568
3,6,1,1,1,1.0,0.8,1.0,0.4,1.0,5,4,0,4,0.5,0.8,0,4,1,4569
1,1,0,1,0,0.2,0.0,0.0,0.0,0.0,0,0,0,0,0.0,0.0,0,2,0,4570
1,7,1,1,1,0.4,1.0,1.0,0.0,0.0,1,1,0,1,0.0,1.0,0,2,0,4571
2,1,0,1,1,0.6,1.0,1.0,0.5,1.0,2,2,0,2,0.5,1.0,0,2,1,4572
2,6,1,1,1,0.8,1.0,1.0,0.6666666666666666,1.0,3,3,0,3,0.5,1.0,0,2,1,4573
3,7,1,1,1,1.0,1.0,1.0,0.75,1.0,4,4,0,4,0.5,1.0,0,2,1,4574
1,2,3,0,0,0.1667,0.0,0.0,0.0,0.0,0,0,0,0,0.0,0.0,3,2,0,4575
1,1,0,1,0,0.3333,0.0,0.0,0.0,0.0,1,0,0,0,0.0,0.0,3,2,0,4576
1,1,0,1,0,0.5,0.5,1.0,0.0,0.0,2,1,0,1,0.0,0.5,3,2,0,4577
2,7,1,1,1,0.6667,0.6666666666666666,1.0,0.0,0.0,3,2,0,2,0.0,0.6666666666666666,3,2,0,4578
2,7,1,1,1,0.8333,0.75,1.0,0.25,1.0,4,3,0,3,0.5,0.75,3,2,1,4579
3,6,1,1,1,1.0,0.8,1.0,0.4,1.0,5,4,0,4,0.5,0.8,3,2,1,4580
1,0,0,0,0,0.1429,0.0,0.0,0.0,0.0,0,0,0,0,0.0,0.0,1,3,0,4581
1,1,0,0,0,0.2857,0.0,0.0,0.0,0.0,1,0,0,0,0.0,0.0,1,3,0,4582
1,1,0,1,0,0.4286,0.0,0.0,0.0,0.0,2,0,0,0,0.0,0.0,1,3,0,4583
1,1,0,1,0,0.5714,0.3333333333333333,1.0,0.0,0.0,3,1,0,1,0.0,0.3333333333333333,1,3,0,4584
2,7,1,1,1,0.7143,0.5,1.0,0.0,0.0,4,2,0,2,0.0,0.5,1,3,0,4585
2,7,1,1,1,0.8571,0.6,1.0,0.2,1.0,5,3,0,3,0.5,0.6,1,3,1,4586
3,2,3,1,1,1.0,0.6666666666666666,1.0,0.3333333333333333,1.0,6,4,0,4,0.5,0.6666666666666666,1,3,1,4587
1,1,0,1,0,0.2,0.0,0.0,0.0,0.0,0,0,0,0,0.0,0.0,1,3,0,4588
1,7,1,1,1,0.4,1.0,1.0,0.0,0.0,1,1,0,1,0.0,1.0,1,3,0,4589
2,1,0,1,1,0.6,1.0,1.0,0.5,1.0,2,2,0,2,0.5,1.0,1,3,1,4590
2,6,1,1,1,0.8,1.0,1.0,0.6666666666666666,1.0,3,3,0,3,0.5,1.0,1,3,1,4591
3,7,1,1,1,1.0,1.0,1.0,0.75,1.0,4,4,0,4,0.5,1.0,1,3,1,4592
1,1,0,1,0,0.2,0.0,0.0,0.0,0.0,0,0,0,0,0.0,0.0,0,2,0,4593
1,7,1,1,1,0.4,1.0,1.0,0.0,0.0,1,1,0,1,0.0,1.0,0,2,0,4594
2,1,0,1,1,0.6,1.0,1.0,0.5,1.0,2,2,0,2,0.5,1.0,0,2,1,4595
2,6,1,1,1,0.8,1.0,1.0,0.6666666666666666,1.0,3,3,0,3,0.5,1.0,0,2,1,4596
3,7,1,1,1,1.0,1.0,1.0,0.75,1.0,4,4,0,4,0.5,1.0,0,2,1,4597
1,0,0,0,0,0.1429,0.0,0.0,0.0,0.0,0,0,0,0,0.0,0.0,3,2,0,4598
1,1,0,0,0,0.2857,0.0,0.0,0.0,0.0,1,0,0,0,0.0,0.0,3,2,0,4599
1,1,0,1,0,0.4286,0.0,0.0,0.0,0.0,2,0,0,0,0.0,0.0,3,2,0,4600
1,1,0,1,0,0.5714,0.3333333333333333,1.0,0.0,0.0,3,1,0,1,0.0,0.3333333333333333,3,2,0,4601
2,7,1,1,1,0.7143,0.5,1.0,0.0,0.0,4,2,0,2,0.0,0.5,3,2,0,4602
2,7,1,1,1,0.8571,0.6,1.0,0.2,1.0,5,3,0,3,0.5,0.6,3,2,1,4603
3,2,3,1,1,1.0,0.6666666666666666,1.0,0.3333333333333333,1.0,6,4,0,4,0.5,0.6666666666666666,3,2,1,4604
1,2,3,0,0,0.1667,0.0,0.0,0.0,0.0,0,0,0,0,0.0,0.0,2,2,0,4605
1,1,0,1,0,0.3333,0.0,0.0,0.0,0.0,1,0,0,0,0.0,0.0,2,2,0,4606
1,1,0,1,0,0.5,0.5,1.0,0.0,0.0,2,1,0,1,0.0,0.5,2,2,0,4607
2,7,1,1,1,0.6667,0.6666666666666666,1.0,0.0,0.0,3,2,0,2,0.0,0.6666666666666666,2,2,0,4608
2,7,1,1,1,0.8333,0.75,1.0,0.25,1.0,4,3,0,3,0.5,0.75,2,2,1,4609
3,6,1,1,1,1.0,0.8,1.0,0.4,1.0,5,4,0,4,0.5,0.8,2,2,1,4610
1,0,0,0,0,0.1429,0.0,0.0,0.0,0.0,0,0,0,0,0.0,0.0,2,3,0,4611
1,1,0,0,0,0.2857,0.0,0.0,0.0,0.0,1,0,0,0,0.0,0.0,2,3,0,4612
1,1,0,1,0,0.4286,0.0,0.0,0.0,0.0,2,0,0,0,0.0,0.0,2,3,0,4613
1,1,0,1,0,0.5714,0.3333333333333333,1.0,0.0,0.0,3,1,0,1,0.0,0.3333333333333333,2,3,0,4614
2,7,1,1,1,0.7143,0.5,1.0,0.0,0.0,4,2,0,2,0.0,0.5,2,3,0,4615
2,7,1,1,1,0.8571,0.6,1.0,0.2,1.0,5,3,0,3,0.5,0.6,2,3,1,4616
3,2,3,1,1,1.0,0.6666666666666666,1.0,0.3333333333333333,1.0,6,4,0,4,0.5,0.6666666666666666,2,3,1,4617
1,0,0,0,0,0.1429,0.0,0.0,0.0,0.0,0,0,0,0,0.0,0.0,3,3,0,4618
1,1,0,0,0,0.2857,0.0,0.0,0.0,0.0,1,0,0,0,0.0,0.0,3,3,0,4619
1,1,0,1,0,0.4286,0.0,0.0,0.0,0.0,2,0,0,0,0.0,0.0,3,3,0,4620
1,1,0,1,0,0.5714,0.3333333333333333,1.0,0.0,0.0,3,1,0,1,0.0,0.3333333333333333,3,3,0,4621
2,7,1,1,1,0.7143,0.5,1.0,0.0,0.0,4,2,0,2,0.0,0.5,3,3,0,4622
2,7,1,1,1,0.8571,0.6,1.0,0.2,1.0,5,3,0,3,0.5,0.6,3,3,1,4623
3,2,3,1,1,1.0,0.6666666666666666,1.0,0.3333333333333333,1.0,6,4,0,4,0.5,0.6666666666666666,3,3,1,4624
1,0,0,0,0,0.1429,0.0,0.0,0.0,0.0,0,0,0,0,0.0,0.0,3,3,0,4625
1,1,0,0,0,0.2857,0.0,0.0,0.0,0.0,1,0,0,0,0.0,0.0,3,3,0,4626
1,1,0,1,0,0.4286,0.0,0.0,0.0,0.0,2,0,0,0,0.0,0.0,3,3,0,4627
1,1,0,1,0,0.5714,0.3333333333333333,1.0,0.0,0.0,3,1,0,1,0.0,0.3333333333333333,3,3,0,4628
2,7,1,1,1,0.7143,0.5,1.0,0.0,0.0,4,2,0,2,0.0,0.5,3,3,0,4629
2,7,1,1,1,0.8571,0.6,1.0,0.2,1.0,5,3,0,3,0.5,0.6,3,3,1,4630
3,2,3,1,1,1.0,0.6666666666666666,1.0,0.3333333333333333,1.0,6,4,0,4,0.5,0.6666666666666666,3,3,1,4631
1,0,0,0,0,0.1429,0.0,0.0,0.0,0.0,0,0,0,0,0.0,0.0,2,2,0,4632
1,1,0,0,0,0.2857,0.0,0.0,0.0,0.0,1,0,0,0,0.0,0.0,2,2,0,4633
1,1,0,1,0,0.4286,0.0,0.0,0.0,0.0,2,0,0,0,0.0,0.0,2,2,0,4634
1,1,0,1,0,0.5714,0.3333333333333333,1.0,0.0,0.0,3,1,0,1,0.0,0.3333333333333333,2,2,0,4635
2,7,1,1,1,0.7143,0.5,1.0,0.0,0.0,4,2,0,2,0.0,0.5,2,2,0,4636
2,7,1,1,1,0.8571,0.6,1.0,0.2,1.0,5,3,0,3,0.5,0.6,2,2,1,4637
3,2,3,1,1,1.0,0.6666666666666666,1.0,0.3333333333333333,1.0,6,4,0,4,0.5,0.6666666666666666,2,2,1,4638
1,1,0,1,0,0.2,0.0,0.0,0.0,0.0,0,0,0,0,0.0,0.0,1,2,0,4639
1,7,1,1,1,0.4,1.0,1.0,0.0,0.0,1,1,0,1,0.0,1.0,1,2,0,4640
2,1,0,1,1,0.6,1.0,1.0,0.5,1.0,2,2,0,2,0.5,1.0,1,2,1,4641
2,6,1,1,1,0.8,1.0,1.0,0.6666666666666666,1.0,3,3,0,3,0.5,1.0,1,2,1,4642
3,7,1,1,1,1.0,1.0,1.0,0.75,1.0,4,4,0,4,0.5,1.0,1,2,1,4643
1,2,3,0,0,0.1667,0.0,0.0,0.0,0.0,0,0,0,0,0.0,0.0,3,2,0,4644
1,1,0,1,0,0.3333,0.0,0.0,0.0,0.0,1,0,0,0,0.0,0.0,3,2,0,4645
1,1,0,1,0,0.5,0.5,1.0,0.0,0.0,2,1,0,1,0.0,0.5,3,2,0,4646
2,7,1,1,1,0.6667,0.6666666666666666,1.0,0.0,0.0,3,2,0,2,0.0,0.6666666666666666,3,2,0,4647
2,7,1,1,1,0.8333,0.75,1.0,0.25,1.0,4,3,0,3,0.5,0.75,3,2,1,4648
3,6,1,1,1,1.0,0.8,1.0,0.4,1.0,5,4,0,4,0.5,0.8,3,2,1,4649
1,0,0,0,0,0.1429,0.0,0.0,0.0,0.0,0,0,0,0,0.0,0.0,2,4,0,4650
1,1,0,0,0,0.2857,0.0,0.0,0.0,0.0,1,0,0,0,0.0,0.0,2,4,0,4651
1,1,0,1,0,0.4286,0.0,0.0,0.0,0.0,2,0,0,0,0.0,0.0,2,4,0,4652
1,1,0,1,0,0.5714,0.3333333333333333,1.0,0.0,0.0,3,1,0,1,0.0,0.3333333333333333,2,4,0,4653
2,7,1,1,1,0.7143,0.5,1.0,0.0,0.0,4,2,0,2,0.0,0.5,2,4,0,4654
2,7,1,1,1,0.8571,0.6,1.0,0.2,1.0,5,3,0,3,0.5,0.6,2,4,1,4655
3,2,3,1,1,1.0,0.6666666666666666,1.0,0.3333333333333333,1.0,6,4,0,4,0.5,0.6666666666666666,2,4,1,4656
1,2,3,0,0,0.1667,0.0,0.0,0.0,0.0,0,0,0,0,0.0,0.0,0,3,0,4657
1,1,0,1,0,0.3333,0.0,0.0,0.0,0.0,1,0,0,0,0.0,0.0,0,3,0,4658
1,1,0,1,0,0.5,0.5,1.0,0.0,0.0,2,1,0,1,0.0,0.5,0,3,0,4659
2,7,1,1,1,0.6667,0.6666666666666666,1.0,0.0,0.0,3,2,0,2,0.0,0.6666666666666666,0,3,0,4660
2,7,1,1,1,0.8333,0.75,1.0,0.25,1.0,4,3,0,3,0.5,0.75,0,3,1,4661
3,6,1,1,1,1.0,0.8,1.0,0.4,1.0,5,4,0,4,0.5,0.8,0,3,1,4662
1,1,0,1,0,0.2,0.0,0.0,0.0,0.0,0,0,0,0,0.0,0.0,1,2,0,4663
1,7,1,1,1,0.4,1.0,1.0,0.0,0.0,1,1,0,1,0.0,1.0,1,2,0,4664
2,1,0,1,1,0.6,1.0,1.0,0.5,1.0,2,2,0,2,0.5,1.0,1,2,1,4665
2,6,1,1,1,0.8,1.0,1.0,0.6666666666666666,1.0,3,3,0,3,0.5,1.0,1,2,1,4666
3,7,1,1,1,1.0,1.0,1.0,0.75,1.0,4,4,0,4,0.5,1.0,1,2,1,4667
1,2,3,0,0,0.1667,0.0,0.0,0.0,0.0,0,0,0,0,0.0,0.0,2,2,0,4668
1,1,0,1,0,0.3333,0.0,0.0,0.0,0.0,1,0,0,0,0.0,0.0,2,2,0,4669
1,1,0,1,0,0.5,0.5,1.0,0.0,0.0,2,1,0,1,0.0,0.5,2,2,0,4670
2,7,1,1,1,0.6667,0.6666666666666666,1.0,0.0,0.0,3,2,0,2,0.0,0.6666666666666666,2,2,0,4671
2,7,1,1,1,0.8333,0.75,1.0,0.25,1.0,4,3,0,3,0.5,0.75,2,2,1,4672
3,6,1,1,1,1.0,0.8,1.0,0.4,1.0,5,4,0,4,0.5,0.8,2,2,1,4673
1,2,3,0,0,0.1667,0.0,0.0,0.0,0.0,0,0,0,0,0.0,0.0,2,2,0,4674
1,1,0,1,0,0.3333,0.0,0.0,0.0,0.0,1,0,0,0,0.0,0.0,2,2,0,4675
1,1,0,1,0,0.5,0.5,1.0,0.0,0.0,2,1,0,1,0.0,0.5,2,2,0,4676
2,7,1,1,1,0.6667,0.6666666666666666,1.0,0.0,0.0,3,2,0,2,0.0,0.6666666666666666,2,2,0,4677
2,7,1,1,1,0.8333,0.75,1.0,0.25,1.0,4,3,0,3,0.5,0.75,2,2,1,4678
3,6,1,1,1,1.0,0.8,1.0,0.4,1.0,5,4,0,4,0.5,0.8,2,2,1,4679
1,0,0,0,0,0.1429,0.0,0.0,0.0,0.0,0,0,0,0,0.0,0.0,2,2,0,4680
1,1,0,0,0,0.2857,0.0,0.0,0.0,0.0,1,0,0,0,0.0,0.0,2,2,0,4681
1,1,0,1,0,0.4286,0.0,0.0,0.0,0.0,2,0,0,0,0.0,0.0,2,2,0,4682
1,1,0,1,0,0.5714,0.3333333333333333,1.0,0.0,0.0,3,1,0,1,0.0,0.3333333333333333,2,2,0,4683
2,7,1,1,1,0.7143,0.5,1.0,0.0,0.0,4,2,0,2,0.0,0.5,2,2,0,4684
2,7,1,1,1,0.8571,0.6,1.0,0.2,1.0,5,3,0,3,0.5,0.6,2,2,1,4685
3,2,3,1,1,1.0,0.6666666666666666,1.0,0.3333333333333333,1.0,6,4,0,4,0.5,0.6666666666666666,2,2,1,4686
1,1,0,1,0,0.2,0.0,0.0,0.0,0.0,0,0,0,0,0.0,0.0,2,4,0,4687
1,7,1,1,1,0.4,1.0,1.0,0.0,0.0,1,1,0,1,0.0,1.0,2,4,0,4688
2,1,0,1,1,0.6,1.0,1.0,0.5,1.0,2,2,0,2,0.5,1.0,2,4,1,4689
2,6,1,1,1,0.8,1.0,1.0,0.6666666666666666,1.0,3,3,0,3,0.5,1.0,2,4,1,4690
3,7,1,1,1,1.0,1.0,1.0,0.75,1.0,4,4,0,4,0.5,1.0,2,4,1,4691
1,1,0,1,0,0.2,0.0,0.0,0.0,0.0,0,0,0,0,0.0,0.0,2,2,0,4692
1,7,1,1,1,0.4,1.0,1.0,0.0,0.0,1,1,0,1,0.0,1.0,2,2,0,4693
2,1,0,1,1,0.6,1.0,1.0,0.5,1.0,2,2,0,2,0.5,1.0,2,2,1,4694
2,6,1,1,1,0.8,1.0,1.0,0.6666666666666666,1.0,3,3,0,3,0.5,1.0,2,2,1,4695
3,7,1,1,1,1.0,1.0,1.0,0.75,1.0,4,4,0,4,0.5,1.0,2,2,1,4696
1,1,0,1,0,0.2,0.0,0.0,0.0,0.0,0,0,0,0,0.0,0.0,0,3,0,4697
1,7,1,1,1,0.4,1.0,1.0,0.0,0.0,1,1,0,1,0.0,1.0,0,3,0,4698
2,1,0,1,1,0.6,1.0,1.0,0.5,1.0,2,2,0,2,0.5,1.0,0,3,1,4699
2,6,1,1,1,0.8,1.0,1.0,0.6666666666666666,1.0,3,3,0,3,0.5,1.0,0,3,1,4700
3,7,1,1,1,1.0,1.0,1.0,0.75,1.0,4,4,0,4,0.5,1.0,0,3,1,4701
1,0,0,0,0,0.1429,0.0,0.0,0.0,0.0,0,0,0,0,0.0,0.0,3,2,0,4702
1,1,0,0,0,0.2857,0.0,0.0,0.0,0.0,1,0,0,0,0.0,0.0,3,2,0,4703
1,1,0,1,0,0.4286,0.0,0.0,0.0,0.0,2,0,0,0,0.0,0.0,3,2,0,4704
1,1,0,1,0,0.5714,0.3333333333333333,1.0,0.0,0.0,3,1,0,1,0.0,0.3333333333333333,3,2,0,4705
2,7,1,1,1,0.7143,0.5,1.0,0.0,0.0,4,2,0,2,0.0,0.5,3,2,0,4706
2,7,1,1,1,0.8571,0.6,1.0,0.2,1.0,5,3,0,3,0.5,0.6,3,2,1,4707
3,2,3,1,1,1.0,0.6666666666666666,1.0,0.3333333333333333,1.0,6,4,0,4,0.5,0.6666666666666666,3,2,1,4708
1,2,3,0,0,0.1667,0.0,0.0,0.0,0.0,0,0,0,0,0.0,0.0,2,3,0,4709
1,1,0,1,0,0.3333,0.0,0.0,0.0,0.0,1,0,0,0,0.0,0.0,2,3,0,4710
1,1,0,1,0,0.5,0.5,1.0,0.0,0.0,2,1,0,1,0.0,0.5,2,3,0,4711
2,7,1,1,1,0.6667,0.6666666666666666,1.0,0.0,0.0,3,2,0,2,0.0,0.6666666666666666,2,3,0,4712
2,7,1,1,1,0.8333,0.75,1.0,0.25,1.0,4,3,0,3,0.5,0.75,2,3,1,4713
3,6,1,1,1,1.0,0.8,1.0,0.4,1.0,5,4,0,4,0.5,0.8,2,3,1,4714
1,0,0,0,0,0.1429,0.0,0.0,0.0,0.0,0,0,0,0,0.0,0.0,0,4,0,4715
1,1,0,0,0,0.2857,0.0,0.0,0.0,0.0,1,0,0,0,0.0,0.0,0,4,0,4716
1,1,0,1,0,0.4286,0.0,0.0,0.0,0.0,2,0,0,0,0.0,0.0,0,4,0,4717
1,1,0,1,0,0.5714,0.3333333333333333,1.0,0.0,0.0,3,1,0,1,0.0,0.3333333333333333,0,4,0,4718
2,7,1,1,1,0.7143,0.5,1.0,0.0,0.0,4,2,0,2,0.0,0.5,0,4,0,4719
2,7,1,1,1,0.8571,0.6,1.0,0.2,1.0,5,3,0,3,0.5,0.6,0,4,1,4720
3,2,3,1,1,1.0,0.6666666666666666,1.0,0.3333333333333333,1.0,6,4,0,4,0.5,0.6666666666666666,0,4,1,4721
1,2,3,0,0,0.1667,0.0,0.0,0.0,0.0,0,0,0,0,0.0,0.0,1,4,0,4722
1,1,0,1,0,0.3333,0.0,0.0,0.0,0.0,1,0,0,0,0.0,0.0,1,4,0,4723
1,1,0,1,0,0.5,0.5,1.0,0.0,0.0,2,1,0,1,0.0,0.5,1,4,0,4724
2,7,1,1,1,0.6667,0.6666666666666666,1.0,0.0,0.0,3,2,0,2,0.0,0.6666666666666666,1,4,0,4725
2,7,1,1,1,0.8333,0.75,1.0,0.25,1.0,4,3,0,3,0.5,0.75,1,4,1,4726
3,6,1,1,1,1.0,0.8,1.0,0.4,1.0,5,4,0,4,0.5,0.8,1,4,1,4727
1,2,3,0,0,0.1667,0.0,0.0,0.0,0.0,0,0,0,0,0.0,0.0,3,2,0,4728
1,1,0,1,0,0.3333,0.0,0.0,0.0,0.0,1,0,0,0,0.0,0.0,3,2,0,4729
1,1,0,1,0,0.5,0.5,1.0,0.0,0.0,2,1,0,1,0.0,0.5,3,2,0,4730
2,7,1,1,1,0.6667,0.6666666666666666,1.0,0.0,0.0,3,2,0,2,0.0,0.6666666666666666,3,2,0,4731
2,7,1,1,1,0.8333,0.75,1.0,0.25,1.0,4,3,0,3,0.5,0.75,3,2,1,4732
3,6,1,1,1,1.0,0.8,1.0,0.4,1.0,5,4,0,4,0.5,0.8,3,2,1,4733
1,0,0,0,0,0.1429,0.0,0.0,0.0,0.0,0,0,0,0,0.0,0.0,1,3,0,4734
1,1,0,0,0,0.2857,0.0,0.0,0.0,0.0,1,0,0,0,0.0,0.0,1,3,0,4735
1,1,0,1,0,0.4286,0.0,0.0,0.0,0.0,2,0,0,0,0.0,0.0,1,3,0,4736
1,1,0,1,0,0.5714,0.3333333333333333,1.0,0.0,0.0,3,1,0,1,0.0,0.3333333333333333,1,3,0,4737
2,7,1,1,1,0.7143,0.5,1.0,0.0,0.0,4,2,0,2,0.0,0.5,1,3,0,4738
2,7,1,1,1,0.8571,0.6,1.0,0.2,1.0,5,3,0,3,0.5,0.6,1,3,1,4739
3,2,3,1,1,1.0,0.6666666666666666,1.0,0.3333333333333333,1.0,6,4,0,4,0.5,0.6666666666666666,1,3,1,4740
1,1,0,1,0,0.2,0.0,0.0,0.0,0.0,0,0,0,0,0.0,0.0,0,3,0,4741
1,7,1,1,1,0.4,1.0,1.0,0.0,0.0,1,1,0,1,0.0,1.0,0,3,0,4742
2,1,0,1,1,0.6,1.0,1.0,0.5,1.0,2,2,0,2,0.5,1.0,0,3,1,4743
2,6,1,1,1,0.8,1.0,1.0,0.6666666666666666,1.0,3,3,0,3,0.5,1.0,0,3,1,4744
3,7,1,1,1,1.0,1.0,1.0,0.75,1.0,4,4,0,4,0.5,1.0,0,3,1,4745
1,1,0,1,0,0.2,0.0,0.0,0.0,0.0,0,0,0,0,0.0,0.0,2,3,0,4746
1,7,1,1,1,0.4,1.0,1.0,0.0,0.0,1,1,0,1,0.0,1.0,2,3,0,4747
2,1,0,1,1,0.6,1.0,1.0,0.5,1.0,2,2,0,2,0.5,1.0,2,3,1,4748
2,6,1,1,1,0.8,1.0,1.0,0.6666666666666666,1.0,3,3,0,3,0.5,1.0,2,3,1,4749
3,7,1,1,1,1.0,1.0,1.0,0.75,1.0,4,4,0,4,0.5,1.0,2,3,1,4750
1,2,3,0,0,0.1667,0.0,0.0,0.0,0.0,0,0,0,0,0.0,0.0,1,2,0,4751
1,1,0,1,0,0.3333,0.0,0.0,0.0,0.0,1,0,0,0,0.0,0.0,1,2,0,4752
1,1,0,1,0,0.5,0.5,1.0,0.0,0.0,2,1,0,1,0.0,0.5,1,2,0,4753
2,7,1,1,1,0.6667,0.6666666666666666,1.0,0.0,0.0,3,2,0,2,0.0,0.6666666666666666,1,2,0,4754
2,7,1,1,1,0.8333,0.75,1.0,0.25,1.0,4,3,0,3,0.5,0.75,1,2,1,4755
3,6,1,1,1,1.0,0.8,1.0,0.4,1.0,5,4,0,4,0.5,0.8,1,2,1,4756
1,2,3,0,0,0.1667,0.0,0.0,0.0,0.0,0,0,0,0,0.0,0.0,0,2,0,4757
1,1,0,1,0,0.3333,0.0,0.0,0.0,0.0,1,0,0,0,0.0,0.0,0,2,0,4758
1,1,0,1,0,0.5,0.5,1.0,0.0,0.0,2,1,0,1,0.0,0.5,0,2,0,4759
2,7,1,1,1,0.6667,0.6666666666666666,1.0,0.0,0.0,3,2,0,2,0.0,0.6666666666666666,0,2,0,4760
2,7,1,1,1,0.8333,0.75,1.0,0.25,1.0,4,3,0,3,0.5,0.75,0,2,1,4761
3,6,1,1,1,1.0,0.8,1.0,0.4,1.0,5,4,0,4,0.5,0.8,0,2,1,4762
1,1,0,1,0,0.2,0.0,0.0,0.0,0.0,0,0,0,0,0.0,0.0,1,4,0,4763
1,7,1,1,1,0.4,1.0,1.0,0.0,0.0,1,1,0,1,0.0,1.0,1,4,0,4764
2,1,0,1,1,0.6,1.0,1.0,0.5,1.0,2,2,0,2,0.5,1.0,1,4,1,4765
2,6,1,1,1,0.8,1.0,1.0,0.6666666666666666,1.0,3,3,0,3,0.5,1.0,1,4,1,4766
3,7,1,1,1,1.0,1.0,1.0,0.75,1.0,4,4,0,4,0.5,1.0,1,4,1,4767
1,2,3,0,0,0.1667,0.0,0.0,0.0,0.0,0,0,0,0,0.0,0.0,3,3,0,4768
1,1,0,1,0,0.3333,0.0,0.0,0.0,0.0,1,0,0,0,0.0,0.0,3,3,0,4769
1,1,0,1,0,0.5,0.5,1.0,0.0,0.0,2,1,0,1,0.0,0.5,3,3,0,4770
2,7,1,1,1,0.6667,0.6666666666666666,1.0,0.0,0.0,3,2,0,2,0.0,0.6666666666666666,3,3,0,4771
2,7,1,1,1,0.8333,0.75,1.0,0.25,1.0,4,3,0,3,0.5,0.75,3,3,1,4772
3,6,1,1,1,1.0,0.8,1.0,0.4,1.0,5,4,0,4,0.5,0.8,3,3,1,4773
1,0,0,0,0,0.1429,0.0,0.0,0.0,0.0,0,0,0,0,0.0,0.0,0,2,0,4774
1,1,0,0,0,0.2857,0.0,0.0,0.0,0.0,1,0,0,0,0.0,0.0,0,2,0,4775
1,1,0,1,0,0.4286,0.0,0.0,0.0,0.0,2,0,0,0,0.0,0.0,0,2,0,4776
1,1,0,1,0,0.5714,0.3333333333333333,1.0,0.0,0.0,3,1,0,1,0.0,0.3333333333333333,0,2,0,4777
2,7,1,1,1,0.7143,0.5,1.0,0.0,0.0,4,2,0,2,0.0,0.5,0,2,0,4778
2,7,1,1,1,0.8571,0.6,1.0,0.2,1.0,5,3,0,3,0.5,0.6,0,2,1,4779
3,2,3,1,1,1.0,0.6666666666666666,1.0,0.3333333333333333,1.0,6,4,0,4,0.5,0.6666666666666666,0,2,1,4780
1,0,0,0,0,0.1429,0.0,0.0,0.0,0.0,0,0,0,0,0.0,0.0,0,3,0,4781
1,1,0,0,0,0.2857,0.0,0.0,0.0,0.0,1,0,0,0,0.0,0.0,0,3,0,4782
1,1,0,1,0,0.4286,0.0,0.0,0.0,0.0,2,0,0,0,0.0,0.0,0,3,0,4783
1,1,0,1,0,0.5714,0.3333333333333333,1.0,0.0,0.0,3,1,0,1,0.0,0.3333333333333333,0,3,0,4784
2,7,1,1,1,0.7143,0.5,1.0,0.0,0.0,4,2,0,2,0.0,0.5,0,3,0,4785
2,7,1,1,1,0.8571,0.6,1.0,0.2,1.0,5,3,0,3,0.5,0.6,0,3,1,4786
3,2,3,1,1,1.0,0.6666666666666666,1.0,0.3333333333333333,1.0,6,4,0,4,0.5,0.6666666666666666,0,3,1,4787
1,2,3,0,0,0.1667,0.0,0.0,0.0,0.0,0,0,0,0,0.0,0.0,3,2,0,4788
1,1,0,1,0,0.3333,0.0,0.0,0.0,0.0,1,0,0,0,0.0,0.0,3,2,0,4789
1,1,0,1,0,0.5,0.5,1.0,0.0,0.0,2,1,0,1,0.0,0.5,3,2,0,4790
2,7,1,1,1,0.6667,0.6666666666666666,1.0,0.0,0.0,3,2,0,2,0.0,0.6666666666666666,3,2,0,4791
2,7,1,1,1,0.8333,0.75,1.0,0.25,1.0,4,3,0,3,0.5,0.75,3,2,1,4792
3,6,1,1,1,1.0,0.8,1.0,0.4,1.0,5,4,0,4,0.5,0.8,3,2,1,4793
1,0,0,0,0,0.1429,0.0,0.0,0.0,0.0,0,0,0,0,0.0,0.0,1,2,0,4794
1,1,0,0,0,0.2857,0.0,0.0,0.0,0.0,1,0,0,0,0.0,0.0,1,2,0,4795
1,1,0,1,0,0.4286,0.0,0.0,0.0,0.0,2,0,0,0,0.0,0.0,1,2,0,4796
1,1,0,1,0,0.5714,0.3333333333333333,1.0,0.0,0.0,3,1,0,1,0.0,0.3333333333333333,1,2,0,4797
2,7,1,1,1,0.7143,0.5,1.0,0.0,0.0,4,2,0,2,0.0,0.5,1,2,0,4798
2,7,1,1,1,0.8571,0.6,1.0,0.2,1.0,5,3,0,3,0.5,0.6,1,2,1,4799
3,2,3,1,1,1.0,0.6666666666666666,1.0,0.3333333333333333,1.0,6,4,0,4,0.5,0.6666666666666666,1,2,1,4800
1,1,0,1,0,0.2,0.0,0.0,0.0,0.0,0,0,0,0,0.0,0.0,3,4,0,4801
1,7,1,1,1,0.4,1.0,1.0,0.0,0.0,1,1,0,1,0.0,1.0,3,4,0,4802
2,1,0,1,1,0.6,1.0,1.0,0.5,1.0,2,2,0,2,0.5,1.0,3,4,1,4803
2,6,1,1,1,0.8,1.0,1.0,0.6666666666666666,1.0,3,3,0,3,0.5,1.0,3,4,1,4804
3,7,1,1,1,1.0,1.0,1.0,0.75,1.0,4,4,0,4,0.5,1.0,3,4,1,4805
1,2,3,0,0,0.1667,0.0,0.0,0.0,0.0,0,0,0,0,0.0,0.0,1,4,0,4806
1,1,0,1,0,0.3333,0.0,0.0,0.0,0.0,1,0,0,0,0.0,0.0,1,4,0,4807
1,1,0,1,0,0.5,0.5,1.0,0.0,0.0,2,1,0,1,0.0,0.5,1,4,0,4808
2,7,1,1,1,0.6667,0.6666666666666666,1.0,0.0,0.0,3,2,0,2,0.0,0.6666666666666666,1,4,0,4809
2,7,1,1,1,0.8333,0.75,1.0,0.25,1.0,4,3,0,3,0.5,0.75,1,4,1,4810
3,6,1,1,1,1.0,0.8,1.0,0.4,1.0,5,4,0,4,0.5,0.8,1,4,1,4811
1,0,0,0,0,0.1429,0.0,0.0,0.0,0.0,0,0,0,0,0.0,0.0,3,2,0,4812
1,1,0,0,0,0.2857,0.0,0.0,0.0,0.0,1,0,0,0,0.0,0.0,3,2,0,4813
1,1,0,1,0,0.4286,0.0,0.0,0.0,0.0,2,0,0,0,0.0,0.0,3,2,0,4814
1,1,0,1,0,0.5714,0.3333333333333333,1.0,0.0,0.0,3,1,0,1,0.0,0.3333333333333333,3,2,0,4815
2,7,1,1,1,0.7143,0.5,1.0,0.0,0.0,4,2,0,2,0.0,0.5,3,2,0,4816
2,7,1,1,1,0.8571,0.6,1.0,0.2,1.0,5,3,0,3,0.5,0.6,3,2,1,4817
3,2,3,1,1,1.0,0.6666666666666666,1.0,0.3333333333333333,1.0,6,4,0,4,0.5,0.6666666666666666,3,2,1,4818
1,2,3,0,0,0.1667,0.0,0.0,0.0,0.0,0,0,0,0,0.0,0.0,2,3,0,4819
1,1,0,1,0,0.3333,0.0,0.0,0.0,0.0,1,0,0,0,0.0,0.0,2,3,0,4820
1,1,0,1,0,0.5,0.5,1.0,0.0,0.0,2,1,0,1,0.0,0.5,2,3,0,4821
2,7,1,1,1,0.6667,0.6666666666666666,1.0,0.0,0.0,3,2,0,2,0.0,0.6666666666666666,2,3,0,4822
2,7,1,1,1,0.8333,0.75,1.0,0.25,1.0,4,3,0,3,0.5,0.75,2,3,1,4823
3,6,1,1,1,1.0,0.8,1.0,0.4,1.0,5,4,0,4,0.5,0.8,2,3,1,4824
1,2,3,0,0,0.1667,0.0,0.0,0.0,0.0,0,0,0,0,0.0,0.0,3,3,0,4825
1,1,0,1,0,0.3333,0.0,0.0,0.0,0.0,1,0,0,0,0.0,0.0,3,3,0,4826
1,1,0,1,0,0.5,0.5,1.0,0.0,0.0,2,1,0,1,0.0,0.5,3,3,0,4827
2,7,1,1,1,0.6667,0.6666666666666666,1.0,0.0,0.0,3,2,0,2,0.0,0.6666666666666666,3,3,0,4828
2,7,1,1,1,0.8333,0.75,1.0,0.25,1.0,4,3,0,3,0.5,0.75,3,3,1,4829
3,6,1,1,1,1.0,0.8,1.0,0.4,1.0,5,4,0,4,0.5,0.8,3,3,1,4830
1,1,0,1,0,0.2,0.0,0.0,0.0,0.0,0,0,0,0,0.0,0.0,0,4,0,4831
1,7,1,1,1,0.4,1.0,1.0,0.0,0.0,1,1,0,1,0.0,1.0,0,4,0,4832
2,1,0,1,1,0.6,1.0,1.0,0.5,1.0,2,2,0,2,0.5,1.0,0,4,1,4833
2,6,1,1,1,0.8,1.0,1.0,0.6666666666666666,1.0,3,3,0,3,0.5,1.0,0,4,1,4834
3,7,1,1,1,1.0,1.0,1.0,0.75,1.0,4,4,0,4,0.5,1.0,0,4,1,4835
1,0,0,0,0,0.1429,0.0,0.0,0.0,0.0,0,0,0,0,0.0,0.0,1,2,0,4836
1,1,0,0,0,0.2857,0.0,0.0,0.0,0.0,1,0,0,0,0.0,0.0,1,2,0,4837
1,1,0,1,0,0.4286,0.0,0.0,0.0,0.0,2,0,0,0,0.0,0.0,1,2,0,4838
1,1,0,1,0,0.5714,0.3333333333333333,1.0,0.0,0.0,3,1,0,1,0.0,0.3333333333333333,1,2,0,4839
2,7,1,1,1,0.7143,0.5,1.0,0.0,0.0,4,2,0,2,0.0,0.5,1,2,0,4840
2,7,1,1,1,0.8571,0.6,1.0,0.2,1.0,5,3,0,3,0.5,0.6,1,2,1,4841
3,2,3,1,1,1.0,0.6666666666666666,1.0,0.3333333333333333,1.0,6,4,0,4,0.5,0.6666666666666666,1,2,1,4842
1,0,0,0,0,0.1429,0.0,0.0,0.0,0.0,0,0,0,0,0.0,0.0,1,4,0,4843
1,1,0,0,0,0.2857,0.0,0.0,0.0,0.0,1,0,0,0,0.0,0.0,1,4,0,4844
1,1,0,1,0,0.4286,0.0,0.0,0.0,0.0,2,0,0,0,0.0,0.0,1,4,0,4845
1,1,0,1,0,0.5714,0.3333333333333333,1.0,0.0,0.0,3,1,0,1,0.0,0.3333333333333333,1,4,0,4846
2,7,1,1,1,0.7143,0.5,1.0,0.0,0.0,4,2,0,2,0.0,0.5,1,4,0,4847
2,7,1,1,1,0.8571,0.6,1.0,0.2,1.0,5,3,0,3,0.5,0.6,1,4,1,4848
3,2,3,1,1,1.0,0.6666666666666666,1.0,0.3333333333333333,1.0,6,4,0,4,0.5,0.6666666666666666,1,4,1,4849
1,1,0,1,0,0.2,0.0,0.0,0.0,0.0,0,0,0,0,0.0,0.0,1,2,0,4850
1,7,1,1,1,0.4,1.0,1.0,0.0,0.0,1,1,0,1,0.0,1.0,1,2,0,4851
2,1,0,1,1,0.6,1.0,1.0,0.5,1.0,2,2,0,2,0.5,1.0,1,2,1,4852
2,6,1,1,1,0.8,1.0,1.0,0.6666666666666666,1.0,3,3,0,3,0.5,1.0,1,2,1,4853
3,7,1,1,1,1.0,1.0,1.0,0.75,1.0,4,4,0,4,0.5,1.0,1,2,1,4854
1,0,0,0,0,0.1429,0.0,0.0,0.0,0.0,0,0,0,0,0.0,0.0,2,4,0,4855
1,1,0,0,0,0.2857,0.0,0.0,0.0,0.0,1,0,0,0,0.0,0.0,2,4,0,4856
1,1,0,1,0,0.4286,0.0,0.0,0.0,0.0,2,0,0,0,0.0,0.0,2,4,0,4857
1,1,0,1,0,0.5714,0.3333333333333333,1.0,0.0,0.0,3,1,0,1,0.0,0.3333333333333333,2,4,0,4858
2,7,1,1,1,0.7143,0.5,1.0,0.0,0.0,4,2,0,2,0.0,0.5,2,4,0,4859
2,7,1,1,1,0.8571,0.6,1.0,0.2,1.0,5,3,0,3,0.5,0.6,2,4,1,4860
3,2,3,1,1,1.0,0.6666666666666666,1.0,0.3333333333333333,1.0,6,4,0,4,0.5,0.6666666666666666,2,4,1,4861
1,0,0,0,0,0.1429,0.0,0.0,0.0,0.0,0,0,0,0,0.0,0.0,2,3,0,4862
1,1,0,0,0,0.2857,0.0,0.0,0.0,0.0,1,0,0,0,0.0,0.0,2,3,0,4863
1,1,0,1,0,0.4286,0.0,0.0,0.0,0.0,2,0,0,0,0.0,0.0,2,3,0,4864
1,1,0,1,0,0.5714,0.3333333333333333,1.0,0.0,0.0,3,1,0,1,0.0,0.3333333333333333,2,3,0,4865
2,7,1,1,1,0.7143,0.5,1.0,0.0,0.0,4,2,0,2,0.0,0.5,2,3,0,4866
2,7,1,1,1,0.8571,0.6,1.0,0.2,1.0,5,3,0,3,0.5,0.6,2,3,1,4867
3,2,3,1,1,1.0,0.6666666666666666,1.0,0.3333333333333333,1.0,6,4,0,4,0.5,0.6666666666666666,2,3,1,4868
1,1,0,1,0,0.2,0.0,0.0,0.0,0.0,0,0,0,0,0.0,0.0,0,3,0,4869
1,7,1,1,1,0.4,1.0,1.0,0.0,0.0,1,1,0,1,0.0,1.0,0,3,0,4870
2,1,0,1,1,0.6,1.0,1.0,0.5,1.0,2,2,0,2,0.5,1.0,0,3,1,4871
2,6,1,1,1,0.8,1.0,1.0,0.6666666666666666,1.0,3,3,0,3,0.5,1.0,0,3,1,4872
3,7,1,1,1,1.0,1.0,1.0,0.75,1.0,4,4,0,4,0.5,1.0,0,3,1,4873
1,0,0,0,0,0.1429,0.0,0.0,0.0,0.0,0,0,0,0,0.0,0.0,3,4,0,4874
1,1,0,0,0,0.2857,0.0,0.0,0.0,0.0,1,0,0,0,0.0,0.0,3,4,0,4875
1,1,0,1,0,0.4286,0.0,0.0,0.0,0.0,2,0,0,0,0.0,0.0,3,4,0,4876
1,1,0,1,0,0.5714,0.3333333333333333,1.0,0.0,0.0,3,1,0,1,0.0,0.3333333333333333,3,4,0,4877
2,7,1,1,1,0.7143,0.5,1.0,0.0,0.0,4,2,0,2,0.0,0.5,3,4,0,4878
2,7,1,1,1,0.8571,0.6,1.0,0.2,1.0,5,3,0,3,0.5,0.6,3,4,1,4879
3,2,3,1,1,1.0,0.6666666666666666,1.0,0.3333333333333333,1.0,6,4,0,4,0.5,0.6666666666666666,3,4,1,4880
1,2,3,0,0,0.1667,0.0,0.0,0.0,0.0,0,0,0,0,0.0,0.0,0,4,0,4881
1,1,0,1,0,0.3333,0.0,0.0,0.0,0.0,1,0,0,0,0.0,0.0,0,4,0,4882
1,1,0,1,0,0.5,0.5,1.0,0.0,0.0,2,1,0,1,0.0,0.5,0,4,0,4883
2,7,1,1,1,0.6667,0.6666666666666666,1.0,0.0,0.0,3,2,0,2,0.0,0.6666666666666666,0,4,0,4884
2,7,1,1,1,0.8333,0.75,1.0,0.25,1.0,4,3,0,3,0.5,0.75,0,4,1,4885
3,6,1,1,1,1.0,0.8,1.0,0.4,1.0,5,4,0,4,0.5,0.8,0,4,1,4886
1,2,3,0,0,0.1667,0.0,0.0,0.0,0.0,0,0,0,0,0.0,0.0,1,3,0,4887
1,1,0,1,0,0.3333,0.0,0.0,0.0,0.0,1,0,0,0,0.0,0.0,1,3,0,4888
1,1,0,1,0,0.5,0.5,1.0,0.0,0.0,2,1,0,1,0.0,0.5,1,3,0,4889
2,7,1,1,1,0.6667,0.6666666666666666,1.0,0.0,0.0,3,2,0,2,0.0,0.6666666666666666,1,3,0,4890
2,7,1,1,1,0.8333,0.75,1.0,0.25,1.0,4,3,0,3,0.5,0.75,1,3,1,4891
3,6,1,1,1,1.0,0.8,1.0,0.4,1.0,5,4,0,4,0.5,0.8,1,3,1,4892
1,1,0,1,0,0.2,0.0,0.0,0.0,0.0,0,0,0,0,0.0,0.0,3,3,0,4893
1,7,1,1,1,0.4,1.0,1.0,0.0,0.0,1,1,0,1,0.0,1.0,3,3,0,4894
2,1,0,1,1,0.6,1.0,1.0,0.5,1.0,2,2,0,2,0.5,1.0,3,3,1,4895
2,6,1,1,1,0.8,1.0,1.0,0.6666666666666666,1.0,3,3,0,3,0.5,1.0,3,3,1,4896
3,7,1,1,1,1.0,1.0,1.0,0.75,1.0,4,4,0,4,0.5,1.0,3,3,1,4897
1,1,0,1,0,0.2,0.0,0.0,0.0,0.0,0,0,0,0,0.0,0.0,1,3,0,4898
1,7,1,1,1,0.4,1.0,1.0,0.0,0.0,1,1,0,1,0.0,1.0,1,3,0,4899
2,1,0,1,1,0.6,1.0,1.0,0.5,1.0,2,2,0,2,0.5,1.0,1,3,1,4900
2,6,1,1,1,0.8,1.0,1.0,0.6666666666666666,1.0,3,3,0,3,0.5,1.0,1,3,1,4901
3,7,1,1,1,1.0,1.0,1.0,0.75,1.0,4,4,0,4,0.5,1.0,1,3,1,4902
1,1,0,1,0,0.2,0.0,0.0,0.0,0.0,0,0,0,0,0.0,0.0,0,2,0,4903
1,7,1,1,1,0.4,1.0,1.0,0.0,0.0,1,1,0,1,0.0,1.0,0,2,0,4904
2,1,0,1,1,0.6,1.0,1.0,0.5,1.0,2,2,0,2,0.5,1.0,0,2,1,4905
2,6,1,1,1,0.8,1.0,1.0,0.6666666666666666,1.0,3,3,0,3,0.5,1.0,0,2,1,4906
3,7,1,1,1,1.0,1.0,1.0,0.75,1.0,4,4,0,4,0.5,1.0,0,2,1,4907
1,2,3,0,0,0.1667,0.0,0.0,0.0,0.0,0,0,0,0,0.0,0.0,0,4,0,4908
1,1,0,1,0,0.3333,0.0,0.0,0.0,0.0,1,0,0,0,0.0,0.0,0,4,0,4909
1,1,0,1,0,0.5,0.5,1.0,0.0,0.0,2,1,0,1,0.0,0.5,0,4,0,4910
2,7,1,1,1,0.6667,0.6666666666666666,1.0,0.0,0.0,3,2,0,2,0.0,0.6666666666666666,0,4,0,4911
2,7,1,1,1,0.8333,0.75,1.0,0.25,1.0,4,3,0,3,0.5,0.75,0,4,1,4912
3,6,1,1,1,1.0,0.8,1.0,0.4,1.0,5,4,0,4,0.5,0.8,0,4,1,4913
1,2,3,0,0,0.1667,0.0,0.0,0.0,0.0,0,0,0,0,0.0,0.0,2,4,0,4914
1,1,0,1,0,0.3333,0.0,0.0,0.0,0.0,1,0,0,0,0.0,0.0,2,4,0,4915
1,1,0,1,0,0.5,0.5,1.0,0.0,0.0,2,1,0,1,0.0,0.5,2,4,0,4916
2,7,1,1,1,0.6667,0.6666666666666666,1.0,0.0,0.0,3,2,0,2,0.0,0.6666666666666666,2,4,0,4917
2,7,1,1,1,0.8333,0.75,1.0,0.25,1.0,4,3,0,3,0.5,0.75,2,4,1,4918
3,6,1,1,1,1.0,0.8,1.0,0.4,1.0,5,4,0,4,0.5,0.8,2,4,1,4919
1,0,0,0,0,0.1429,0.0,0.0,0.0,0.0,0,0,0,0,0.0,0.0,0,3,0,4920
1,1,0,0,0,0.2857,0.0,0.0,0.0,0.0,1,0,0,0,0.0,0.0,0,3,0,4921
1,1,0,1,0,0.4286,0.0,0.0,0.0,0.0,2,0,0,0,0.0,0.0,0,3,0,4922
1,1,0,1,0,0.5714,0.3333333333333333,1.0,0.0,0.0,3,1,0,1,0.0,0.3333333333333333,0,3,0,4923
2,7,1,1,1,0.7143,0.5,1.0,0.0,0.0,4,2,0,2,0.0,0.5,0,3,0,4924
2,7,1,1,1,0.8571,0.6,1.0,0.2,1.0,5,3,0,3,0.5,0.6,0,3,1,4925
3,2,3,1,1,1.0,0.6666666666666666,1.0,0.3333333333333333,1.0,6,4,0,4,0.5,0.6666666666666666,0,3,1,4926
1,2,3,0,0,0.1667,0.0,0.0,0.0,0.0,0,0,0,0,0.0,0.0,1,3,0,4927
1,1,0,1,0,0.3333,0.0,0.0,0.0,0.0,1,0,0,0,0.0,0.0,1,3,0,4928
1,1,0,1,0,0.5,0.5,1.0,0.0,0.0,2,1,0,1,0.0,0.5,1,3,0,4929
2,7,1,1,1,0.6667,0.6666666666666666,1.0,0.0,0.0,3,2,0,2,0.0,0.6666666666666666,1,3,0,4930
2,7,1,1,1,0.8333,0.75,1.0,0.25,1.0,4,3,0,3,0.5,0.75,1,3,1,4931
3,6,1,1,1,1.0,0.8,1.0,0.4,1.0,5,4,0,4,0.5,0.8,1,3,1,4932
1,2,3,0,0,0.1667,0.0,0.0,0.0,0.0,0,0,0,0,0.0,0.0,2,4,0,4933
1,1,0,1,0,0.3333,0.0,0.0,0.0,0.0,1,0,0,0,0.0,0.0,2,4,0,4934
1,1,0,1,0,0.5,0.5,1.0,0.0,0.0,2,1,0,1,0.0,0.5,2,4,0,4935
2,7,1,1,1,0.6667,0.6666666666666666,1.0,0.0,0.0,3,2,0,2,0.0,0.6666666666666666,2,4,0,4936
2,7,1,1,1,0.8333,0.75,1.0,0.25,1.0,4,3,0,3,0.5,0.75,2,4,1,4937
3,6,1,1,1,1.0,0.8,1.0,0.4,1.0,5,4,0,4,0.5,0.8,2,4,1,4938
1,1,0,1,0,0.2,0.0,0.0,0.0,0.0,0,0,0,0,0.0,0.0,1,3,0,4939
1,7,1,1,1,0.4,1.0,1.0,0.0,0.0,1,1,0,1,0.0,1.0,1,3,0,4940
2,1,0,1,1,0.6,1.0,1.0,0.5,1.0,2,2,0,2,0.5,1.0,1,3,1,4941
2,6,1,1,1,0.8,1.0,1.0,0.6666666666666666,1.0,3,3,0,3,0.5,1.0,1,3,1,4942
3,7,1,1,1,1.0,1.0,1.0,0.75,1.0,4,4,0,4,0.5,1.0,1,3,1,4943
1,2,3,0,0,0.1667,0.0,0.0,0.0,0.0,0,0,0,0,0.0,0.0,0,4,0,4944
1,1,0,1,0,0.3333,0.0,0.0,0.0,0.0,1,0,0,0,0.0,0.0,0,4,0,4945
1,1,0,1,0,0.5,0.5,1.0,0.0,0.0,2,1,0,1,0.0,0.5,0,4,0,4946
2,7,1,1,1,0.6667,0.6666666666666666,1.0,0.0,0.0,3,2,0,2,0.0,0.6666666666666666,0,4,0,4947
2,7,1,1,1,0.8333,0.75,1.0,0.25,1.0,4,3,0,3,0.5,0.75,0,4,1,4948
3,6,1,1,1,1.0,0.8,1.0,0.4,1.0,5,4,0,4,0.5,0.8,0,4,1,4949
1,2,3,0,0,0.1667,0.0,0.0,0.0,0.0,0,0,0,0,0.0,0.0,2,4,0,4950
1,1,0,1,0,0.3333,0.0,0.0,0.0,0.0,1,0,0,0,0.0,0.0,2,4,0,4951
1,1,0,1,0,0.5,0.5,1.0,0.0,0.0,2,1,0,1,0.0,0.5,2,4,0,4952
2,7,1,1,1,0.6667,0.6666666666666666,1.0,0.0,0.0,3,2,0,2,0.0,0.6666666666666666,2,4,0,4953
2,7,1,1,1,0.8333,0.75,1.0,0.25,1.0,4,3,0,3,0.5,0.75,2,4,1,4954
3,6,1,1,1,1.0,0.8,1.0,0.4,1.0,5,4,0,4,0.5,0.8,2,4,1,4955
1,1,0,1,0,0.2,0.0,0.0,0.0,0.0,0,0,0,0,0.0,0.0,3,2,0,4956
1,7,1,1,1,0.4,1.0,1.0,0.0,0.0,1,1,0,1,0.0,1.0,3,2,0,4957
2,1,0,1,1,0.6,1.0,1.0,0.5,1.0,2,2,0,2,0.5,1.0,3,2,1,4958
2,6,1,1,1,0.8,1.0,1.0,0.6666666666666666,1.0,3,3,0,3,0.5,1.0,3,2,1,4959
3,7,1,1,1,1.0,1.0,1.0,0.75,1.0,4,4,0,4,0.5,1.0,3,2,1,4960
1,1,0,1,0,0.2,0.0,0.0,0.0,0.0,0,0,0,0,0.0,0.0,2,4,0,4961
1,7,1,1,1,0.4,1.0,1.0,0.0,0.0,1,1,0,1,0.0,1.0,2,4,0,4962
2,1,0,1,1,0.6,1.0,1.0,0.5,1.0,2,2,0,2,0.5,1.0,2,4,1,4963
2,6,1,1,1,0.8,1.0,1.0,0.6666666666666666,1.0,3,3,0,3,0.5,1.0,2,4,1,4964
3,7,1,1,1,1.0,1.0,1.0,0.75,1.0,4,4,0,4,0.5,1.0,2,4,1,4965
1,0,0,0,0,0.1429,0.0,0.0,0.0,0.0,0,0,0,0,0.0,0.0,2,2,0,4966
1,1,0,0,0,0.2857,0.0,0.0,0.0,0.0,1,0,0,0,0.0,0.0,2,2,0,4967
1,1,0,1,0,0.4286,0.0,0.0,0.0,0.0,2,0,0,0,0.0,0.0,2,2,0,4968
1,1,0,1,0,0.5714,0.3333333333333333,1.0,0.0,0.0,3,1,0,1,0.0,0.3333333333333333,2,2,0,4969
2,7,1,1,1,0.7143,0.5,1.0,0.0,0.0,4,2,0,2,0.0,0.5,2,2,0,4970
2,7,1,1,1,0.8571,0.6,1.0,0.2,1.0,5,3,0,3,0.5,0.6,2,2,1,4971
3,2,3,1,1,1.0,0.6666666666666666,1.0,0.3333333333333333,1.0,6,4,0,4,0.5,0.6666666666666666,2,2,1,4972
1,0,0,0,0,0.1429,0.0,0.0,0.0,0.0,0,0,0,0,0.0,0.0,1,3,0,4973
1,1,0,0,0,0.2857,0.0,0.0,0.0,0.0,1,0,0,0,0.0,0.0,1,3,0,4974
1,1,0,1,0,0.4286,0.0,0.0,0.0,0.0,2,0,0,0,0.0,0.0,1,3,0,4975
1,1,0,1,0,0.5714,0.3333333333333333,1.0,0.0,0.0,3,1,0,1,0.0,0.3333333333333333,1,3,0,4976
2,7,1,1,1,0.7143,0.5,1.0,0.0,0.0,4,2,0,2,0.0,0.5,1,3,0,4977
2,7,1,1,1,0.8571,0.6,1.0,0.2,1.0,5,3,0,3,0.5,0.6,1,3,1,4978
3,2,3,1,1,1.0,0.6666666666666666,1.0,0.3333333333333333,1.0,6,4,0,4,0.5,0.6666666666666666,1,3,1,4979
1,1,0,1,0,0.2,0.0,0.0,0.0,0.0,0,0,0,0,0.0,0.0,0,2,0,4980
1,7,1,1,1,0.4,1.0,1.0,0.0,0.0,1,1,0,1,0.0,1.0,0,2,0,4981
2,1,0,1,1,0.6,1.0,1.0,0.5,1.0,2,2,0,2,0.5,1.0,0,2,1,4982
2,6,1,1,1,0.8,1.0,1.0,0.6666666666666666,1.0,3,3,0,3,0.5,1.0,0,2,1,4983
3,7,1,1,1,1.0,1.0,1.0,0.75,1.0,4,4,0,4,0.5,1.0,0,2,1,4984
1,0,0,0,0,0.1429,0.0,0.0,0.0,0.0,0,0,0,0,0.0,0.0,2,3,0,4985
1,1,0,0,0,0.2857,0.0,0.0,0.0,0.0,1,0,0,0,0.0,0.0,2,3,0,4986
1,1,0,1,0,0.4286,0.0,0.0,0.0,0.0,2,0,0,0,0.0,0.0,2,3,0,4987
1,1,0,1,0,0.5714,0.3333333333333333,1.0,0.0,0.0,3,1,0,1,0.0,0.3333333333333333,2,3,0,4988
2,7,1,1,1,0.7143,0.5,1.0,0.0,0.0,4,2,0,2,0.0,0.5,2,3,0,4989
2,7,1,1,1,0.8571,0.6,1.0,0.2,1.0,5,3,0,3,0.5,0.6,2,3,1,4990
3,2,3,1,1,1.0,0.6666666666666666,1.0,0.3333333333333333,1.0,6,4,0,4,0.5,0.6666666666666666,2,3,1,4991
1,2,3,0,0,0.1667,0.0,0.0,0.0,0.0,0,0,0,0,0.0,0.0,2,4,0,4992
1,1,0,1,0,0.3333,0.0,0.0,0.0,0.0,1,0,0,0,0.0,0.0,2,4,0,4993
1,1,0,1,0,0.5,0.5,1.0,0.0,0.0,2,1,0,1,0.0,0.5,2,4,0,4994
2,7,1,1,1,0.6667,0.6666666666666666,1.0,0.0,0.0,3,2,0,2,0.0,0.6666666666666666,2,4,0,4995
2,7,1,1,1,0.8333,0.75,1.0,0.25,1.0,4,3,0,3,0.5,0.75,2,4,1,4996
3,6,1,1,1,1.0,0.8,1.0,0.4,1.0,5,4,0,4,0.5,0.8,2,4,1,4997
1,2,3,0,0,0.1667,0.0,0.0,0.0,0.0,0,0,0,0,0.0,0.0,0,4,0,4998
1,1,0,1,0,0.3333,0.0,0.0,0.0,0.0,1,0,0,0,0.0,0.0,0,4,0,4999
1,1,0,1,0,0.5,0.5,1.0,0.0,0.0,2,1,0,1,0.0,0.5,0,4,0,5000
2,7,1,1,1,0.6667,0.6666666666666666,1.0,0.0,0.0,3,2,0,2,0.0,0.6666666666666666,0,4,0,5001
2,7,1,1,1,0.8333,0.75,1.0,0.25,1.0,4,3,0,3,0.5,0.75,0,4,1,5002
3,6,1,1,1,1.0,0.8,1.0,0.4,1.0,5,4,0,4,0.5,0.8,0,4,1,5003
1,0,0,0,0,0.1429,0.0,0.0,0.0,0.0,0,0,0,0,0.0,0.0,3,2,0,5004
1,1,0,0,0,0.2857,0.0,0.0,0.0,0.0,1,0,0,0,0.0,0.0,3,2,0,5005
1,1,0,1,0,0.4286,0.0,0.0,0.0,0.0,2,0,0,0,0.0,0.0,3,2,0,5006
1,1,0,1,0,0.5714,0.3333333333333333,1.0,0.0,0.0,3,1,0,1,0.0,0.3333333333333333,3,2,0,5007
2,7,1,1,1,0.7143,0.5,1.0,0.0,0.0,4,2,0,2,0.0,0.5,3,2,0,5008
2,7,1,1,1,0.8571,0.6,1.0,0.2,1.0,5,3,0,3,0.5,0.6,3,2,1,5009
3,2,3,1,1,1.0,0.6666666666666666,1.0,0.3333333333333333,1.0,6,4,0,4,0.5,0.6666666666666666,3,2,1,5010
1,2,3,0,0,0.1667,0.0,0.0,0.0,0.0,0,0,0,0,0.0,0.0,3,3,0,5011
1,1,0,1,0,0.3333,0.0,0.0,0.0,0.0,1,0,0,0,0.0,0.0,3,3,0,5012
1,1,0,1,0,0.5,0.5,1.0,0.0,0.0,2,1,0,1,0.0,0.5,3,3,0,5013
2,7,1,1,1,0.6667,0.6666666666666666,1.0,0.0,0.0,3,2,0,2,0.0,0.6666666666666666,3,3,0,5014
2,7,1,1,1,0.8333,0.75,1.0,0.25,1.0,4,3,0,3,0.5,0.75,3,3,1,5015
3,6,1,1,1,1.0,0.8,1.0,0.4,1.0,5,4,0,4,0.5,0.8,3,3,1,5016
1,0,0,0,0,0.1429,0.0,0.0,0.0,0.0,0,0,0,0,0.0,0.0,1,2,0,5017
1,1,0,0,0,0.2857,0.0,0.0,0.0,0.0,1,0,0,0,0.0,0.0,1,2,0,5018
1,1,0,1,0,0.4286,0.0,0.0,0.0,0.0,2,0,0,0,0.0,0.0,1,2,0,5019
1,1,0,1,0,0.5714,0.3333333333333333,1.0,0.0,0.0,3,1,0,1,0.0,0.3333333333333333,1,2,0,5020
2,7,1,1,1,0.7143,0.5,1.0,0.0,0.0,4,2,0,2,0.0,0.5,1,2,0,5021
2,7,1,1,1,0.8571,0.6,1.0,0.2,1.0,5,3,0,3,0.5,0.6,1,2,1,5022
3,2,3,1,1,1.0,0.6666666666666666,1.0,0.3333333333333333,1.0,6,4,0,4,0.5,0.6666666666666666,1,2,1,5023
1,2,3,0,0,0.1667,0.0,0.0,0.0,0.0,0,0,0,0,0.0,0.0,0,4,0,5024
1,1,0,1,0,0.3333,0.0,0.0,0.0,0.0,1,0,0,0,0.0,0.0,0,4,0,5025
1,1,0,1,0,0.5,0.5,1.0,0.0,0.0,2,1,0,1,0.0,0.5,0,4,0,5026
2,7,1,1,1,0.6667,0.6666666666666666,1.0,0.0,0.0,3,2,0,2,0.0,0.6666666666666666,0,4,0,5027
2,7,1,1,1,0.8333,0.75,1.0,0.25,1.0,4,3,0,3,0.5,0.75,0,4,1,5028
3,6,1,1,1,1.0,0.8,1.0,0.4,1.0,5,4,0,4,0.5,0.8,0,4,1,5029
1,2,3,0,0,0.1667,0.0,0.0,0.0,0.0,0,0,0,0,0.0,0.0,0,4,0,5030
1,1,0,1,0,0.3333,0.0,0.0,0.0,0.0,1,0,0,0,0.0,0.0,0,4,0,5031
1,1,0,1,0,0.5,0.5,1.0,0.0,0.0,2,1,0,1,0.0,0.5,0,4,0,5032
2,7,1,1,1,0.6667,0.6666666666666666,1.0,0.0,0.0,3,2,0,2,0.0,0.6666666666666666,0,4,0,5033
2,7,1,1,1,0.8333,0.75,1.0,0.25,1.0,4,3,0,3,0.5,0.75,0,4,1,5034
3,6,1,1,1,1.0,0.8,1.0,0.4,1.0,5,4,0,4,0.5,0.8,0,4,1,5035
1,2,3,0,0,0.1667,0.0,0.0,0.0,0.0,0,0,0,0,0.0,0.0,2,4,0,5036
1,1,0,1,0,0.3333,0.0,0.0,0.0,0.0,1,0,0,0,0.0,0.0,2,4,0,5037
1,1,0,1,0,0.5,0.5,1.0,0.0,0.0,2,1,0,1,0.0,0.5,2,4,0,5038
2,7,1,1,1,0.6667,0.6666666666666666,1.0,0.0,0.0,3,2,0,2,0.0,0.6666666666666666,2,4,0,5039
2,7,1,1,1,0.8333,0.75,1.0,0.25,1.0,4,3,0,3,0.5,0.75,2,4,1,5040
3,6,1,1,1,1.0,0.8,1.0,0.4,1.0,5,4,0,4,0.5,0.8,2,4,1,5041
1,2,3,0,0,0.1667,0.0,0.0,0.0,0.0,0,0,0,0,0.0,0.0,1,3,0,5042
1,1,0,1,0,0.3333,0.0,0.0,0.0,0.0,1,0,0,0,0.0,0.0,1,3,0,5043
1,1,0,1,0,0.5,0.5,1.0,0.0,0.0,2,1,0,1,0.0,0.5,1,3,0,5044
2,7,1,1,1,0.6667,0.6666666666666666,1.0,0.0,0.0,3,2,0,2,0.0,0.6666666666666666,1,3,0,5045
2,7,1,1,1,0.8333,0.75,1.0,0.25,1.0,4,3,0,3,0.5,0.75,1,3,1,5046
3,6,1,1,1,1.0,0.8,1.0,0.4,1.0,5,4,0,4,0.5,0.8,1,3,1,5047
1,0,0,0,0,0.1429,0.0,0.0,0.0,0.0,0,0,0,0,0.0,0.0,3,2,0,5048
1,1,0,0,0,0.2857,0.0,0.0,0.0,0.0,1,0,0,0,0.0,0.0,3,2,0,5049
1,1,0,1,0,0.4286,0.0,0.0,0.0,0.0,2,0,0,0,0.0,0.0,3,2,0,5050
1,1,0,1,0,0.5714,0.3333333333333333,1.0,0.0,0.0,3,1,0,1,0.0,0.3333333333333333,3,2,0,5051
2,7,1,1,1,0.7143,0.5,1.0,0.0,0.0,4,2,0,2,0.0,0.5,3,2,0,5052
2,7,1,1,1,0.8571,0.6,1.0,0.2,1.0,5,3,0,3,0.5,0.6,3,2,1,5053
3,2,3,1,1,1.0,0.6666666666666666,1.0,0.3333333333333333,1.0,6,4,0,4,0.5,0.6666666666666666,3,2,1,5054
1,1,0,1,0,0.2,0.0,0.0,0.0,0.0,0,0,0,0,0.0,0.0,3,2,0,5055
1,7,1,1,1,0.4,1.0,1.0,0.0,0.0,1,1,0,1,0.0,1.0,3,2,0,5056
2,1,0,1,1,0.6,1.0,1.0,0.5,1.0,2,2,0,2,0.5,1.0,3,2,1,5057
2,6,1,1,1,0.8,1.0,1.0,0.6666666666666666,1.0,3,3,0,3,0.5,1.0,3,2,1,5058
3,7,1,1,1,1.0,1.0,1.0,0.75,1.0,4,4,0,4,0.5,1.0,3,2,1,5059
1,1,0,1,0,0.2,0.0,0.0,0.0,0.0,0,0,0,0,0.0,0.0,3,4,0,5060
1,7,1,1,1,0.4,1.0,1.0,0.0,0.0,1,1,0,1,0.0,1.0,3,4,0,5061
2,1,0,1,1,0.6,1.0,1.0,0.5,1.0,2,2,0,2,0.5,1.0,3,4,1,5062
2,6,1,1,1,0.8,1.0,1.0,0.6666666666666666,1.0,3,3,0,3,0.5,1.0,3,4,1,5063
3,7,1,1,1,1.0,1.0,1.0,0.75,1.0,4,4,0,4,0.5,1.0,3,4,1,5064
1,2,3,0,0,0.1667,0.0,0.0,0.0,0.0,0,0,0,0,0.0,0.0,0,4,0,5065
1,1,0,1,0,0.3333,0.0,0.0,0.0,0.0,1,0,0,0,0.0,0.0,0,4,0,5066
1,1,0,1,0,0.5,0.5,1.0,0.0,0.0,2,1,0,1,0.0,0.5,0,4,0,5067
2,7,1,1,1,0.6667,0.6666666666666666,1.0,0.0,0.0,3,2,0,2,0.0,0.6666666666666666,0,4,0,5068
2,7,1,1,1,0.8333,0.75,1.0,0.25,1.0,4,3,0,3,0.5,0.75,0,4,1,5069
3,6,1,1,1,1.0,0.8,1.0,0.4,1.0,5,4,0,4,0.5,0.8,0,4,1,5070
1,1,0,1,0,0.2,0.0,0.0,0.0,0.0,0,0,0,0,0.0,0.0,3,2,0,5071
1,7,1,1,1,0.4,1.0,1.0,0.0,0.0,1,1,0,1,0.0,1.0,3,2,0,5072
2,1,0,1,1,0.6,1.0,1.0,0.5,1.0,2,2,0,2,0.5,1.0,3,2,1,5073
2,6,1,1,1,0.8,1.0,1.0,0.6666666666666666,1.0,3,3,0,3,0.5,1.0,3,2,1,5074
3,7,1,1,1,1.0,1.0,1.0,0.75,1.0,4,4,0,4,0.5,1.0,3,2,1,5075
1,0,0,0,0,0.1429,0.0,0.0,0.0,0.0,0,0,0,0,0.0,0.0,1,4,0,5076
1,1,0,0,0,0.2857,0.0,0.0,0.0,0.0,1,0,0,0,0.0,0.0,1,4,0,5077
1,1,0,1,0,0.4286,0.0,0.0,0.0,0.0,2,0,0,0,0.0,0.0,1,4,0,5078
1,1,0,1,0,0.5714,0.3333333333333333,1.0,0.0,0.0,3,1,0,1,0.0,0.3333333333333333,1,4,0,5079
2,7,1,1,1,0.7143,0.5,1.0,0.0,0.0,4,2,0,2,0.0,0.5,1,4,0,5080
2,7,1,1,1,0.8571,0.6,1.0,0.2,1.0,5,3,0,3,0.5,0.6,1,4,1,5081
3,2,3,1,1,1.0,0.6666666666666666,1.0,0.3333333333333333,1.0,6,4,0,4,0.5,0.6666666666666666,1,4,1,5082
1,1,0,1,0,0.2,0.0,0.0,0.0,0.0,0,0,0,0,0.0,0.0,0,4,0,5083
1,7,1,1,1,0.4,1.0,1.0,0.0,0.0,1,1,0,1,0.0,1.0,0,4,0,5084
2,1,0,1,1,0.6,1.0,1.0,0.5,1.0,2,2,0,2,0.5,1.0,0,4,1,5085
2,6,1,1,1,0.8,1.0,1.0,0.6666666666666666,1.0,3,3,0,3,0.5,1.0,0,4,1,5086
3,7,1,1,1,1.0,1.0,1.0,0.75,1.0,4,4,0,4,0.5,1.0,0,4,1,5087
1,2,3,0,0,0.1667,0.0,0.0,0.0,0.0,0,0,0,0,0.0,0.0,0,4,0,5088
1,1,0,1,0,0.3333,0.0,0.0,0.0,0.0,1,0,0,0,0.0,0.0,0,4,0,5089
1,1,0,1,0,0.5,0.5,1.0,0.0,0.0,2,1,0,1,0.0,0.5,0,4,0,5090
2,7,1,1,1,0.6667,0.6666666666666666,1.0,0.0,0.0,3,2,0,2,0.0,0.6666666666666666,0,4,0,5091
2,7,1,1,1,0.8333,0.75,1.0,0.25,1.0,4,3,0,3,0.5,0.75,0,4,1,5092
3,6,1,1,1,1.0,0.8,1.0,0.4,1.0,5,4,0,4,0.5,0.8,0,4,1,5093
1,1,0,1,0,0.2,0.0,0.0,0.0,0.0,0,0,0,0,0.0,0.0,0,4,0,5094
1,7,1,1,1,0.4,1.0,1.0,0.0,0.0,1,1,0,1,0.0,1.0,0,4,0,5095
2,1,0,1,1,0.6,1.0,1.0,0.5,1.0,2,2,0,2,0.5,1.0,0,4,1,5096
2,6,1,1,1,0.8,1.0,1.0,0.6666666666666666,1.0,3,3,0,3,0.5,1.0,0,4,1,5097
3,7,1,1,1,1.0,1.0,1.0,0.75,1.0,4,4,0,4,0.5,1.0,0,4,1,5098
1,2,3,0,0,0.1667,0.0,0.0,0.0,0.0,0,0,0,0,0.0,0.0,1,4,0,5099
1,1,0,1,0,0.3333,0.0,0.0,0.0,0.0,1,0,0,0,0.0,0.0,1,4,0,5100
1,1,0,1,0,0.5,0.5,1.0,0.0,0.0,2,1,0,1,0.0,0.5,1,4,0,5101
2,7,1,1,1,0.6667,0.6666666666666666,1.0,0.0,0.0,3,2,0,2,0.0,0.6666666666666666,1,4,0,5102
2,7,1,1,1,0.8333,0.75,1.0,0.25,1.0,4,3,0,3,0.5,0.75,1,4,1,5103
3,6,1,1,1,1.0,0.8,1.0,0.4,1.0,5,4,0,4,0.5,0.8,1,4,1,5104
1,2,3,0,0,0.1667,0.0,0.0,0.0,0.0,0,0,0,0,0.0,0.0,0,4,0,5105
1,1,0,1,0,0.3333,0.0,0.0,0.0,0.0,1,0,0,0,0.0,0.0,0,4,0,5106
1,1,0,1,0,0.5,0.5,1.0,0.0,0.0,2,1,0,1,0.0,0.5,0,4,0,5107
2,7,1,1,1,0.6667,0.6666666666666666,1.0,0.0,0.0,3,2,0,2,0.0,0.6666666666666666,0,4,0,5108
2,7,1,1,1,0.8333,0.75,1.0,0.25,1.0,4,3,0,3,0.5,0.75,0,4,1,5109
3,6,1,1,1,1.0,0.8,1.0,0.4,1.0,5,4,0,4,0.5,0.8,0,4,1,5110
1,1,0,1,0,0.2,0.0,0.0,0.0,0.0,0,0,0,0,0.0,0.0,2,4,0,5111
1,7,1,1,1,0.4,1.0,1.0,0.0,0.0,1,1,0,1,0.0,1.0,2,4,0,5112
2,1,0,1,1,0.6,1.0,1.0,0.5,1.0,2,2,0,2,0.5,1.0,2,4,1,5113
2,6,1,1,1,0.8,1.0,1.0,0.6666666666666666,1.0,3,3,0,3,0.5,1.0,2,4,1,5114
3,7,1,1,1,1.0,1.0,1.0,0.75,1.0,4,4,0,4,0.5,1.0,2,4,1,5115
1,0,0,0,0,0.1429,0.0,0.0,0.0,0.0,0,0,0,0,0.0,0.0,2,4,0,5116
1,1,0,0,0,0.2857,0.0,0.0,0.0,0.0,1,0,0,0,0.0,0.0,2,4,0,5117
1,1,0,1,0,0.4286,0.0,0.0,0.0,0.0,2,0,0,0,0.0,0.0,2,4,0,5118
1,1,0,1,0,0.5714,0.3333333333333333,1.0,0.0,0.0,3,1,0,1,0.0,0.3333333333333333,2,4,0,5119
2,7,1,1,1,0.7143,0.5,1.0,0.0,0.0,4,2,0,2,0.0,0.5,2,4,0,5120
2,7,1,1,1,0.8571,0.6,1.0,0.2,1.0,5,3,0,3,0.5,0.6,2,4,1,5121
3,2,3,1,1,1.0,0.6666666666666666,1.0,0.3333333333333333,1.0,6,4,0,4,0.5,0.6666666666666666,2,4,1,5122
1,0,0,0,0,0.1429,0.0,0.0,0.0,0.0,0,0,0,0,0.0,0.0,3,4,0,5123
1,1,0,0,0,0.2857,0.0,0.0,0.0,0.0,1,0,0,0,0.0,0.0,3,4,0,5124
1,1,0,1,0,0.4286,0.0,0.0,0.0,0.0,2,0,0,0,0.0,0.0,3,4,0,5125
1,1,0,1,0,0.5714,0.3333333333333333,1.0,0.0,0.0,3,1,0,1,0.0,0.3333333333333333,3,4,0,5126
2,7,1,1,1,0.7143,0.5,1.0,0.0,0.0,4,2,0,2,0.0,0.5,3,4,0,5127
2,7,1,1,1,0.8571,0.6,1.0,0.2,1.0,5,3,0,3,0.5,0.6,3,4,1,5128
3,2,3,1,1,1.0,0.6666666666666666,1.0,0.3333333333333333,1.0,6,4,0,4,0.5,0.6666666666666666,3,4,1,5129
1,1,0,1,0,0.2,0.0,0.0,0.0,0.0,0,0,0,0,0.0,0.0,0,2,0,5130
1,7,1,1,1,0.4,1.0,1.0,0.0,0.0,1,1,0,1,0.0,1.0,0,2,0,5131
2,1,0,1,1,0.6,1.0,1.0,0.5,1.0,2,2,0,2,0.5,1.0,0,2,1,5132
2,6,1,1,1,0.8,1.0,1.0,0.6666666666666666,1.0,3,3,0,3,0.5,1.0,0,2,1,5133
3,7,1,1,1,1.0,1.0,1.0,0.75,1.0,4,4,0,4,0.5,1.0,0,2,1,5134
1,0,0,0,0,0.1429,0.0,0.0,0.0,0.0,0,0,0,0,0.0,0.0,2,3,0,5135
1,1,0,0,0,0.2857,0.0,0.0,0.0,0.0,1,0,0,0,0.0,0.0,2,3,0,5136
1,1,0,1,0,0.4286,0.0,0.0,0.0,0.0,2,0,0,0,0.0,0.0,2,3,0,5137
1,1,0,1,0,0.5714,0.3333333333333333,1.0,0.0,0.0,3,1,0,1,0.0,0.3333333333333333,2,3,0,5138
2,7,1,1,1,0.7143,0.5,1.0,0.0,0.0,4,2,0,2,0.0,0.5,2,3,0,5139
2,7,1,1,1,0.8571,0.6,1.0,0.2,1.0,5,3,0,3,0.5,0.6,2,3,1,5140
3,2,3,1,1,1.0,0.6666666666666666,1.0,0.3333333333333333,1.0,6,4,0,4,0.5,0.6666666666666666,2,3,1,5141
1,2,3,0,0,0.1667,0.0,0.0,0.0,0.0,0,0,0,0,0.0,0.0,3,2,0,5142
1,1,0,1,0,0.3333,0.0,0.0,0.0,0.0,1,0,0,0,0.0,0.0,3,2,0,5143
1,1,0,1,0,0.5,0.5,1.0,0.0,0.0,2,1,0,1,0.0,0.5,3,2,0,5144
2,7,1,1,1,0.6667,0.6666666666666666,1.0,0.0,0.0,3,2,0,2,0.0,0.6666666666666666,3,2,0,5145
2,7,1,1,1,0.8333,0.75,1.0,0.25,1.0,4,3,0,3,0.5,0.75,3,2,1,5146
3,6,1,1,1,1.0,0.8,1.0,0.4,1.0,5,4,0,4,0.5,0.8,3,2,1,5147
1,1,0,1,0,0.2,0.0,0.0,0.0,0.0,0,0,0,0,0.0,0.0,0,3,0,5148
1,7,1,1,1,0.4,1.0,1.0,0.0,0.0,1,1,0,1,0.0,1.0,0,3,0,5149
2,1,0,1,1,0.6,1.0,1.0,0.5,1.0,2,2,0,2,0.5,1.0,0,3,1,5150
2,6,1,1,1,0.8,1.0,1.0,0.6666666666666666,1.0,3,3,0,3,0.5,1.0,0,3,1,5151
3,7,1,1,1,1.0,1.0,1.0,0.75,1.0,4,4,0,4,0.5,1.0,0,3,1,5152
1,1,0,1,0,0.2,0.0,0.0,0.0,0.0,0,0,0,0,0.0,0.0,0,3,0,5153
1,7,1,1,1,0.4,1.0,1.0,0.0,0.0,1,1,0,1,0.0,1.0,0,3,0,5154
2,1,0,1,1,0.6,1.0,1.0,0.5,1.0,2,2,0,2,0.5,1.0,0,3,1,5155
2,6,1,1,1,0.8,1.0,1.0,0.6666666666666666,1.0,3,3,0,3,0.5,1.0,0,3,1,5156
3,7,1,1,1,1.0,1.0,1.0,0.75,1.0,4,4,0,4,0.5,1.0,0,3,1,5157
1,1,0,1,0,0.2,0.0,0.0,0.0,0.0,0,0,0,0,0.0,0.0,1,4,0,5158
1,7,1,1,1,0.4,1.0,1.0,0.0,0.0,1,1,0,1,0.0,1.0,1,4,0,5159
2,1,0,1,1,0.6,1.0,1.0,0.5,1.0,2,2,0,2,0.5,1.0,1,4,1,5160
2,6,1,1,1,0.8,1.0,1.0,0.6666666666666666,1.0,3,3,0,3,0.5,1.0,1,4,1,5161
3,7,1,1,1,1.0,1.0,1.0,0.75,1.0,4,4,0,4,0.5,1.0,1,4,1,5162
1,0,0,0,0,0.1429,0.0,0.0,0.0,0.0,0,0,0,0,0.0,0.0,1,3,0,5163
1,1,0,0,0,0.2857,0.0,0.0,0.0,0.0,1,0,0,0,0.0,0.0,1,3,0,5164
1,1,0,1,0,0.4286,0.0,0.0,0.0,0.0,2,0,0,0,0.0,0.0,1,3,0,5165
1,1,0,1,0,0.5714,0.3333333333333333,1.0,0.0,0.0,3,1,0,1,0.0,0.3333333333333333,1,3,0,5166
2,7,1,1,1,0.7143,0.5,1.0,0.0,0.0,4,2,0,2,0.0,0.5,1,3,0,5167
2,7,1,1,1,0.8571,0.6,1.0,0.2,1.0,5,3,0,3,0.5,0.6,1,3,1,5168
3,2,3,1,1,1.0,0.6666666666666666,1.0,0.3333333333333333,1.0,6,4,0,4,0.5,0.6666666666666666,1,3,1,5169
1,2,3,0,0,0.1667,0.0,0.0,0.0,0.0,0,0,0,0,0.0,0.0,1,4,0,5170
1,1,0,1,0,0.3333,0.0,0.0,0.0,0.0,1,0,0,0,0.0,0.0,1,4,0,5171
1,1,0,1,0,0.5,0.5,1.0,0.0,0.0,2,1,0,1,0.0,0.5,1,4,0,5172
2,7,1,1,1,0.6667,0.6666666666666666,1.0,0.0,0.0,3,2,0,2,0.0,0.6666666666666666,1,4,0,5173
2,7,1,1,1,0.8333,0.75,1.0,0.25,1.0,4,3,0,3,0.5,0.75,1,4,1,5174
3,6,1,1,1,1.0,0.8,1.0,0.4,1.0,5,4,0,4,0.5,0.8,1,4,1,5175
