agent_role,tool_name,action_type,data_sensitivity,destination_category,timestamp_norm,mean_sensitivity,max_sensitivity,mean_destination,max_destination,prev_tool_count,prev_sensitive_reads,prev_external_transmits,prev_risky_actions,max_prev_risk,cumulative_risk,task_type,agent_count,label,trajectory_id
2,0,0,0,1,0.2,0.0,0.0,0.0,0.0,0,0,0,0,0.0,0.0,3,4,0,0
2,0,0,0,0,0.4,0.0,0.0,1.0,1.0,1,0,0,0,0.5,0.0,3,4,0,1
1,0,0,0,0,0.6,0.0,0.0,0.5,1.0,2,0,0,0,0.5,0.0,3,4,0,2
2,6,1,0,1,0.8,0.0,0.0,0.3333333333333333,1.0,3,0,0,0,0.5,0.0,3,4,0,3
1,1,0,0,0,1.0,0.0,0.0,0.5,1.0,4,0,0,0,0.5,0.0,3,4,0,4
1,6,1,0,0,0.1111,0.0,0.0,0.0,0.0,0,0,0,0,0.0,0.0,3,2,0,5
2,2,0,1,0,0.2222,0.0,0.0,0.0,0.0,1,0,0,0,0.0,0.0,3,2,0,6
1,0,0,0,0,0.3333,0.5,1.0,0.0,0.0,2,1,0,1,0.0,0.5,3,2,0,7
1,0,0,0,1,0.4444,0.3333333333333333,1.0,0.0,0.0,3,1,0,1,0.0,0.3333333333333333,3,2,0,8
3,2,0,1,0,0.5556,0.25,1.0,0.25,1.0,4,1,0,1,0.5,0.25,3,2,0,9
1,0,0,0,0,0.6667,0.4,1.0,0.2,1.0,5,2,0,2,0.5,0.4,3,2,0,10
3,1,0,0,0,0.7778,0.3333333333333333,1.0,0.16666666666666666,1.0,6,2,0,2,0.5,0.3333333333333333,3,2,0,11
2,0,0,0,0,0.8889,0.2857142857142857,1.0,0.14285714285714285,1.0,7,2,0,2,0.5,0.2857142857142857,3,2,0,12
3,1,0,0,1,1.0,0.25,1.0,0.125,1.0,8,2,0,2,0.5,0.25,3,2,0,13
3,1,0,0,0,0.125,0.0,0.0,0.0,0.0,0,0,0,0,0.0,0.0,2,3,0,14
3,2,0,1,0,0.25,0.0,0.0,0.0,0.0,1,0,0,0,0.0,0.0,2,3,0,15
2,6,1,0,0,0.375,0.5,1.0,0.0,0.0,2,1,0,1,0.0,0.5,2,3,0,16
2,2,0,0,1,0.5,0.3333333333333333,1.0,0.0,0.0,3,1,0,1,0.0,0.3333333333333333,2,3,0,17
3,0,0,0,0,0.625,0.25,1.0,0.25,1.0,4,1,0,1,0.5,0.25,2,3,0,18
3,2,0,0,0,0.75,0.2,1.0,0.2,1.0,5,1,0,1,0.5,0.2,2,3,0,19
3,2,0,1,0,0.875,0.16666666666666666,1.0,0.16666666666666666,1.0,6,1,0,1,0.5,0.16666666666666666,2,3,0,20
3,6,1,0,1,1.0,0.2857142857142857,1.0,0.14285714285714285,1.0,7,2,0,2,0.5,0.2857142857142857,2,3,0,21
1,0,0,0,0,0.1,0.0,0.0,0.0,0.0,0,0,0,0,0.0,0.0,1,3,0,22
3,7,1,0,0,0.2,0.0,0.0,0.0,0.0,1,0,0,0,0.0,0.0,1,3,0,23
3,1,0,0,1,0.3,0.0,0.0,0.0,0.0,2,0,0,0,0.0,0.0,1,3,0,24
3,6,1,0,0,0.4,0.0,0.0,0.3333333333333333,1.0,3,0,0,0,0.5,0.0,1,3,0,25
3,7,1,0,1,0.5,0.0,0.0,0.25,1.0,4,0,0,0,0.5,0.0,1,3,0,26
1,0,0,0,0,0.6,0.0,0.0,0.4,1.0,5,0,0,0,0.5,0.0,1,3,0,27
2,7,1,1,1,0.7,0.0,0.0,0.3333333333333333,1.0,6,0,0,0,0.5,0.0,1,3,0,28
2,1,0,0,0,0.8,0.14285714285714285,1.0,0.42857142857142855,1.0,7,1,0,1,0.5,0.14285714285714285,1,3,0,29
3,6,1,0,0,0.9,0.125,1.0,0.375,1.0,8,1,0,1,0.5,0.125,1,3,0,30
1,0,0,0,0,1.0,0.1111111111111111,1.0,0.3333333333333333,1.0,9,1,0,1,0.5,0.1111111111111111,1,3,0,31
1,6,1,0,1,0.1667,0.0,0.0,0.0,0.0,0,0,0,0,0.0,0.0,2,3,0,32
3,7,1,0,0,0.3333,0.0,0.0,1.0,1.0,1,0,0,0,0.5,0.0,2,3,0,33
3,2,0,1,0,0.5,0.0,0.0,0.5,1.0,2,0,0,0,0.5,0.0,2,3,0,34
2,2,0,0,0,0.6667,0.3333333333333333,1.0,0.3333333333333333,1.0,3,1,0,1,0.5,0.3333333333333333,2,3,0,35
1,6,1,0,0,0.8333,0.25,1.0,0.25,1.0,4,1,0,1,0.5,0.25,2,3,0,36
1,0,0,0,0,1.0,0.2,1.0,0.2,1.0,5,1,0,1,0.5,0.2,2,3,0,37
3,1,0,0,0,0.1429,0.0,0.0,0.0,0.0,0,0,0,0,0.0,0.0,1,3,0,38
1,6,1,0,0,0.2857,0.0,0.0,0.0,0.0,1,0,0,0,0.0,0.0,1,3,0,39
2,2,0,0,1,0.4286,0.0,0.0,0.0,0.0,2,0,0,0,0.0,0.0,1,3,0,40
1,0,0,0,0,0.5714,0.0,0.0,0.3333333333333333,1.0,3,0,0,0,0.5,0.0,1,3,0,41
1,1,0,0,0,0.7143,0.0,0.0,0.25,1.0,4,0,0,0,0.5,0.0,1,3,0,42
3,1,0,0,0,0.8571,0.0,0.0,0.2,1.0,5,0,0,0,0.5,0.0,1,3,0,43
1,2,0,0,0,1.0,0.0,0.0,0.16666666666666666,1.0,6,0,0,0,0.5,0.0,1,3,0,44
1,1,0,0,0,0.25,0.0,0.0,0.0,0.0,0,0,0,0,0.0,0.0,0,2,0,45
3,1,0,0,0,0.5,0.0,0.0,0.0,0.0,1,0,0,0,0.0,0.0,0,2,0,46
3,2,0,0,0,0.75,0.0,0.0,0.0,0.0,2,0,0,0,0.0,0.0,0,2,0,47
1,7,1,0,0,1.0,0.0,0.0,0.0,0.0,3,0,0,0,0.0,0.0,0,2,0,48
2,7,1,1,0,0.125,0.0,0.0,0.0,0.0,0,0,0,0,0.0,0.0,0,2,0,49
1,2,0,0,0,0.25,1.0,1.0,0.0,0.0,1,1,0,1,0.0,1.0,0,2,0,50
1,7,1,0,0,0.375,0.5,1.0,0.0,0.0,2,1,0,1,0.0,0.5,0,2,0,51
2,2,0,0,0,0.5,0.3333333333333333,1.0,0.0,0.0,3,1,0,1,0.0,0.3333333333333333,0,2,0,52
2,1,0,0,1,0.625,0.25,1.0,0.0,0.0,4,1,0,1,0.0,0.25,0,2,0,53
3,0,0,0,1,0.75,0.2,1.0,0.2,1.0,5,1,0,1,0.5,0.2,0,2,0,54
2,7,1,0,0,0.875,0.16666666666666666,1.0,0.3333333333333333,1.0,6,1,0,1,0.5,0.16666666666666666,0,2,0,55
3,7,1,1,0,1.0,0.14285714285714285,1.0,0.2857142857142857,1.0,7,1,0,1,0.5,0.14285714285714285,0,2,0,56
3,2,0,0,1,0.1111,0.0,0.0,0.0,0.0,0,0,0,0,0.0,0.0,2,2,0,57
1,7,1,0,0,0.2222,0.0,0.0,1.0,1.0,1,0,0,0,0.5,0.0,2,2,0,58
3,1,0,0,1,0.3333,0.0,0.0,0.5,1.0,2,0,0,0,0.5,0.0,2,2,0,59
1,2,0,0,0,0.4444,0.0,0.0,0.6666666666666666,1.0,3,0,0,0,0.5,0.0,2,2,0,60
2,6,1,0,1,0.5556,0.0,0.0,0.5,1.0,4,0,0,0,0.5,0.0,2,2,0,61
2,1,0,1,1,0.6667,0.0,0.0,0.6,1.0,5,0,0,0,0.5,0.0,2,2,0,62
1,6,1,0,1,0.7778,0.16666666666666666,1.0,0.6666666666666666,1.0,6,1,0,1,0.5,0.16666666666666666,2,2,0,63
3,1,0,1,0,0.8889,0.14285714285714285,1.0,0.7142857142857143,1.0,7,1,0,1,0.5,0.14285714285714285,2,2,0,64
3,0,0,0,0,1.0,0.25,1.0,0.625,1.0,8,2,0,2,0.5,0.25,2,2,0,65
2,1,0,0,0,0.1111,0.0,0.0,0.0,0.0,0,0,0,0,0.0,0.0,0,2,0,66
1,2,0,0,0,0.2222,0.0,0.0,0.0,0.0,1,0,0,0,0.0,0.0,0,2,0,67
1,7,1,0,1,0.3333,0.0,0.0,0.0,0.0,2,0,0,0,0.0,0.0,0,2,0,68
1,0,0,0,1,0.4444,0.0,0.0,0.3333333333333333,1.0,3,0,0,0,0.5,0.0,0,2,0,69
2,6,1,0,0,0.5556,0.0,0.0,0.5,1.0,4,0,0,0,0.5,0.0,0,2,0,70
1,1,0,1,0,0.6667,0.0,0.0,0.4,1.0,5,0,0,0,0.5,0.0,0,2,0,71
3,7,1,0,0,0.7778,0.16666666666666666,1.0,0.3333333333333333,1.0,6,1,0,1,0.5,0.16666666666666666,0,2,0,72
2,1,0,1,0,0.8889,0.14285714285714285,1.0,0.2857142857142857,1.0,7,1,0,1,0.5,0.14285714285714285,0,2,0,73
2,7,1,0,0,1.0,0.25,1.0,0.25,1.0,8,2,0,2,0.5,0.25,0,2,0,74
1,6,1,0,1,0.1667,0.0,0.0,0.0,0.0,0,0,0,0,0.0,0.0,0,2,0,75
2,1,0,0,0,0.3333,0.0,0.0,1.0,1.0,1,0,0,0,0.5,0.0,0,2,0,76
3,1,0,1,0,0.5,0.0,0.0,0.5,1.0,2,0,0,0,0.5,0.0,0,2,0,77
2,1,0,0,1,0.6667,0.3333333333333333,1.0,0.3333333333333333,1.0,3,1,0,1,0.5,0.3333333333333333,0,2,0,78
1,7,1,0,1,0.8333,0.25,1.0,0.5,1.0,4,1,0,1,0.5,0.25,0,2,0,79
1,1,0,0,0,1.0,0.2,1.0,0.6,1.0,5,1,0,1,0.5,0.2,0,2,0,80
2,2,0,0,0,0.1429,0.0,0.0,0.0,0.0,0,0,0,0,0.0,0.0,2,2,0,81
3,6,1,1,1,0.2857,0.0,0.0,0.0,0.0,1,0,0,0,0.0,0.0,2,2,0,82
3,7,1,0,0,0.4286,0.5,1.0,0.5,1.0,2,1,0,1,0.5,0.5,2,2,0,83
1,6,1,0,0,0.5714,0.3333333333333333,1.0,0.3333333333333333,1.0,3,1,0,1,0.5,0.3333333333333333,2,2,0,84
3,1,0,1,0,0.7143,0.25,1.0,0.25,1.0,4,1,0,1,0.5,0.25,2,2,0,85
3,2,0,0,1,0.8571,0.4,1.0,0.2,1.0,5,2,0,2,0.5,0.4,2,2,0,86
3,7,1,0,0,1.0,0.3333333333333333,1.0,0.3333333333333333,1.0,6,2,0,2,0.5,0.3333333333333333,2,2,0,87
3,2,0,0,1,0.1111,0.0,0.0,0.0,0.0,0,0,0,0,0.0,0.0,3,2,0,88
2,2,0,0,0,0.2222,0.0,0.0,1.0,1.0,1,0,0,0,0.5,0.0,3,2,0,89
2,0,0,0,0,0.3333,0.0,0.0,0.5,1.0,2,0,0,0,0.5,0.0,3,2,0,90
3,7,1,1,0,0.4444,0.0,0.0,0.3333333333333333,1.0,3,0,0,0,0.5,0.0,3,2,0,91
2,6,1,1,1,0.5556,0.25,1.0,0.25,1.0,4,1,0,1,0.5,0.25,3,2,0,92
2,7,1,1,1,0.6667,0.4,1.0,0.4,1.0,5,2,0,2,0.5,0.4,3,2,0,93
3,2,0,1,1,0.7778,0.5,1.0,0.5,1.0,6,3,0,3,0.5,0.5,3,2,0,94
1,6,1,1,1,0.8889,0.5714285714285714,1.0,0.5714285714285714,1.0,7,4,0,4,0.5,0.5714285714285714,3,2,0,95
3,0,0,0,1,1.0,0.625,1.0,0.625,1.0,8,5,0,5,0.5,0.625,3,2,0,96
1,1,0,0,0,0.2,0.0,0.0,0.0,0.0,0,0,0,0,0.0,0.0,2,3,0,97
1,2,0,0,0,0.4,0.0,0.0,0.0,0.0,1,0,0,0,0.0,0.0,2,3,0,98
1,7,1,0,0,0.6,0.0,0.0,0.0,0.0,2,0,0,0,0.0,0.0,2,3,0,99
2,2,0,0,1,0.8,0.0,0.0,0.0,0.0,3,0,0,0,0.0,0.0,2,3,0,100
1,1,0,0,0,1.0,0.0,0.0,0.25,1.0,4,0,0,0,0.5,0.0,2,3,0,101
2,6,1,0,0,0.1667,0.0,0.0,0.0,0.0,0,0,0,0,0.0,0.0,1,3,0,102
2,7,1,0,1,0.3333,0.0,0.0,0.0,0.0,1,0,0,0,0.0,0.0,1,3,0,103
3,1,0,0,1,0.5,0.0,0.0,0.5,1.0,2,0,0,0,0.5,0.0,1,3,0,104
2,2,0,0,0,0.6667,0.0,0.0,0.6666666666666666,1.0,3,0,0,0,0.5,0.0,1,3,0,105
1,1,0,0,1,0.8333,0.0,0.0,0.5,1.0,4,0,0,0,0.5,0.0,1,3,0,106
2,1,0,0,0,1.0,0.0,0.0,0.6,1.0,5,0,0,0,0.5,0.0,1,3,0,107
3,7,1,1,0,0.2,0.0,0.0,0.0,0.0,0,0,0,0,0.0,0.0,2,2,0,108
2,0,0,0,0,0.4,1.0,1.0,0.0,0.0,1,1,0,1,0.0,1.0,2,2,0,109
2,0,0,0,0,0.6,0.5,1.0,0.0,0.0,2,1,0,1,0.0,0.5,2,2,0,110
2,2,0,0,0,0.8,0.3333333333333333,1.0,0.0,0.0,3,1,0,1,0.0,0.3333333333333333,2,2,0,111
2,1,0,1,0,1.0,0.25,1.0,0.0,0.0,4,1,0,1,0.0,0.25,2,2,0,112
2,6,1,0,0,0.1429,0.0,0.0,0.0,0.0,0,0,0,0,0.0,0.0,2,3,0,113
1,0,0,0,0,0.2857,0.0,0.0,0.0,0.0,1,0,0,0,0.0,0.0,2,3,0,114
1,6,1,0,0,0.4286,0.0,0.0,0.0,0.0,2,0,0,0,0.0,0.0,2,3,0,115
1,7,1,0,0,0.5714,0.0,0.0,0.0,0.0,3,0,0,0,0.0,0.0,2,3,0,116
1,0,0,0,0,0.7143,0.0,0.0,0.0,0.0,4,0,0,0,0.0,0.0,2,3,0,117
1,1,0,0,1,0.8571,0.0,0.0,0.0,0.0,5,0,0,0,0.0,0.0,2,3,0,118
1,1,0,0,0,1.0,0.0,0.0,0.16666666666666666,1.0,6,0,0,0,0.5,0.0,2,3,0,119
2,7,1,0,0,0.2,0.0,0.0,0.0,0.0,0,0,0,0,0.0,0.0,3,4,0,120
2,7,1,0,0,0.4,0.0,0.0,0.0,0.0,1,0,0,0,0.0,0.0,3,4,0,121
3,0,0,1,0,0.6,0.0,0.0,0.0,0.0,2,0,0,0,0.0,0.0,3,4,0,122
1,6,1,0,0,0.8,0.3333333333333333,1.0,0.0,0.0,3,1,0,1,0.0,0.3333333333333333,3,4,0,123
3,2,0,1,1,1.0,0.25,1.0,0.0,0.0,4,1,0,1,0.0,0.25,3,4,0,124
3,2,0,0,0,0.1,0.0,0.0,0.0,0.0,0,0,0,0,0.0,0.0,3,4,0,125
1,0,0,0,0,0.2,0.0,0.0,0.0,0.0,1,0,0,0,0.0,0.0,3,4,0,126
1,1,0,0,0,0.3,0.0,0.0,0.0,0.0,2,0,0,0,0.0,0.0,3,4,0,127
3,2,0,1,0,0.4,0.0,0.0,0.0,0.0,3,0,0,0,0.0,0.0,3,4,0,128
2,1,0,0,0,0.5,0.25,1.0,0.0,0.0,4,1,0,1,0.0,0.25,3,4,0,129
3,6,1,0,1,0.6,0.2,1.0,0.0,0.0,5,1,0,1,0.0,0.2,3,4,0,130
3,2,0,0,1,0.7,0.16666666666666666,1.0,0.16666666666666666,1.0,6,1,0,1,0.5,0.16666666666666666,3,4,0,131
2,2,0,1,0,0.8,0.14285714285714285,1.0,0.2857142857142857,1.0,7,1,0,1,0.5,0.14285714285714285,3,4,0,132
2,1,0,1,0,0.9,0.25,1.0,0.25,1.0,8,2,0,2,0.5,0.25,3,4,0,133
1,7,1,0,0,1.0,0.3333333333333333,1.0,0.2222222222222222,1.0,9,3,0,3,0.5,0.3333333333333333,3,4,0,134
2,0,0,1,1,0.25,0.0,0.0,0.0,0.0,0,0,0,0,0.0,0.0,2,2,0,135
3,0,0,1,1,0.5,1.0,1.0,1.0,1.0,1,1,0,1,0.5,1.0,2,2,0,136
1,7,1,0,0,0.75,1.0,1.0,1.0,1.0,2,2,0,2,0.5,1.0,2,2,0,137
1,0,0,0,0,1.0,0.6666666666666666,1.0,0.6666666666666666,1.0,3,2,0,2,0.5,0.6666666666666666,2,2,0,138
1,6,1,0,0,0.1,0.0,0.0,0.0,0.0,0,0,0,0,0.0,0.0,1,3,0,139
1,2,0,0,0,0.2,0.0,0.0,0.0,0.0,1,0,0,0,0.0,0.0,1,3,0,140
1,0,0,0,0,0.3,0.0,0.0,0.0,0.0,2,0,0,0,0.0,0.0,1,3,0,141
1,2,0,0,0,0.4,0.0,0.0,0.0,0.0,3,0,0,0,0.0,0.0,1,3,0,142
3,0,0,0,0,0.5,0.0,0.0,0.0,0.0,4,0,0,0,0.0,0.0,1,3,0,143
2,0,0,1,1,0.6,0.0,0.0,0.0,0.0,5,0,0,0,0.0,0.0,1,3,0,144
2,0,0,0,0,0.7,0.16666666666666666,1.0,0.16666666666666666,1.0,6,1,0,1,0.5,0.16666666666666666,1,3,0,145
2,2,0,0,0,0.8,0.14285714285714285,1.0,0.14285714285714285,1.0,7,1,0,1,0.5,0.14285714285714285,1,3,0,146
3,7,1,1,0,0.9,0.125,1.0,0.125,1.0,8,1,0,1,0.5,0.125,1,3,0,147
2,0,0,0,0,1.0,0.2222222222222222,1.0,0.1111111111111111,1.0,9,2,0,2,0.5,0.2222222222222222,1,3,0,148
1,6,1,0,1,0.1429,0.0,0.0,0.0,0.0,0,0,0,0,0.0,0.0,1,4,0,149
3,6,1,0,0,0.2857,0.0,0.0,1.0,1.0,1,0,0,0,0.5,0.0,1,4,0,150
2,0,0,1,0,0.4286,0.0,0.0,0.5,1.0,2,0,0,0,0.5,0.0,1,4,0,151
1,6,1,0,1,0.5714,0.3333333333333333,1.0,0.3333333333333333,1.0,3,1,0,1,0.5,0.3333333333333333,1,4,0,152
2,1,0,0,0,0.7143,0.25,1.0,0.5,1.0,4,1,0,1,0.5,0.25,1,4,0,153
1,1,0,0,0,0.8571,0.2,1.0,0.4,1.0,5,1,0,1,0.5,0.2,1,4,0,154
3,7,1,0,0,1.0,0.16666666666666666,1.0,0.3333333333333333,1.0,6,1,0,1,0.5,0.16666666666666666,1,4,0,155
3,0,0,1,0,0.25,0.0,0.0,0.0,0.0,0,0,0,0,0.0,0.0,1,3,0,156
3,6,1,0,0,0.5,1.0,1.0,0.0,0.0,1,1,0,1,0.0,1.0,1,3,0,157
2,0,0,0,0,0.75,0.5,1.0,0.0,0.0,2,1,0,1,0.0,0.5,1,3,0,158
2,1,0,0,0,1.0,0.3333333333333333,1.0,0.0,0.0,3,1,0,1,0.0,0.3333333333333333,1,3,0,159
1,6,1,0,0,0.1667,0.0,0.0,0.0,0.0,0,0,0,0,0.0,0.0,2,3,0,160
3,1,0,0,0,0.3333,0.0,0.0,0.0,0.0,1,0,0,0,0.0,0.0,2,3,0,161
2,0,0,0,1,0.5,0.0,0.0,0.0,0.0,2,0,0,0,0.0,0.0,2,3,0,162
3,7,1,0,0,0.6667,0.0,0.0,0.3333333333333333,1.0,3,0,0,0,0.5,0.0,2,3,0,163
1,2,0,0,1,0.8333,0.0,0.0,0.25,1.0,4,0,0,0,0.5,0.0,2,3,0,164
3,6,1,0,0,1.0,0.0,0.0,0.4,1.0,5,0,0,0,0.5,0.0,2,3,0,165
3,1,0,0,0,0.1429,0.0,0.0,0.0,0.0,0,0,0,0,0.0,0.0,0,3,0,166
1,7,1,0,1,0.2857,0.0,0.0,0.0,0.0,1,0,0,0,0.0,0.0,0,3,0,167
3,2,0,0,1,0.4286,0.0,0.0,0.5,1.0,2,0,0,0,0.5,0.0,0,3,0,168
3,0,0,1,0,0.5714,0.0,0.0,0.6666666666666666,1.0,3,0,0,0,0.5,0.0,0,3,0,169
1,7,1,0,1,0.7143,0.25,1.0,0.5,1.0,4,1,0,1,0.5,0.25,0,3,0,170
2,0,0,0,0,0.8571,0.2,1.0,0.6,1.0,5,1,0,1,0.5,0.2,0,3,0,171
3,6,1,0,0,1.0,0.16666666666666666,1.0,0.5,1.0,6,1,0,1,0.5,0.16666666666666666,0,3,0,172
3,7,1,0,0,0.1,0.0,0.0,0.0,0.0,0,0,0,0,0.0,0.0,2,4,0,173
1,6,1,0,0,0.2,0.0,0.0,0.0,0.0,1,0,0,0,0.0,0.0,2,4,0,174
2,2,0,0,0,0.3,0.0,0.0,0.0,0.0,2,0,0,0,0.0,0.0,2,4,0,175
2,2,0,0,0,0.4,0.0,0.0,0.0,0.0,3,0,0,0,0.0,0.0,2,4,0,176
1,2,0,0,0,0.5,0.0,0.0,0.0,0.0,4,0,0,0,0.0,0.0,2,4,0,177
3,0,0,0,0,0.6,0.0,0.0,0.0,0.0,5,0,0,0,0.0,0.0,2,4,0,178
2,6,1,1,0,0.7,0.0,0.0,0.0,0.0,6,0,0,0,0.0,0.0,2,4,0,179
2,6,1,1,1,0.8,0.14285714285714285,1.0,0.0,0.0,7,1,0,1,0.0,0.14285714285714285,2,4,0,180
1,0,0,0,1,0.9,0.25,1.0,0.125,1.0,8,2,0,2,0.5,0.25,2,4,0,181
2,0,0,0,1,1.0,0.2222222222222222,1.0,0.2222222222222222,1.0,9,2,0,2,0.5,0.2222222222222222,2,4,0,182
3,2,0,0,0,0.1111,0.0,0.0,0.0,0.0,0,0,0,0,0.0,0.0,2,4,0,183
1,7,1,1,0,0.2222,0.0,0.0,0.0,0.0,1,0,0,0,0.0,0.0,2,4,0,184
1,2,0,0,1,0.3333,0.5,1.0,0.0,0.0,2,1,0,1,0.0,0.5,2,4,0,185
3,2,0,0,1,0.4444,0.3333333333333333,1.0,0.3333333333333333,1.0,3,1,0,1,0.5,0.3333333333333333,2,4,0,186
2,7,1,1,1,0.5556,0.25,1.0,0.5,1.0,4,1,0,1,0.5,0.25,2,4,0,187
3,7,1,0,1,0.6667,0.4,1.0,0.6,1.0,5,2,0,2,0.5,0.4,2,4,0,188
2,7,1,0,0,0.7778,0.3333333333333333,1.0,0.6666666666666666,1.0,6,2,0,2,0.5,0.3333333333333333,2,4,0,189
2,2,0,0,0,0.8889,0.2857142857142857,1.0,0.5714285714285714,1.0,7,2,0,2,0.5,0.2857142857142857,2,4,0,190
2,2,0,0,0,1.0,0.25,1.0,0.5,1.0,8,2,0,2,0.5,0.25,2,4,0,191
2,1,0,0,1,0.1667,0.0,0.0,0.0,0.0,0,0,0,0,0.0,0.0,3,4,0,192
3,7,1,0,0,0.3333,0.0,0.0,1.0,1.0,1,0,0,0,0.5,0.0,3,4,0,193
2,7,1,0,0,0.5,0.0,0.0,0.5,1.0,2,0,0,0,0.5,0.0,3,4,0,194
1,1,0,0,0,0.6667,0.0,0.0,0.3333333333333333,1.0,3,0,0,0,0.5,0.0,3,4,0,195
2,0,0,0,1,0.8333,0.0,0.0,0.25,1.0,4,0,0,0,0.5,0.0,3,4,0,196
1,7,1,0,1,1.0,0.0,0.0,0.4,1.0,5,0,0,0,0.5,0.0,3,4,0,197
1,2,0,0,0,0.1667,0.0,0.0,0.0,0.0,0,0,0,0,0.0,0.0,0,4,0,198
2,6,1,0,0,0.3333,0.0,0.0,0.0,0.0,1,0,0,0,0.0,0.0,0,4,0,199
3,1,0,0,0,0.5,0.0,0.0,0.0,0.0,2,0,0,0,0.0,0.0,0,4,0,200
2,2,0,1,0,0.6667,0.0,0.0,0.0,0.0,3,0,0,0,0.0,0.0,0,4,0,201
1,1,0,0,1,0.8333,0.25,1.0,0.0,0.0,4,1,0,1,0.0,0.25,0,4,0,202
2,6,1,0,1,1.0,0.2,1.0,0.2,1.0,5,1,0,1,0.5,0.2,0,4,0,203
3,6,1,0,0,0.1429,0.0,0.0,0.0,0.0,0,0,0,0,0.0,0.0,1,2,0,204
3,0,0,0,1,0.2857,0.0,0.0,0.0,0.0,1,0,0,0,0.0,0.0,1,2,0,205
2,2,0,0,1,0.4286,0.0,0.0,0.5,1.0,2,0,0,0,0.5,0.0,1,2,0,206
2,1,0,1,0,0.5714,0.0,0.0,0.6666666666666666,1.0,3,0,0,0,0.5,0.0,1,2,0,207
1,2,0,0,0,0.7143,0.25,1.0,0.5,1.0,4,1,0,1,0.5,0.25,1,2,0,208
2,7,1,0,0,0.8571,0.2,1.0,0.4,1.0,5,1,0,1,0.5,0.2,1,2,0,209
3,0,0,1,1,1.0,0.16666666666666666,1.0,0.3333333333333333,1.0,6,1,0,1,0.5,0.16666666666666666,1,2,0,210
3,6,1,0,0,0.1,0.0,0.0,0.0,0.0,0,0,0,0,0.0,0.0,0,4,0,211
2,7,1,0,0,0.2,0.0,0.0,0.0,0.0,1,0,0,0,0.0,0.0,0,4,0,212
3,1,0,1,0,0.3,0.0,0.0,0.0,0.0,2,0,0,0,0.0,0.0,0,4,0,213
1,6,1,0,1,0.4,0.3333333333333333,1.0,0.0,0.0,3,1,0,1,0.0,0.3333333333333333,0,4,0,214
3,6,1,1,0,0.5,0.25,1.0,0.25,1.0,4,1,0,1,0.5,0.25,0,4,0,215
2,6,1,0,0,0.6,0.4,1.0,0.2,1.0,5,2,0,2,0.5,0.4,0,4,0,216
2,6,1,0,1,0.7,0.3333333333333333,1.0,0.16666666666666666,1.0,6,2,0,2,0.5,0.3333333333333333,0,4,0,217
1,2,0,0,0,0.8,0.2857142857142857,1.0,0.2857142857142857,1.0,7,2,0,2,0.5,0.2857142857142857,0,4,0,218
3,1,0,0,0,0.9,0.25,1.0,0.25,1.0,8,2,0,2,0.5,0.25,0,4,0,219
3,0,0,0,1,1.0,0.2222222222222222,1.0,0.2222222222222222,1.0,9,2,0,2,0.5,0.2222222222222222,0,4,0,220
2,2,0,0,0,0.1429,0.0,0.0,0.0,0.0,0,0,0,0,0.0,0.0,3,3,0,221
3,2,0,0,0,0.2857,0.0,0.0,0.0,0.0,1,0,0,0,0.0,0.0,3,3,0,222
2,7,1,0,1,0.4286,0.0,0.0,0.0,0.0,2,0,0,0,0.0,0.0,3,3,0,223
1,2,0,0,0,0.5714,0.0,0.0,0.3333333333333333,1.0,3,0,0,0,0.5,0.0,3,3,0,224
1,6,1,0,0,0.7143,0.0,0.0,0.25,1.0,4,0,0,0,0.5,0.0,3,3,0,225
1,2,0,0,1,0.8571,0.0,0.0,0.2,1.0,5,0,0,0,0.5,0.0,3,3,0,226
1,2,0,0,1,1.0,0.0,0.0,0.3333333333333333,1.0,6,0,0,0,0.5,0.0,3,3,0,227
1,2,0,0,0,0.1111,0.0,0.0,0.0,0.0,0,0,0,0,0.0,0.0,3,3,0,228
2,7,1,0,0,0.2222,0.0,0.0,0.0,0.0,1,0,0,0,0.0,0.0,3,3,0,229
3,2,0,0,0,0.3333,0.0,0.0,0.0,0.0,2,0,0,0,0.0,0.0,3,3,0,230
3,0,0,0,0,0.4444,0.0,0.0,0.0,0.0,3,0,0,0,0.0,0.0,3,3,0,231
2,7,1,0,0,0.5556,0.0,0.0,0.0,0.0,4,0,0,0,0.0,0.0,3,3,0,232
1,0,0,0,0,0.6667,0.0,0.0,0.0,0.0,5,0,0,0,0.0,0.0,3,3,0,233
1,1,0,0,1,0.7778,0.0,0.0,0.0,0.0,6,0,0,0,0.0,0.0,3,3,0,234
1,6,1,0,0,0.8889,0.0,0.0,0.14285714285714285,1.0,7,0,0,0,0.5,0.0,3,3,0,235
3,1,0,0,0,1.0,0.0,0.0,0.125,1.0,8,0,0,0,0.5,0.0,3,3,0,236
1,6,1,0,1,0.125,0.0,0.0,0.0,0.0,0,0,0,0,0.0,0.0,1,4,0,237
2,0,0,0,0,0.25,0.0,0.0,1.0,1.0,1,0,0,0,0.5,0.0,1,4,0,238
2,6,1,0,0,0.375,0.0,0.0,0.5,1.0,2,0,0,0,0.5,0.0,1,4,0,239
1,7,1,0,0,0.5,0.0,0.0,0.3333333333333333,1.0,3,0,0,0,0.5,0.0,1,4,0,240
1,2,0,0,1,0.625,0.0,0.0,0.25,1.0,4,0,0,0,0.5,0.0,1,4,0,241
2,2,0,0,0,0.75,0.0,0.0,0.4,1.0,5,0,0,0,0.5,0.0,1,4,0,242
3,6,1,0,0,0.875,0.0,0.0,0.3333333333333333,1.0,6,0,0,0,0.5,0.0,1,4,0,243
3,2,0,0,0,1.0,0.0,0.0,0.2857142857142857,1.0,7,0,0,0,0.5,0.0,1,4,0,244
2,0,0,0,1,0.2,0.0,0.0,0.0,0.0,0,0,0,0,0.0,0.0,0,2,0,245
3,0,0,0,1,0.4,0.0,0.0,1.0,1.0,1,0,0,0,0.5,0.0,0,2,0,246
2,1,0,0,0,0.6,0.0,0.0,1.0,1.0,2,0,0,0,0.5,0.0,0,2,0,247
2,0,0,0,0,0.8,0.0,0.0,0.6666666666666666,1.0,3,0,0,0,0.5,0.0,0,2,0,248
1,0,0,1,1,1.0,0.0,0.0,0.5,1.0,4,0,0,0,0.5,0.0,0,2,0,249
3,0,0,0,1,0.1111,0.0,0.0,0.0,0.0,0,0,0,0,0.0,0.0,1,3,0,250
1,2,0,1,0,0.2222,0.0,0.0,1.0,1.0,1,0,0,0,0.5,0.0,1,3,0,251
3,2,0,0,1,0.3333,0.5,1.0,0.5,1.0,2,1,0,1,0.5,0.5,1,3,0,252
2,2,0,1,0,0.4444,0.3333333333333333,1.0,0.6666666666666666,1.0,3,1,0,1,0.5,0.3333333333333333,1,3,0,253
3,2,0,0,1,0.5556,0.5,1.0,0.5,1.0,4,2,0,2,0.5,0.5,1,3,0,254
2,0,0,0,1,0.6667,0.4,1.0,0.6,1.0,5,2,0,2,0.5,0.4,1,3,0,255
2,0,0,0,0,0.7778,0.3333333333333333,1.0,0.6666666666666666,1.0,6,2,0,2,0.5,0.3333333333333333,1,3,0,256
3,2,0,0,1,0.8889,0.2857142857142857,1.0,0.5714285714285714,1.0,7,2,0,2,0.5,0.2857142857142857,1,3,0,257
2,2,0,0,1,1.0,0.25,1.0,0.625,1.0,8,2,0,2,0.5,0.25,1,3,0,258
2,7,1,0,1,0.125,0.0,0.0,0.0,0.0,0,0,0,0,0.0,0.0,0,2,0,259
1,2,0,0,0,0.25,0.0,0.0,1.0,1.0,1,0,0,0,0.5,0.0,0,2,0,260
3,7,1,0,0,0.375,0.0,0.0,0.5,1.0,2,0,0,0,0.5,0.0,0,2,0,261
1,0,0,0,0,0.5,0.0,0.0,0.3333333333333333,1.0,3,0,0,0,0.5,0.0,0,2,0,262
3,7,1,0,0,0.625,0.0,0.0,0.25,1.0,4,0,0,0,0.5,0.0,0,2,0,263
2,7,1,0,0,0.75,0.0,0.0,0.2,1.0,5,0,0,0,0.5,0.0,0,2,0,264
3,0,0,1,0,0.875,0.0,0.0,0.16666666666666666,1.0,6,0,0,0,0.5,0.0,0,2,0,265
1,0,0,0,1,1.0,0.14285714285714285,1.0,0.14285714285714285,1.0,7,1,0,1,0.5,0.14285714285714285,0,2,0,266
3,6,1,0,1,0.125,0.0,0.0,0.0,0.0,0,0,0,0,0.0,0.0,1,3,0,267
2,2,0,0,0,0.25,0.0,0.0,1.0,1.0,1,0,0,0,0.5,0.0,1,3,0,268
2,1,0,0,1,0.375,0.0,0.0,0.5,1.0,2,0,0,0,0.5,0.0,1,3,0,269
3,1,0,0,1,0.5,0.0,0.0,0.6666666666666666,1.0,3,0,0,0,0.5,0.0,1,3,0,270
3,7,1,0,0,0.625,0.0,0.0,0.75,1.0,4,0,0,0,0.5,0.0,1,3,0,271
2,6,1,0,0,0.75,0.0,0.0,0.6,1.0,5,0,0,0,0.5,0.0,1,3,0,272
1,1,0,1,1,0.875,0.0,0.0,0.5,1.0,6,0,0,0,0.5,0.0,1,3,0,273
3,1,0,0,0,1.0,0.14285714285714285,1.0,0.5714285714285714,1.0,7,1,0,1,0.5,0.14285714285714285,1,3,0,274
3,7,1,0,0,0.1429,0.0,0.0,0.0,0.0,0,0,0,0,0.0,0.0,1,4,0,275
1,2,0,0,1,0.2857,0.0,0.0,0.0,0.0,1,0,0,0,0.0,0.0,1,4,0,276
3,0,0,0,0,0.4286,0.0,0.0,0.5,1.0,2,0,0,0,0.5,0.0,1,4,0,277
2,6,1,1,0,0.5714,0.0,0.0,0.3333333333333333,1.0,3,0,0,0,0.5,0.0,1,4,0,278
1,1,0,0,1,0.7143,0.25,1.0,0.25,1.0,4,1,0,1,0.5,0.25,1,4,0,279
2,1,0,0,0,0.8571,0.2,1.0,0.4,1.0,5,1,0,1,0.5,0.2,1,4,0,280
1,2,0,0,0,1.0,0.16666666666666666,1.0,0.3333333333333333,1.0,6,1,0,1,0.5,0.16666666666666666,1,4,0,281
3,6,1,0,1,0.2,0.0,0.0,0.0,0.0,0,0,0,0,0.0,0.0,2,2,0,282
2,6,1,1,0,0.4,0.0,0.0,1.0,1.0,1,0,0,0,0.5,0.0,2,2,0,283
1,7,1,0,0,0.6,0.5,1.0,0.5,1.0,2,1,0,1,0.5,0.5,2,2,0,284
2,6,1,0,0,0.8,0.3333333333333333,1.0,0.3333333333333333,1.0,3,1,0,1,0.5,0.3333333333333333,2,2,0,285
3,6,1,0,1,1.0,0.25,1.0,0.25,1.0,4,1,0,1,0.5,0.25,2,2,0,286
2,0,0,0,0,0.1667,0.0,0.0,0.0,0.0,0,0,0,0,0.0,0.0,3,4,0,287
3,0,0,1,1,0.3333,0.0,0.0,0.0,0.0,1,0,0,0,0.0,0.0,3,4,0,288
1,2,0,0,0,0.5,0.5,1.0,0.5,1.0,2,1,0,1,0.5,0.5,3,4,0,289
3,2,0,0,0,0.6667,0.3333333333333333,1.0,0.3333333333333333,1.0,3,1,0,1,0.5,0.3333333333333333,3,4,0,290
1,1,0,0,0,0.8333,0.25,1.0,0.25,1.0,4,1,0,1,0.5,0.25,3,4,0,291
1,1,0,0,0,1.0,0.2,1.0,0.2,1.0,5,1,0,1,0.5,0.2,3,4,0,292
1,2,0,0,0,0.1667,0.0,0.0,0.0,0.0,0,0,0,0,0.0,0.0,3,3,0,293
3,1,0,0,0,0.3333,0.0,0.0,0.0,0.0,1,0,0,0,0.0,0.0,3,3,0,294
3,7,1,1,0,0.5,0.0,0.0,0.0,0.0,2,0,0,0,0.0,0.0,3,3,0,295
2,0,0,0,0,0.6667,0.3333333333333333,1.0,0.0,0.0,3,1,0,1,0.0,0.3333333333333333,3,3,0,296
1,1,0,1,1,0.8333,0.25,1.0,0.0,0.0,4,1,0,1,0.0,0.25,3,3,0,297
3,1,0,0,0,1.0,0.4,1.0,0.2,1.0,5,2,0,2,0.5,0.4,3,3,0,298
3,0,0,0,0,0.1429,0.0,0.0,0.0,0.0,0,0,0,0,0.0,0.0,3,3,0,299
2,7,1,1,0,0.2857,0.0,0.0,0.0,0.0,1,0,0,0,0.0,0.0,3,3,0,300
2,7,1,0,0,0.4286,0.5,1.0,0.0,0.0,2,1,0,1,0.0,0.5,3,3,0,301
3,2,0,0,0,0.5714,0.3333333333333333,1.0,0.0,0.0,3,1,0,1,0.0,0.3333333333333333,3,3,0,302
1,7,1,0,0,0.7143,0.25,1.0,0.0,0.0,4,1,0,1,0.0,0.25,3,3,0,303
1,7,1,0,1,0.8571,0.2,1.0,0.0,0.0,5,1,0,1,0.0,0.2,3,3,0,304
1,2,0,0,1,1.0,0.16666666666666666,1.0,0.16666666666666666,1.0,6,1,0,1,0.5,0.16666666666666666,3,3,0,305
3,1,0,1,1,0.25,0.0,0.0,0.0,0.0,0,0,0,0,0.0,0.0,3,3,0,306
1,7,1,0,0,0.5,1.0,1.0,1.0,1.0,1,1,0,1,0.5,1.0,3,3,0,307
3,2,0,0,1,0.75,0.5,1.0,0.5,1.0,2,1,0,1,0.5,0.5,3,3,0,308
2,6,1,0,0,1.0,0.3333333333333333,1.0,0.6666666666666666,1.0,3,1,0,1,0.5,0.3333333333333333,3,3,0,309
1,2,0,0,0,0.125,0.0,0.0,0.0,0.0,0,0,0,0,0.0,0.0,0,3,0,310
1,6,1,1,0,0.25,0.0,0.0,0.0,0.0,1,0,0,0,0.0,0.0,0,3,0,311
2,2,0,0,0,0.375,0.5,1.0,0.0,0.0,2,1,0,1,0.0,0.5,0,3,0,312
2,2,0,0,0,0.5,0.3333333333333333,1.0,0.0,0.0,3,1,0,1,0.0,0.3333333333333333,0,3,0,313
2,7,1,0,1,0.625,0.25,1.0,0.0,0.0,4,1,0,1,0.0,0.25,0,3,0,314
3,0,0,0,0,0.75,0.2,1.0,0.2,1.0,5,1,0,1,0.5,0.2,0,3,0,315
3,1,0,1,0,0.875,0.16666666666666666,1.0,0.16666666666666666,1.0,6,1,0,1,0.5,0.16666666666666666,0,3,0,316
3,0,0,1,0,1.0,0.2857142857142857,1.0,0.14285714285714285,1.0,7,2,0,2,0.5,0.2857142857142857,0,3,0,317
3,0,0,0,1,0.1429,0.0,0.0,0.0,0.0,0,0,0,0,0.0,0.0,2,3,0,318
1,7,1,0,0,0.2857,0.0,0.0,1.0,1.0,1,0,0,0,0.5,0.0,2,3,0,319
3,2,0,1,0,0.4286,0.0,0.0,0.5,1.0,2,0,0,0,0.5,0.0,2,3,0,320
2,0,0,0,0,0.5714,0.3333333333333333,1.0,0.3333333333333333,1.0,3,1,0,1,0.5,0.3333333333333333,2,3,0,321
1,0,0,0,0,0.7143,0.25,1.0,0.25,1.0,4,1,0,1,0.5,0.25,2,3,0,322
2,6,1,0,0,0.8571,0.2,1.0,0.2,1.0,5,1,0,1,0.5,0.2,2,3,0,323
1,1,0,0,1,1.0,0.16666666666666666,1.0,0.16666666666666666,1.0,6,1,0,1,0.5,0.16666666666666666,2,3,0,324
2,0,0,0,1,0.1111,0.0,0.0,0.0,0.0,0,0,0,0,0.0,0.0,1,3,0,325
2,2,0,0,1,0.2222,0.0,0.0,1.0,1.0,1,0,0,0,0.5,0.0,1,3,0,326
3,7,1,1,0,0.3333,0.0,0.0,1.0,1.0,2,0,0,0,0.5,0.0,1,3,0,327
2,1,0,0,0,0.4444,0.3333333333333333,1.0,0.6666666666666666,1.0,3,1,0,1,0.5,0.3333333333333333,1,3,0,328
1,2,0,0,0,0.5556,0.25,1.0,0.5,1.0,4,1,0,1,0.5,0.25,1,3,0,329
2,7,1,1,0,0.6667,0.2,1.0,0.4,1.0,5,1,0,1,0.5,0.2,1,3,0,330
1,7,1,0,0,0.7778,0.3333333333333333,1.0,0.3333333333333333,1.0,6,2,0,2,0.5,0.3333333333333333,1,3,0,331
1,2,0,0,1,0.8889,0.2857142857142857,1.0,0.2857142857142857,1.0,7,2,0,2,0.5,0.2857142857142857,1,3,0,332
1,0,0,1,0,1.0,0.25,1.0,0.375,1.0,8,2,0,2,0.5,0.25,1,3,0,333
2,0,0,0,0,0.25,0.0,0.0,0.0,0.0,0,0,0,0,0.0,0.0,0,3,0,334
1,0,0,0,0,0.5,0.0,0.0,0.0,0.0,1,0,0,0,0.0,0.0,0,3,0,335
1,0,0,1,0,0.75,0.0,0.0,0.0,0.0,2,0,0,0,0.0,0.0,0,3,0,336
1,0,0,0,0,1.0,0.3333333333333333,1.0,0.0,0.0,3,1,0,1,0.0,0.3333333333333333,0,3,0,337
1,1,0,0,0,0.1,0.0,0.0,0.0,0.0,0,0,0,0,0.0,0.0,0,2,0,338
3,1,0,1,0,0.2,0.0,0.0,0.0,0.0,1,0,0,0,0.0,0.0,0,2,0,339
2,1,0,0,0,0.3,0.5,1.0,0.0,0.0,2,1,0,1,0.0,0.5,0,2,0,340
2,7,1,0,1,0.4,0.3333333333333333,1.0,0.0,0.0,3,1,0,1,0.0,0.3333333333333333,0,2,0,341
1,1,0,1,0,0.5,0.25,1.0,0.25,1.0,4,1,0,1,0.5,0.25,0,2,0,342
1,7,1,0,0,0.6,0.4,1.0,0.2,1.0,5,2,0,2,0.5,0.4,0,2,0,343
1,1,0,0,0,0.7,0.3333333333333333,1.0,0.16666666666666666,1.0,6,2,0,2,0.5,0.3333333333333333,0,2,0,344
2,1,0,0,1,0.8,0.2857142857142857,1.0,0.14285714285714285,1.0,7,2,0,2,0.5,0.2857142857142857,0,2,0,345
1,0,0,0,0,0.9,0.25,1.0,0.25,1.0,8,2,0,2,0.5,0.25,0,2,0,346
3,2,0,0,1,1.0,0.2222222222222222,1.0,0.2222222222222222,1.0,9,2,0,2,0.5,0.2222222222222222,0,2,0,347
1,7,1,0,1,0.1111,0.0,0.0,0.0,0.0,0,0,0,0,0.0,0.0,3,4,0,348
1,2,0,0,0,0.2222,0.0,0.0,1.0,1.0,1,0,0,0,0.5,0.0,3,4,0,349
3,7,1,1,1,0.3333,0.0,0.0,0.5,1.0,2,0,0,0,0.5,0.0,3,4,0,350
2,6,1,0,1,0.4444,0.3333333333333333,1.0,0.6666666666666666,1.0,3,1,0,1,0.5,0.3333333333333333,3,4,0,351
1,7,1,0,1,0.5556,0.25,1.0,0.75,1.0,4,1,0,1,0.5,0.25,3,4,0,352
2,7,1,1,0,0.6667,0.2,1.0,0.8,1.0,5,1,0,1,0.5,0.2,3,4,0,353
3,2,0,0,0,0.7778,0.3333333333333333,1.0,0.6666666666666666,1.0,6,2,0,2,0.5,0.3333333333333333,3,4,0,354
2,0,0,1,0,0.8889,0.2857142857142857,1.0,0.5714285714285714,1.0,7,2,0,2,0.5,0.2857142857142857,3,4,0,355
1,0,0,0,0,1.0,0.375,1.0,0.5,1.0,8,3,0,3,0.5,0.375,3,4,0,356
2,2,0,0,1,0.2,0.0,0.0,0.0,0.0,0,0,0,0,0.0,0.0,0,2,0,357
2,0,0,0,1,0.4,0.0,0.0,1.0,1.0,1,0,0,0,0.5,0.0,0,2,0,358
3,7,1,0,0,0.6,0.0,0.0,1.0,1.0,2,0,0,0,0.5,0.0,0,2,0,359
2,6,1,0,0,0.8,0.0,0.0,0.6666666666666666,1.0,3,0,0,0,0.5,0.0,0,2,0,360
1,6,1,0,0,1.0,0.0,0.0,0.5,1.0,4,0,0,0,0.5,0.0,0,2,0,361
2,0,0,0,0,0.1429,0.0,0.0,0.0,0.0,0,0,0,0,0.0,0.0,1,2,0,362
3,2,0,0,0,0.2857,0.0,0.0,0.0,0.0,1,0,0,0,0.0,0.0,1,2,0,363
1,2,0,0,0,0.4286,0.0,0.0,0.0,0.0,2,0,0,0,0.0,0.0,1,2,0,364
1,6,1,0,0,0.5714,0.0,0.0,0.0,0.0,3,0,0,0,0.0,0.0,1,2,0,365
1,7,1,1,0,0.7143,0.0,0.0,0.0,0.0,4,0,0,0,0.0,0.0,1,2,0,366
2,7,1,0,1,0.8571,0.2,1.0,0.0,0.0,5,1,0,1,0.0,0.2,1,2,0,367
3,2,0,0,0,1.0,0.16666666666666666,1.0,0.16666666666666666,1.0,6,1,0,1,0.5,0.16666666666666666,1,2,0,368
1,7,1,0,0,0.125,0.0,0.0,0.0,0.0,0,0,0,0,0.0,0.0,2,3,0,369
1,6,1,0,1,0.25,0.0,0.0,0.0,0.0,1,0,0,0,0.0,0.0,2,3,0,370
2,1,0,0,0,0.375,0.0,0.0,0.5,1.0,2,0,0,0,0.5,0.0,2,3,0,371
1,0,0,1,0,0.5,0.0,0.0,0.3333333333333333,1.0,3,0,0,0,0.5,0.0,2,3,0,372
1,0,0,0,0,0.625,0.25,1.0,0.25,1.0,4,1,0,1,0.5,0.25,2,3,0,373
2,7,1,0,0,0.75,0.2,1.0,0.2,1.0,5,1,0,1,0.5,0.2,2,3,0,374
2,7,1,0,0,0.875,0.16666666666666666,1.0,0.16666666666666666,1.0,6,1,0,1,0.5,0.16666666666666666,2,3,0,375
1,0,0,1,0,1.0,0.14285714285714285,1.0,0.14285714285714285,1.0,7,1,0,1,0.5,0.14285714285714285,2,3,0,376
2,0,0,0,0,0.1,0.0,0.0,0.0,0.0,0,0,0,0,0.0,0.0,0,3,0,377
1,2,0,0,0,0.2,0.0,0.0,0.0,0.0,1,0,0,0,0.0,0.0,0,3,0,378
2,0,0,0,0,0.3,0.0,0.0,0.0,0.0,2,0,0,0,0.0,0.0,0,3,0,379
2,0,0,0,1,0.4,0.0,0.0,0.0,0.0,3,0,0,0,0.0,0.0,0,3,0,380
2,6,1,0,1,0.5,0.0,0.0,0.25,1.0,4,0,0,0,0.5,0.0,0,3,0,381
3,2,0,1,1,0.6,0.0,0.0,0.4,1.0,5,0,0,0,0.5,0.0,0,3,0,382
3,0,0,1,0,0.7,0.16666666666666666,1.0,0.5,1.0,6,1,0,1,0.5,0.16666666666666666,0,3,0,383
1,6,1,0,1,0.8,0.2857142857142857,1.0,0.42857142857142855,1.0,7,2,0,2,0.5,0.2857142857142857,0,3,0,384
2,2,0,0,0,0.9,0.25,1.0,0.5,1.0,8,2,0,2,0.5,0.25,0,3,0,385
1,1,0,0,0,1.0,0.2222222222222222,1.0,0.4444444444444444,1.0,9,2,0,2,0.5,0.2222222222222222,0,3,0,386
3,0,0,0,0,0.25,0.0,0.0,0.0,0.0,0,0,0,0,0.0,0.0,0,4,0,387
3,0,0,0,0,0.5,0.0,0.0,0.0,0.0,1,0,0,0,0.0,0.0,0,4,0,388
3,1,0,0,1,0.75,0.0,0.0,0.0,0.0,2,0,0,0,0.0,0.0,0,4,0,389
1,0,0,1,0,1.0,0.0,0.0,0.3333333333333333,1.0,3,0,0,0,0.5,0.0,0,4,0,390
3,7,1,0,1,0.1,0.0,0.0,0.0,0.0,0,0,0,0,0.0,0.0,3,2,0,391
2,6,1,0,1,0.2,0.0,0.0,1.0,1.0,1,0,0,0,0.5,0.0,3,2,0,392
3,7,1,0,1,0.3,0.0,0.0,1.0,1.0,2,0,0,0,0.5,0.0,3,2,0,393
1,6,1,0,0,0.4,0.0,0.0,1.0,1.0,3,0,0,0,0.5,0.0,3,2,0,394
2,7,1,0,1,0.5,0.0,0.0,0.75,1.0,4,0,0,0,0.5,0.0,3,2,0,395
3,2,0,0,1,0.6,0.0,0.0,0.8,1.0,5,0,0,0,0.5,0.0,3,2,0,396
2,2,0,0,0,0.7,0.0,0.0,0.8333333333333334,1.0,6,0,0,0,0.5,0.0,3,2,0,397
2,1,0,0,0,0.8,0.0,0.0,0.7142857142857143,1.0,7,0,0,0,0.5,0.0,3,2,0,398
1,0,0,0,1,0.9,0.0,0.0,0.625,1.0,8,0,0,0,0.5,0.0,3,2,0,399
1,1,0,0,0,1.0,0.0,0.0,0.6666666666666666,1.0,9,0,0,0,0.5,0.0,3,2,0,400
1,6,1,1,0,0.125,0.0,0.0,0.0,0.0,0,0,0,0,0.0,0.0,1,4,0,401
1,7,1,0,1,0.25,1.0,1.0,0.0,0.0,1,1,0,1,0.0,1.0,1,4,0,402
3,7,1,0,0,0.375,0.5,1.0,0.5,1.0,2,1,0,1,0.5,0.5,1,4,0,403
2,7,1,0,0,0.5,0.3333333333333333,1.0,0.3333333333333333,1.0,3,1,0,1,0.5,0.3333333333333333,1,4,0,404
1,7,1,1,0,0.625,0.25,1.0,0.25,1.0,4,1,0,1,0.5,0.25,1,4,0,405
1,7,1,0,0,0.75,0.4,1.0,0.2,1.0,5,2,0,2,0.5,0.4,1,4,0,406
2,6,1,0,0,0.875,0.3333333333333333,1.0,0.16666666666666666,1.0,6,2,0,2,0.5,0.3333333333333333,1,4,0,407
3,2,0,0,0,1.0,0.2857142857142857,1.0,0.14285714285714285,1.0,7,2,0,2,0.5,0.2857142857142857,1,4,0,408
1,1,0,0,0,0.1667,0.0,0.0,0.0,0.0,0,0,0,0,0.0,0.0,0,4,0,409
3,1,0,0,0,0.3333,0.0,0.0,0.0,0.0,1,0,0,0,0.0,0.0,0,4,0,410
1,0,0,0,0,0.5,0.0,0.0,0.0,0.0,2,0,0,0,0.0,0.0,0,4,0,411
2,1,0,0,1,0.6667,0.0,0.0,0.0,0.0,3,0,0,0,0.0,0.0,0,4,0,412
3,7,1,0,1,0.8333,0.0,0.0,0.25,1.0,4,0,0,0,0.5,0.0,0,4,0,413
1,2,0,0,0,1.0,0.0,0.0,0.4,1.0,5,0,0,0,0.5,0.0,0,4,0,414
1,7,1,1,0,0.1111,0.0,0.0,0.0,0.0,0,0,0,0,0.0,0.0,3,3,0,415
3,0,0,0,0,0.2222,1.0,1.0,0.0,0.0,1,1,0,1,0.0,1.0,3,3,0,416
3,7,1,0,1,0.3333,0.5,1.0,0.0,0.0,2,1,0,1,0.0,0.5,3,3,0,417
2,1,0,0,1,0.4444,0.3333333333333333,1.0,0.3333333333333333,1.0,3,1,0,1,0.5,0.3333333333333333,3,3,0,418
2,7,1,0,0,0.5556,0.25,1.0,0.5,1.0,4,1,0,1,0.5,0.25,3,3,0,419
3,0,0,1,0,0.6667,0.2,1.0,0.4,1.0,5,1,0,1,0.5,0.2,3,3,0,420
2,2,0,0,0,0.7778,0.3333333333333333,1.0,0.3333333333333333,1.0,6,2,0,2,0.5,0.3333333333333333,3,3,0,421
2,6,1,0,0,0.8889,0.2857142857142857,1.0,0.2857142857142857,1.0,7,2,0,2,0.5,0.2857142857142857,3,3,0,422
2,1,0,0,0,1.0,0.25,1.0,0.25,1.0,8,2,0,2,0.5,0.25,3,3,0,423
1,7,1,1,1,0.125,0.0,0.0,0.0,0.0,0,0,0,0,0.0,0.0,0,2,0,424
2,6,1,1,0,0.25,1.0,1.0,1.0,1.0,1,1,0,1,0.5,1.0,0,2,0,425
1,6,1,0,0,0.375,1.0,1.0,0.5,1.0,2,2,0,2,0.5,1.0,0,2,0,426
2,7,1,0,1,0.5,0.6666666666666666,1.0,0.3333333333333333,1.0,3,2,0,2,0.5,0.6666666666666666,0,2,0,427
2,2,0,0,0,0.625,0.5,1.0,0.5,1.0,4,2,0,2,0.5,0.5,0,2,0,428
3,0,0,0,1,0.75,0.4,1.0,0.4,1.0,5,2,0,2,0.5,0.4,0,2,0,429
2,1,0,0,0,0.875,0.3333333333333333,1.0,0.5,1.0,6,2,0,2,0.5,0.3333333333333333,0,2,0,430
3,1,0,0,0,1.0,0.2857142857142857,1.0,0.42857142857142855,1.0,7,2,0,2,0.5,0.2857142857142857,0,2,0,431
3,1,0,0,0,0.25,0.0,0.0,0.0,0.0,0,0,0,0,0.0,0.0,1,3,0,432
3,2,0,0,1,0.5,0.0,0.0,0.0,0.0,1,0,0,0,0.0,0.0,1,3,0,433
2,1,0,1,0,0.75,0.0,0.0,0.5,1.0,2,0,0,0,0.5,0.0,1,3,0,434
1,2,0,0,0,1.0,0.3333333333333333,1.0,0.3333333333333333,1.0,3,1,0,1,0.5,0.3333333333333333,1,3,0,435
3,2,0,0,0,0.125,0.0,0.0,0.0,0.0,0,0,0,0,0.0,0.0,3,2,0,436
2,0,0,1,0,0.25,0.0,0.0,0.0,0.0,1,0,0,0,0.0,0.0,3,2,0,437
1,0,0,0,0,0.375,0.5,1.0,0.0,0.0,2,1,0,1,0.0,0.5,3,2,0,438
3,6,1,0,0,0.5,0.3333333333333333,1.0,0.0,0.0,3,1,0,1,0.0,0.3333333333333333,3,2,0,439
3,1,0,1,0,0.625,0.25,1.0,0.0,0.0,4,1,0,1,0.0,0.25,3,2,0,440
2,0,0,0,1,0.75,0.4,1.0,0.0,0.0,5,2,0,2,0.0,0.4,3,2,0,441
2,0,0,1,0,0.875,0.3333333333333333,1.0,0.16666666666666666,1.0,6,2,0,2,0.5,0.3333333333333333,3,2,0,442
1,0,0,0,1,1.0,0.42857142857142855,1.0,0.14285714285714285,1.0,7,3,0,3,0.5,0.42857142857142855,3,2,0,443
3,7,1,1,0,0.1,0.0,0.0,0.0,0.0,0,0,0,0,0.0,0.0,3,4,0,444
3,2,0,0,1,0.2,1.0,1.0,0.0,0.0,1,1,0,1,0.0,1.0,3,4,0,445
2,7,1,0,0,0.3,0.5,1.0,0.5,1.0,2,1,0,1,0.5,0.5,3,4,0,446
2,0,0,0,0,0.4,0.3333333333333333,1.0,0.3333333333333333,1.0,3,1,0,1,0.5,0.3333333333333333,3,4,0,447
2,1,0,0,0,0.5,0.25,1.0,0.25,1.0,4,1,0,1,0.5,0.25,3,4,0,448
3,1,0,1,0,0.6,0.2,1.0,0.2,1.0,5,1,0,1,0.5,0.2,3,4,0,449
3,1,0,0,0,0.7,0.3333333333333333,1.0,0.16666666666666666,1.0,6,2,0,2,0.5,0.3333333333333333,3,4,0,450
3,0,0,0,1,0.8,0.2857142857142857,1.0,0.14285714285714285,1.0,7,2,0,2,0.5,0.2857142857142857,3,4,0,451
3,7,1,0,1,0.9,0.25,1.0,0.25,1.0,8,2,0,2,0.5,0.25,3,4,0,452
1,6,1,1,1,1.0,0.2222222222222222,1.0,0.3333333333333333,1.0,9,2,0,2,0.5,0.2222222222222222,3,4,0,453
2,1,0,0,1,0.1,0.0,0.0,0.0,0.0,0,0,0,0,0.0,0.0,3,4,0,454
3,7,1,0,0,0.2,0.0,0.0,1.0,1.0,1,0,0,0,0.5,0.0,3,4,0,455
2,6,1,0,0,0.3,0.0,0.0,0.5,1.0,2,0,0,0,0.5,0.0,3,4,0,456
2,0,0,0,0,0.4,0.0,0.0,0.3333333333333333,1.0,3,0,0,0,0.5,0.0,3,4,0,457
1,2,0,0,0,0.5,0.0,0.0,0.25,1.0,4,0,0,0,0.5,0.0,3,4,0,458
2,6,1,0,0,0.6,0.0,0.0,0.2,1.0,5,0,0,0,0.5,0.0,3,4,0,459
1,7,1,0,0,0.7,0.0,0.0,0.16666666666666666,1.0,6,0,0,0,0.5,0.0,3,4,0,460
1,2,0,0,1,0.8,0.0,0.0,0.14285714285714285,1.0,7,0,0,0,0.5,0.0,3,4,0,461
1,2,0,0,0,0.9,0.0,0.0,0.25,1.0,8,0,0,0,0.5,0.0,3,4,0,462
3,0,0,0,0,1.0,0.0,0.0,0.2222222222222222,1.0,9,0,0,0,0.5,0.0,3,4,0,463
1,0,0,0,0,0.1,0.0,0.0,0.0,0.0,0,0,0,0,0.0,0.0,1,3,0,464
1,6,1,0,0,0.2,0.0,0.0,0.0,0.0,1,0,0,0,0.0,0.0,1,3,0,465
2,7,1,0,1,0.3,0.0,0.0,0.0,0.0,2,0,0,0,0.0,0.0,1,3,0,466
3,6,1,0,1,0.4,0.0,0.0,0.3333333333333333,1.0,3,0,0,0,0.5,0.0,1,3,0,467
3,1,0,0,0,0.5,0.0,0.0,0.5,1.0,4,0,0,0,0.5,0.0,1,3,0,468
2,6,1,0,1,0.6,0.0,0.0,0.4,1.0,5,0,0,0,0.5,0.0,1,3,0,469
1,7,1,1,0,0.7,0.0,0.0,0.5,1.0,6,0,0,0,0.5,0.0,1,3,0,470
1,0,0,0,0,0.8,0.14285714285714285,1.0,0.42857142857142855,1.0,7,1,0,1,0.5,0.14285714285714285,1,3,0,471
2,2,0,0,0,0.9,0.125,1.0,0.375,1.0,8,1,0,1,0.5,0.125,1,3,0,472
1,0,0,0,0,1.0,0.1111111111111111,1.0,0.3333333333333333,1.0,9,1,0,1,0.5,0.1111111111111111,1,3,0,473
3,0,0,0,0,0.1667,0.0,0.0,0.0,0.0,0,0,0,0,0.0,0.0,2,2,0,474
2,7,1,0,0,0.3333,0.0,0.0,0.0,0.0,1,0,0,0,0.0,0.0,2,2,0,475
3,2,0,0,0,0.5,0.0,0.0,0.0,0.0,2,0,0,0,0.0,0.0,2,2,0,476
3,1,0,1,0,0.6667,0.0,0.0,0.0,0.0,3,0,0,0,0.0,0.0,2,2,0,477
3,6,1,0,0,0.8333,0.25,1.0,0.0,0.0,4,1,0,1,0.0,0.25,2,2,0,478
3,2,0,0,0,1.0,0.2,1.0,0.0,0.0,5,1,0,1,0.0,0.2,2,2,0,479
2,0,0,0,1,0.125,0.0,0.0,0.0,0.0,0,0,0,0,0.0,0.0,0,2,0,480
2,2,0,0,0,0.25,0.0,0.0,1.0,1.0,1,0,0,0,0.5,0.0,0,2,0,481
2,6,1,0,0,0.375,0.0,0.0,0.5,1.0,2,0,0,0,0.5,0.0,0,2,0,482
2,7,1,0,0,0.5,0.0,0.0,0.3333333333333333,1.0,3,0,0,0,0.5,0.0,0,2,0,483
1,0,0,0,1,0.625,0.0,0.0,0.25,1.0,4,0,0,0,0.5,0.0,0,2,0,484
3,6,1,0,0,0.75,0.0,0.0,0.4,1.0,5,0,0,0,0.5,0.0,0,2,0,485
3,0,0,0,1,0.875,0.0,0.0,0.3333333333333333,1.0,6,0,0,0,0.5,0.0,0,2,0,486
1,0,0,0,0,1.0,0.0,0.0,0.42857142857142855,1.0,7,0,0,0,0.5,0.0,0,2,0,487
1,6,1,0,0,0.1111,0.0,0.0,0.0,0.0,0,0,0,0,0.0,0.0,1,3,0,488
2,0,0,1,0,0.2222,0.0,0.0,0.0,0.0,1,0,0,0,0.0,0.0,1,3,0,489
3,7,1,1,0,0.3333,0.5,1.0,0.0,0.0,2,1,0,1,0.0,0.5,1,3,0,490
1,2,0,0,0,0.4444,0.6666666666666666,1.0,0.0,0.0,3,2,0,2,0.0,0.6666666666666666,1,3,0,491
3,2,0,0,0,0.5556,0.5,1.0,0.0,0.0,4,2,0,2,0.0,0.5,1,3,0,492
3,2,0,0,0,0.6667,0.4,1.0,0.0,0.0,5,2,0,2,0.0,0.4,1,3,0,493
3,7,1,0,0,0.7778,0.3333333333333333,1.0,0.0,0.0,6,2,0,2,0.0,0.3333333333333333,1,3,0,494
3,1,0,0,1,0.8889,0.2857142857142857,1.0,0.0,0.0,7,2,0,2,0.0,0.2857142857142857,1,3,0,495
2,2,0,0,0,1.0,0.25,1.0,0.125,1.0,8,2,0,2,0.5,0.25,1,3,0,496
3,6,1,0,0,0.1667,0.0,0.0,0.0,0.0,0,0,0,0,0.0,0.0,1,3,0,497
3,7,1,0,1,0.3333,0.0,0.0,0.0,0.0,1,0,0,0,0.0,0.0,1,3,0,498
2,6,1,0,0,0.5,0.0,0.0,0.5,1.0,2,0,0,0,0.5,0.0,1,3,0,499
1,7,1,0,0,0.6667,0.0,0.0,0.3333333333333333,1.0,3,0,0,0,0.5,0.0,1,3,0,500
1,0,0,0,0,0.8333,0.0,0.0,0.25,1.0,4,0,0,0,0.5,0.0,1,3,0,501
2,7,1,1,1,1.0,0.0,0.0,0.2,1.0,5,0,0,0,0.5,0.0,1,3,0,502
1,0,0,0,1,0.1667,0.0,0.0,0.0,0.0,0,0,0,0,0.0,0.0,1,3,0,503
2,2,0,0,0,0.3333,0.0,0.0,1.0,1.0,1,0,0,0,0.5,0.0,1,3,0,504
2,0,0,0,0,0.5,0.0,0.0,0.5,1.0,2,0,0,0,0.5,0.0,1,3,0,505
1,2,0,0,1,0.6667,0.0,0.0,0.3333333333333333,1.0,3,0,0,0,0.5,0.0,1,3,0,506
1,2,0,0,0,0.8333,0.0,0.0,0.5,1.0,4,0,0,0,0.5,0.0,1,3,0,507
3,6,1,0,0,1.0,0.0,0.0,0.4,1.0,5,0,0,0,0.5,0.0,1,3,0,508
1,6,1,0,1,0.1111,0.0,0.0,0.0,0.0,0,0,0,0,0.0,0.0,0,4,0,509
3,0,0,0,0,0.2222,0.0,0.0,1.0,1.0,1,0,0,0,0.5,0.0,0,4,0,510
1,1,0,0,0,0.3333,0.0,0.0,0.5,1.0,2,0,0,0,0.5,0.0,0,4,0,511
3,6,1,0,1,0.4444,0.0,0.0,0.3333333333333333,1.0,3,0,0,0,0.5,0.0,0,4,0,512
3,7,1,1,1,0.5556,0.0,0.0,0.5,1.0,4,0,0,0,0.5,0.0,0,4,0,513
3,1,0,1,1,0.6667,0.2,1.0,0.6,1.0,5,1,0,1,0.5,0.2,0,4,0,514
3,7,1,0,1,0.7778,0.3333333333333333,1.0,0.6666666666666666,1.0,6,2,0,2,0.5,0.3333333333333333,0,4,0,515
1,1,0,0,1,0.8889,0.2857142857142857,1.0,0.7142857142857143,1.0,7,2,0,2,0.5,0.2857142857142857,0,4,0,516
1,2,0,0,1,1.0,0.25,1.0,0.75,1.0,8,2,0,2,0.5,0.25,0,4,0,517
3,2,0,0,0,0.2,0.0,0.0,0.0,0.0,0,0,0,0,0.0,0.0,3,4,0,518
2,0,0,1,1,0.4,0.0,0.0,0.0,0.0,1,0,0,0,0.0,0.0,3,4,0,519
2,2,0,0,0,0.6,0.5,1.0,0.5,1.0,2,1,0,1,0.5,0.5,3,4,0,520
1,6,1,0,0,0.8,0.3333333333333333,1.0,0.3333333333333333,1.0,3,1,0,1,0.5,0.3333333333333333,3,4,0,521
3,7,1,0,0,1.0,0.25,1.0,0.25,1.0,4,1,0,1,0.5,0.25,3,4,0,522
2,7,1,0,0,0.125,0.0,0.0,0.0,0.0,0,0,0,0,0.0,0.0,1,2,0,523
2,2,0,0,0,0.25,0.0,0.0,0.0,0.0,1,0,0,0,0.0,0.0,1,2,0,524
2,6,1,0,0,0.375,0.0,0.0,0.0,0.0,2,0,0,0,0.0,0.0,1,2,0,525
2,0,0,0,1,0.5,0.0,0.0,0.0,0.0,3,0,0,0,0.0,0.0,1,2,0,526
2,7,1,0,0,0.625,0.0,0.0,0.25,1.0,4,0,0,0,0.5,0.0,1,2,0,527
3,0,0,0,0,0.75,0.0,0.0,0.2,1.0,5,0,0,0,0.5,0.0,1,2,0,528
2,6,1,1,1,0.875,0.0,0.0,0.16666666666666666,1.0,6,0,0,0,0.5,0.0,1,2,0,529
3,7,1,0,1,1.0,0.14285714285714285,1.0,0.2857142857142857,1.0,7,1,0,1,0.5,0.14285714285714285,1,2,0,530
2,1,0,1,0,0.2,0.0,0.0,0.0,0.0,0,0,0,0,0.0,0.0,1,4,0,531
1,1,0,0,0,0.4,1.0,1.0,0.0,0.0,1,1,0,1,0.0,1.0,1,4,0,532
2,1,0,1,0,0.6,0.5,1.0,0.0,0.0,2,1,0,1,0.0,0.5,1,4,0,533
2,0,0,0,1,0.8,0.6666666666666666,1.0,0.0,0.0,3,2,0,2,0.0,0.6666666666666666,1,4,0,534
1,6,1,0,0,1.0,0.5,1.0,0.25,1.0,4,2,0,2,0.5,0.5,1,4,0,535
3,6,1,0,1,0.2,0.0,0.0,0.0,0.0,0,0,0,0,0.0,0.0,3,4,0,536
2,7,1,1,0,0.4,0.0,0.0,1.0,1.0,1,0,0,0,0.5,0.0,3,4,0,537
2,6,1,1,1,0.6,0.5,1.0,0.5,1.0,2,1,0,1,0.5,0.5,3,4,0,538
3,6,1,0,0,0.8,0.6666666666666666,1.0,0.6666666666666666,1.0,3,2,0,2,0.5,0.6666666666666666,3,4,0,539
3,1,0,0,0,1.0,0.5,1.0,0.5,1.0,4,2,0,2,0.5,0.5,3,4,0,540
1,2,0,0,1,0.2,0.0,0.0,0.0,0.0,0,0,0,0,0.0,0.0,3,3,0,541
2,2,0,0,1,0.4,0.0,0.0,1.0,1.0,1,0,0,0,0.5,0.0,3,3,0,542
2,0,0,0,1,0.6,0.0,0.0,1.0,1.0,2,0,0,0,0.5,0.0,3,3,0,543
3,1,0,0,0,0.8,0.0,0.0,1.0,1.0,3,0,0,0,0.5,0.0,3,3,0,544
2,0,0,1,0,1.0,0.0,0.0,0.75,1.0,4,0,0,0,0.5,0.0,3,3,0,545
3,7,1,1,0,0.1667,0.0,0.0,0.0,0.0,0,0,0,0,0.0,0.0,1,4,0,546
3,6,1,0,0,0.3333,1.0,1.0,0.0,0.0,1,1,0,1,0.0,1.0,1,4,0,547
3,1,0,0,0,0.5,0.5,1.0,0.0,0.0,2,1,0,1,0.0,0.5,1,4,0,548
3,0,0,0,0,0.6667,0.3333333333333333,1.0,0.0,0.0,3,1,0,1,0.0,0.3333333333333333,1,4,0,549
1,2,0,1,0,0.8333,0.25,1.0,0.0,0.0,4,1,0,1,0.0,0.25,1,4,0,550
1,7,1,0,1,1.0,0.4,1.0,0.0,0.0,5,2,0,2,0.0,0.4,1,4,0,551
3,0,0,0,0,0.1,0.0,0.0,0.0,0.0,0,0,0,0,0.0,0.0,3,2,0,552
1,0,0,0,0,0.2,0.0,0.0,0.0,0.0,1,0,0,0,0.0,0.0,3,2,0,553
1,6,1,0,0,0.3,0.0,0.0,0.0,0.0,2,0,0,0,0.0,0.0,3,2,0,554
1,2,0,0,0,0.4,0.0,0.0,0.0,0.0,3,0,0,0,0.0,0.0,3,2,0,555
3,7,1,0,1,0.5,0.0,0.0,0.0,0.0,4,0,0,0,0.0,0.0,3,2,0,556
3,0,0,1,0,0.6,0.0,0.0,0.2,1.0,5,0,0,0,0.5,0.0,3,2,0,557
2,1,0,0,1,0.7,0.16666666666666666,1.0,0.16666666666666666,1.0,6,1,0,1,0.5,0.16666666666666666,3,2,0,558
3,1,0,0,1,0.8,0.14285714285714285,1.0,0.2857142857142857,1.0,7,1,0,1,0.5,0.14285714285714285,3,2,0,559
3,6,1,0,0,0.9,0.125,1.0,0.375,1.0,8,1,0,1,0.5,0.125,3,2,0,560
3,6,1,0,0,1.0,0.1111111111111111,1.0,0.3333333333333333,1.0,9,1,0,1,0.5,0.1111111111111111,3,2,0,561
2,6,1,0,0,0.125,0.0,0.0,0.0,0.0,0,0,0,0,0.0,0.0,0,3,0,562
1,2,0,0,0,0.25,0.0,0.0,0.0,0.0,1,0,0,0,0.0,0.0,0,3,0,563
2,0,0,0,0,0.375,0.0,0.0,0.0,0.0,2,0,0,0,0.0,0.0,0,3,0,564
2,2,0,0,0,0.5,0.0,0.0,0.0,0.0,3,0,0,0,0.0,0.0,0,3,0,565
1,2,0,1,0,0.625,0.0,0.0,0.0,0.0,4,0,0,0,0.0,0.0,0,3,0,566
2,2,0,1,1,0.75,0.2,1.0,0.0,0.0,5,1,0,1,0.0,0.2,0,3,0,567
2,0,0,0,0,0.875,0.3333333333333333,1.0,0.16666666666666666,1.0,6,2,0,2,0.5,0.3333333333333333,0,3,0,568
1,1,0,0,0,1.0,0.2857142857142857,1.0,0.14285714285714285,1.0,7,2,0,2,0.5,0.2857142857142857,0,3,0,569
2,1,0,1,1,0.1429,0.0,0.0,0.0,0.0,0,0,0,0,0.0,0.0,1,3,0,570
1,2,0,0,0,0.2857,1.0,1.0,1.0,1.0,1,1,0,1,0.5,1.0,1,3,0,571
3,0,0,1,0,0.4286,0.5,1.0,0.5,1.0,2,1,0,1,0.5,0.5,1,3,0,572
2,1,0,0,1,0.5714,0.6666666666666666,1.0,0.3333333333333333,1.0,3,2,0,2,0.5,0.6666666666666666,1,3,0,573
1,7,1,0,0,0.7143,0.5,1.0,0.5,1.0,4,2,0,2,0.5,0.5,1,3,0,574
2,0,0,0,1,0.8571,0.4,1.0,0.4,1.0,5,2,0,2,0.5,0.4,1,3,0,575
3,7,1,1,1,1.0,0.3333333333333333,1.0,0.5,1.0,6,2,0,2,0.5,0.3333333333333333,1,3,0,576
1,6,1,0,0,0.2,0.0,0.0,0.0,0.0,0,0,0,0,0.0,0.0,0,4,0,577
1,7,1,0,1,0.4,0.0,0.0,0.0,0.0,1,0,0,0,0.0,0.0,0,4,0,578
1,1,0,0,1,0.6,0.0,0.0,0.5,1.0,2,0,0,0,0.5,0.0,0,4,0,579
3,6,1,0,1,0.8,0.0,0.0,0.6666666666666666,1.0,3,0,0,0,0.5,0.0,0,4,0,580
3,7,1,0,1,1.0,0.0,0.0,0.75,1.0,4,0,0,0,0.5,0.0,0,4,0,581
2,2,0,0,0,0.1667,0.0,0.0,0.0,0.0,0,0,0,0,0.0,0.0,3,4,0,582
3,1,0,0,0,0.3333,0.0,0.0,0.0,0.0,1,0,0,0,0.0,0.0,3,4,0,583
1,0,0,1,1,0.5,0.0,0.0,0.0,0.0,2,0,0,0,0.0,0.0,3,4,0,584
2,1,0,1,1,0.6667,0.3333333333333333,1.0,0.3333333333333333,1.0,3,1,0,1,0.5,0.3333333333333333,3,4,0,585
3,0,0,0,0,0.8333,0.5,1.0,0.5,1.0,4,2,0,2,0.5,0.5,3,4,0,586
2,7,1,0,0,1.0,0.4,1.0,0.4,1.0,5,2,0,2,0.5,0.4,3,4,0,587
1,7,1,0,1,0.1429,0.0,0.0,0.0,0.0,0,0,0,0,0.0,0.0,1,2,0,588
3,0,0,0,0,0.2857,0.0,0.0,1.0,1.0,1,0,0,0,0.5,0.0,1,2,0,589
3,7,1,0,0,0.4286,0.0,0.0,0.5,1.0,2,0,0,0,0.5,0.0,1,2,0,590
3,0,0,0,1,0.5714,0.0,0.0,0.3333333333333333,1.0,3,0,0,0,0.5,0.0,1,2,0,591
3,2,0,0,0,0.7143,0.0,0.0,0.5,1.0,4,0,0,0,0.5,0.0,1,2,0,592
2,1,0,0,0,0.8571,0.0,0.0,0.4,1.0,5,0,0,0,0.5,0.0,1,2,0,593
2,7,1,1,0,1.0,0.0,0.0,0.3333333333333333,1.0,6,0,0,0,0.5,0.0,1,2,0,594
2,1,0,0,0,0.2,0.0,0.0,0.0,0.0,0,0,0,0,0.0,0.0,1,4,0,595
2,1,0,1,0,0.4,0.0,0.0,0.0,0.0,1,0,0,0,0.0,0.0,1,4,0,596
2,0,0,0,0,0.6,0.5,1.0,0.0,0.0,2,1,0,1,0.0,0.5,1,4,0,597
1,0,0,1,1,0.8,0.3333333333333333,1.0,0.0,0.0,3,1,0,1,0.0,0.3333333333333333,1,4,0,598
3,1,0,0,0,1.0,0.5,1.0,0.25,1.0,4,2,0,2,0.5,0.5,1,4,0,599
3,6,1,1,1,0.25,0.0,0.0,0.0,0.0,0,0,0,0,0.0,0.0,3,4,0,600
1,6,1,1,0,0.5,1.0,1.0,1.0,1.0,1,1,0,1,0.5,1.0,3,4,0,601
1,6,1,0,0,0.75,1.0,1.0,0.5,1.0,2,2,0,2,0.5,1.0,3,4,0,602
2,7,1,0,0,1.0,0.6666666666666666,1.0,0.3333333333333333,1.0,3,2,0,2,0.5,0.6666666666666666,3,4,0,603
1,2,0,1,1,0.1429,0.0,0.0,0.0,0.0,0,0,0,0,0.0,0.0,2,3,0,604
3,2,0,0,1,0.2857,1.0,1.0,1.0,1.0,1,1,0,1,0.5,1.0,2,3,0,605
1,7,1,0,0,0.4286,0.5,1.0,1.0,1.0,2,1,0,1,0.5,0.5,2,3,0,606
3,0,0,0,0,0.5714,0.3333333333333333,1.0,0.6666666666666666,1.0,3,1,0,1,0.5,0.3333333333333333,2,3,0,607
3,0,0,0,1,0.7143,0.25,1.0,0.5,1.0,4,1,0,1,0.5,0.25,2,3,0,608
2,6,1,0,1,0.8571,0.2,1.0,0.6,1.0,5,1,0,1,0.5,0.2,2,3,0,609
1,7,1,0,0,1.0,0.16666666666666666,1.0,0.6666666666666666,1.0,6,1,0,1,0.5,0.16666666666666666,2,3,0,610
1,0,0,1,0,0.125,0.0,0.0,0.0,0.0,0,0,0,0,0.0,0.0,0,3,0,611
2,0,0,0,0,0.25,1.0,1.0,0.0,0.0,1,1,0,1,0.0,1.0,0,3,0,612
3,7,1,0,1,0.375,0.5,1.0,0.0,0.0,2,1,0,1,0.0,0.5,0,3,0,613
3,7,1,0,1,0.5,0.3333333333333333,1.0,0.3333333333333333,1.0,3,1,0,1,0.5,0.3333333333333333,0,3,0,614
2,6,1,0,0,0.625,0.25,1.0,0.5,1.0,4,1,0,1,0.5,0.25,0,3,0,615
3,0,0,0,0,0.75,0.2,1.0,0.4,1.0,5,1,0,1,0.5,0.2,0,3,0,616
3,1,0,0,1,0.875,0.16666666666666666,1.0,0.3333333333333333,1.0,6,1,0,1,0.5,0.16666666666666666,0,3,0,617
2,6,1,0,0,1.0,0.14285714285714285,1.0,0.42857142857142855,1.0,7,1,0,1,0.5,0.14285714285714285,0,3,0,618
3,2,0,0,0,0.125,0.0,0.0,0.0,0.0,0,0,0,0,0.0,0.0,1,3,0,619
3,2,0,0,1,0.25,0.0,0.0,0.0,0.0,1,0,0,0,0.0,0.0,1,3,0,620
2,1,0,1,0,0.375,0.0,0.0,0.5,1.0,2,0,0,0,0.5,0.0,1,3,0,621
1,6,1,0,0,0.5,0.3333333333333333,1.0,0.3333333333333333,1.0,3,1,0,1,0.5,0.3333333333333333,1,3,0,622
1,6,1,0,1,0.625,0.25,1.0,0.25,1.0,4,1,0,1,0.5,0.25,1,3,0,623
1,0,0,0,0,0.75,0.2,1.0,0.4,1.0,5,1,0,1,0.5,0.2,1,3,0,624
3,0,0,0,0,0.875,0.16666666666666666,1.0,0.3333333333333333,1.0,6,1,0,1,0.5,0.16666666666666666,1,3,0,625
2,0,0,0,0,1.0,0.14285714285714285,1.0,0.2857142857142857,1.0,7,1,0,1,0.5,0.14285714285714285,1,3,0,626
3,1,0,0,0,0.1429,0.0,0.0,0.0,0.0,0,0,0,0,0.0,0.0,1,4,0,627
2,7,1,0,0,0.2857,0.0,0.0,0.0,0.0,1,0,0,0,0.0,0.0,1,4,0,628
2,0,0,0,0,0.4286,0.0,0.0,0.0,0.0,2,0,0,0,0.0,0.0,1,4,0,629
2,6,1,1,0,0.5714,0.0,0.0,0.0,0.0,3,0,0,0,0.0,0.0,1,4,0,630
1,2,0,1,0,0.7143,0.25,1.0,0.0,0.0,4,1,0,1,0.0,0.25,1,4,0,631
2,2,0,0,0,0.8571,0.4,1.0,0.0,0.0,5,2,0,2,0.0,0.4,1,4,0,632
2,7,1,0,1,1.0,0.3333333333333333,1.0,0.0,0.0,6,2,0,2,0.0,0.3333333333333333,1,4,0,633
2,2,0,0,0,0.1429,0.0,0.0,0.0,0.0,0,0,0,0,0.0,0.0,3,4,0,634
1,1,0,1,0,0.2857,0.0,0.0,0.0,0.0,1,0,0,0,0.0,0.0,3,4,0,635
3,1,0,1,0,0.4286,0.5,1.0,0.0,0.0,2,1,0,1,0.0,0.5,3,4,0,636
3,6,1,0,0,0.5714,0.6666666666666666,1.0,0.0,0.0,3,2,0,2,0.0,0.6666666666666666,3,4,0,637
2,6,1,0,1,0.7143,0.5,1.0,0.0,0.0,4,2,0,2,0.0,0.5,3,4,0,638
1,7,1,0,0,0.8571,0.4,1.0,0.2,1.0,5,2,0,2,0.5,0.4,3,4,0,639
3,0,0,0,1,1.0,0.3333333333333333,1.0,0.16666666666666666,1.0,6,2,0,2,0.5,0.3333333333333333,3,4,0,640
1,6,1,0,0,0.1667,0.0,0.0,0.0,0.0,0,0,0,0,0.0,0.0,0,4,0,641
1,0,0,0,0,0.3333,0.0,0.0,0.0,0.0,1,0,0,0,0.0,0.0,0,4,0,642
1,2,0,1,1,0.5,0.0,0.0,0.0,0.0,2,0,0,0,0.0,0.0,0,4,0,643
1,7,1,0,0,0.6667,0.3333333333333333,1.0,0.3333333333333333,1.0,3,1,0,1,0.5,0.3333333333333333,0,4,0,644
3,7,1,0,0,0.8333,0.25,1.0,0.25,1.0,4,1,0,1,0.5,0.25,0,4,0,645
3,6,1,0,1,1.0,0.2,1.0,0.2,1.0,5,1,0,1,0.5,0.2,0,4,0,646
3,6,1,0,0,0.1,0.0,0.0,0.0,0.0,0,0,0,0,0.0,0.0,3,2,0,647
2,2,0,1,1,0.2,0.0,0.0,0.0,0.0,1,0,0,0,0.0,0.0,3,2,0,648
1,1,0,0,0,0.3,0.5,1.0,0.5,1.0,2,1,0,1,0.5,0.5,3,2,0,649
2,7,1,0,0,0.4,0.3333333333333333,1.0,0.3333333333333333,1.0,3,1,0,1,0.5,0.3333333333333333,3,2,0,650
2,2,0,0,0,0.5,0.25,1.0,0.25,1.0,4,1,0,1,0.5,0.25,3,2,0,651
1,2,0,0,1,0.6,0.2,1.0,0.2,1.0,5,1,0,1,0.5,0.2,3,2,0,652
1,6,1,1,0,0.7,0.16666666666666666,1.0,0.3333333333333333,1.0,6,1,0,1,0.5,0.16666666666666666,3,2,0,653
3,1,0,1,0,0.8,0.2857142857142857,1.0,0.2857142857142857,1.0,7,2,0,2,0.5,0.2857142857142857,3,2,0,654
2,0,0,1,1,0.9,0.375,1.0,0.25,1.0,8,3,0,3,0.5,0.375,3,2,0,655
3,2,0,0,0,1.0,0.4444444444444444,1.0,0.3333333333333333,1.0,9,4,0,4,0.5,0.4444444444444444,3,2,0,656
3,2,0,0,0,0.2,0.0,0.0,0.0,0.0,0,0,0,0,0.0,0.0,1,2,0,657
1,6,1,0,0,0.4,0.0,0.0,0.0,0.0,1,0,0,0,0.0,0.0,1,2,0,658
3,0,0,1,0,0.6,0.0,0.0,0.0,0.0,2,0,0,0,0.0,0.0,1,2,0,659
1,0,0,0,0,0.8,0.3333333333333333,1.0,0.0,0.0,3,1,0,1,0.0,0.3333333333333333,1,2,0,660
2,0,0,1,0,1.0,0.25,1.0,0.0,0.0,4,1,0,1,0.0,0.25,1,2,0,661
2,1,0,0,1,0.1,0.0,0.0,0.0,0.0,0,0,0,0,0.0,0.0,1,3,0,662
3,0,0,0,0,0.2,0.0,0.0,1.0,1.0,1,0,0,0,0.5,0.0,1,3,0,663
1,6,1,0,1,0.3,0.0,0.0,0.5,1.0,2,0,0,0,0.5,0.0,1,3,0,664
2,0,0,0,0,0.4,0.0,0.0,0.6666666666666666,1.0,3,0,0,0,0.5,0.0,1,3,0,665
2,0,0,1,0,0.5,0.0,0.0,0.5,1.0,4,0,0,0,0.5,0.0,1,3,0,666
2,2,0,0,1,0.6,0.2,1.0,0.4,1.0,5,1,0,1,0.5,0.2,1,3,0,667
2,1,0,0,1,0.7,0.16666666666666666,1.0,0.5,1.0,6,1,0,1,0.5,0.16666666666666666,1,3,0,668
3,0,0,0,0,0.8,0.14285714285714285,1.0,0.5714285714285714,1.0,7,1,0,1,0.5,0.14285714285714285,1,3,0,669
3,1,0,0,0,0.9,0.125,1.0,0.5,1.0,8,1,0,1,0.5,0.125,1,3,0,670
1,6,1,0,0,1.0,0.1111111111111111,1.0,0.4444444444444444,1.0,9,1,0,1,0.5,0.1111111111111111,1,3,0,671
3,0,0,0,0,0.2,0.0,0.0,0.0,0.0,0,0,0,0,0.0,0.0,3,3,0,672
2,2,0,0,0,0.4,0.0,0.0,0.0,0.0,1,0,0,0,0.0,0.0,3,3,0,673
1,7,1,1,0,0.6,0.0,0.0,0.0,0.0,2,0,0,0,0.0,0.0,3,3,0,674
1,2,0,0,0,0.8,0.3333333333333333,1.0,0.0,0.0,3,1,0,1,0.0,0.3333333333333333,3,3,0,675
1,6,1,0,0,1.0,0.25,1.0,0.0,0.0,4,1,0,1,0.0,0.25,3,3,0,676
1,7,1,0,0,0.2,0.0,0.0,0.0,0.0,0,0,0,0,0.0,0.0,3,2,0,677
3,6,1,1,1,0.4,0.0,0.0,0.0,0.0,1,0,0,0,0.0,0.0,3,2,0,678
3,7,1,0,0,0.6,0.5,1.0,0.5,1.0,2,1,0,1,0.5,0.5,3,2,0,679
1,2,0,0,0,0.8,0.3333333333333333,1.0,0.3333333333333333,1.0,3,1,0,1,0.5,0.3333333333333333,3,2,0,680
2,1,0,0,0,1.0,0.25,1.0,0.25,1.0,4,1,0,1,0.5,0.25,3,2,0,681
1,7,1,0,0,0.1667,0.0,0.0,0.0,0.0,0,0,0,0,0.0,0.0,3,3,0,682
2,7,1,1,1,0.3333,0.0,0.0,0.0,0.0,1,0,0,0,0.0,0.0,3,3,0,683
2,0,0,0,1,0.5,0.5,1.0,0.5,1.0,2,1,0,1,0.5,0.5,3,3,0,684
2,7,1,0,1,0.6667,0.3333333333333333,1.0,0.6666666666666666,1.0,3,1,0,1,0.5,0.3333333333333333,3,3,0,685
2,2,0,0,0,0.8333,0.25,1.0,0.75,1.0,4,1,0,1,0.5,0.25,3,3,0,686
1,7,1,0,1,1.0,0.2,1.0,0.6,1.0,5,1,0,1,0.5,0.2,3,3,0,687
2,6,1,0,0,0.1111,0.0,0.0,0.0,0.0,0,0,0,0,0.0,0.0,1,4,0,688
1,0,0,0,0,0.2222,0.0,0.0,0.0,0.0,1,0,0,0,0.0,0.0,1,4,0,689
1,6,1,0,0,0.3333,0.0,0.0,0.0,0.0,2,0,0,0,0.0,0.0,1,4,0,690
1,0,0,0,1,0.4444,0.0,0.0,0.0,0.0,3,0,0,0,0.0,0.0,1,4,0,691
3,1,0,0,0,0.5556,0.0,0.0,0.25,1.0,4,0,0,0,0.5,0.0,1,4,0,692
3,1,0,0,0,0.6667,0.0,0.0,0.2,1.0,5,0,0,0,0.5,0.0,1,4,0,693
2,7,1,0,0,0.7778,0.0,0.0,0.16666666666666666,1.0,6,0,0,0,0.5,0.0,1,4,0,694
2,0,0,0,1,0.8889,0.0,0.0,0.14285714285714285,1.0,7,0,0,0,0.5,0.0,1,4,0,695
1,2,0,0,0,1.0,0.0,0.0,0.25,1.0,8,0,0,0,0.5,0.0,1,4,0,696
2,2,0,0,1,0.2,0.0,0.0,0.0,0.0,0,0,0,0,0.0,0.0,2,3,0,697
2,2,0,1,0,0.4,0.0,0.0,1.0,1.0,1,0,0,0,0.5,0.0,2,3,0,698
1,0,0,0,1,0.6,0.5,1.0,0.5,1.0,2,1,0,1,0.5,0.5,2,3,0,699
2,7,1,1,0,0.8,0.3333333333333333,1.0,0.6666666666666666,1.0,3,1,0,1,0.5,0.3333333333333333,2,3,0,700
2,1,0,0,1,1.0,0.5,1.0,0.5,1.0,4,2,0,2,0.5,0.5,2,3,0,701
3,1,0,1,0,0.125,0.0,0.0,0.0,0.0,0,0,0,0,0.0,0.0,1,3,0,702
2,6,1,0,0,0.25,1.0,1.0,0.0,0.0,1,1,0,1,0.0,1.0,1,3,0,703
1,0,0,0,1,0.375,0.5,1.0,0.0,0.0,2,1,0,1,0.0,0.5,1,3,0,704
1,0,0,0,0,0.5,0.3333333333333333,1.0,0.3333333333333333,1.0,3,1,0,1,0.5,0.3333333333333333,1,3,0,705
3,1,0,0,0,0.625,0.25,1.0,0.25,1.0,4,1,0,1,0.5,0.25,1,3,0,706
2,2,0,0,1,0.75,0.2,1.0,0.2,1.0,5,1,0,1,0.5,0.2,1,3,0,707
3,7,1,0,0,0.875,0.16666666666666666,1.0,0.3333333333333333,1.0,6,1,0,1,0.5,0.16666666666666666,1,3,0,708
1,6,1,0,1,1.0,0.14285714285714285,1.0,0.2857142857142857,1.0,7,1,0,1,0.5,0.14285714285714285,1,3,0,709
3,7,1,0,1,0.1667,0.0,0.0,0.0,0.0,0,0,0,0,0.0,0.0,1,3,0,710
1,1,0,0,0,0.3333,0.0,0.0,1.0,1.0,1,0,0,0,0.5,0.0,1,3,0,711
1,0,0,0,0,0.5,0.0,0.0,0.5,1.0,2,0,0,0,0.5,0.0,1,3,0,712
1,2,0,0,1,0.6667,0.0,0.0,0.3333333333333333,1.0,3,0,0,0,0.5,0.0,1,3,0,713
2,2,0,0,1,0.8333,0.0,0.0,0.5,1.0,4,0,0,0,0.5,0.0,1,3,0,714
1,1,0,1,1,1.0,0.0,0.0,0.6,1.0,5,0,0,0,0.5,0.0,1,3,0,715
2,0,0,0,1,0.25,0.0,0.0,0.0,0.0,0,0,0,0,0.0,0.0,2,4,0,716
1,1,0,0,1,0.5,0.0,0.0,1.0,1.0,1,0,0,0,0.5,0.0,2,4,0,717
2,7,1,0,0,0.75,0.0,0.0,1.0,1.0,2,0,0,0,0.5,0.0,2,4,0,718
1,6,1,0,1,1.0,0.0,0.0,0.6666666666666666,1.0,3,0,0,0,0.5,0.0,2,4,0,719
1,7,1,0,0,0.1667,0.0,0.0,0.0,0.0,0,0,0,0,0.0,0.0,0,4,0,720
1,0,0,0,1,0.3333,0.0,0.0,0.0,0.0,1,0,0,0,0.0,0.0,0,4,0,721
3,6,1,0,0,0.5,0.0,0.0,0.5,1.0,2,0,0,0,0.5,0.0,0,4,0,722
2,7,1,0,0,0.6667,0.0,0.0,0.3333333333333333,1.0,3,0,0,0,0.5,0.0,0,4,0,723
1,6,1,0,1,0.8333,0.0,0.0,0.25,1.0,4,0,0,0,0.5,0.0,0,4,0,724
2,0,0,0,0,1.0,0.0,0.0,0.4,1.0,5,0,0,0,0.5,0.0,0,4,0,725
3,1,0,0,0,0.25,0.0,0.0,0.0,0.0,0,0,0,0,0.0,0.0,1,2,0,726
2,7,1,0,1,0.5,0.0,0.0,0.0,0.0,1,0,0,0,0.0,0.0,1,2,0,727
2,7,1,0,0,0.75,0.0,0.0,0.5,1.0,2,0,0,0,0.5,0.0,1,2,0,728
2,6,1,0,1,1.0,0.0,0.0,0.3333333333333333,1.0,3,0,0,0,0.5,0.0,1,2,0,729
2,1,0,0,0,0.125,0.0,0.0,0.0,0.0,0,0,0,0,0.0,0.0,1,2,0,730
3,0,0,0,0,0.25,0.0,0.0,0.0,0.0,1,0,0,0,0.0,0.0,1,2,0,731
3,7,1,1,0,0.375,0.0,0.0,0.0,0.0,2,0,0,0,0.0,0.0,1,2,0,732
3,1,0,0,0,0.5,0.3333333333333333,1.0,0.0,0.0,3,1,0,1,0.0,0.3333333333333333,1,2,0,733
3,7,1,0,1,0.625,0.25,1.0,0.0,0.0,4,1,0,1,0.0,0.25,1,2,0,734
2,7,1,0,0,0.75,0.2,1.0,0.2,1.0,5,1,0,1,0.5,0.2,1,2,0,735
2,7,1,0,0,0.875,0.16666666666666666,1.0,0.16666666666666666,1.0,6,1,0,1,0.5,0.16666666666666666,1,2,0,736
2,7,1,1,0,1.0,0.14285714285714285,1.0,0.14285714285714285,1.0,7,1,0,1,0.5,0.14285714285714285,1,2,0,737
2,7,1,0,0,0.25,0.0,0.0,0.0,0.0,0,0,0,0,0.0,0.0,1,4,0,738
3,6,1,0,0,0.5,0.0,0.0,0.0,0.0,1,0,0,0,0.0,0.0,1,4,0,739
1,1,0,0,1,0.75,0.0,0.0,0.0,0.0,2,0,0,0,0.0,0.0,1,4,0,740
3,7,1,0,1,1.0,0.0,0.0,0.3333333333333333,1.0,3,0,0,0,0.5,0.0,1,4,0,741
3,7,1,1,1,0.25,0.0,0.0,0.0,0.0,0,0,0,0,0.0,0.0,0,4,0,742
1,2,0,1,0,0.5,1.0,1.0,1.0,1.0,1,1,0,1,0.5,1.0,0,4,0,743
2,2,0,0,0,0.75,1.0,1.0,0.5,1.0,2,2,0,2,0.5,1.0,0,4,0,744
3,7,1,0,0,1.0,0.6666666666666666,1.0,0.3333333333333333,1.0,3,2,0,2,0.5,0.6666666666666666,0,4,0,745
3,2,0,0,0,0.1111,0.0,0.0,0.0,0.0,0,0,0,0,0.0,0.0,0,3,0,746
2,0,0,0,0,0.2222,0.0,0.0,0.0,0.0,1,0,0,0,0.0,0.0,0,3,0,747
1,0,0,0,1,0.3333,0.0,0.0,0.0,0.0,2,0,0,0,0.0,0.0,0,3,0,748
2,6,1,0,0,0.4444,0.0,0.0,0.3333333333333333,1.0,3,0,0,0,0.5,0.0,0,3,0,749
1,7,1,0,1,0.5556,0.0,0.0,0.25,1.0,4,0,0,0,0.5,0.0,0,3,0,750
1,6,1,0,1,0.6667,0.0,0.0,0.4,1.0,5,0,0,0,0.5,0.0,0,3,0,751
2,7,1,0,0,0.7778,0.0,0.0,0.5,1.0,6,0,0,0,0.5,0.0,0,3,0,752
2,7,1,0,1,0.8889,0.0,0.0,0.42857142857142855,1.0,7,0,0,0,0.5,0.0,0,3,0,753
2,1,0,0,1,1.0,0.0,0.0,0.5,1.0,8,0,0,0,0.5,0.0,0,3,0,754
2,1,0,0,1,0.1429,0.0,0.0,0.0,0.0,0,0,0,0,0.0,0.0,3,4,0,755
1,7,1,1,0,0.2857,0.0,0.0,1.0,1.0,1,0,0,0,0.5,0.0,3,4,0,756
2,2,0,0,1,0.4286,0.5,1.0,0.5,1.0,2,1,0,1,0.5,0.5,3,4,0,757
1,6,1,1,1,0.5714,0.3333333333333333,1.0,0.6666666666666666,1.0,3,1,0,1,0.5,0.3333333333333333,3,4,0,758
2,6,1,0,0,0.7143,0.5,1.0,0.75,1.0,4,2,0,2,0.5,0.5,3,4,0,759
1,1,0,0,0,0.8571,0.4,1.0,0.6,1.0,5,2,0,2,0.5,0.4,3,4,0,760
3,1,0,0,0,1.0,0.3333333333333333,1.0,0.5,1.0,6,2,0,2,0.5,0.3333333333333333,3,4,0,761
2,7,1,0,0,0.25,0.0,0.0,0.0,0.0,0,0,0,0,0.0,0.0,1,3,0,762
2,2,0,0,1,0.5,0.0,0.0,0.0,0.0,1,0,0,0,0.0,0.0,1,3,0,763
2,0,0,0,0,0.75,0.0,0.0,0.5,1.0,2,0,0,0,0.5,0.0,1,3,0,764
2,0,0,0,0,1.0,0.0,0.0,0.3333333333333333,1.0,3,0,0,0,0.5,0.0,1,3,0,765
1,7,1,0,0,0.25,0.0,0.0,0.0,0.0,0,0,0,0,0.0,0.0,3,2,0,766
3,6,1,0,0,0.5,0.0,0.0,0.0,0.0,1,0,0,0,0.0,0.0,3,2,0,767
2,6,1,0,0,0.75,0.0,0.0,0.0,0.0,2,0,0,0,0.0,0.0,3,2,0,768
2,2,0,0,0,1.0,0.0,0.0,0.0,0.0,3,0,0,0,0.0,0.0,3,2,0,769
1,0,0,0,0,0.1111,0.0,0.0,0.0,0.0,0,0,0,0,0.0,0.0,3,4,0,770
3,0,0,0,1,0.2222,0.0,0.0,0.0,0.0,1,0,0,0,0.0,0.0,3,4,0,771
3,0,0,0,0,0.3333,0.0,0.0,0.5,1.0,2,0,0,0,0.5,0.0,3,4,0,772
3,2,0,1,0,0.4444,0.0,0.0,0.3333333333333333,1.0,3,0,0,0,0.5,0.0,3,4,0,773
1,6,1,0,0,0.5556,0.25,1.0,0.25,1.0,4,1,0,1,0.5,0.25,3,4,0,774
3,2,0,0,0,0.6667,0.2,1.0,0.2,1.0,5,1,0,1,0.5,0.2,3,4,0,775
1,6,1,0,0,0.7778,0.16666666666666666,1.0,0.16666666666666666,1.0,6,1,0,1,0.5,0.16666666666666666,3,4,0,776
1,0,0,0,0,0.8889,0.14285714285714285,1.0,0.14285714285714285,1.0,7,1,0,1,0.5,0.14285714285714285,3,4,0,777
2,6,1,0,1,1.0,0.125,1.0,0.125,1.0,8,1,0,1,0.5,0.125,3,4,0,778
2,0,0,0,0,0.1429,0.0,0.0,0.0,0.0,0,0,0,0,0.0,0.0,0,4,0,779
2,2,0,0,0,0.2857,0.0,0.0,0.0,0.0,1,0,0,0,0.0,0.0,0,4,0,780
1,2,0,1,1,0.4286,0.0,0.0,0.0,0.0,2,0,0,0,0.0,0.0,0,4,0,781
1,6,1,1,0,0.5714,0.3333333333333333,1.0,0.3333333333333333,1.0,3,1,0,1,0.5,0.3333333333333333,0,4,0,782
1,2,0,1,1,0.7143,0.5,1.0,0.25,1.0,4,2,0,2,0.5,0.5,0,4,0,783
1,6,1,1,0,0.8571,0.6,1.0,0.4,1.0,5,3,0,3,0.5,0.6,0,4,0,784
1,0,0,0,0,1.0,0.6666666666666666,1.0,0.3333333333333333,1.0,6,4,0,4,0.5,0.6666666666666666,0,4,0,785
1,7,1,0,0,0.1429,0.0,0.0,0.0,0.0,0,0,0,0,0.0,0.0,3,3,0,786
2,7,1,0,1,0.2857,0.0,0.0,0.0,0.0,1,0,0,0,0.0,0.0,3,3,0,787
1,6,1,1,1,0.4286,0.0,0.0,0.5,1.0,2,0,0,0,0.5,0.0,3,3,0,788
1,2,0,0,0,0.5714,0.3333333333333333,1.0,0.6666666666666666,1.0,3,1,0,1,0.5,0.3333333333333333,3,3,0,789
2,6,1,0,0,0.7143,0.25,1.0,0.5,1.0,4,1,0,1,0.5,0.25,3,3,0,790
2,0,0,1,1,0.8571,0.2,1.0,0.4,1.0,5,1,0,1,0.5,0.2,3,3,0,791
3,0,0,0,0,1.0,0.3333333333333333,1.0,0.5,1.0,6,2,0,2,0.5,0.3333333333333333,3,3,0,792
1,7,1,0,0,0.1429,0.0,0.0,0.0,0.0,0,0,0,0,0.0,0.0,1,4,0,793
3,1,0,0,0,0.2857,0.0,0.0,0.0,0.0,1,0,0,0,0.0,0.0,1,4,0,794
2,2,0,1,1,0.4286,0.0,0.0,0.0,0.0,2,0,0,0,0.0,0.0,1,4,0,795
1,6,1,0,1,0.5714,0.3333333333333333,1.0,0.3333333333333333,1.0,3,1,0,1,0.5,0.3333333333333333,1,4,0,796
2,7,1,0,0,0.7143,0.25,1.0,0.5,1.0,4,1,0,1,0.5,0.25,1,4,0,797
3,7,1,0,0,0.8571,0.2,1.0,0.4,1.0,5,1,0,1,0.5,0.2,1,4,0,798
3,2,0,0,0,1.0,0.16666666666666666,1.0,0.3333333333333333,1.0,6,1,0,1,0.5,0.16666666666666666,1,4,0,799
1,1,0,0,1,0.1111,0.0,0.0,0.0,0.0,0,0,0,0,0.0,0.0,2,4,0,800
3,7,1,0,0,0.2222,0.0,0.0,1.0,1.0,1,0,0,0,0.5,0.0,2,4,0,801
3,0,0,0,0,0.3333,0.0,0.0,0.5,1.0,2,0,0,0,0.5,0.0,2,4,0,802
2,1,0,1,1,0.4444,0.0,0.0,0.3333333333333333,1.0,3,0,0,0,0.5,0.0,2,4,0,803
2,0,0,0,0,0.5556,0.25,1.0,0.5,1.0,4,1,0,1,0.5,0.25,2,4,0,804
3,1,0,0,1,0.6667,0.2,1.0,0.4,1.0,5,1,0,1,0.5,0.2,2,4,0,805
2,1,0,0,0,0.7778,0.16666666666666666,1.0,0.5,1.0,6,1,0,1,0.5,0.16666666666666666,2,4,0,806
2,2,0,0,0,0.8889,0.14285714285714285,1.0,0.42857142857142855,1.0,7,1,0,1,0.5,0.14285714285714285,2,4,0,807
3,6,1,1,0,1.0,0.125,1.0,0.375,1.0,8,1,0,1,0.5,0.125,2,4,0,808
1,2,0,0,0,0.1,0.0,0.0,0.0,0.0,0,0,0,0,0.0,0.0,3,4,0,809
1,2,0,0,0,0.2,0.0,0.0,0.0,0.0,1,0,0,0,0.0,0.0,3,4,0,810
2,7,1,0,0,0.3,0.0,0.0,0.0,0.0,2,0,0,0,0.0,0.0,3,4,0,811
2,1,0,0,0,0.4,0.0,0.0,0.0,0.0,3,0,0,0,0.0,0.0,3,4,0,812
3,7,1,0,0,0.5,0.0,0.0,0.0,0.0,4,0,0,0,0.0,0.0,3,4,0,813
2,1,0,0,0,0.6,0.0,0.0,0.0,0.0,5,0,0,0,0.0,0.0,3,4,0,814
2,2,0,0,0,0.7,0.0,0.0,0.0,0.0,6,0,0,0,0.0,0.0,3,4,0,815
1,1,0,0,1,0.8,0.0,0.0,0.0,0.0,7,0,0,0,0.0,0.0,3,4,0,816
2,6,1,0,1,0.9,0.0,0.0,0.125,1.0,8,0,0,0,0.5,0.0,3,4,0,817
3,0,0,0,1,1.0,0.0,0.0,0.2222222222222222,1.0,9,0,0,0,0.5,0.0,3,4,0,818
3,6,1,0,0,0.1667,0.0,0.0,0.0,0.0,0,0,0,0,0.0,0.0,3,2,0,819
3,1,0,1,0,0.3333,0.0,0.0,0.0,0.0,1,0,0,0,0.0,0.0,3,2,0,820
3,2,0,1,0,0.5,0.5,1.0,0.0,0.0,2,1,0,1,0.0,0.5,3,2,0,821
2,7,1,0,0,0.6667,0.6666666666666666,1.0,0.0,0.0,3,2,0,2,0.0,0.6666666666666666,3,2,0,822
3,6,1,0,1,0.8333,0.5,1.0,0.0,0.0,4,2,0,2,0.0,0.5,3,2,0,823
3,0,0,0,0,1.0,0.4,1.0,0.2,1.0,5,2,0,2,0.5,0.4,3,2,0,824
3,2,0,0,0,0.25,0.0,0.0,0.0,0.0,0,0,0,0,0.0,0.0,3,2,0,825
3,2,0,0,0,0.5,0.0,0.0,0.0,0.0,1,0,0,0,0.0,0.0,3,2,0,826
3,1,0,0,0,0.75,0.0,0.0,0.0,0.0,2,0,0,0,0.0,0.0,3,2,0,827
1,6,1,0,0,1.0,0.0,0.0,0.0,0.0,3,0,0,0,0.0,0.0,3,2,0,828
3,2,0,0,0,0.1667,0.0,0.0,0.0,0.0,0,0,0,0,0.0,0.0,3,3,0,829
2,2,0,0,0,0.3333,0.0,0.0,0.0,0.0,1,0,0,0,0.0,0.0,3,3,0,830
3,1,0,0,0,0.5,0.0,0.0,0.0,0.0,2,0,0,0,0.0,0.0,3,3,0,831
2,1,0,0,0,0.6667,0.0,0.0,0.0,0.0,3,0,0,0,0.0,0.0,3,3,0,832
1,7,1,0,0,0.8333,0.0,0.0,0.0,0.0,4,0,0,0,0.0,0.0,3,3,0,833
1,6,1,1,0,1.0,0.0,0.0,0.0,0.0,5,0,0,0,0.0,0.0,3,3,0,834
1,0,0,0,1,0.1,0.0,0.0,0.0,0.0,0,0,0,0,0.0,0.0,0,2,0,835
3,6,1,1,0,0.2,0.0,0.0,1.0,1.0,1,0,0,0,0.5,0.0,0,2,0,836
2,6,1,1,0,0.3,0.5,1.0,0.5,1.0,2,1,0,1,0.5,0.5,0,2,0,837
1,6,1,0,0,0.4,0.6666666666666666,1.0,0.3333333333333333,1.0,3,2,0,2,0.5,0.6666666666666666,0,2,0,838
3,6,1,0,1,0.5,0.5,1.0,0.25,1.0,4,2,0,2,0.5,0.5,0,2,0,839
2,6,1,0,0,0.6,0.4,1.0,0.4,1.0,5,2,0,2,0.5,0.4,0,2,0,840
3,2,0,0,0,0.7,0.3333333333333333,1.0,0.3333333333333333,1.0,6,2,0,2,0.5,0.3333333333333333,0,2,0,841
2,0,0,1,1,0.8,0.2857142857142857,1.0,0.2857142857142857,1.0,7,2,0,2,0.5,0.2857142857142857,0,2,0,842
2,7,1,0,0,0.9,0.375,1.0,0.375,1.0,8,3,0,3,0.5,0.375,0,2,0,843
2,2,0,0,0,1.0,0.3333333333333333,1.0,0.3333333333333333,1.0,9,3,0,3,0.5,0.3333333333333333,0,2,0,844
1,7,1,0,0,0.1667,0.0,0.0,0.0,0.0,0,0,0,0,0.0,0.0,3,3,0,845
2,6,1,0,1,0.3333,0.0,0.0,0.0,0.0,1,0,0,0,0.0,0.0,3,3,0,846
2,0,0,1,0,0.5,0.0,0.0,0.5,1.0,2,0,0,0,0.5,0.0,3,3,0,847
1,2,0,0,0,0.6667,0.3333333333333333,1.0,0.3333333333333333,1.0,3,1,0,1,0.5,0.3333333333333333,3,3,0,848
3,0,0,0,1,0.8333,0.25,1.0,0.25,1.0,4,1,0,1,0.5,0.25,3,3,0,849
3,0,0,0,0,1.0,0.2,1.0,0.4,1.0,5,1,0,1,0.5,0.2,3,3,0,850
2,2,0,0,0,0.1111,0.0,0.0,0.0,0.0,0,0,0,0,0.0,0.0,2,4,0,851
1,2,0,0,0,0.2222,0.0,0.0,0.0,0.0,1,0,0,0,0.0,0.0,2,4,0,852
1,2,0,0,1,0.3333,0.0,0.0,0.0,0.0,2,0,0,0,0.0,0.0,2,4,0,853
1,6,1,0,1,0.4444,0.0,0.0,0.3333333333333333,1.0,3,0,0,0,0.5,0.0,2,4,0,854
2,2,0,0,0,0.5556,0.0,0.0,0.5,1.0,4,0,0,0,0.5,0.0,2,4,0,855
3,2,0,1,0,0.6667,0.0,0.0,0.4,1.0,5,0,0,0,0.5,0.0,2,4,0,856
1,2,0,0,1,0.7778,0.16666666666666666,1.0,0.3333333333333333,1.0,6,1,0,1,0.5,0.16666666666666666,2,4,0,857
3,6,1,0,0,0.8889,0.14285714285714285,1.0,0.42857142857142855,1.0,7,1,0,1,0.5,0.14285714285714285,2,4,0,858
1,2,0,0,0,1.0,0.125,1.0,0.375,1.0,8,1,0,1,0.5,0.125,2,4,0,859
3,2,0,0,1,0.1,0.0,0.0,0.0,0.0,0,0,0,0,0.0,0.0,3,4,0,860
3,0,0,0,0,0.2,0.0,0.0,1.0,1.0,1,0,0,0,0.5,0.0,3,4,0,861
2,6,1,0,0,0.3,0.0,0.0,0.5,1.0,2,0,0,0,0.5,0.0,3,4,0,862
3,1,0,0,0,0.4,0.0,0.0,0.3333333333333333,1.0,3,0,0,0,0.5,0.0,3,4,0,863
2,6,1,0,0,0.5,0.0,0.0,0.25,1.0,4,0,0,0,0.5,0.0,3,4,0,864
3,2,0,0,0,0.6,0.0,0.0,0.2,1.0,5,0,0,0,0.5,0.0,3,4,0,865
3,7,1,0,0,0.7,0.0,0.0,0.16666666666666666,1.0,6,0,0,0,0.5,0.0,3,4,0,866
2,2,0,1,1,0.8,0.0,0.0,0.14285714285714285,1.0,7,0,0,0,0.5,0.0,3,4,0,867
3,7,1,0,1,0.9,0.125,1.0,0.25,1.0,8,1,0,1,0.5,0.125,3,4,0,868
1,7,1,0,0,1.0,0.1111111111111111,1.0,0.3333333333333333,1.0,9,1,0,1,0.5,0.1111111111111111,3,4,0,869
3,6,1,1,0,0.25,0.0,0.0,0.0,0.0,0,0,0,0,0.0,0.0,2,3,0,870
3,6,1,1,0,0.5,1.0,1.0,0.0,0.0,1,1,0,1,0.0,1.0,2,3,0,871
1,7,1,1,0,0.75,1.0,1.0,0.0,0.0,2,2,0,2,0.0,1.0,2,3,0,872
3,7,1,0,0,1.0,1.0,1.0,0.0,0.0,3,3,0,3,0.0,1.0,2,3,0,873
2,1,0,0,0,0.1429,0.0,0.0,0.0,0.0,0,0,0,0,0.0,0.0,0,3,0,874
3,7,1,1,0,0.2857,0.0,0.0,0.0,0.0,1,0,0,0,0.0,0.0,0,3,0,875
3,6,1,1,0,0.4286,0.5,1.0,0.0,0.0,2,1,0,1,0.0,0.5,0,3,0,876
2,2,0,0,1,0.5714,0.6666666666666666,1.0,0.0,0.0,3,2,0,2,0.0,0.6666666666666666,0,3,0,877
1,2,0,0,1,0.7143,0.5,1.0,0.25,1.0,4,2,0,2,0.5,0.5,0,3,0,878
1,0,0,0,1,0.8571,0.4,1.0,0.4,1.0,5,2,0,2,0.5,0.4,0,3,0,879
2,2,0,0,0,1.0,0.3333333333333333,1.0,0.5,1.0,6,2,0,2,0.5,0.3333333333333333,0,3,0,880
1,7,1,0,0,0.125,0.0,0.0,0.0,0.0,0,0,0,0,0.0,0.0,1,4,0,881
1,0,0,0,0,0.25,0.0,0.0,0.0,0.0,1,0,0,0,0.0,0.0,1,4,0,882
3,2,0,0,0,0.375,0.0,0.0,0.0,0.0,2,0,0,0,0.0,0.0,1,4,0,883
3,0,0,0,0,0.5,0.0,0.0,0.0,0.0,3,0,0,0,0.0,0.0,1,4,0,884
1,7,1,0,0,0.625,0.0,0.0,0.0,0.0,4,0,0,0,0.0,0.0,1,4,0,885
2,2,0,0,0,0.75,0.0,0.0,0.0,0.0,5,0,0,0,0.0,0.0,1,4,0,886
1,7,1,1,0,0.875,0.0,0.0,0.0,0.0,6,0,0,0,0.0,0.0,1,4,0,887
2,0,0,0,0,1.0,0.14285714285714285,1.0,0.0,0.0,7,1,0,1,0.0,0.14285714285714285,1,4,0,888
3,0,0,0,0,0.1429,0.0,0.0,0.0,0.0,0,0,0,0,0.0,0.0,1,4,0,889
1,7,1,0,0,0.2857,0.0,0.0,0.0,0.0,1,0,0,0,0.0,0.0,1,4,0,890
3,0,0,1,0,0.4286,0.0,0.0,0.0,0.0,2,0,0,0,0.0,0.0,1,4,0,891
1,0,0,0,1,0.5714,0.3333333333333333,1.0,0.0,0.0,3,1,0,1,0.0,0.3333333333333333,1,4,0,892
3,0,0,0,0,0.7143,0.25,1.0,0.25,1.0,4,1,0,1,0.5,0.25,1,4,0,893
1,7,1,0,0,0.8571,0.2,1.0,0.2,1.0,5,1,0,1,0.5,0.2,1,4,0,894
3,0,0,0,0,1.0,0.16666666666666666,1.0,0.16666666666666666,1.0,6,1,0,1,0.5,0.16666666666666666,1,4,0,895
1,1,0,0,0,0.1111,0.0,0.0,0.0,0.0,0,0,0,0,0.0,0.0,3,2,0,896
1,7,1,0,1,0.2222,0.0,0.0,0.0,0.0,1,0,0,0,0.0,0.0,3,2,0,897
1,2,0,0,1,0.3333,0.0,0.0,0.5,1.0,2,0,0,0,0.5,0.0,3,2,0,898
3,1,0,1,0,0.4444,0.0,0.0,0.6666666666666666,1.0,3,0,0,0,0.5,0.0,3,2,0,899
3,6,1,0,0,0.5556,0.25,1.0,0.5,1.0,4,1,0,1,0.5,0.25,3,2,0,900
2,2,0,0,0,0.6667,0.2,1.0,0.4,1.0,5,1,0,1,0.5,0.2,3,2,0,901
2,2,0,0,1,0.7778,0.16666666666666666,1.0,0.3333333333333333,1.0,6,1,0,1,0.5,0.16666666666666666,3,2,0,902
3,2,0,0,0,0.8889,0.14285714285714285,1.0,0.42857142857142855,1.0,7,1,0,1,0.5,0.14285714285714285,3,2,0,903
3,1,0,0,0,1.0,0.125,1.0,0.375,1.0,8,1,0,1,0.5,0.125,3,2,0,904
3,7,1,0,1,0.1667,0.0,0.0,0.0,0.0,0,0,0,0,0.0,0.0,0,4,0,905
3,0,0,0,0,0.3333,0.0,0.0,1.0,1.0,1,0,0,0,0.5,0.0,0,4,0,906
2,2,0,0,0,0.5,0.0,0.0,0.5,1.0,2,0,0,0,0.5,0.0,0,4,0,907
3,2,0,0,1,0.6667,0.0,0.0,0.3333333333333333,1.0,3,0,0,0,0.5,0.0,0,4,0,908
1,0,0,1,0,0.8333,0.0,0.0,0.5,1.0,4,0,0,0,0.5,0.0,0,4,0,909
1,6,1,0,0,1.0,0.2,1.0,0.4,1.0,5,1,0,1,0.5,0.2,0,4,0,910
2,1,0,0,0,0.1667,0.0,0.0,0.0,0.0,0,0,0,0,0.0,0.0,1,4,0,911
2,7,1,1,0,0.3333,0.0,0.0,0.0,0.0,1,0,0,0,0.0,0.0,1,4,0,912
2,2,0,0,0,0.5,0.5,1.0,0.0,0.0,2,1,0,1,0.0,0.5,1,4,0,913
3,0,0,0,1,0.6667,0.3333333333333333,1.0,0.0,0.0,3,1,0,1,0.0,0.3333333333333333,1,4,0,914
2,2,0,0,0,0.8333,0.25,1.0,0.25,1.0,4,1,0,1,0.5,0.25,1,4,0,915
1,2,0,1,1,1.0,0.2,1.0,0.2,1.0,5,1,0,1,0.5,0.2,1,4,0,916
1,2,0,0,0,0.1667,0.0,0.0,0.0,0.0,0,0,0,0,0.0,0.0,1,3,0,917
1,2,0,0,1,0.3333,0.0,0.0,0.0,0.0,1,0,0,0,0.0,0.0,1,3,0,918
3,2,0,1,1,0.5,0.0,0.0,0.5,1.0,2,0,0,0,0.5,0.0,1,3,0,919
3,2,0,0,0,0.6667,0.3333333333333333,1.0,0.6666666666666666,1.0,3,1,0,1,0.5,0.3333333333333333,1,3,0,920
2,1,0,0,1,0.8333,0.25,1.0,0.5,1.0,4,1,0,1,0.5,0.25,1,3,0,921
3,6,1,0,0,1.0,0.2,1.0,0.6,1.0,5,1,0,1,0.5,0.2,1,3,0,922
2,1,0,0,1,0.1,0.0,0.0,0.0,0.0,0,0,0,0,0.0,0.0,2,3,0,923
2,6,1,0,0,0.2,0.0,0.0,1.0,1.0,1,0,0,0,0.5,0.0,2,3,0,924
3,7,1,0,0,0.3,0.0,0.0,0.5,1.0,2,0,0,0,0.5,0.0,2,3,0,925
3,6,1,0,1,0.4,0.0,0.0,0.3333333333333333,1.0,3,0,0,0,0.5,0.0,2,3,0,926
3,2,0,0,0,0.5,0.0,0.0,0.5,1.0,4,0,0,0,0.5,0.0,2,3,0,927
1,7,1,0,0,0.6,0.0,0.0,0.4,1.0,5,0,0,0,0.5,0.0,2,3,0,928
2,2,0,0,0,0.7,0.0,0.0,0.3333333333333333,1.0,6,0,0,0,0.5,0.0,2,3,0,929
2,6,1,0,1,0.8,0.0,0.0,0.2857142857142857,1.0,7,0,0,0,0.5,0.0,2,3,0,930
3,1,0,0,0,0.9,0.0,0.0,0.375,1.0,8,0,0,0,0.5,0.0,2,3,0,931
2,1,0,0,0,1.0,0.0,0.0,0.3333333333333333,1.0,9,0,0,0,0.5,0.0,2,3,0,932
3,0,0,0,0,0.2,0.0,0.0,0.0,0.0,0,0,0,0,0.0,0.0,3,2,0,933
2,7,1,0,0,0.4,0.0,0.0,0.0,0.0,1,0,0,0,0.0,0.0,3,2,0,934
2,0,0,0,1,0.6,0.0,0.0,0.0,0.0,2,0,0,0,0.0,0.0,3,2,0,935
1,0,0,0,0,0.8,0.0,0.0,0.3333333333333333,1.0,3,0,0,0,0.5,0.0,3,2,0,936
3,6,1,0,0,1.0,0.0,0.0,0.25,1.0,4,0,0,0,0.5,0.0,3,2,0,937
2,7,1,0,1,0.2,0.0,0.0,0.0,0.0,0,0,0,0,0.0,0.0,3,4,0,938
2,0,0,0,0,0.4,0.0,0.0,1.0,1.0,1,0,0,0,0.5,0.0,3,4,0,939
2,1,0,0,1,0.6,0.0,0.0,0.5,1.0,2,0,0,0,0.5,0.0,3,4,0,940
3,1,0,0,1,0.8,0.0,0.0,0.6666666666666666,1.0,3,0,0,0,0.5,0.0,3,4,0,941
2,0,0,1,0,1.0,0.0,0.0,0.75,1.0,4,0,0,0,0.5,0.0,3,4,0,942
2,1,0,0,1,0.1111,0.0,0.0,0.0,0.0,0,0,0,0,0.0,0.0,0,4,0,943
3,1,0,0,0,0.2222,0.0,0.0,1.0,1.0,1,0,0,0,0.5,0.0,0,4,0,944
3,7,1,0,0,0.3333,0.0,0.0,0.5,1.0,2,0,0,0,0.5,0.0,0,4,0,945
1,2,0,0,1,0.4444,0.0,0.0,0.3333333333333333,1.0,3,0,0,0,0.5,0.0,0,4,0,946
1,2,0,0,1,0.5556,0.0,0.0,0.5,1.0,4,0,0,0,0.5,0.0,0,4,0,947
2,0,0,0,0,0.6667,0.0,0.0,0.6,1.0,5,0,0,0,0.5,0.0,0,4,0,948
3,6,1,0,0,0.7778,0.0,0.0,0.5,1.0,6,0,0,0,0.5,0.0,0,4,0,949
3,6,1,0,0,0.8889,0.0,0.0,0.42857142857142855,1.0,7,0,0,0,0.5,0.0,0,4,0,950
1,2,0,0,0,1.0,0.0,0.0,0.375,1.0,8,0,0,0,0.5,0.0,0,4,0,951
2,1,0,0,0,0.1,0.0,0.0,0.0,0.0,0,0,0,0,0.0,0.0,1,2,0,952
1,7,1,1,0,0.2,0.0,0.0,0.0,0.0,1,0,0,0,0.0,0.0,1,2,0,953
2,0,0,1,0,0.3,0.5,1.0,0.0,0.0,2,1,0,1,0.0,0.5,1,2,0,954
1,6,1,0,0,0.4,0.6666666666666666,1.0,0.0,0.0,3,2,0,2,0.0,0.6666666666666666,1,2,0,955
3,2,0,0,0,0.5,0.5,1.0,0.0,0.0,4,2,0,2,0.0,0.5,1,2,0,956
2,1,0,0,0,0.6,0.4,1.0,0.0,0.0,5,2,0,2,0.0,0.4,1,2,0,957
2,7,1,0,0,0.7,0.3333333333333333,1.0,0.0,0.0,6,2,0,2,0.0,0.3333333333333333,1,2,0,958
2,7,1,0,0,0.8,0.2857142857142857,1.0,0.0,0.0,7,2,0,2,0.0,0.2857142857142857,1,2,0,959
1,7,1,0,0,0.9,0.25,1.0,0.0,0.0,8,2,0,2,0.0,0.25,1,2,0,960
1,0,0,0,0,1.0,0.2222222222222222,1.0,0.0,0.0,9,2,0,2,0.0,0.2222222222222222,1,2,0,961
2,6,1,0,0,0.1429,0.0,0.0,0.0,0.0,0,0,0,0,0.0,0.0,3,3,0,962
1,6,1,0,1,0.2857,0.0,0.0,0.0,0.0,1,0,0,0,0.0,0.0,3,3,0,963
2,1,0,0,1,0.4286,0.0,0.0,0.5,1.0,2,0,0,0,0.5,0.0,3,3,0,964
2,6,1,0,0,0.5714,0.0,0.0,0.6666666666666666,1.0,3,0,0,0,0.5,0.0,3,3,0,965
2,7,1,0,0,0.7143,0.0,0.0,0.5,1.0,4,0,0,0,0.5,0.0,3,3,0,966
3,0,0,0,1,0.8571,0.0,0.0,0.4,1.0,5,0,0,0,0.5,0.0,3,3,0,967
3,0,0,0,0,1.0,0.0,0.0,0.5,1.0,6,0,0,0,0.5,0.0,3,3,0,968
1,0,0,0,0,0.1,0.0,0.0,0.0,0.0,0,0,0,0,0.0,0.0,2,2,0,969
1,6,1,0,1,0.2,0.0,0.0,0.0,0.0,1,0,0,0,0.0,0.0,2,2,0,970
3,2,0,1,1,0.3,0.0,0.0,0.5,1.0,2,0,0,0,0.5,0.0,2,2,0,971
2,7,1,1,0,0.4,0.3333333333333333,1.0,0.6666666666666666,1.0,3,1,0,1,0.5,0.3333333333333333,2,2,0,972
1,1,0,0,0,0.5,0.5,1.0,0.5,1.0,4,2,0,2,0.5,0.5,2,2,0,973
3,0,0,0,0,0.6,0.4,1.0,0.4,1.0,5,2,0,2,0.5,0.4,2,2,0,974
3,7,1,1,0,0.7,0.3333333333333333,1.0,0.3333333333333333,1.0,6,2,0,2,0.5,0.3333333333333333,2,2,0,975
3,7,1,0,0,0.8,0.42857142857142855,1.0,0.2857142857142857,1.0,7,3,0,3,0.5,0.42857142857142855,2,2,0,976
3,1,0,0,0,0.9,0.375,1.0,0.25,1.0,8,3,0,3,0.5,0.375,2,2,0,977
3,0,0,0,0,1.0,0.3333333333333333,1.0,0.2222222222222222,1.0,9,3,0,3,0.5,0.3333333333333333,2,2,0,978
2,1,0,0,0,0.25,0.0,0.0,0.0,0.0,0,0,0,0,0.0,0.0,1,3,0,979
3,7,1,1,1,0.5,0.0,0.0,0.0,0.0,1,0,0,0,0.0,0.0,1,3,0,980
3,6,1,0,1,0.75,0.5,1.0,0.5,1.0,2,1,0,1,0.5,0.5,1,3,0,981
2,6,1,0,1,1.0,0.3333333333333333,1.0,0.6666666666666666,1.0,3,1,0,1,0.5,0.3333333333333333,1,3,0,982
3,2,0,0,0,0.1667,0.0,0.0,0.0,0.0,0,0,0,0,0.0,0.0,3,3,0,983
2,6,1,0,0,0.3333,0.0,0.0,0.0,0.0,1,0,0,0,0.0,0.0,3,3,0,984
3,7,1,0,1,0.5,0.0,0.0,0.0,0.0,2,0,0,0,0.0,0.0,3,3,0,985
2,7,1,1,0,0.6667,0.0,0.0,0.3333333333333333,1.0,3,0,0,0,0.5,0.0,3,3,0,986
2,6,1,0,0,0.8333,0.25,1.0,0.25,1.0,4,1,0,1,0.5,0.25,3,3,0,987
2,7,1,1,0,1.0,0.2,1.0,0.2,1.0,5,1,0,1,0.5,0.2,3,3,0,988
1,6,1,0,1,0.1429,0.0,0.0,0.0,0.0,0,0,0,0,0.0,0.0,1,4,0,989
2,6,1,0,1,0.2857,0.0,0.0,1.0,1.0,1,0,0,0,0.5,0.0,1,4,0,990
2,2,0,0,0,0.4286,0.0,0.0,1.0,1.0,2,0,0,0,0.5,0.0,1,4,0,991
3,7,1,1,0,0.5714,0.0,0.0,0.6666666666666666,1.0,3,0,0,0,0.5,0.0,1,4,0,992
1,2,0,0,0,0.7143,0.25,1.0,0.5,1.0,4,1,0,1,0.5,0.25,1,4,0,993
2,7,1,0,0,0.8571,0.2,1.0,0.4,1.0,5,1,0,1,0.5,0.2,1,4,0,994
1,0,0,0,0,1.0,0.16666666666666666,1.0,0.3333333333333333,1.0,6,1,0,1,0.5,0.16666666666666666,1,4,0,995
2,7,1,0,1,0.2,0.0,0.0,0.0,0.0,0,0,0,0,0.0,0.0,3,2,0,996
1,0,0,0,1,0.4,0.0,0.0,1.0,1.0,1,0,0,0,0.5,0.0,3,2,0,997
3,2,0,0,1,0.6,0.0,0.0,1.0,1.0,2,0,0,0,0.5,0.0,3,2,0,998
2,6,1,0,0,0.8,0.0,0.0,1.0,1.0,3,0,0,0,0.5,0.0,3,2,0,999
3,6,1,0,0,1.0,0.0,0.0,0.75,1.0,4,0,0,0,0.5,0.0,3,2,0,1000
2,2,0,1,0,0.1,0.0,0.0,0.0,0.0,0,0,0,0,0.0,0.0,1,4,0,1001
1,2,0,0,0,0.2,1.0,1.0,0.0,0.0,1,1,0,1,0.0,1.0,1,4,0,1002
2,7,1,0,1,0.3,0.5,1.0,0.0,0.0,2,1,0,1,0.0,0.5,1,4,0,1003
3,2,0,0,1,0.4,0.3333333333333333,1.0,0.3333333333333333,1.0,3,1,0,1,0.5,0.3333333333333333,1,4,0,1004
1,7,1,0,0,0.5,0.25,1.0,0.5,1.0,4,1,0,1,0.5,0.25,1,4,0,1005
3,2,0,0,0,0.6,0.2,1.0,0.4,1.0,5,1,0,1,0.5,0.2,1,4,0,1006
2,0,0,0,0,0.7,0.16666666666666666,1.0,0.3333333333333333,1.0,6,1,0,1,0.5,0.16666666666666666,1,4,0,1007
1,1,0,0,0,0.8,0.14285714285714285,1.0,0.2857142857142857,1.0,7,1,0,1,0.5,0.14285714285714285,1,4,0,1008
1,7,1,0,0,0.9,0.125,1.0,0.25,1.0,8,1,0,1,0.5,0.125,1,4,0,1009
3,0,0,0,0,1.0,0.1111111111111111,1.0,0.2222222222222222,1.0,9,1,0,1,0.5,0.1111111111111111,1,4,0,1010
2,6,1,0,1,0.1111,0.0,0.0,0.0,0.0,0,0,0,0,0.0,0.0,3,2,0,1011
2,6,1,0,1,0.2222,0.0,0.0,1.0,1.0,1,0,0,0,0.5,0.0,3,2,0,1012
1,2,0,0,0,0.3333,0.0,0.0,1.0,1.0,2,0,0,0,0.5,0.0,3,2,0,1013
2,2,0,0,0,0.4444,0.0,0.0,0.6666666666666666,1.0,3,0,0,0,0.5,0.0,3,2,0,1014
1,6,1,0,1,0.5556,0.0,0.0,0.5,1.0,4,0,0,0,0.5,0.0,3,2,0,1015
1,0,0,1,0,0.6667,0.0,0.0,0.6,1.0,5,0,0,0,0.5,0.0,3,2,0,1016
3,2,0,0,1,0.7778,0.16666666666666666,1.0,0.5,1.0,6,1,0,1,0.5,0.16666666666666666,3,2,0,1017
2,0,0,0,0,0.8889,0.14285714285714285,1.0,0.5714285714285714,1.0,7,1,0,1,0.5,0.14285714285714285,3,2,0,1018
3,2,0,0,1,1.0,0.125,1.0,0.5,1.0,8,1,0,1,0.5,0.125,3,2,0,1019
3,2,0,0,0,0.1,0.0,0.0,0.0,0.0,0,0,0,0,0.0,0.0,2,4,0,1020
3,6,1,0,0,0.2,0.0,0.0,0.0,0.0,1,0,0,0,0.0,0.0,2,4,0,1021
3,2,0,1,0,0.3,0.0,0.0,0.0,0.0,2,0,0,0,0.0,0.0,2,4,0,1022
3,2,0,0,0,0.4,0.3333333333333333,1.0,0.0,0.0,3,1,0,1,0.0,0.3333333333333333,2,4,0,1023
1,7,1,1,1,0.5,0.25,1.0,0.0,0.0,4,1,0,1,0.0,0.25,2,4,0,1024
3,1,0,0,0,0.6,0.4,1.0,0.2,1.0,5,2,0,2,0.5,0.4,2,4,0,1025
3,0,0,1,0,0.7,0.3333333333333333,1.0,0.16666666666666666,1.0,6,2,0,2,0.5,0.3333333333333333,2,4,0,1026
1,1,0,0,0,0.8,0.42857142857142855,1.0,0.14285714285714285,1.0,7,3,0,3,0.5,0.42857142857142855,2,4,0,1027
1,1,0,0,0,0.9,0.375,1.0,0.125,1.0,8,3,0,3,0.5,0.375,2,4,0,1028
2,2,0,1,0,1.0,0.3333333333333333,1.0,0.1111111111111111,1.0,9,3,0,3,0.5,0.3333333333333333,2,4,0,1029
2,6,1,0,0,0.2,0.0,0.0,0.0,0.0,0,0,0,0,0.0,0.0,2,3,0,1030
2,1,0,0,0,0.4,0.0,0.0,0.0,0.0,1,0,0,0,0.0,0.0,2,3,0,1031
2,2,0,0,1,0.6,0.0,0.0,0.0,0.0,2,0,0,0,0.0,0.0,2,3,0,1032
1,0,0,0,1,0.8,0.0,0.0,0.3333333333333333,1.0,3,0,0,0,0.5,0.0,2,3,0,1033
2,2,0,0,0,1.0,0.0,0.0,0.5,1.0,4,0,0,0,0.5,0.0,2,3,0,1034
2,1,0,0,0,0.1,0.0,0.0,0.0,0.0,0,0,0,0,0.0,0.0,1,3,0,1035
3,2,0,1,0,0.2,0.0,0.0,0.0,0.0,1,0,0,0,0.0,0.0,1,3,0,1036
1,2,0,0,0,0.3,0.5,1.0,0.0,0.0,2,1,0,1,0.0,0.5,1,3,0,1037
3,0,0,0,0,0.4,0.3333333333333333,1.0,0.0,0.0,3,1,0,1,0.0,0.3333333333333333,1,3,0,1038
3,2,0,0,0,0.5,0.25,1.0,0.0,0.0,4,1,0,1,0.0,0.25,1,3,0,1039
2,2,0,0,0,0.6,0.2,1.0,0.0,0.0,5,1,0,1,0.0,0.2,1,3,0,1040
3,1,0,1,0,0.7,0.16666666666666666,1.0,0.0,0.0,6,1,0,1,0.0,0.16666666666666666,1,3,0,1041
1,1,0,0,0,0.8,0.2857142857142857,1.0,0.0,0.0,7,2,0,2,0.0,0.2857142857142857,1,3,0,1042
2,0,0,0,0,0.9,0.25,1.0,0.0,0.0,8,2,0,2,0.0,0.25,1,3,0,1043
2,2,0,0,0,1.0,0.2222222222222222,1.0,0.0,0.0,9,2,0,2,0.0,0.2222222222222222,1,3,0,1044
3,7,1,1,1,0.1667,0.0,0.0,0.0,0.0,0,0,0,0,0.0,0.0,1,3,0,1045
1,6,1,0,0,0.3333,1.0,1.0,1.0,1.0,1,1,0,1,0.5,1.0,1,3,0,1046
1,2,0,0,0,0.5,0.5,1.0,0.5,1.0,2,1,0,1,0.5,0.5,1,3,0,1047
1,0,0,0,0,0.6667,0.3333333333333333,1.0,0.3333333333333333,1.0,3,1,0,1,0.5,0.3333333333333333,1,3,0,1048
3,1,0,0,0,0.8333,0.25,1.0,0.25,1.0,4,1,0,1,0.5,0.25,1,3,0,1049
3,1,0,0,0,1.0,0.2,1.0,0.2,1.0,5,1,0,1,0.5,0.2,1,3,0,1050
3,0,0,0,0,0.1667,0.0,0.0,0.0,0.0,0,0,0,0,0.0,0.0,3,3,0,1051
1,0,0,1,1,0.3333,0.0,0.0,0.0,0.0,1,0,0,0,0.0,0.0,3,3,0,1052
3,0,0,0,1,0.5,0.5,1.0,0.5,1.0,2,1,0,1,0.5,0.5,3,3,0,1053
3,7,1,1,0,0.6667,0.3333333333333333,1.0,0.6666666666666666,1.0,3,1,0,1,0.5,0.3333333333333333,3,3,0,1054
1,0,0,1,0,0.8333,0.5,1.0,0.5,1.0,4,2,0,2,0.5,0.5,3,3,0,1055
1,6,1,0,0,1.0,0.6,1.0,0.4,1.0,5,3,0,3,0.5,0.6,3,3,0,1056
1,7,1,0,1,0.1111,0.0,0.0,0.0,0.0,0,0,0,0,0.0,0.0,0,3,0,1057
2,2,0,0,0,0.2222,0.0,0.0,1.0,1.0,1,0,0,0,0.5,0.0,0,3,0,1058
2,7,1,0,0,0.3333,0.0,0.0,0.5,1.0,2,0,0,0,0.5,0.0,0,3,0,1059
2,0,0,0,0,0.4444,0.0,0.0,0.3333333333333333,1.0,3,0,0,0,0.5,0.0,0,3,0,1060
2,2,0,0,1,0.5556,0.0,0.0,0.25,1.0,4,0,0,0,0.5,0.0,0,3,0,1061
3,1,0,0,1,0.6667,0.0,0.0,0.4,1.0,5,0,0,0,0.5,0.0,0,3,0,1062
1,1,0,0,0,0.7778,0.0,0.0,0.5,1.0,6,0,0,0,0.5,0.0,0,3,0,1063
3,0,0,0,1,0.8889,0.0,0.0,0.42857142857142855,1.0,7,0,0,0,0.5,0.0,0,3,0,1064
2,1,0,0,1,1.0,0.0,0.0,0.5,1.0,8,0,0,0,0.5,0.0,0,3,0,1065
3,0,0,0,0,0.125,0.0,0.0,0.0,0.0,0,0,0,0,0.0,0.0,2,3,0,1066
3,6,1,0,0,0.25,0.0,0.0,0.0,0.0,1,0,0,0,0.0,0.0,2,3,0,1067
1,2,0,0,0,0.375,0.0,0.0,0.0,0.0,2,0,0,0,0.0,0.0,2,3,0,1068
1,2,0,0,1,0.5,0.0,0.0,0.0,0.0,3,0,0,0,0.0,0.0,2,3,0,1069
1,7,1,0,0,0.625,0.0,0.0,0.25,1.0,4,0,0,0,0.5,0.0,2,3,0,1070
1,7,1,0,0,0.75,0.0,0.0,0.2,1.0,5,0,0,0,0.5,0.0,2,3,0,1071
2,6,1,0,0,0.875,0.0,0.0,0.16666666666666666,1.0,6,0,0,0,0.5,0.0,2,3,0,1072
1,0,0,0,0,1.0,0.0,0.0,0.14285714285714285,1.0,7,0,0,0,0.5,0.0,2,3,0,1073
3,1,0,0,0,0.1,0.0,0.0,0.0,0.0,0,0,0,0,0.0,0.0,1,4,0,1074
1,6,1,0,0,0.2,0.0,0.0,0.0,0.0,1,0,0,0,0.0,0.0,1,4,0,1075
2,1,0,0,1,0.3,0.0,0.0,0.0,0.0,2,0,0,0,0.0,0.0,1,4,0,1076
2,2,0,0,0,0.4,0.0,0.0,0.3333333333333333,1.0,3,0,0,0,0.5,0.0,1,4,0,1077
2,7,1,0,1,0.5,0.0,0.0,0.25,1.0,4,0,0,0,0.5,0.0,1,4,0,1078
3,1,0,0,0,0.6,0.0,0.0,0.4,1.0,5,0,0,0,0.5,0.0,1,4,0,1079
3,1,0,0,0,0.7,0.0,0.0,0.3333333333333333,1.0,6,0,0,0,0.5,0.0,1,4,0,1080
2,7,1,1,1,0.8,0.0,0.0,0.2857142857142857,1.0,7,0,0,0,0.5,0.0,1,4,0,1081
2,6,1,0,0,0.9,0.125,1.0,0.375,1.0,8,1,0,1,0.5,0.125,1,4,0,1082
3,1,0,0,0,1.0,0.1111111111111111,1.0,0.3333333333333333,1.0,9,1,0,1,0.5,0.1111111111111111,1,4,0,1083
1,2,0,0,1,0.125,0.0,0.0,0.0,0.0,0,0,0,0,0.0,0.0,1,2,0,1084
1,7,1,1,0,0.25,0.0,0.0,1.0,1.0,1,0,0,0,0.5,0.0,1,2,0,1085
1,1,0,0,0,0.375,0.5,1.0,0.5,1.0,2,1,0,1,0.5,0.5,1,2,0,1086
2,7,1,0,0,0.5,0.3333333333333333,1.0,0.3333333333333333,1.0,3,1,0,1,0.5,0.3333333333333333,1,2,0,1087
1,2,0,0,1,0.625,0.25,1.0,0.25,1.0,4,1,0,1,0.5,0.25,1,2,0,1088
2,6,1,0,1,0.75,0.2,1.0,0.4,1.0,5,1,0,1,0.5,0.2,1,2,0,1089
2,2,0,0,1,0.875,0.16666666666666666,1.0,0.5,1.0,6,1,0,1,0.5,0.16666666666666666,1,2,0,1090
1,7,1,1,1,1.0,0.14285714285714285,1.0,0.5714285714285714,1.0,7,1,0,1,0.5,0.14285714285714285,1,2,0,1091
2,7,1,0,0,0.2,0.0,0.0,0.0,0.0,0,0,0,0,0.0,0.0,2,3,0,1092
1,7,1,0,1,0.4,0.0,0.0,0.0,0.0,1,0,0,0,0.0,0.0,2,3,0,1093
3,2,0,0,1,0.6,0.0,0.0,0.5,1.0,2,0,0,0,0.5,0.0,2,3,0,1094
2,0,0,1,0,0.8,0.0,0.0,0.6666666666666666,1.0,3,0,0,0,0.5,0.0,2,3,0,1095
3,6,1,0,0,1.0,0.25,1.0,0.5,1.0,4,1,0,1,0.5,0.25,2,3,0,1096
2,7,1,0,0,0.125,0.0,0.0,0.0,0.0,0,0,0,0,0.0,0.0,0,4,0,1097
1,6,1,0,0,0.25,0.0,0.0,0.0,0.0,1,0,0,0,0.0,0.0,0,4,0,1098
2,1,0,0,1,0.375,0.0,0.0,0.0,0.0,2,0,0,0,0.0,0.0,0,4,0,1099
2,1,0,0,0,0.5,0.0,0.0,0.3333333333333333,1.0,3,0,0,0,0.5,0.0,0,4,0,1100
1,6,1,1,0,0.625,0.0,0.0,0.25,1.0,4,0,0,0,0.5,0.0,0,4,0,1101
1,1,0,1,1,0.75,0.2,1.0,0.2,1.0,5,1,0,1,0.5,0.2,0,4,0,1102
1,1,0,0,0,0.875,0.3333333333333333,1.0,0.3333333333333333,1.0,6,2,0,2,0.5,0.3333333333333333,0,4,0,1103
1,2,0,0,0,1.0,0.2857142857142857,1.0,0.2857142857142857,1.0,7,2,0,2,0.5,0.2857142857142857,0,4,0,1104
3,2,0,0,1,0.1,0.0,0.0,0.0,0.0,0,0,0,0,0.0,0.0,2,2,0,1105
3,2,0,0,0,0.2,0.0,0.0,1.0,1.0,1,0,0,0,0.5,0.0,2,2,0,1106
3,6,1,0,0,0.3,0.0,0.0,0.5,1.0,2,0,0,0,0.5,0.0,2,2,0,1107
1,1,0,0,1,0.4,0.0,0.0,0.3333333333333333,1.0,3,0,0,0,0.5,0.0,2,2,0,1108
3,2,0,0,0,0.5,0.0,0.0,0.5,1.0,4,0,0,0,0.5,0.0,2,2,0,1109
1,2,0,1,0,0.6,0.0,0.0,0.4,1.0,5,0,0,0,0.5,0.0,2,2,0,1110
2,2,0,0,1,0.7,0.16666666666666666,1.0,0.3333333333333333,1.0,6,1,0,1,0.5,0.16666666666666666,2,2,0,1111
3,0,0,0,0,0.8,0.14285714285714285,1.0,0.42857142857142855,1.0,7,1,0,1,0.5,0.14285714285714285,2,2,0,1112
1,6,1,0,0,0.9,0.125,1.0,0.375,1.0,8,1,0,1,0.5,0.125,2,2,0,1113
2,6,1,0,0,1.0,0.1111111111111111,1.0,0.3333333333333333,1.0,9,1,0,1,0.5,0.1111111111111111,2,2,0,1114
2,1,0,0,0,0.1111,0.0,0.0,0.0,0.0,0,0,0,0,0.0,0.0,1,4,0,1115
2,6,1,1,0,0.2222,0.0,0.0,0.0,0.0,1,0,0,0,0.0,0.0,1,4,0,1116
1,7,1,1,0,0.3333,0.5,1.0,0.0,0.0,2,1,0,1,0.0,0.5,1,4,0,1117
2,2,0,0,0,0.4444,0.6666666666666666,1.0,0.0,0.0,3,2,0,2,0.0,0.6666666666666666,1,4,0,1118
3,7,1,0,1,0.5556,0.5,1.0,0.0,0.0,4,2,0,2,0.0,0.5,1,4,0,1119
3,7,1,0,0,0.6667,0.4,1.0,0.2,1.0,5,2,0,2,0.5,0.4,1,4,0,1120
2,6,1,1,1,0.7778,0.3333333333333333,1.0,0.16666666666666666,1.0,6,2,0,2,0.5,0.3333333333333333,1,4,0,1121
1,2,0,0,1,0.8889,0.42857142857142855,1.0,0.2857142857142857,1.0,7,3,0,3,0.5,0.42857142857142855,1,4,0,1122
3,2,0,1,0,1.0,0.375,1.0,0.375,1.0,8,3,0,3,0.5,0.375,1,4,0,1123
2,6,1,0,0,0.1429,0.0,0.0,0.0,0.0,0,0,0,0,0.0,0.0,2,3,0,1124
3,2,0,0,1,0.2857,0.0,0.0,0.0,0.0,1,0,0,0,0.0,0.0,2,3,0,1125
2,1,0,0,0,0.4286,0.0,0.0,0.5,1.0,2,0,0,0,0.5,0.0,2,3,0,1126
3,7,1,0,1,0.5714,0.0,0.0,0.3333333333333333,1.0,3,0,0,0,0.5,0.0,2,3,0,1127
2,6,1,0,0,0.7143,0.0,0.0,0.5,1.0,4,0,0,0,0.5,0.0,2,3,0,1128
3,0,0,0,1,0.8571,0.0,0.0,0.4,1.0,5,0,0,0,0.5,0.0,2,3,0,1129
2,7,1,0,0,1.0,0.0,0.0,0.5,1.0,6,0,0,0,0.5,0.0,2,3,0,1130
2,1,0,0,0,0.25,0.0,0.0,0.0,0.0,0,0,0,0,0.0,0.0,0,4,0,1131
2,6,1,0,0,0.5,0.0,0.0,0.0,0.0,1,0,0,0,0.0,0.0,0,4,0,1132
1,2,0,1,0,0.75,0.0,0.0,0.0,0.0,2,0,0,0,0.0,0.0,0,4,0,1133
2,6,1,0,0,1.0,0.3333333333333333,1.0,0.0,0.0,3,1,0,1,0.0,0.3333333333333333,0,4,0,1134
2,7,1,0,0,0.1,0.0,0.0,0.0,0.0,0,0,0,0,0.0,0.0,0,3,0,1135
1,2,0,0,0,0.2,0.0,0.0,0.0,0.0,1,0,0,0,0.0,0.0,0,3,0,1136
3,7,1,0,1,0.3,0.0,0.0,0.0,0.0,2,0,0,0,0.0,0.0,0,3,0,1137
1,6,1,1,0,0.4,0.0,0.0,0.3333333333333333,1.0,3,0,0,0,0.5,0.0,0,3,0,1138
2,6,1,0,0,0.5,0.25,1.0,0.25,1.0,4,1,0,1,0.5,0.25,0,3,0,1139
1,7,1,0,0,0.6,0.2,1.0,0.2,1.0,5,1,0,1,0.5,0.2,0,3,0,1140
2,6,1,1,0,0.7,0.16666666666666666,1.0,0.16666666666666666,1.0,6,1,0,1,0.5,0.16666666666666666,0,3,0,1141
3,6,1,0,1,0.8,0.2857142857142857,1.0,0.14285714285714285,1.0,7,2,0,2,0.5,0.2857142857142857,0,3,0,1142
3,7,1,1,0,0.9,0.25,1.0,0.25,1.0,8,2,0,2,0.5,0.25,0,3,0,1143
2,2,0,1,1,1.0,0.3333333333333333,1.0,0.2222222222222222,1.0,9,3,0,3,0.5,0.3333333333333333,0,3,0,1144
2,0,0,0,1,0.25,0.0,0.0,0.0,0.0,0,0,0,0,0.0,0.0,3,2,0,1145
2,7,1,1,0,0.5,0.0,0.0,1.0,1.0,1,0,0,0,0.5,0.0,3,2,0,1146
3,6,1,0,1,0.75,0.5,1.0,0.5,1.0,2,1,0,1,0.5,0.5,3,2,0,1147
2,2,0,0,0,1.0,0.3333333333333333,1.0,0.6666666666666666,1.0,3,1,0,1,0.5,0.3333333333333333,3,2,0,1148
1,6,1,0,0,0.1,0.0,0.0,0.0,0.0,0,0,0,0,0.0,0.0,0,3,0,1149
3,0,0,0,0,0.2,0.0,0.0,0.0,0.0,1,0,0,0,0.0,0.0,0,3,0,1150
2,0,0,0,0,0.3,0.0,0.0,0.0,0.0,2,0,0,0,0.0,0.0,0,3,0,1151
3,1,0,0,0,0.4,0.0,0.0,0.0,0.0,3,0,0,0,0.0,0.0,0,3,0,1152
1,7,1,0,0,0.5,0.0,0.0,0.0,0.0,4,0,0,0,0.0,0.0,0,3,0,1153
3,6,1,0,0,0.6,0.0,0.0,0.0,0.0,5,0,0,0,0.0,0.0,0,3,0,1154
1,2,0,0,0,0.7,0.0,0.0,0.0,0.0,6,0,0,0,0.0,0.0,0,3,0,1155
2,7,1,1,1,0.8,0.0,0.0,0.0,0.0,7,0,0,0,0.0,0.0,0,3,0,1156
1,1,0,0,1,0.9,0.125,1.0,0.125,1.0,8,1,0,1,0.5,0.125,0,3,0,1157
2,6,1,0,1,1.0,0.1111111111111111,1.0,0.2222222222222222,1.0,9,1,0,1,0.5,0.1111111111111111,0,3,0,1158
1,0,0,0,0,0.1111,0.0,0.0,0.0,0.0,0,0,0,0,0.0,0.0,0,3,0,1159
3,1,0,0,0,0.2222,0.0,0.0,0.0,0.0,1,0,0,0,0.0,0.0,0,3,0,1160
3,2,0,0,0,0.3333,0.0,0.0,0.0,0.0,2,0,0,0,0.0,0.0,0,3,0,1161
3,6,1,0,0,0.4444,0.0,0.0,0.0,0.0,3,0,0,0,0.0,0.0,0,3,0,1162
2,1,0,0,0,0.5556,0.0,0.0,0.0,0.0,4,0,0,0,0.0,0.0,0,3,0,1163
3,0,0,1,1,0.6667,0.0,0.0,0.0,0.0,5,0,0,0,0.0,0.0,0,3,0,1164
1,0,0,0,0,0.7778,0.16666666666666666,1.0,0.16666666666666666,1.0,6,1,0,1,0.5,0.16666666666666666,0,3,0,1165
1,6,1,0,0,0.8889,0.14285714285714285,1.0,0.14285714285714285,1.0,7,1,0,1,0.5,0.14285714285714285,0,3,0,1166
2,1,0,0,0,1.0,0.125,1.0,0.125,1.0,8,1,0,1,0.5,0.125,0,3,0,1167
3,1,0,0,0,0.25,0.0,0.0,0.0,0.0,0,0,0,0,0.0,0.0,2,2,0,1168
3,7,1,0,0,0.5,0.0,0.0,0.0,0.0,1,0,0,0,0.0,0.0,2,2,0,1169
2,1,0,0,0,0.75,0.0,0.0,0.0,0.0,2,0,0,0,0.0,0.0,2,2,0,1170
3,2,0,0,0,1.0,0.0,0.0,0.0,0.0,3,0,0,0,0.0,0.0,2,2,0,1171
1,6,1,0,0,0.1429,0.0,0.0,0.0,0.0,0,0,0,0,0.0,0.0,1,3,0,1172
3,7,1,0,0,0.2857,0.0,0.0,0.0,0.0,1,0,0,0,0.0,0.0,1,3,0,1173
1,6,1,0,0,0.4286,0.0,0.0,0.0,0.0,2,0,0,0,0.0,0.0,1,3,0,1174
3,0,0,0,0,0.5714,0.0,0.0,0.0,0.0,3,0,0,0,0.0,0.0,1,3,0,1175
2,1,0,0,0,0.7143,0.0,0.0,0.0,0.0,4,0,0,0,0.0,0.0,1,3,0,1176
1,6,1,0,0,0.8571,0.0,0.0,0.0,0.0,5,0,0,0,0.0,0.0,1,3,0,1177
1,1,0,1,0,1.0,0.0,0.0,0.0,0.0,6,0,0,0,0.0,0.0,1,3,0,1178
1,1,0,0,1,0.125,0.0,0.0,0.0,0.0,0,0,0,0,0.0,0.0,2,2,0,1179
2,6,1,0,0,0.25,0.0,0.0,1.0,1.0,1,0,0,0,0.5,0.0,2,2,0,1180
3,2,0,0,1,0.375,0.0,0.0,0.5,1.0,2,0,0,0,0.5,0.0,2,2,0,1181
1,0,0,0,0,0.5,0.0,0.0,0.6666666666666666,1.0,3,0,0,0,0.5,0.0,2,2,0,1182
2,1,0,0,1,0.625,0.0,0.0,0.5,1.0,4,0,0,0,0.5,0.0,2,2,0,1183
1,1,0,1,1,0.75,0.0,0.0,0.6,1.0,5,0,0,0,0.5,0.0,2,2,0,1184
2,6,1,0,1,0.875,0.16666666666666666,1.0,0.6666666666666666,1.0,6,1,0,1,0.5,0.16666666666666666,2,2,0,1185
3,1,0,0,0,1.0,0.14285714285714285,1.0,0.7142857142857143,1.0,7,1,0,1,0.5,0.14285714285714285,2,2,0,1186
1,6,1,0,1,0.1111,0.0,0.0,0.0,0.0,0,0,0,0,0.0,0.0,1,3,0,1187
2,1,0,0,0,0.2222,0.0,0.0,1.0,1.0,1,0,0,0,0.5,0.0,1,3,0,1188
3,1,0,0,0,0.3333,0.0,0.0,0.5,1.0,2,0,0,0,0.5,0.0,1,3,0,1189
3,1,0,0,0,0.4444,0.0,0.0,0.3333333333333333,1.0,3,0,0,0,0.5,0.0,1,3,0,1190
1,1,0,1,1,0.5556,0.0,0.0,0.25,1.0,4,0,0,0,0.5,0.0,1,3,0,1191
2,2,0,0,0,0.6667,0.2,1.0,0.4,1.0,5,1,0,1,0.5,0.2,1,3,0,1192
2,6,1,0,0,0.7778,0.16666666666666666,1.0,0.3333333333333333,1.0,6,1,0,1,0.5,0.16666666666666666,1,3,0,1193
3,2,0,0,0,0.8889,0.14285714285714285,1.0,0.2857142857142857,1.0,7,1,0,1,0.5,0.14285714285714285,1,3,0,1194
2,0,0,0,0,1.0,0.125,1.0,0.25,1.0,8,1,0,1,0.5,0.125,1,3,0,1195
3,0,0,0,0,0.1429,0.0,0.0,0.0,0.0,0,0,0,0,0.0,0.0,2,3,0,1196
2,7,1,0,0,0.2857,0.0,0.0,0.0,0.0,1,0,0,0,0.0,0.0,2,3,0,1197
1,6,1,1,1,0.4286,0.0,0.0,0.0,0.0,2,0,0,0,0.0,0.0,2,3,0,1198
3,6,1,0,0,0.5714,0.3333333333333333,1.0,0.3333333333333333,1.0,3,1,0,1,0.5,0.3333333333333333,2,3,0,1199
1,2,0,0,0,0.7143,0.25,1.0,0.25,1.0,4,1,0,1,0.5,0.25,2,3,0,1200
2,6,1,1,0,0.8571,0.2,1.0,0.2,1.0,5,1,0,1,0.5,0.2,2,3,0,1201
1,7,1,0,1,1.0,0.3333333333333333,1.0,0.16666666666666666,1.0,6,2,0,2,0.5,0.3333333333333333,2,3,0,1202
2,6,1,1,0,0.1429,0.0,0.0,0.0,0.0,0,0,0,0,0.0,0.0,3,3,0,1203
2,1,0,0,0,0.2857,1.0,1.0,0.0,0.0,1,1,0,1,0.0,1.0,3,3,0,1204
2,6,1,0,0,0.4286,0.5,1.0,0.0,0.0,2,1,0,1,0.0,0.5,3,3,0,1205
1,7,1,0,1,0.5714,0.3333333333333333,1.0,0.0,0.0,3,1,0,1,0.0,0.3333333333333333,3,3,0,1206
3,7,1,0,0,0.7143,0.25,1.0,0.25,1.0,4,1,0,1,0.5,0.25,3,3,0,1207
2,6,1,0,0,0.8571,0.2,1.0,0.2,1.0,5,1,0,1,0.5,0.2,3,3,0,1208
1,0,0,0,0,1.0,0.16666666666666666,1.0,0.16666666666666666,1.0,6,1,0,1,0.5,0.16666666666666666,3,3,0,1209
2,6,1,1,0,0.1429,0.0,0.0,0.0,0.0,0,0,0,0,0.0,0.0,0,2,0,1210
3,0,0,0,0,0.2857,1.0,1.0,0.0,0.0,1,1,0,1,0.0,1.0,0,2,0,1211
3,0,0,0,0,0.4286,0.5,1.0,0.0,0.0,2,1,0,1,0.0,0.5,0,2,0,1212
1,0,0,0,1,0.5714,0.3333333333333333,1.0,0.0,0.0,3,1,0,1,0.0,0.3333333333333333,0,2,0,1213
1,6,1,0,0,0.7143,0.25,1.0,0.25,1.0,4,1,0,1,0.5,0.25,0,2,0,1214
3,7,1,0,1,0.8571,0.2,1.0,0.2,1.0,5,1,0,1,0.5,0.2,0,2,0,1215
2,1,0,0,0,1.0,0.16666666666666666,1.0,0.3333333333333333,1.0,6,1,0,1,0.5,0.16666666666666666,0,2,0,1216
2,1,0,0,1,0.1,0.0,0.0,0.0,0.0,0,0,0,0,0.0,0.0,0,2,0,1217
2,2,0,1,0,0.2,0.0,0.0,1.0,1.0,1,0,0,0,0.5,0.0,0,2,0,1218
3,1,0,0,0,0.3,0.5,1.0,0.5,1.0,2,1,0,1,0.5,0.5,0,2,0,1219
2,2,0,0,1,0.4,0.3333333333333333,1.0,0.3333333333333333,1.0,3,1,0,1,0.5,0.3333333333333333,0,2,0,1220
2,1,0,0,1,0.5,0.25,1.0,0.5,1.0,4,1,0,1,0.5,0.25,0,2,0,1221
1,6,1,1,0,0.6,0.2,1.0,0.6,1.0,5,1,0,1,0.5,0.2,0,2,0,1222
1,1,0,1,1,0.7,0.3333333333333333,1.0,0.5,1.0,6,2,0,2,0.5,0.3333333333333333,0,2,0,1223
2,7,1,0,0,0.8,0.42857142857142855,1.0,0.5714285714285714,1.0,7,3,0,3,0.5,0.42857142857142855,0,2,0,1224
3,6,1,1,0,0.9,0.375,1.0,0.5,1.0,8,3,0,3,0.5,0.375,0,2,0,1225
3,6,1,1,1,1.0,0.4444444444444444,1.0,0.4444444444444444,1.0,9,4,0,4,0.5,0.4444444444444444,0,2,0,1226
3,2,0,0,0,0.25,0.0,0.0,0.0,0.0,0,0,0,0,0.0,0.0,0,3,0,1227
1,1,0,1,0,0.5,0.0,0.0,0.0,0.0,1,0,0,0,0.0,0.0,0,3,0,1228
2,0,0,0,0,0.75,0.5,1.0,0.0,0.0,2,1,0,1,0.0,0.5,0,3,0,1229
2,0,0,0,0,1.0,0.3333333333333333,1.0,0.0,0.0,3,1,0,1,0.0,0.3333333333333333,0,3,0,1230
1,6,1,0,0,0.1667,0.0,0.0,0.0,0.0,0,0,0,0,0.0,0.0,2,2,0,1231
1,7,1,0,1,0.3333,0.0,0.0,0.0,0.0,1,0,0,0,0.0,0.0,2,2,0,1232
1,2,0,0,1,0.5,0.0,0.0,0.5,1.0,2,0,0,0,0.5,0.0,2,2,0,1233
3,2,0,1,0,0.6667,0.0,0.0,0.6666666666666666,1.0,3,0,0,0,0.5,0.0,2,2,0,1234
3,7,1,0,0,0.8333,0.25,1.0,0.5,1.0,4,1,0,1,0.5,0.25,2,2,0,1235
2,7,1,0,0,1.0,0.2,1.0,0.4,1.0,5,1,0,1,0.5,0.2,2,2,0,1236
3,1,0,0,1,0.25,0.0,0.0,0.0,0.0,0,0,0,0,0.0,0.0,0,4,0,1237
2,2,0,0,0,0.5,0.0,0.0,1.0,1.0,1,0,0,0,0.5,0.0,0,4,0,1238
2,7,1,0,0,0.75,0.0,0.0,0.5,1.0,2,0,0,0,0.5,0.0,0,4,0,1239
3,0,0,0,0,1.0,0.0,0.0,0.3333333333333333,1.0,3,0,0,0,0.5,0.0,0,4,0,1240
1,0,0,1,0,0.2,0.0,0.0,0.0,0.0,0,0,0,0,0.0,0.0,1,4,0,1241
3,1,0,0,0,0.4,1.0,1.0,0.0,0.0,1,1,0,1,0.0,1.0,1,4,0,1242
3,1,0,0,0,0.6,0.5,1.0,0.0,0.0,2,1,0,1,0.0,0.5,1,4,0,1243
1,6,1,0,0,0.8,0.3333333333333333,1.0,0.0,0.0,3,1,0,1,0.0,0.3333333333333333,1,4,0,1244
2,7,1,1,1,1.0,0.25,1.0,0.0,0.0,4,1,0,1,0.0,0.25,1,4,0,1245
3,2,0,0,0,0.1429,0.0,0.0,0.0,0.0,0,0,0,0,0.0,0.0,0,2,0,1246
1,7,1,0,0,0.2857,0.0,0.0,0.0,0.0,1,0,0,0,0.0,0.0,0,2,0,1247
3,2,0,0,0,0.4286,0.0,0.0,0.0,0.0,2,0,0,0,0.0,0.0,0,2,0,1248
3,7,1,0,1,0.5714,0.0,0.0,0.0,0.0,3,0,0,0,0.0,0.0,0,2,0,1249
1,6,1,0,0,0.7143,0.0,0.0,0.25,1.0,4,0,0,0,0.5,0.0,0,2,0,1250
1,6,1,0,0,0.8571,0.0,0.0,0.2,1.0,5,0,0,0,0.5,0.0,0,2,0,1251
1,6,1,0,1,1.0,0.0,0.0,0.16666666666666666,1.0,6,0,0,0,0.5,0.0,0,2,0,1252
2,0,0,0,0,0.1,0.0,0.0,0.0,0.0,0,0,0,0,0.0,0.0,0,2,0,1253
3,7,1,1,0,0.2,0.0,0.0,0.0,0.0,1,0,0,0,0.0,0.0,0,2,0,1254
2,6,1,0,0,0.3,0.5,1.0,0.0,0.0,2,1,0,1,0.0,0.5,0,2,0,1255
3,2,0,0,1,0.4,0.3333333333333333,1.0,0.0,0.0,3,1,0,1,0.0,0.3333333333333333,0,2,0,1256
3,2,0,0,1,0.5,0.25,1.0,0.25,1.0,4,1,0,1,0.5,0.25,0,2,0,1257
1,1,0,0,0,0.6,0.2,1.0,0.4,1.0,5,1,0,1,0.5,0.2,0,2,0,1258
1,0,0,0,1,0.7,0.16666666666666666,1.0,0.3333333333333333,1.0,6,1,0,1,0.5,0.16666666666666666,0,2,0,1259
1,7,1,1,0,0.8,0.14285714285714285,1.0,0.42857142857142855,1.0,7,1,0,1,0.5,0.14285714285714285,0,2,0,1260
3,0,0,0,0,0.9,0.25,1.0,0.375,1.0,8,2,0,2,0.5,0.25,0,2,0,1261
3,6,1,1,0,1.0,0.2222222222222222,1.0,0.3333333333333333,1.0,9,2,0,2,0.5,0.2222222222222222,0,2,0,1262
2,6,1,0,0,0.2,0.0,0.0,0.0,0.0,0,0,0,0,0.0,0.0,0,4,0,1263
3,7,1,0,0,0.4,0.0,0.0,0.0,0.0,1,0,0,0,0.0,0.0,0,4,0,1264
1,2,0,0,0,0.6,0.0,0.0,0.0,0.0,2,0,0,0,0.0,0.0,0,4,0,1265
2,7,1,0,0,0.8,0.0,0.0,0.0,0.0,3,0,0,0,0.0,0.0,0,4,0,1266
2,0,0,0,1,1.0,0.0,0.0,0.0,0.0,4,0,0,0,0.0,0.0,0,4,0,1267
2,6,1,0,1,0.1667,0.0,0.0,0.0,0.0,0,0,0,0,0.0,0.0,3,2,0,1268
3,1,0,1,0,0.3333,0.0,0.0,1.0,1.0,1,0,0,0,0.5,0.0,3,2,0,1269
3,6,1,0,0,0.5,0.5,1.0,0.5,1.0,2,1,0,1,0.5,0.5,3,2,0,1270
2,6,1,1,0,0.6667,0.3333333333333333,1.0,0.3333333333333333,1.0,3,1,0,1,0.5,0.3333333333333333,3,2,0,1271
1,0,0,1,0,0.8333,0.5,1.0,0.25,1.0,4,2,0,2,0.5,0.5,3,2,0,1272
3,7,1,0,0,1.0,0.6,1.0,0.2,1.0,5,3,0,3,0.5,0.6,3,2,0,1273
1,0,0,0,0,0.2,0.0,0.0,0.0,0.0,0,0,0,0,0.0,0.0,3,2,0,1274
2,1,0,0,0,0.4,0.0,0.0,0.0,0.0,1,0,0,0,0.0,0.0,3,2,0,1275
1,6,1,0,0,0.6,0.0,0.0,0.0,0.0,2,0,0,0,0.0,0.0,3,2,0,1276
1,0,0,0,0,0.8,0.0,0.0,0.0,0.0,3,0,0,0,0.0,0.0,3,2,0,1277
3,0,0,0,0,1.0,0.0,0.0,0.0,0.0,4,0,0,0,0.0,0.0,3,2,0,1278
1,1,0,0,1,0.1429,0.0,0.0,0.0,0.0,0,0,0,0,0.0,0.0,0,4,0,1279
2,7,1,0,1,0.2857,0.0,0.0,1.0,1.0,1,0,0,0,0.5,0.0,0,4,0,1280
3,0,0,0,0,0.4286,0.0,0.0,1.0,1.0,2,0,0,0,0.5,0.0,0,4,0,1281
3,6,1,0,0,0.5714,0.0,0.0,0.6666666666666666,1.0,3,0,0,0,0.5,0.0,0,4,0,1282
3,7,1,0,0,0.7143,0.0,0.0,0.5,1.0,4,0,0,0,0.5,0.0,0,4,0,1283
3,0,0,0,0,0.8571,0.0,0.0,0.4,1.0,5,0,0,0,0.5,0.0,0,4,0,1284
2,6,1,0,0,1.0,0.0,0.0,0.3333333333333333,1.0,6,0,0,0,0.5,0.0,0,4,0,1285
1,7,1,0,0,0.1667,0.0,0.0,0.0,0.0,0,0,0,0,0.0,0.0,0,4,0,1286
3,0,0,0,0,0.3333,0.0,0.0,0.0,0.0,1,0,0,0,0.0,0.0,0,4,0,1287
2,7,1,0,0,0.5,0.0,0.0,0.0,0.0,2,0,0,0,0.0,0.0,0,4,0,1288
2,1,0,0,0,0.6667,0.0,0.0,0.0,0.0,3,0,0,0,0.0,0.0,0,4,0,1289
1,7,1,0,0,0.8333,0.0,0.0,0.0,0.0,4,0,0,0,0.0,0.0,0,4,0,1290
2,7,1,0,1,1.0,0.0,0.0,0.0,0.0,5,0,0,0,0.0,0.0,0,4,0,1291
3,1,0,1,1,0.1429,0.0,0.0,0.0,0.0,0,0,0,0,0.0,0.0,2,2,0,1292
1,7,1,0,1,0.2857,1.0,1.0,1.0,1.0,1,1,0,1,0.5,1.0,2,2,0,1293
1,7,1,0,0,0.4286,0.5,1.0,1.0,1.0,2,1,0,1,0.5,0.5,2,2,0,1294
2,6,1,0,0,0.5714,0.3333333333333333,1.0,0.6666666666666666,1.0,3,1,0,1,0.5,0.3333333333333333,2,2,0,1295
3,0,0,0,0,0.7143,0.25,1.0,0.5,1.0,4,1,0,1,0.5,0.25,2,2,0,1296
2,6,1,0,1,0.8571,0.2,1.0,0.4,1.0,5,1,0,1,0.5,0.2,2,2,0,1297
3,6,1,1,0,1.0,0.16666666666666666,1.0,0.5,1.0,6,1,0,1,0.5,0.16666666666666666,2,2,0,1298
2,0,0,0,0,0.125,0.0,0.0,0.0,0.0,0,0,0,0,0.0,0.0,3,4,0,1299
3,0,0,0,0,0.25,0.0,0.0,0.0,0.0,1,0,0,0,0.0,0.0,3,4,0,1300
1,2,0,1,0,0.375,0.0,0.0,0.0,0.0,2,0,0,0,0.0,0.0,3,4,0,1301
1,2,0,1,0,0.5,0.3333333333333333,1.0,0.0,0.0,3,1,0,1,0.0,0.3333333333333333,3,4,0,1302
2,2,0,1,1,0.625,0.5,1.0,0.0,0.0,4,2,0,2,0.0,0.5,3,4,0,1303
1,2,0,1,0,0.75,0.6,1.0,0.2,1.0,5,3,0,3,0.5,0.6,3,4,0,1304
1,2,0,0,0,0.875,0.6666666666666666,1.0,0.16666666666666666,1.0,6,4,0,4,0.5,0.6666666666666666,3,4,0,1305
2,6,1,0,0,1.0,0.5714285714285714,1.0,0.14285714285714285,1.0,7,4,0,4,0.5,0.5714285714285714,3,4,0,1306
3,6,1,0,1,0.1667,0.0,0.0,0.0,0.0,0,0,0,0,0.0,0.0,1,4,0,1307
1,0,0,0,0,0.3333,0.0,0.0,1.0,1.0,1,0,0,0,0.5,0.0,1,4,0,1308
1,7,1,0,1,0.5,0.0,0.0,0.5,1.0,2,0,0,0,0.5,0.0,1,4,0,1309
2,2,0,1,0,0.6667,0.0,0.0,0.6666666666666666,1.0,3,0,0,0,0.5,0.0,1,4,0,1310
1,7,1,0,0,0.8333,0.25,1.0,0.5,1.0,4,1,0,1,0.5,0.25,1,4,0,1311
1,6,1,0,0,1.0,0.2,1.0,0.4,1.0,5,1,0,1,0.5,0.2,1,4,0,1312
2,2,0,1,1,0.25,0.0,0.0,0.0,0.0,0,0,0,0,0.0,0.0,3,4,0,1313
3,0,0,0,0,0.5,1.0,1.0,1.0,1.0,1,1,0,1,0.5,1.0,3,4,0,1314
2,2,0,0,0,0.75,0.5,1.0,0.5,1.0,2,1,0,1,0.5,0.5,3,4,0,1315
3,1,0,0,0,1.0,0.3333333333333333,1.0,0.3333333333333333,1.0,3,1,0,1,0.5,0.3333333333333333,3,4,0,1316
2,7,1,1,0,0.125,0.0,0.0,0.0,0.0,0,0,0,0,0.0,0.0,2,3,0,1317
1,6,1,0,0,0.25,1.0,1.0,0.0,0.0,1,1,0,1,0.0,1.0,2,3,0,1318
3,1,0,0,0,0.375,0.5,1.0,0.0,0.0,2,1,0,1,0.0,0.5,2,3,0,1319
2,1,0,0,1,0.5,0.3333333333333333,1.0,0.0,0.0,3,1,0,1,0.0,0.3333333333333333,2,3,0,1320
3,1,0,0,0,0.625,0.25,1.0,0.25,1.0,4,1,0,1,0.5,0.25,2,3,0,1321
2,6,1,0,0,0.75,0.2,1.0,0.2,1.0,5,1,0,1,0.5,0.2,2,3,0,1322
2,2,0,0,0,0.875,0.16666666666666666,1.0,0.16666666666666666,1.0,6,1,0,1,0.5,0.16666666666666666,2,3,0,1323
3,1,0,1,1,1.0,0.14285714285714285,1.0,0.14285714285714285,1.0,7,1,0,1,0.5,0.14285714285714285,2,3,0,1324
1,6,1,0,0,0.1,0.0,0.0,0.0,0.0,0,0,0,0,0.0,0.0,2,3,0,1325
1,2,0,1,0,0.2,0.0,0.0,0.0,0.0,1,0,0,0,0.0,0.0,2,3,0,1326
2,7,1,0,0,0.3,0.5,1.0,0.0,0.0,2,1,0,1,0.0,0.5,2,3,0,1327
1,7,1,0,0,0.4,0.3333333333333333,1.0,0.0,0.0,3,1,0,1,0.0,0.3333333333333333,2,3,0,1328
2,2,0,0,0,0.5,0.25,1.0,0.0,0.0,4,1,0,1,0.0,0.25,2,3,0,1329
1,1,0,0,0,0.6,0.2,1.0,0.0,0.0,5,1,0,1,0.0,0.2,2,3,0,1330
1,0,0,0,1,0.7,0.16666666666666666,1.0,0.0,0.0,6,1,0,1,0.0,0.16666666666666666,2,3,0,1331
3,1,0,1,0,0.8,0.14285714285714285,1.0,0.14285714285714285,1.0,7,1,0,1,0.5,0.14285714285714285,2,3,0,1332
3,2,0,0,0,0.9,0.25,1.0,0.125,1.0,8,2,0,2,0.5,0.25,2,3,0,1333
3,1,0,0,0,1.0,0.2222222222222222,1.0,0.1111111111111111,1.0,9,2,0,2,0.5,0.2222222222222222,2,3,0,1334
2,7,1,0,0,0.1,0.0,0.0,0.0,0.0,0,0,0,0,0.0,0.0,1,3,0,1335
2,1,0,0,0,0.2,0.0,0.0,0.0,0.0,1,0,0,0,0.0,0.0,1,3,0,1336
3,1,0,1,1,0.3,0.0,0.0,0.0,0.0,2,0,0,0,0.0,0.0,1,3,0,1337
1,7,1,1,1,0.4,0.3333333333333333,1.0,0.3333333333333333,1.0,3,1,0,1,0.5,0.3333333333333333,1,3,0,1338
2,0,0,0,0,0.5,0.5,1.0,0.5,1.0,4,2,0,2,0.5,0.5,1,3,0,1339
2,1,0,1,0,0.6,0.4,1.0,0.4,1.0,5,2,0,2,0.5,0.4,1,3,0,1340
1,1,0,0,0,0.7,0.5,1.0,0.3333333333333333,1.0,6,3,0,3,0.5,0.5,1,3,0,1341
2,6,1,0,0,0.8,0.42857142857142855,1.0,0.2857142857142857,1.0,7,3,0,3,0.5,0.42857142857142855,1,3,0,1342
3,7,1,0,0,0.9,0.375,1.0,0.25,1.0,8,3,0,3,0.5,0.375,1,3,0,1343
3,0,0,0,0,1.0,0.3333333333333333,1.0,0.2222222222222222,1.0,9,3,0,3,0.5,0.3333333333333333,1,3,0,1344
3,0,0,0,1,0.1,0.0,0.0,0.0,0.0,0,0,0,0,0.0,0.0,3,2,0,1345
2,0,0,0,1,0.2,0.0,0.0,1.0,1.0,1,0,0,0,0.5,0.0,3,2,0,1346
1,0,0,0,0,0.3,0.0,0.0,1.0,1.0,2,0,0,0,0.5,0.0,3,2,0,1347
1,7,1,0,1,0.4,0.0,0.0,0.6666666666666666,1.0,3,0,0,0,0.5,0.0,3,2,0,1348
1,6,1,0,1,0.5,0.0,0.0,0.75,1.0,4,0,0,0,0.5,0.0,3,2,0,1349
2,2,0,0,0,0.6,0.0,0.0,0.8,1.0,5,0,0,0,0.5,0.0,3,2,0,1350
3,1,0,1,0,0.7,0.0,0.0,0.6666666666666666,1.0,6,0,0,0,0.5,0.0,3,2,0,1351
2,6,1,0,1,0.8,0.14285714285714285,1.0,0.5714285714285714,1.0,7,1,0,1,0.5,0.14285714285714285,3,2,0,1352
2,2,0,1,0,0.9,0.125,1.0,0.625,1.0,8,1,0,1,0.5,0.125,3,2,0,1353
3,0,0,0,0,1.0,0.2222222222222222,1.0,0.5555555555555556,1.0,9,2,0,2,0.5,0.2222222222222222,3,2,0,1354
2,7,1,0,0,0.1111,0.0,0.0,0.0,0.0,0,0,0,0,0.0,0.0,3,4,0,1355
2,0,0,0,0,0.2222,0.0,0.0,0.0,0.0,1,0,0,0,0.0,0.0,3,4,0,1356
3,0,0,1,0,0.3333,0.0,0.0,0.0,0.0,2,0,0,0,0.0,0.0,3,4,0,1357
3,2,0,0,0,0.4444,0.3333333333333333,1.0,0.0,0.0,3,1,0,1,0.0,0.3333333333333333,3,4,0,1358
2,7,1,0,0,0.5556,0.25,1.0,0.0,0.0,4,1,0,1,0.0,0.25,3,4,0,1359
2,7,1,1,1,0.6667,0.2,1.0,0.0,0.0,5,1,0,1,0.0,0.2,3,4,0,1360
2,2,0,0,0,0.7778,0.3333333333333333,1.0,0.16666666666666666,1.0,6,2,0,2,0.5,0.3333333333333333,3,4,0,1361
2,2,0,1,1,0.8889,0.2857142857142857,1.0,0.14285714285714285,1.0,7,2,0,2,0.5,0.2857142857142857,3,4,0,1362
3,6,1,0,0,1.0,0.375,1.0,0.25,1.0,8,3,0,3,0.5,0.375,3,4,0,1363
1,0,0,1,0,0.1111,0.0,0.0,0.0,0.0,0,0,0,0,0.0,0.0,0,4,0,1364
1,7,1,0,0,0.2222,1.0,1.0,0.0,0.0,1,1,0,1,0.0,1.0,0,4,0,1365
3,2,0,0,0,0.3333,0.5,1.0,0.0,0.0,2,1,0,1,0.0,0.5,0,4,0,1366
2,6,1,0,1,0.4444,0.3333333333333333,1.0,0.0,0.0,3,1,0,1,0.0,0.3333333333333333,0,4,0,1367
1,7,1,0,0,0.5556,0.25,1.0,0.25,1.0,4,1,0,1,0.5,0.25,0,4,0,1368
2,0,0,0,0,0.6667,0.2,1.0,0.2,1.0,5,1,0,1,0.5,0.2,0,4,0,1369
1,1,0,1,1,0.7778,0.16666666666666666,1.0,0.16666666666666666,1.0,6,1,0,1,0.5,0.16666666666666666,0,4,0,1370
1,0,0,0,1,0.8889,0.2857142857142857,1.0,0.2857142857142857,1.0,7,2,0,2,0.5,0.2857142857142857,0,4,0,1371
1,7,1,0,0,1.0,0.25,1.0,0.375,1.0,8,2,0,2,0.5,0.25,0,4,0,1372
3,2,0,0,0,0.25,0.0,0.0,0.0,0.0,0,0,0,0,0.0,0.0,3,3,0,1373
1,6,1,1,0,0.5,0.0,0.0,0.0,0.0,1,0,0,0,0.0,0.0,3,3,0,1374
2,0,0,0,1,0.75,0.5,1.0,0.0,0.0,2,1,0,1,0.0,0.5,3,3,0,1375
1,7,1,0,0,1.0,0.3333333333333333,1.0,0.3333333333333333,1.0,3,1,0,1,0.5,0.3333333333333333,3,3,0,1376
2,1,0,1,0,0.25,0.0,0.0,0.0,0.0,0,0,0,0,0.0,0.0,2,3,0,1377
1,1,0,0,0,0.5,1.0,1.0,0.0,0.0,1,1,0,1,0.0,1.0,2,3,0,1378
3,1,0,0,0,0.75,0.5,1.0,0.0,0.0,2,1,0,1,0.0,0.5,2,3,0,1379
2,7,1,0,1,1.0,0.3333333333333333,1.0,0.0,0.0,3,1,0,1,0.0,0.3333333333333333,2,3,0,1380
3,1,0,0,1,0.1429,0.0,0.0,0.0,0.0,0,0,0,0,0.0,0.0,3,3,0,1381
3,2,0,0,0,0.2857,0.0,0.0,1.0,1.0,1,0,0,0,0.5,0.0,3,3,0,1382
2,0,0,0,1,0.4286,0.0,0.0,0.5,1.0,2,0,0,0,0.5,0.0,3,3,0,1383
1,6,1,0,0,0.5714,0.0,0.0,0.6666666666666666,1.0,3,0,0,0,0.5,0.0,3,3,0,1384
3,2,0,0,0,0.7143,0.0,0.0,0.5,1.0,4,0,0,0,0.5,0.0,3,3,0,1385
2,0,0,0,1,0.8571,0.0,0.0,0.4,1.0,5,0,0,0,0.5,0.0,3,3,0,1386
2,2,0,1,1,1.0,0.0,0.0,0.5,1.0,6,0,0,0,0.5,0.0,3,3,0,1387
2,1,0,0,1,0.125,0.0,0.0,0.0,0.0,0,0,0,0,0.0,0.0,3,3,0,1388
3,6,1,0,1,0.25,0.0,0.0,1.0,1.0,1,0,0,0,0.5,0.0,3,3,0,1389
2,6,1,1,0,0.375,0.0,0.0,1.0,1.0,2,0,0,0,0.5,0.0,3,3,0,1390
3,6,1,0,0,0.5,0.3333333333333333,1.0,0.6666666666666666,1.0,3,1,0,1,0.5,0.3333333333333333,3,3,0,1391
3,0,0,1,0,0.625,0.25,1.0,0.5,1.0,4,1,0,1,0.5,0.25,3,3,0,1392
3,2,0,0,0,0.75,0.4,1.0,0.4,1.0,5,2,0,2,0.5,0.4,3,3,0,1393
1,2,0,0,0,0.875,0.3333333333333333,1.0,0.3333333333333333,1.0,6,2,0,2,0.5,0.3333333333333333,3,3,0,1394
1,7,1,0,1,1.0,0.2857142857142857,1.0,0.2857142857142857,1.0,7,2,0,2,0.5,0.2857142857142857,3,3,0,1395
1,6,1,0,1,0.25,0.0,0.0,0.0,0.0,0,0,0,0,0.0,0.0,0,4,0,1396
3,1,0,0,1,0.5,0.0,0.0,1.0,1.0,1,0,0,0,0.5,0.0,0,4,0,1397
1,6,1,0,0,0.75,0.0,0.0,1.0,1.0,2,0,0,0,0.5,0.0,0,4,0,1398
3,7,1,0,1,1.0,0.0,0.0,0.6666666666666666,1.0,3,0,0,0,0.5,0.0,0,4,0,1399
1,2,0,0,0,0.1,0.0,0.0,0.0,0.0,0,0,0,0,0.0,0.0,3,2,0,1400
2,6,1,0,0,0.2,0.0,0.0,0.0,0.0,1,0,0,0,0.0,0.0,3,2,0,1401
3,0,0,0,1,0.3,0.0,0.0,0.0,0.0,2,0,0,0,0.0,0.0,3,2,0,1402
2,7,1,0,0,0.4,0.0,0.0,0.3333333333333333,1.0,3,0,0,0,0.5,0.0,3,2,0,1403
1,2,0,0,1,0.5,0.0,0.0,0.25,1.0,4,0,0,0,0.5,0.0,3,2,0,1404
2,7,1,0,0,0.6,0.0,0.0,0.4,1.0,5,0,0,0,0.5,0.0,3,2,0,1405
1,1,0,0,0,0.7,0.0,0.0,0.3333333333333333,1.0,6,0,0,0,0.5,0.0,3,2,0,1406
2,2,0,0,0,0.8,0.0,0.0,0.2857142857142857,1.0,7,0,0,0,0.5,0.0,3,2,0,1407
3,1,0,0,0,0.9,0.0,0.0,0.25,1.0,8,0,0,0,0.5,0.0,3,2,0,1408
3,0,0,1,1,1.0,0.0,0.0,0.2222222222222222,1.0,9,0,0,0,0.5,0.0,3,2,0,1409
3,0,0,0,0,0.125,0.0,0.0,0.0,0.0,0,0,0,0,0.0,0.0,1,2,0,1410
1,6,1,0,0,0.25,0.0,0.0,0.0,0.0,1,0,0,0,0.0,0.0,1,2,0,1411
2,6,1,0,0,0.375,0.0,0.0,0.0,0.0,2,0,0,0,0.0,0.0,1,2,0,1412
1,7,1,0,0,0.5,0.0,0.0,0.0,0.0,3,0,0,0,0.0,0.0,1,2,0,1413
3,2,0,1,1,0.625,0.0,0.0,0.0,0.0,4,0,0,0,0.0,0.0,1,2,0,1414
2,1,0,0,0,0.75,0.2,1.0,0.2,1.0,5,1,0,1,0.5,0.2,1,2,0,1415
3,2,0,0,0,0.875,0.16666666666666666,1.0,0.16666666666666666,1.0,6,1,0,1,0.5,0.16666666666666666,1,2,0,1416
3,7,1,0,0,1.0,0.14285714285714285,1.0,0.14285714285714285,1.0,7,1,0,1,0.5,0.14285714285714285,1,2,0,1417
2,2,0,0,0,0.2,0.0,0.0,0.0,0.0,0,0,0,0,0.0,0.0,1,4,0,1418
3,0,0,0,1,0.4,0.0,0.0,0.0,0.0,1,0,0,0,0.0,0.0,1,4,0,1419
1,6,1,0,0,0.6,0.0,0.0,0.5,1.0,2,0,0,0,0.5,0.0,1,4,0,1420
2,1,0,1,0,0.8,0.0,0.0,0.3333333333333333,1.0,3,0,0,0,0.5,0.0,1,4,0,1421
2,7,1,0,0,1.0,0.25,1.0,0.25,1.0,4,1,0,1,0.5,0.25,1,4,0,1422
3,1,0,1,0,0.25,0.0,0.0,0.0,0.0,0,0,0,0,0.0,0.0,0,3,0,1423
2,1,0,1,0,0.5,1.0,1.0,0.0,0.0,1,1,0,1,0.0,1.0,0,3,0,1424
2,7,1,0,0,0.75,1.0,1.0,0.0,0.0,2,2,0,2,0.0,1.0,0,3,0,1425
3,1,0,0,0,1.0,0.6666666666666666,1.0,0.0,0.0,3,2,0,2,0.0,0.6666666666666666,0,3,0,1426
3,2,0,1,0,0.2,0.0,0.0,0.0,0.0,0,0,0,0,0.0,0.0,2,4,0,1427
3,2,0,0,0,0.4,1.0,1.0,0.0,0.0,1,1,0,1,0.0,1.0,2,4,0,1428
3,7,1,0,0,0.6,0.5,1.0,0.0,0.0,2,1,0,1,0.0,0.5,2,4,0,1429
2,6,1,0,1,0.8,0.3333333333333333,1.0,0.0,0.0,3,1,0,1,0.0,0.3333333333333333,2,4,0,1430
1,0,0,0,0,1.0,0.25,1.0,0.25,1.0,4,1,0,1,0.5,0.25,2,4,0,1431
3,6,1,0,1,0.1429,0.0,0.0,0.0,0.0,0,0,0,0,0.0,0.0,0,2,0,1432
3,1,0,1,1,0.2857,0.0,0.0,1.0,1.0,1,0,0,0,0.5,0.0,0,2,0,1433
3,1,0,0,0,0.4286,0.5,1.0,1.0,1.0,2,1,0,1,0.5,0.5,0,2,0,1434
3,2,0,0,1,0.5714,0.3333333333333333,1.0,0.6666666666666666,1.0,3,1,0,1,0.5,0.3333333333333333,0,2,0,1435
2,1,0,0,0,0.7143,0.25,1.0,0.75,1.0,4,1,0,1,0.5,0.25,0,2,0,1436
2,1,0,0,0,0.8571,0.2,1.0,0.6,1.0,5,1,0,1,0.5,0.2,0,2,0,1437
3,7,1,0,1,1.0,0.16666666666666666,1.0,0.5,1.0,6,1,0,1,0.5,0.16666666666666666,0,2,0,1438
3,1,0,0,0,0.1,0.0,0.0,0.0,0.0,0,0,0,0,0.0,0.0,0,2,0,1439
2,7,1,0,0,0.2,0.0,0.0,0.0,0.0,1,0,0,0,0.0,0.0,0,2,0,1440
2,6,1,0,0,0.3,0.0,0.0,0.0,0.0,2,0,0,0,0.0,0.0,0,2,0,1441
3,6,1,0,0,0.4,0.0,0.0,0.0,0.0,3,0,0,0,0.0,0.0,0,2,0,1442
2,0,0,0,0,0.5,0.0,0.0,0.0,0.0,4,0,0,0,0.0,0.0,0,2,0,1443
2,6,1,0,0,0.6,0.0,0.0,0.0,0.0,5,0,0,0,0.0,0.0,0,2,0,1444
3,1,0,0,0,0.7,0.0,0.0,0.0,0.0,6,0,0,0,0.0,0.0,0,2,0,1445
2,1,0,0,1,0.8,0.0,0.0,0.0,0.0,7,0,0,0,0.0,0.0,0,2,0,1446
3,6,1,0,1,0.9,0.0,0.0,0.125,1.0,8,0,0,0,0.5,0.0,0,2,0,1447
1,6,1,1,1,1.0,0.0,0.0,0.2222222222222222,1.0,9,0,0,0,0.5,0.0,0,2,0,1448
3,6,1,0,0,0.1111,0.0,0.0,0.0,0.0,0,0,0,0,0.0,0.0,3,3,0,1449
1,6,1,0,0,0.2222,0.0,0.0,0.0,0.0,1,0,0,0,0.0,0.0,3,3,0,1450
1,1,0,0,0,0.3333,0.0,0.0,0.0,0.0,2,0,0,0,0.0,0.0,3,3,0,1451
3,1,0,0,0,0.4444,0.0,0.0,0.0,0.0,3,0,0,0,0.0,0.0,3,3,0,1452
2,0,0,1,0,0.5556,0.0,0.0,0.0,0.0,4,0,0,0,0.0,0.0,3,3,0,1453
3,7,1,0,0,0.6667,0.2,1.0,0.0,0.0,5,1,0,1,0.0,0.2,3,3,0,1454
3,2,0,0,0,0.7778,0.16666666666666666,1.0,0.0,0.0,6,1,0,1,0.0,0.16666666666666666,3,3,0,1455
3,0,0,0,1,0.8889,0.14285714285714285,1.0,0.0,0.0,7,1,0,1,0.0,0.14285714285714285,3,3,0,1456
3,7,1,0,1,1.0,0.125,1.0,0.125,1.0,8,1,0,1,0.5,0.125,3,3,0,1457
1,6,1,1,0,0.1667,0.0,0.0,0.0,0.0,0,0,0,0,0.0,0.0,2,4,0,1458
3,2,0,0,0,0.3333,1.0,1.0,0.0,0.0,1,1,0,1,0.0,1.0,2,4,0,1459
3,1,0,0,0,0.5,0.5,1.0,0.0,0.0,2,1,0,1,0.0,0.5,2,4,0,1460
3,6,1,1,0,0.6667,0.3333333333333333,1.0,0.0,0.0,3,1,0,1,0.0,0.3333333333333333,2,4,0,1461
3,6,1,0,0,0.8333,0.5,1.0,0.0,0.0,4,2,0,2,0.0,0.5,2,4,0,1462
3,1,0,0,0,1.0,0.4,1.0,0.0,0.0,5,2,0,2,0.0,0.4,2,4,0,1463
2,2,0,0,1,0.1111,0.0,0.0,0.0,0.0,0,0,0,0,0.0,0.0,0,2,0,1464
2,7,1,0,1,0.2222,0.0,0.0,1.0,1.0,1,0,0,0,0.5,0.0,0,2,0,1465
1,2,0,0,0,0.3333,0.0,0.0,1.0,1.0,2,0,0,0,0.5,0.0,0,2,0,1466
3,6,1,0,0,0.4444,0.0,0.0,0.6666666666666666,1.0,3,0,0,0,0.5,0.0,0,2,0,1467
1,0,0,0,0,0.5556,0.0,0.0,0.5,1.0,4,0,0,0,0.5,0.0,0,2,0,1468
2,6,1,0,0,0.6667,0.0,0.0,0.4,1.0,5,0,0,0,0.5,0.0,0,2,0,1469
1,2,0,0,0,0.7778,0.0,0.0,0.3333333333333333,1.0,6,0,0,0,0.5,0.0,0,2,0,1470
3,0,0,0,0,0.8889,0.0,0.0,0.2857142857142857,1.0,7,0,0,0,0.5,0.0,0,2,0,1471
2,7,1,1,1,1.0,0.0,0.0,0.25,1.0,8,0,0,0,0.5,0.0,0,2,0,1472
3,7,1,0,0,0.1,0.0,0.0,0.0,0.0,0,0,0,0,0.0,0.0,0,4,0,1473
2,1,0,0,0,0.2,0.0,0.0,0.0,0.0,1,0,0,0,0.0,0.0,0,4,0,1474
1,7,1,0,1,0.3,0.0,0.0,0.0,0.0,2,0,0,0,0.0,0.0,0,4,0,1475
2,0,0,0,1,0.4,0.0,0.0,0.3333333333333333,1.0,3,0,0,0,0.5,0.0,0,4,0,1476
1,2,0,0,0,0.5,0.0,0.0,0.5,1.0,4,0,0,0,0.5,0.0,0,4,0,1477
1,1,0,0,0,0.6,0.0,0.0,0.4,1.0,5,0,0,0,0.5,0.0,0,4,0,1478
1,7,1,1,1,0.7,0.0,0.0,0.3333333333333333,1.0,6,0,0,0,0.5,0.0,0,4,0,1479
1,1,0,0,0,0.8,0.14285714285714285,1.0,0.42857142857142855,1.0,7,1,0,1,0.5,0.14285714285714285,0,4,0,1480
3,6,1,1,0,0.9,0.125,1.0,0.375,1.0,8,1,0,1,0.5,0.125,0,4,0,1481
3,1,0,1,0,1.0,0.2222222222222222,1.0,0.3333333333333333,1.0,9,2,0,2,0.5,0.2222222222222222,0,4,0,1482
2,0,0,0,0,0.125,0.0,0.0,0.0,0.0,0,0,0,0,0.0,0.0,1,2,0,1483
1,6,1,1,1,0.25,0.0,0.0,0.0,0.0,1,0,0,0,0.0,0.0,1,2,0,1484
1,6,1,0,1,0.375,0.5,1.0,0.5,1.0,2,1,0,1,0.5,0.5,1,2,0,1485
2,0,0,0,0,0.5,0.3333333333333333,1.0,0.6666666666666666,1.0,3,1,0,1,0.5,0.3333333333333333,1,2,0,1486
2,0,0,0,0,0.625,0.25,1.0,0.5,1.0,4,1,0,1,0.5,0.25,1,2,0,1487
1,2,0,1,0,0.75,0.2,1.0,0.4,1.0,5,1,0,1,0.5,0.2,1,2,0,1488
1,7,1,1,0,0.875,0.3333333333333333,1.0,0.3333333333333333,1.0,6,2,0,2,0.5,0.3333333333333333,1,2,0,1489
2,7,1,0,1,1.0,0.42857142857142855,1.0,0.2857142857142857,1.0,7,3,0,3,0.5,0.42857142857142855,1,2,0,1490
3,6,1,0,1,0.1667,0.0,0.0,0.0,0.0,0,0,0,0,0.0,0.0,3,4,0,1491
2,0,0,0,0,0.3333,0.0,0.0,1.0,1.0,1,0,0,0,0.5,0.0,3,4,0,1492
3,1,0,0,1,0.5,0.0,0.0,0.5,1.0,2,0,0,0,0.5,0.0,3,4,0,1493
2,7,1,0,0,0.6667,0.0,0.0,0.6666666666666666,1.0,3,0,0,0,0.5,0.0,3,4,0,1494
2,2,0,1,0,0.8333,0.0,0.0,0.5,1.0,4,0,0,0,0.5,0.0,3,4,0,1495
2,0,0,0,0,1.0,0.2,1.0,0.4,1.0,5,1,0,1,0.5,0.2,3,4,0,1496
3,0,0,0,0,0.25,0.0,0.0,0.0,0.0,0,0,0,0,0.0,0.0,2,2,0,1497
1,1,0,0,1,0.5,0.0,0.0,0.0,0.0,1,0,0,0,0.0,0.0,2,2,0,1498
1,2,0,0,0,0.75,0.0,0.0,0.5,1.0,2,0,0,0,0.5,0.0,2,2,0,1499
2,6,1,0,0,1.0,0.0,0.0,0.3333333333333333,1.0,3,0,0,0,0.5,0.0,2,2,0,1500
2,0,0,1,0,0.1111,0.0,0.0,0.0,0.0,0,0,0,0,0.0,0.0,1,4,0,1501
1,6,1,0,0,0.2222,1.0,1.0,0.0,0.0,1,1,0,1,0.0,1.0,1,4,0,1502
3,6,1,0,0,0.3333,0.5,1.0,0.0,0.0,2,1,0,1,0.0,0.5,1,4,0,1503
2,6,1,0,0,0.4444,0.3333333333333333,1.0,0.0,0.0,3,1,0,1,0.0,0.3333333333333333,1,4,0,1504
1,0,0,0,0,0.5556,0.25,1.0,0.0,0.0,4,1,0,1,0.0,0.25,1,4,0,1505
3,6,1,0,0,0.6667,0.2,1.0,0.0,0.0,5,1,0,1,0.0,0.2,1,4,0,1506
1,0,0,0,0,0.7778,0.16666666666666666,1.0,0.0,0.0,6,1,0,1,0.0,0.16666666666666666,1,4,0,1507
1,7,1,0,0,0.8889,0.14285714285714285,1.0,0.0,0.0,7,1,0,1,0.0,0.14285714285714285,1,4,0,1508
3,7,1,1,1,1.0,0.125,1.0,0.0,0.0,8,1,0,1,0.0,0.125,1,4,0,1509
3,2,0,0,0,0.2,0.0,0.0,0.0,0.0,0,0,0,0,0.0,0.0,2,2,0,1510
2,2,0,0,1,0.4,0.0,0.0,0.0,0.0,1,0,0,0,0.0,0.0,2,2,0,1511
1,7,1,0,0,0.6,0.0,0.0,0.5,1.0,2,0,0,0,0.5,0.0,2,2,0,1512
2,7,1,1,0,0.8,0.0,0.0,0.3333333333333333,1.0,3,0,0,0,0.5,0.0,2,2,0,1513
3,7,1,1,0,1.0,0.25,1.0,0.25,1.0,4,1,0,1,0.5,0.25,2,2,0,1514
1,6,1,0,0,0.1429,0.0,0.0,0.0,0.0,0,0,0,0,0.0,0.0,1,3,0,1515
3,1,0,0,0,0.2857,0.0,0.0,0.0,0.0,1,0,0,0,0.0,0.0,1,3,0,1516
3,0,0,0,0,0.4286,0.0,0.0,0.0,0.0,2,0,0,0,0.0,0.0,1,3,0,1517
2,0,0,0,1,0.5714,0.0,0.0,0.0,0.0,3,0,0,0,0.0,0.0,1,3,0,1518
3,1,0,0,0,0.7143,0.0,0.0,0.25,1.0,4,0,0,0,0.5,0.0,1,3,0,1519
3,6,1,1,0,0.8571,0.0,0.0,0.2,1.0,5,0,0,0,0.5,0.0,1,3,0,1520
3,1,0,0,0,1.0,0.16666666666666666,1.0,0.16666666666666666,1.0,6,1,0,1,0.5,0.16666666666666666,1,3,0,1521
3,0,0,1,0,0.25,0.0,0.0,0.0,0.0,0,0,0,0,0.0,0.0,0,3,0,1522
2,2,0,0,0,0.5,1.0,1.0,0.0,0.0,1,1,0,1,0.0,1.0,0,3,0,1523
2,0,0,0,0,0.75,0.5,1.0,0.0,0.0,2,1,0,1,0.0,0.5,0,3,0,1524
2,7,1,0,0,1.0,0.3333333333333333,1.0,0.0,0.0,3,1,0,1,0.0,0.3333333333333333,0,3,0,1525
2,7,1,0,0,0.2,0.0,0.0,0.0,0.0,0,0,0,0,0.0,0.0,1,2,0,1526
2,0,0,1,0,0.4,0.0,0.0,0.0,0.0,1,0,0,0,0.0,0.0,1,2,0,1527
2,0,0,0,0,0.6,0.5,1.0,0.0,0.0,2,1,0,1,0.0,0.5,1,2,0,1528
1,2,0,0,0,0.8,0.3333333333333333,1.0,0.0,0.0,3,1,0,1,0.0,0.3333333333333333,1,2,0,1529
1,6,1,0,1,1.0,0.25,1.0,0.0,0.0,4,1,0,1,0.0,0.25,1,2,0,1530
1,6,1,1,0,0.25,0.0,0.0,0.0,0.0,0,0,0,0,0.0,0.0,2,2,0,1531
2,6,1,1,1,0.5,1.0,1.0,0.0,0.0,1,1,0,1,0.0,1.0,2,2,0,1532
3,7,1,0,1,0.75,1.0,1.0,0.5,1.0,2,2,0,2,0.5,1.0,2,2,0,1533
2,1,0,0,0,1.0,0.6666666666666666,1.0,0.6666666666666666,1.0,3,2,0,2,0.5,0.6666666666666666,2,2,0,1534
3,0,0,0,0,0.1111,0.0,0.0,0.0,0.0,0,0,0,0,0.0,0.0,0,2,0,1535
2,6,1,0,0,0.2222,0.0,0.0,0.0,0.0,1,0,0,0,0.0,0.0,0,2,0,1536
2,7,1,0,0,0.3333,0.0,0.0,0.0,0.0,2,0,0,0,0.0,0.0,0,2,0,1537
2,1,0,0,1,0.4444,0.0,0.0,0.0,0.0,3,0,0,0,0.0,0.0,0,2,0,1538
2,6,1,1,1,0.5556,0.0,0.0,0.25,1.0,4,0,0,0,0.5,0.0,0,2,0,1539
3,0,0,0,0,0.6667,0.2,1.0,0.4,1.0,5,1,0,1,0.5,0.2,0,2,0,1540
3,0,0,0,0,0.7778,0.16666666666666666,1.0,0.3333333333333333,1.0,6,1,0,1,0.5,0.16666666666666666,0,2,0,1541
2,0,0,0,0,0.8889,0.14285714285714285,1.0,0.2857142857142857,1.0,7,1,0,1,0.5,0.14285714285714285,0,2,0,1542
3,1,0,0,0,1.0,0.125,1.0,0.25,1.0,8,1,0,1,0.5,0.125,0,2,0,1543
1,6,1,0,0,0.2,0.0,0.0,0.0,0.0,0,0,0,0,0.0,0.0,1,3,0,1544
2,6,1,0,1,0.4,0.0,0.0,0.0,0.0,1,0,0,0,0.0,0.0,1,3,0,1545
1,0,0,0,0,0.6,0.0,0.0,0.5,1.0,2,0,0,0,0.5,0.0,1,3,0,1546
2,1,0,1,1,0.8,0.0,0.0,0.3333333333333333,1.0,3,0,0,0,0.5,0.0,1,3,0,1547
2,0,0,0,0,1.0,0.25,1.0,0.5,1.0,4,1,0,1,0.5,0.25,1,3,0,1548
1,2,0,0,0,0.125,0.0,0.0,0.0,0.0,0,0,0,0,0.0,0.0,0,3,0,1549
2,6,1,0,0,0.25,0.0,0.0,0.0,0.0,1,0,0,0,0.0,0.0,0,3,0,1550
1,0,0,0,0,0.375,0.0,0.0,0.0,0.0,2,0,0,0,0.0,0.0,0,3,0,1551
1,0,0,0,1,0.5,0.0,0.0,0.0,0.0,3,0,0,0,0.0,0.0,0,3,0,1552
3,2,0,1,0,0.625,0.0,0.0,0.25,1.0,4,0,0,0,0.5,0.0,0,3,0,1553
2,7,1,1,0,0.75,0.2,1.0,0.2,1.0,5,1,0,1,0.5,0.2,0,3,0,1554
1,7,1,0,1,0.875,0.3333333333333333,1.0,0.16666666666666666,1.0,6,2,0,2,0.5,0.3333333333333333,0,3,0,1555
1,0,0,0,0,1.0,0.2857142857142857,1.0,0.2857142857142857,1.0,7,2,0,2,0.5,0.2857142857142857,0,3,0,1556
2,6,1,0,0,0.1,0.0,0.0,0.0,0.0,0,0,0,0,0.0,0.0,0,3,0,1557
2,1,0,0,1,0.2,0.0,0.0,0.0,0.0,1,0,0,0,0.0,0.0,0,3,0,1558
2,2,0,0,0,0.3,0.0,0.0,0.5,1.0,2,0,0,0,0.5,0.0,0,3,0,1559
1,7,1,0,0,0.4,0.0,0.0,0.3333333333333333,1.0,3,0,0,0,0.5,0.0,0,3,0,1560
1,0,0,0,0,0.5,0.0,0.0,0.25,1.0,4,0,0,0,0.5,0.0,0,3,0,1561
1,6,1,0,1,0.6,0.0,0.0,0.2,1.0,5,0,0,0,0.5,0.0,0,3,0,1562
2,0,0,0,1,0.7,0.0,0.0,0.3333333333333333,1.0,6,0,0,0,0.5,0.0,0,3,0,1563
3,6,1,0,0,0.8,0.0,0.0,0.42857142857142855,1.0,7,0,0,0,0.5,0.0,0,3,0,1564
1,1,0,0,0,0.9,0.0,0.0,0.375,1.0,8,0,0,0,0.5,0.0,0,3,0,1565
1,7,1,0,0,1.0,0.0,0.0,0.3333333333333333,1.0,9,0,0,0,0.5,0.0,0,3,0,1566
2,1,0,0,0,0.1111,0.0,0.0,0.0,0.0,0,0,0,0,0.0,0.0,0,2,0,1567
2,6,1,0,0,0.2222,0.0,0.0,0.0,0.0,1,0,0,0,0.0,0.0,0,2,0,1568
2,1,0,1,1,0.3333,0.0,0.0,0.0,0.0,2,0,0,0,0.0,0.0,0,2,0,1569
1,1,0,1,1,0.4444,0.3333333333333333,1.0,0.3333333333333333,1.0,3,1,0,1,0.5,0.3333333333333333,0,2,0,1570
1,7,1,0,0,0.5556,0.5,1.0,0.5,1.0,4,2,0,2,0.5,0.5,0,2,0,1571
2,0,0,1,0,0.6667,0.4,1.0,0.4,1.0,5,2,0,2,0.5,0.4,0,2,0,1572
1,2,0,0,1,0.7778,0.5,1.0,0.3333333333333333,1.0,6,3,0,3,0.5,0.5,0,2,0,1573
3,0,0,0,0,0.8889,0.42857142857142855,1.0,0.42857142857142855,1.0,7,3,0,3,0.5,0.42857142857142855,0,2,0,1574
3,6,1,1,0,1.0,0.375,1.0,0.375,1.0,8,3,0,3,0.5,0.375,0,2,0,1575
2,2,0,0,1,0.1,0.0,0.0,0.0,0.0,0,0,0,0,0.0,0.0,2,2,0,1576
3,0,0,0,0,0.2,0.0,0.0,1.0,1.0,1,0,0,0,0.5,0.0,2,2,0,1577
3,6,1,0,0,0.3,0.0,0.0,0.5,1.0,2,0,0,0,0.5,0.0,2,2,0,1578
3,7,1,0,0,0.4,0.0,0.0,0.3333333333333333,1.0,3,0,0,0,0.5,0.0,2,2,0,1579
1,1,0,1,0,0.5,0.0,0.0,0.25,1.0,4,0,0,0,0.5,0.0,2,2,0,1580
1,2,0,0,0,0.6,0.2,1.0,0.2,1.0,5,1,0,1,0.5,0.2,2,2,0,1581
2,6,1,0,0,0.7,0.16666666666666666,1.0,0.16666666666666666,1.0,6,1,0,1,0.5,0.16666666666666666,2,2,0,1582
3,2,0,0,0,0.8,0.14285714285714285,1.0,0.14285714285714285,1.0,7,1,0,1,0.5,0.14285714285714285,2,2,0,1583
1,6,1,0,0,0.9,0.125,1.0,0.125,1.0,8,1,0,1,0.5,0.125,2,2,0,1584
1,7,1,0,1,1.0,0.1111111111111111,1.0,0.1111111111111111,1.0,9,1,0,1,0.5,0.1111111111111111,2,2,0,1585
3,0,0,0,0,0.2,0.0,0.0,0.0,0.0,0,0,0,0,0.0,0.0,1,4,0,1586
1,6,1,1,0,0.4,0.0,0.0,0.0,0.0,1,0,0,0,0.0,0.0,1,4,0,1587
3,7,1,0,1,0.6,0.5,1.0,0.0,0.0,2,1,0,1,0.0,0.5,1,4,0,1588
1,2,0,0,0,0.8,0.3333333333333333,1.0,0.3333333333333333,1.0,3,1,0,1,0.5,0.3333333333333333,1,4,0,1589
2,1,0,0,1,1.0,0.25,1.0,0.25,1.0,4,1,0,1,0.5,0.25,1,4,0,1590
2,7,1,0,1,0.1,0.0,0.0,0.0,0.0,0,0,0,0,0.0,0.0,0,2,0,1591
2,7,1,0,1,0.2,0.0,0.0,1.0,1.0,1,0,0,0,0.5,0.0,0,2,0,1592
3,1,0,0,0,0.3,0.0,0.0,1.0,1.0,2,0,0,0,0.5,0.0,0,2,0,1593
3,2,0,0,0,0.4,0.0,0.0,0.6666666666666666,1.0,3,0,0,0,0.5,0.0,0,2,0,1594
3,0,0,0,1,0.5,0.0,0.0,0.5,1.0,4,0,0,0,0.5,0.0,0,2,0,1595
2,2,0,0,1,0.6,0.0,0.0,0.6,1.0,5,0,0,0,0.5,0.0,0,2,0,1596
3,6,1,0,1,0.7,0.0,0.0,0.6666666666666666,1.0,6,0,0,0,0.5,0.0,0,2,0,1597
1,2,0,1,0,0.8,0.0,0.0,0.7142857142857143,1.0,7,0,0,0,0.5,0.0,0,2,0,1598
3,6,1,0,0,0.9,0.125,1.0,0.625,1.0,8,1,0,1,0.5,0.125,0,2,0,1599
3,7,1,0,0,1.0,0.1111111111111111,1.0,0.5555555555555556,1.0,9,1,0,1,0.5,0.1111111111111111,0,2,0,1600
3,7,1,1,0,0.1111,0.0,0.0,0.0,0.0,0,0,0,0,0.0,0.0,1,4,0,1601
2,2,0,0,0,0.2222,1.0,1.0,0.0,0.0,1,1,0,1,0.0,1.0,1,4,0,1602
2,2,0,1,1,0.3333,0.5,1.0,0.0,0.0,2,1,0,1,0.0,0.5,1,4,0,1603
2,1,0,0,1,0.4444,0.6666666666666666,1.0,0.3333333333333333,1.0,3,2,0,2,0.5,0.6666666666666666,1,4,0,1604
3,0,0,0,0,0.5556,0.5,1.0,0.5,1.0,4,2,0,2,0.5,0.5,1,4,0,1605
3,2,0,0,0,0.6667,0.4,1.0,0.4,1.0,5,2,0,2,0.5,0.4,1,4,0,1606
1,0,0,0,0,0.7778,0.3333333333333333,1.0,0.3333333333333333,1.0,6,2,0,2,0.5,0.3333333333333333,1,4,0,1607
2,7,1,1,0,0.8889,0.2857142857142857,1.0,0.2857142857142857,1.0,7,2,0,2,0.5,0.2857142857142857,1,4,0,1608
3,7,1,0,0,1.0,0.375,1.0,0.25,1.0,8,3,0,3,0.5,0.375,1,4,0,1609
1,0,0,1,1,0.1667,0.0,0.0,0.0,0.0,0,0,0,0,0.0,0.0,1,4,0,1610
1,0,0,0,0,0.3333,1.0,1.0,1.0,1.0,1,1,0,1,0.5,1.0,1,4,0,1611
2,7,1,0,0,0.5,0.5,1.0,0.5,1.0,2,1,0,1,0.5,0.5,1,4,0,1612
3,6,1,1,0,0.6667,0.3333333333333333,1.0,0.3333333333333333,1.0,3,1,0,1,0.5,0.3333333333333333,1,4,0,1613
3,7,1,0,1,0.8333,0.5,1.0,0.25,1.0,4,2,0,2,0.5,0.5,1,4,0,1614
2,6,1,0,1,1.0,0.4,1.0,0.4,1.0,5,2,0,2,0.5,0.4,1,4,0,1615
1,0,0,0,0,0.1667,0.0,0.0,0.0,0.0,0,0,0,0,0.0,0.0,2,3,0,1616
1,0,0,0,0,0.3333,0.0,0.0,0.0,0.0,1,0,0,0,0.0,0.0,2,3,0,1617
2,7,1,0,0,0.5,0.0,0.0,0.0,0.0,2,0,0,0,0.0,0.0,2,3,0,1618
2,0,0,1,1,0.6667,0.0,0.0,0.0,0.0,3,0,0,0,0.0,0.0,2,3,0,1619
1,0,0,0,1,0.8333,0.25,1.0,0.25,1.0,4,1,0,1,0.5,0.25,2,3,0,1620
1,6,1,0,1,1.0,0.2,1.0,0.4,1.0,5,1,0,1,0.5,0.2,2,3,0,1621
2,0,0,0,0,0.2,0.0,0.0,0.0,0.0,0,0,0,0,0.0,0.0,1,2,0,1622
2,2,0,0,0,0.4,0.0,0.0,0.0,0.0,1,0,0,0,0.0,0.0,1,2,0,1623
3,6,1,1,0,0.6,0.0,0.0,0.0,0.0,2,0,0,0,0.0,0.0,1,2,0,1624
1,7,1,0,0,0.8,0.3333333333333333,1.0,0.0,0.0,3,1,0,1,0.0,0.3333333333333333,1,2,0,1625
1,0,0,0,0,1.0,0.25,1.0,0.0,0.0,4,1,0,1,0.0,0.25,1,2,0,1626
1,2,0,0,0,0.1667,0.0,0.0,0.0,0.0,0,0,0,0,0.0,0.0,3,4,0,1627
1,0,0,1,0,0.3333,0.0,0.0,0.0,0.0,1,0,0,0,0.0,0.0,3,4,0,1628
1,1,0,1,0,0.5,0.5,1.0,0.0,0.0,2,1,0,1,0.0,0.5,3,4,0,1629
3,0,0,0,1,0.6667,0.6666666666666666,1.0,0.0,0.0,3,2,0,2,0.0,0.6666666666666666,3,4,0,1630
2,6,1,0,0,0.8333,0.5,1.0,0.25,1.0,4,2,0,2,0.5,0.5,3,4,0,1631
3,6,1,1,0,1.0,0.4,1.0,0.2,1.0,5,2,0,2,0.5,0.4,3,4,0,1632
1,7,1,0,0,0.25,0.0,0.0,0.0,0.0,0,0,0,0,0.0,0.0,3,4,0,1633
2,6,1,0,0,0.5,0.0,0.0,0.0,0.0,1,0,0,0,0.0,0.0,3,4,0,1634
2,0,0,0,1,0.75,0.0,0.0,0.0,0.0,2,0,0,0,0.0,0.0,3,4,0,1635
2,1,0,0,1,1.0,0.0,0.0,0.3333333333333333,1.0,3,0,0,0,0.5,0.0,3,4,0,1636
2,2,0,0,0,0.2,0.0,0.0,0.0,0.0,0,0,0,0,0.0,0.0,0,3,0,1637
1,0,0,1,0,0.4,0.0,0.0,0.0,0.0,1,0,0,0,0.0,0.0,0,3,0,1638
2,0,0,1,1,0.6,0.5,1.0,0.0,0.0,2,1,0,1,0.0,0.5,0,3,0,1639
3,0,0,1,1,0.8,0.6666666666666666,1.0,0.3333333333333333,1.0,3,2,0,2,0.5,0.6666666666666666,0,3,0,1640
2,6,1,0,1,1.0,0.75,1.0,0.5,1.0,4,3,0,3,0.5,0.75,0,3,0,1641
3,1,0,0,0,0.1111,0.0,0.0,0.0,0.0,0,0,0,0,0.0,0.0,0,4,0,1642
1,2,0,0,1,0.2222,0.0,0.0,0.0,0.0,1,0,0,0,0.0,0.0,0,4,0,1643
2,2,0,1,1,0.3333,0.0,0.0,0.5,1.0,2,0,0,0,0.5,0.0,0,4,0,1644
2,1,0,0,1,0.4444,0.3333333333333333,1.0,0.6666666666666666,1.0,3,1,0,1,0.5,0.3333333333333333,0,4,0,1645
3,6,1,1,0,0.5556,0.25,1.0,0.75,1.0,4,1,0,1,0.5,0.25,0,4,0,1646
1,2,0,1,0,0.6667,0.4,1.0,0.6,1.0,5,2,0,2,0.5,0.4,0,4,0,1647
2,2,0,0,0,0.7778,0.5,1.0,0.5,1.0,6,3,0,3,0.5,0.5,0,4,0,1648
1,2,0,0,1,0.8889,0.42857142857142855,1.0,0.42857142857142855,1.0,7,3,0,3,0.5,0.42857142857142855,0,4,0,1649
3,7,1,1,0,1.0,0.375,1.0,0.5,1.0,8,3,0,3,0.5,0.375,0,4,0,1650
3,2,0,1,0,0.1667,0.0,0.0,0.0,0.0,0,0,0,0,0.0,0.0,2,2,0,1651
3,7,1,0,0,0.3333,1.0,1.0,0.0,0.0,1,1,0,1,0.0,1.0,2,2,0,1652
2,1,0,0,1,0.5,0.5,1.0,0.0,0.0,2,1,0,1,0.0,0.5,2,2,0,1653
1,0,0,0,0,0.6667,0.3333333333333333,1.0,0.3333333333333333,1.0,3,1,0,1,0.5,0.3333333333333333,2,2,0,1654
2,6,1,0,0,0.8333,0.25,1.0,0.25,1.0,4,1,0,1,0.5,0.25,2,2,0,1655
1,7,1,0,1,1.0,0.2,1.0,0.2,1.0,5,1,0,1,0.5,0.2,2,2,0,1656
1,2,0,0,0,0.1667,0.0,0.0,0.0,0.0,0,0,0,0,0.0,0.0,2,3,0,1657
1,2,0,0,0,0.3333,0.0,0.0,0.0,0.0,1,0,0,0,0.0,0.0,2,3,0,1658
1,7,1,0,0,0.5,0.0,0.0,0.0,0.0,2,0,0,0,0.0,0.0,2,3,0,1659
3,6,1,0,0,0.6667,0.0,0.0,0.0,0.0,3,0,0,0,0.0,0.0,2,3,0,1660
1,6,1,0,0,0.8333,0.0,0.0,0.0,0.0,4,0,0,0,0.0,0.0,2,3,0,1661
2,2,0,1,0,1.0,0.0,0.0,0.0,0.0,5,0,0,0,0.0,0.0,2,3,0,1662
2,7,1,0,0,0.1,0.0,0.0,0.0,0.0,0,0,0,0,0.0,0.0,3,2,0,1663
3,2,0,0,1,0.2,0.0,0.0,0.0,0.0,1,0,0,0,0.0,0.0,3,2,0,1664
1,6,1,0,0,0.3,0.0,0.0,0.5,1.0,2,0,0,0,0.5,0.0,3,2,0,1665
3,2,0,0,0,0.4,0.0,0.0,0.3333333333333333,1.0,3,0,0,0,0.5,0.0,3,2,0,1666
3,0,0,0,0,0.5,0.0,0.0,0.25,1.0,4,0,0,0,0.5,0.0,3,2,0,1667
1,2,0,1,0,0.6,0.0,0.0,0.2,1.0,5,0,0,0,0.5,0.0,3,2,0,1668
1,1,0,0,0,0.7,0.16666666666666666,1.0,0.16666666666666666,1.0,6,1,0,1,0.5,0.16666666666666666,3,2,0,1669
3,7,1,0,1,0.8,0.14285714285714285,1.0,0.14285714285714285,1.0,7,1,0,1,0.5,0.14285714285714285,3,2,0,1670
3,0,0,1,1,0.9,0.125,1.0,0.25,1.0,8,1,0,1,0.5,0.125,3,2,0,1671
2,7,1,1,1,1.0,0.2222222222222222,1.0,0.3333333333333333,1.0,9,2,0,2,0.5,0.2222222222222222,3,2,0,1672
3,0,0,0,0,0.1,0.0,0.0,0.0,0.0,0,0,0,0,0.0,0.0,0,4,0,1673
3,0,0,0,1,0.2,0.0,0.0,0.0,0.0,1,0,0,0,0.0,0.0,0,4,0,1674
2,0,0,0,0,0.3,0.0,0.0,0.5,1.0,2,0,0,0,0.5,0.0,0,4,0,1675
1,6,1,0,0,0.4,0.0,0.0,0.3333333333333333,1.0,3,0,0,0,0.5,0.0,0,4,0,1676
3,0,0,0,0,0.5,0.0,0.0,0.25,1.0,4,0,0,0,0.5,0.0,0,4,0,1677
1,6,1,0,0,0.6,0.0,0.0,0.2,1.0,5,0,0,0,0.5,0.0,0,4,0,1678
1,1,0,0,1,0.7,0.0,0.0,0.16666666666666666,1.0,6,0,0,0,0.5,0.0,0,4,0,1679
2,7,1,1,0,0.8,0.0,0.0,0.2857142857142857,1.0,7,0,0,0,0.5,0.0,0,4,0,1680
3,7,1,1,0,0.9,0.125,1.0,0.25,1.0,8,1,0,1,0.5,0.125,0,4,0,1681
2,1,0,0,0,1.0,0.2222222222222222,1.0,0.2222222222222222,1.0,9,2,0,2,0.5,0.2222222222222222,0,4,0,1682
2,7,1,0,0,0.125,0.0,0.0,0.0,0.0,0,0,0,0,0.0,0.0,2,2,0,1683
3,7,1,0,1,0.25,0.0,0.0,0.0,0.0,1,0,0,0,0.0,0.0,2,2,0,1684
2,1,0,1,0,0.375,0.0,0.0,0.5,1.0,2,0,0,0,0.5,0.0,2,2,0,1685
2,1,0,0,1,0.5,0.3333333333333333,1.0,0.3333333333333333,1.0,3,1,0,1,0.5,0.3333333333333333,2,2,0,1686
2,6,1,0,0,0.625,0.25,1.0,0.5,1.0,4,1,0,1,0.5,0.25,2,2,0,1687
2,7,1,0,0,0.75,0.2,1.0,0.4,1.0,5,1,0,1,0.5,0.2,2,2,0,1688
2,6,1,0,0,0.875,0.16666666666666666,1.0,0.3333333333333333,1.0,6,1,0,1,0.5,0.16666666666666666,2,2,0,1689
2,7,1,0,1,1.0,0.14285714285714285,1.0,0.2857142857142857,1.0,7,1,0,1,0.5,0.14285714285714285,2,2,0,1690
2,7,1,1,0,0.125,0.0,0.0,0.0,0.0,0,0,0,0,0.0,0.0,1,3,0,1691
2,2,0,0,0,0.25,1.0,1.0,0.0,0.0,1,1,0,1,0.0,1.0,1,3,0,1692
2,2,0,0,0,0.375,0.5,1.0,0.0,0.0,2,1,0,1,0.0,0.5,1,3,0,1693
3,2,0,0,0,0.5,0.3333333333333333,1.0,0.0,0.0,3,1,0,1,0.0,0.3333333333333333,1,3,0,1694
1,6,1,0,0,0.625,0.25,1.0,0.0,0.0,4,1,0,1,0.0,0.25,1,3,0,1695
1,6,1,0,1,0.75,0.2,1.0,0.0,0.0,5,1,0,1,0.0,0.2,1,3,0,1696
1,6,1,1,0,0.875,0.16666666666666666,1.0,0.16666666666666666,1.0,6,1,0,1,0.5,0.16666666666666666,1,3,0,1697
3,2,0,1,0,1.0,0.2857142857142857,1.0,0.14285714285714285,1.0,7,2,0,2,0.5,0.2857142857142857,1,3,0,1698
2,1,0,0,0,0.1667,0.0,0.0,0.0,0.0,0,0,0,0,0.0,0.0,3,4,0,1699
2,7,1,0,1,0.3333,0.0,0.0,0.0,0.0,1,0,0,0,0.0,0.0,3,4,0,1700
1,6,1,0,0,0.5,0.0,0.0,0.5,1.0,2,0,0,0,0.5,0.0,3,4,0,1701
1,7,1,1,0,0.6667,0.0,0.0,0.3333333333333333,1.0,3,0,0,0,0.5,0.0,3,4,0,1702
2,0,0,0,1,0.8333,0.25,1.0,0.25,1.0,4,1,0,1,0.5,0.25,3,4,0,1703
3,6,1,0,1,1.0,0.2,1.0,0.4,1.0,5,1,0,1,0.5,0.2,3,4,0,1704
2,1,0,1,0,0.1111,0.0,0.0,0.0,0.0,0,0,0,0,0.0,0.0,0,3,0,1705
2,6,1,0,0,0.2222,1.0,1.0,0.0,0.0,1,1,0,1,0.0,1.0,0,3,0,1706
2,6,1,0,0,0.3333,0.5,1.0,0.0,0.0,2,1,0,1,0.0,0.5,0,3,0,1707
2,6,1,0,0,0.4444,0.3333333333333333,1.0,0.0,0.0,3,1,0,1,0.0,0.3333333333333333,0,3,0,1708
3,2,0,0,0,0.5556,0.25,1.0,0.0,0.0,4,1,0,1,0.0,0.25,0,3,0,1709
1,2,0,0,1,0.6667,0.2,1.0,0.0,0.0,5,1,0,1,0.0,0.2,0,3,0,1710
1,6,1,1,0,0.7778,0.16666666666666666,1.0,0.16666666666666666,1.0,6,1,0,1,0.5,0.16666666666666666,0,3,0,1711
3,2,0,0,0,0.8889,0.2857142857142857,1.0,0.14285714285714285,1.0,7,2,0,2,0.5,0.2857142857142857,0,3,0,1712
2,0,0,1,1,1.0,0.25,1.0,0.125,1.0,8,2,0,2,0.5,0.25,0,3,0,1713
2,7,1,1,0,0.1,0.0,0.0,0.0,0.0,0,0,0,0,0.0,0.0,0,4,0,1714
1,6,1,0,1,0.2,1.0,1.0,0.0,0.0,1,1,0,1,0.0,1.0,0,4,0,1715
2,7,1,0,1,0.3,0.5,1.0,0.5,1.0,2,1,0,1,0.5,0.5,0,4,0,1716
2,7,1,0,0,0.4,0.3333333333333333,1.0,0.6666666666666666,1.0,3,1,0,1,0.5,0.3333333333333333,0,4,0,1717
2,7,1,0,0,0.5,0.25,1.0,0.5,1.0,4,1,0,1,0.5,0.25,0,4,0,1718
1,2,0,0,1,0.6,0.2,1.0,0.4,1.0,5,1,0,1,0.5,0.2,0,4,0,1719
2,6,1,0,1,0.7,0.16666666666666666,1.0,0.5,1.0,6,1,0,1,0.5,0.16666666666666666,0,4,0,1720
2,2,0,0,1,0.8,0.14285714285714285,1.0,0.5714285714285714,1.0,7,1,0,1,0.5,0.14285714285714285,0,4,0,1721
3,0,0,0,0,0.9,0.125,1.0,0.625,1.0,8,1,0,1,0.5,0.125,0,4,0,1722
1,2,0,0,0,1.0,0.1111111111111111,1.0,0.5555555555555556,1.0,9,1,0,1,0.5,0.1111111111111111,0,4,0,1723
3,0,0,1,1,0.25,0.0,0.0,0.0,0.0,0,0,0,0,0.0,0.0,1,2,0,1724
3,0,0,0,0,0.5,1.0,1.0,1.0,1.0,1,1,0,1,0.5,1.0,1,2,0,1725
1,1,0,0,0,0.75,0.5,1.0,0.5,1.0,2,1,0,1,0.5,0.5,1,2,0,1726
3,0,0,0,1,1.0,0.3333333333333333,1.0,0.3333333333333333,1.0,3,1,0,1,0.5,0.3333333333333333,1,2,0,1727
1,0,0,0,0,0.1,0.0,0.0,0.0,0.0,0,0,0,0,0.0,0.0,2,2,0,1728
2,6,1,0,1,0.2,0.0,0.0,0.0,0.0,1,0,0,0,0.0,0.0,2,2,0,1729
1,2,0,0,0,0.3,0.0,0.0,0.5,1.0,2,0,0,0,0.5,0.0,2,2,0,1730
1,1,0,1,0,0.4,0.0,0.0,0.3333333333333333,1.0,3,0,0,0,0.5,0.0,2,2,0,1731
1,2,0,0,1,0.5,0.25,1.0,0.25,1.0,4,1,0,1,0.5,0.25,2,2,0,1732
3,7,1,0,0,0.6,0.2,1.0,0.4,1.0,5,1,0,1,0.5,0.2,2,2,0,1733
3,2,0,0,0,0.7,0.16666666666666666,1.0,0.3333333333333333,1.0,6,1,0,1,0.5,0.16666666666666666,2,2,0,1734
3,2,0,0,0,0.8,0.14285714285714285,1.0,0.2857142857142857,1.0,7,1,0,1,0.5,0.14285714285714285,2,2,0,1735
2,0,0,1,1,0.9,0.125,1.0,0.25,1.0,8,1,0,1,0.5,0.125,2,2,0,1736
3,1,0,0,0,1.0,0.2222222222222222,1.0,0.3333333333333333,1.0,9,2,0,2,0.5,0.2222222222222222,2,2,0,1737
3,2,0,1,1,0.1667,0.0,0.0,0.0,0.0,0,0,0,0,0.0,0.0,2,4,0,1738
2,1,0,0,0,0.3333,1.0,1.0,1.0,1.0,1,1,0,1,0.5,1.0,2,4,0,1739
2,0,0,1,0,0.5,0.5,1.0,0.5,1.0,2,1,0,1,0.5,0.5,2,4,0,1740
2,1,0,0,1,0.6667,0.6666666666666666,1.0,0.3333333333333333,1.0,3,2,0,2,0.5,0.6666666666666666,2,4,0,1741
3,6,1,0,1,0.8333,0.5,1.0,0.5,1.0,4,2,0,2,0.5,0.5,2,4,0,1742
3,2,0,0,0,1.0,0.4,1.0,0.6,1.0,5,2,0,2,0.5,0.4,2,4,0,1743
3,2,0,0,1,0.1667,0.0,0.0,0.0,0.0,0,0,0,0,0.0,0.0,3,3,0,1744
1,2,0,1,0,0.3333,0.0,0.0,1.0,1.0,1,0,0,0,0.5,0.0,3,3,0,1745
3,2,0,0,1,0.5,0.5,1.0,0.5,1.0,2,1,0,1,0.5,0.5,3,3,0,1746
3,2,0,0,0,0.6667,0.3333333333333333,1.0,0.6666666666666666,1.0,3,1,0,1,0.5,0.3333333333333333,3,3,0,1747
1,0,0,1,0,0.8333,0.25,1.0,0.5,1.0,4,1,0,1,0.5,0.25,3,3,0,1748
3,7,1,0,0,1.0,0.4,1.0,0.4,1.0,5,2,0,2,0.5,0.4,3,3,0,1749
3,0,0,0,0,0.1,0.0,0.0,0.0,0.0,0,0,0,0,0.0,0.0,1,3,0,1750
2,2,0,0,0,0.2,0.0,0.0,0.0,0.0,1,0,0,0,0.0,0.0,1,3,0,1751
1,2,0,0,0,0.3,0.0,0.0,0.0,0.0,2,0,0,0,0.0,0.0,1,3,0,1752
1,2,0,1,0,0.4,0.0,0.0,0.0,0.0,3,0,0,0,0.0,0.0,1,3,0,1753
1,1,0,1,0,0.5,0.25,1.0,0.0,0.0,4,1,0,1,0.0,0.25,1,3,0,1754
3,1,0,0,0,0.6,0.4,1.0,0.0,0.0,5,2,0,2,0.0,0.4,1,3,0,1755
1,7,1,0,0,0.7,0.3333333333333333,1.0,0.0,0.0,6,2,0,2,0.0,0.3333333333333333,1,3,0,1756
3,0,0,0,1,0.8,0.2857142857142857,1.0,0.0,0.0,7,2,0,2,0.0,0.2857142857142857,1,3,0,1757
2,1,0,0,0,0.9,0.25,1.0,0.125,1.0,8,2,0,2,0.5,0.25,1,3,0,1758
3,6,1,0,1,1.0,0.2222222222222222,1.0,0.1111111111111111,1.0,9,2,0,2,0.5,0.2222222222222222,1,3,0,1759
2,7,1,0,1,0.1,0.0,0.0,0.0,0.0,0,0,0,0,0.0,0.0,1,2,0,1760
2,0,0,0,1,0.2,0.0,0.0,1.0,1.0,1,0,0,0,0.5,0.0,1,2,0,1761
2,0,0,1,0,0.3,0.0,0.0,1.0,1.0,2,0,0,0,0.5,0.0,1,2,0,1762
2,1,0,0,0,0.4,0.3333333333333333,1.0,0.6666666666666666,1.0,3,1,0,1,0.5,0.3333333333333333,1,2,0,1763
1,7,1,0,0,0.5,0.25,1.0,0.5,1.0,4,1,0,1,0.5,0.25,1,2,0,1764
1,6,1,0,0,0.6,0.2,1.0,0.4,1.0,5,1,0,1,0.5,0.2,1,2,0,1765
2,2,0,0,0,0.7,0.16666666666666666,1.0,0.3333333333333333,1.0,6,1,0,1,0.5,0.16666666666666666,1,2,0,1766
1,0,0,1,0,0.8,0.14285714285714285,1.0,0.2857142857142857,1.0,7,1,0,1,0.5,0.14285714285714285,1,2,0,1767
2,0,0,1,0,0.9,0.25,1.0,0.25,1.0,8,2,0,2,0.5,0.25,1,2,0,1768
2,0,0,0,0,1.0,0.3333333333333333,1.0,0.2222222222222222,1.0,9,3,0,3,0.5,0.3333333333333333,1,2,0,1769
2,1,0,0,0,0.1,0.0,0.0,0.0,0.0,0,0,0,0,0.0,0.0,1,2,0,1770
1,1,0,0,0,0.2,0.0,0.0,0.0,0.0,1,0,0,0,0.0,0.0,1,2,0,1771
1,6,1,0,1,0.3,0.0,0.0,0.0,0.0,2,0,0,0,0.0,0.0,1,2,0,1772
1,0,0,1,1,0.4,0.0,0.0,0.3333333333333333,1.0,3,0,0,0,0.5,0.0,1,2,0,1773
3,7,1,0,0,0.5,0.25,1.0,0.5,1.0,4,1,0,1,0.5,0.25,1,2,0,1774
2,2,0,0,0,0.6,0.2,1.0,0.4,1.0,5,1,0,1,0.5,0.2,1,2,0,1775
1,6,1,0,0,0.7,0.16666666666666666,1.0,0.3333333333333333,1.0,6,1,0,1,0.5,0.16666666666666666,1,2,0,1776
1,7,1,0,0,0.8,0.14285714285714285,1.0,0.2857142857142857,1.0,7,1,0,1,0.5,0.14285714285714285,1,2,0,1777
3,0,0,0,1,0.9,0.125,1.0,0.25,1.0,8,1,0,1,0.5,0.125,1,2,0,1778
1,0,0,0,0,1.0,0.1111111111111111,1.0,0.3333333333333333,1.0,9,1,0,1,0.5,0.1111111111111111,1,2,0,1779
1,7,1,0,1,0.1,0.0,0.0,0.0,0.0,0,0,0,0,0.0,0.0,2,3,0,1780
3,6,1,0,0,0.2,0.0,0.0,1.0,1.0,1,0,0,0,0.5,0.0,2,3,0,1781
3,6,1,0,0,0.3,0.0,0.0,0.5,1.0,2,0,0,0,0.5,0.0,2,3,0,1782
1,2,0,1,0,0.4,0.0,0.0,0.3333333333333333,1.0,3,0,0,0,0.5,0.0,2,3,0,1783
1,7,1,1,0,0.5,0.25,1.0,0.25,1.0,4,1,0,1,0.5,0.25,2,3,0,1784
3,7,1,0,1,0.6,0.4,1.0,0.2,1.0,5,2,0,2,0.5,0.4,2,3,0,1785
3,6,1,0,1,0.7,0.3333333333333333,1.0,0.3333333333333333,1.0,6,2,0,2,0.5,0.3333333333333333,2,3,0,1786
3,2,0,0,0,0.8,0.2857142857142857,1.0,0.42857142857142855,1.0,7,2,0,2,0.5,0.2857142857142857,2,3,0,1787
1,2,0,1,0,0.9,0.25,1.0,0.375,1.0,8,2,0,2,0.5,0.25,2,3,0,1788
1,6,1,1,0,1.0,0.3333333333333333,1.0,0.3333333333333333,1.0,9,3,0,3,0.5,0.3333333333333333,2,3,0,1789
1,1,0,0,1,0.1667,0.0,0.0,0.0,0.0,0,0,0,0,0.0,0.0,2,3,0,1790
1,6,1,0,0,0.3333,0.0,0.0,1.0,1.0,1,0,0,0,0.5,0.0,2,3,0,1791
3,0,0,0,0,0.5,0.0,0.0,0.5,1.0,2,0,0,0,0.5,0.0,2,3,0,1792
3,6,1,0,0,0.6667,0.0,0.0,0.3333333333333333,1.0,3,0,0,0,0.5,0.0,2,3,0,1793
2,1,0,0,1,0.8333,0.0,0.0,0.25,1.0,4,0,0,0,0.5,0.0,2,3,0,1794
2,6,1,0,0,1.0,0.0,0.0,0.4,1.0,5,0,0,0,0.5,0.0,2,3,0,1795
3,1,0,0,0,0.1,0.0,0.0,0.0,0.0,0,0,0,0,0.0,0.0,2,2,0,1796
3,6,1,0,0,0.2,0.0,0.0,0.0,0.0,1,0,0,0,0.0,0.0,2,2,0,1797
3,1,0,0,0,0.3,0.0,0.0,0.0,0.0,2,0,0,0,0.0,0.0,2,2,0,1798
1,1,0,0,0,0.4,0.0,0.0,0.0,0.0,3,0,0,0,0.0,0.0,2,2,0,1799
1,7,1,0,1,0.5,0.0,0.0,0.0,0.0,4,0,0,0,0.0,0.0,2,2,0,1800
3,1,0,0,0,0.6,0.0,0.0,0.2,1.0,5,0,0,0,0.5,0.0,2,2,0,1801
2,2,0,0,0,0.7,0.0,0.0,0.16666666666666666,1.0,6,0,0,0,0.5,0.0,2,2,0,1802
2,0,0,0,0,0.8,0.0,0.0,0.14285714285714285,1.0,7,0,0,0,0.5,0.0,2,2,0,1803
1,2,0,0,0,0.9,0.0,0.0,0.125,1.0,8,0,0,0,0.5,0.0,2,2,0,1804
1,7,1,0,0,1.0,0.0,0.0,0.1111111111111111,1.0,9,0,0,0,0.5,0.0,2,2,0,1805
3,2,0,0,0,0.1,0.0,0.0,0.0,0.0,0,0,0,0,0.0,0.0,1,2,0,1806
1,6,1,0,1,0.2,0.0,0.0,0.0,0.0,1,0,0,0,0.0,0.0,1,2,0,1807
2,2,0,0,0,0.3,0.0,0.0,0.5,1.0,2,0,0,0,0.5,0.0,1,2,0,1808
3,1,0,0,0,0.4,0.0,0.0,0.3333333333333333,1.0,3,0,0,0,0.5,0.0,1,2,0,1809
3,1,0,0,0,0.5,0.0,0.0,0.25,1.0,4,0,0,0,0.5,0.0,1,2,0,1810
3,6,1,0,0,0.6,0.0,0.0,0.2,1.0,5,0,0,0,0.5,0.0,1,2,0,1811
3,2,0,0,0,0.7,0.0,0.0,0.16666666666666666,1.0,6,0,0,0,0.5,0.0,1,2,0,1812
2,0,0,0,0,0.8,0.0,0.0,0.14285714285714285,1.0,7,0,0,0,0.5,0.0,1,2,0,1813
3,0,0,0,1,0.9,0.0,0.0,0.125,1.0,8,0,0,0,0.5,0.0,1,2,0,1814
1,0,0,0,1,1.0,0.0,0.0,0.2222222222222222,1.0,9,0,0,0,0.5,0.0,1,2,0,1815
2,7,1,0,0,0.125,0.0,0.0,0.0,0.0,0,0,0,0,0.0,0.0,0,4,0,1816
2,1,0,0,0,0.25,0.0,0.0,0.0,0.0,1,0,0,0,0.0,0.0,0,4,0,1817
1,7,1,1,0,0.375,0.0,0.0,0.0,0.0,2,0,0,0,0.0,0.0,0,4,0,1818
2,0,0,0,1,0.5,0.3333333333333333,1.0,0.0,0.0,3,1,0,1,0.0,0.3333333333333333,0,4,0,1819
3,1,0,0,0,0.625,0.25,1.0,0.25,1.0,4,1,0,1,0.5,0.25,0,4,0,1820
3,6,1,0,0,0.75,0.2,1.0,0.2,1.0,5,1,0,1,0.5,0.2,0,4,0,1821
1,1,0,0,0,0.875,0.16666666666666666,1.0,0.16666666666666666,1.0,6,1,0,1,0.5,0.16666666666666666,0,4,0,1822
1,6,1,1,0,1.0,0.14285714285714285,1.0,0.14285714285714285,1.0,7,1,0,1,0.5,0.14285714285714285,0,4,0,1823
2,6,1,0,0,0.1429,0.0,0.0,0.0,0.0,0,0,0,0,0.0,0.0,0,4,0,1824
3,6,1,0,1,0.2857,0.0,0.0,0.0,0.0,1,0,0,0,0.0,0.0,0,4,0,1825
3,0,0,0,1,0.4286,0.0,0.0,0.5,1.0,2,0,0,0,0.5,0.0,0,4,0,1826
2,0,0,0,0,0.5714,0.0,0.0,0.6666666666666666,1.0,3,0,0,0,0.5,0.0,0,4,0,1827
1,0,0,1,1,0.7143,0.0,0.0,0.5,1.0,4,0,0,0,0.5,0.0,0,4,0,1828
3,7,1,0,0,0.8571,0.2,1.0,0.6,1.0,5,1,0,1,0.5,0.2,0,4,0,1829
3,2,0,0,0,1.0,0.16666666666666666,1.0,0.5,1.0,6,1,0,1,0.5,0.16666666666666666,0,4,0,1830
1,7,1,0,0,0.125,0.0,0.0,0.0,0.0,0,0,0,0,0.0,0.0,0,3,0,1831
3,6,1,0,1,0.25,0.0,0.0,0.0,0.0,1,0,0,0,0.0,0.0,0,3,0,1832
2,7,1,0,1,0.375,0.0,0.0,0.5,1.0,2,0,0,0,0.5,0.0,0,3,0,1833
2,2,0,0,0,0.5,0.0,0.0,0.6666666666666666,1.0,3,0,0,0,0.5,0.0,0,3,0,1834
2,0,0,0,0,0.625,0.0,0.0,0.5,1.0,4,0,0,0,0.5,0.0,0,3,0,1835
3,6,1,0,0,0.75,0.0,0.0,0.4,1.0,5,0,0,0,0.5,0.0,0,3,0,1836
3,2,0,0,0,0.875,0.0,0.0,0.3333333333333333,1.0,6,0,0,0,0.5,0.0,0,3,0,1837
1,0,0,0,1,1.0,0.0,0.0,0.2857142857142857,1.0,7,0,0,0,0.5,0.0,0,3,0,1838
1,7,1,0,0,0.1429,0.0,0.0,0.0,0.0,0,0,0,0,0.0,0.0,3,2,0,1839
1,2,0,1,0,0.2857,0.0,0.0,0.0,0.0,1,0,0,0,0.0,0.0,3,2,0,1840
2,2,0,0,0,0.4286,0.5,1.0,0.0,0.0,2,1,0,1,0.0,0.5,3,2,0,1841
2,1,0,0,0,0.5714,0.3333333333333333,1.0,0.0,0.0,3,1,0,1,0.0,0.3333333333333333,3,2,0,1842
1,7,1,0,0,0.7143,0.25,1.0,0.0,0.0,4,1,0,1,0.0,0.25,3,2,0,1843
3,1,0,0,1,0.8571,0.2,1.0,0.0,0.0,5,1,0,1,0.0,0.2,3,2,0,1844
3,2,0,0,0,1.0,0.16666666666666666,1.0,0.16666666666666666,1.0,6,1,0,1,0.5,0.16666666666666666,3,2,0,1845
3,6,1,0,1,0.125,0.0,0.0,0.0,0.0,0,0,0,0,0.0,0.0,2,4,0,1846
2,6,1,1,0,0.25,0.0,0.0,1.0,1.0,1,0,0,0,0.5,0.0,2,4,0,1847
2,7,1,0,1,0.375,0.5,1.0,0.5,1.0,2,1,0,1,0.5,0.5,2,4,0,1848
3,2,0,0,0,0.5,0.3333333333333333,1.0,0.6666666666666666,1.0,3,1,0,1,0.5,0.3333333333333333,2,4,0,1849
1,2,0,0,0,0.625,0.25,1.0,0.5,1.0,4,1,0,1,0.5,0.25,2,4,0,1850
3,0,0,0,1,0.75,0.2,1.0,0.4,1.0,5,1,0,1,0.5,0.2,2,4,0,1851
2,1,0,0,0,0.875,0.16666666666666666,1.0,0.5,1.0,6,1,0,1,0.5,0.16666666666666666,2,4,0,1852
1,6,1,0,0,1.0,0.14285714285714285,1.0,0.42857142857142855,1.0,7,1,0,1,0.5,0.14285714285714285,2,4,0,1853
3,1,0,0,0,0.1667,0.0,0.0,0.0,0.0,0,0,0,0,0.0,0.0,0,2,0,1854
3,2,0,0,0,0.3333,0.0,0.0,0.0,0.0,1,0,0,0,0.0,0.0,0,2,0,1855
2,7,1,0,0,0.5,0.0,0.0,0.0,0.0,2,0,0,0,0.0,0.0,0,2,0,1856
1,7,1,1,0,0.6667,0.0,0.0,0.0,0.0,3,0,0,0,0.0,0.0,0,2,0,1857
1,1,0,1,1,0.8333,0.25,1.0,0.0,0.0,4,1,0,1,0.0,0.25,0,2,0,1858
2,0,0,0,1,1.0,0.4,1.0,0.2,1.0,5,2,0,2,0.5,0.4,0,2,0,1859
2,6,1,0,1,0.1429,0.0,0.0,0.0,0.0,0,0,0,0,0.0,0.0,1,4,0,1860
2,2,0,0,0,0.2857,0.0,0.0,1.0,1.0,1,0,0,0,0.5,0.0,1,4,0,1861
2,2,0,0,0,0.4286,0.0,0.0,0.5,1.0,2,0,0,0,0.5,0.0,1,4,0,1862
2,0,0,0,0,0.5714,0.0,0.0,0.3333333333333333,1.0,3,0,0,0,0.5,0.0,1,4,0,1863
2,7,1,0,1,0.7143,0.0,0.0,0.25,1.0,4,0,0,0,0.5,0.0,1,4,0,1864
1,1,0,0,0,0.8571,0.0,0.0,0.4,1.0,5,0,0,0,0.5,0.0,1,4,0,1865
2,6,1,1,0,1.0,0.0,0.0,0.3333333333333333,1.0,6,0,0,0,0.5,0.0,1,4,0,1866
3,6,1,0,0,0.1,0.0,0.0,0.0,0.0,0,0,0,0,0.0,0.0,0,2,0,1867
2,0,0,0,0,0.2,0.0,0.0,0.0,0.0,1,0,0,0,0.0,0.0,0,2,0,1868
3,6,1,0,0,0.3,0.0,0.0,0.0,0.0,2,0,0,0,0.0,0.0,0,2,0,1869
2,2,0,0,0,0.4,0.0,0.0,0.0,0.0,3,0,0,0,0.0,0.0,0,2,0,1870
2,2,0,0,1,0.5,0.0,0.0,0.0,0.0,4,0,0,0,0.0,0.0,0,2,0,1871
3,2,0,0,1,0.6,0.0,0.0,0.2,1.0,5,0,0,0,0.5,0.0,0,2,0,1872
3,2,0,0,0,0.7,0.0,0.0,0.3333333333333333,1.0,6,0,0,0,0.5,0.0,0,2,0,1873
2,2,0,0,0,0.8,0.0,0.0,0.2857142857142857,1.0,7,0,0,0,0.5,0.0,0,2,0,1874
2,1,0,1,0,0.9,0.0,0.0,0.25,1.0,8,0,0,0,0.5,0.0,0,2,0,1875
2,2,0,0,0,1.0,0.1111111111111111,1.0,0.2222222222222222,1.0,9,1,0,1,0.5,0.1111111111111111,0,2,0,1876
3,0,0,0,0,0.1,0.0,0.0,0.0,0.0,0,0,0,0,0.0,0.0,2,4,0,1877
3,6,1,1,0,0.2,0.0,0.0,0.0,0.0,1,0,0,0,0.0,0.0,2,4,0,1878
2,7,1,0,0,0.3,0.5,1.0,0.0,0.0,2,1,0,1,0.0,0.5,2,4,0,1879
2,6,1,0,1,0.4,0.3333333333333333,1.0,0.0,0.0,3,1,0,1,0.0,0.3333333333333333,2,4,0,1880
1,7,1,1,0,0.5,0.25,1.0,0.25,1.0,4,1,0,1,0.5,0.25,2,4,0,1881
2,1,0,0,1,0.6,0.4,1.0,0.2,1.0,5,2,0,2,0.5,0.4,2,4,0,1882
3,2,0,1,0,0.7,0.3333333333333333,1.0,0.3333333333333333,1.0,6,2,0,2,0.5,0.3333333333333333,2,4,0,1883
1,2,0,0,0,0.8,0.42857142857142855,1.0,0.2857142857142857,1.0,7,3,0,3,0.5,0.42857142857142855,2,4,0,1884
2,7,1,1,0,0.9,0.375,1.0,0.25,1.0,8,3,0,3,0.5,0.375,2,4,0,1885
2,0,0,1,1,1.0,0.4444444444444444,1.0,0.2222222222222222,1.0,9,4,0,4,0.5,0.4444444444444444,2,4,0,1886
1,0,0,0,0,0.1429,0.0,0.0,0.0,0.0,0,0,0,0,0.0,0.0,0,2,0,1887
3,6,1,0,0,0.2857,0.0,0.0,0.0,0.0,1,0,0,0,0.0,0.0,0,2,0,1888
3,0,0,0,0,0.4286,0.0,0.0,0.0,0.0,2,0,0,0,0.0,0.0,0,2,0,1889
2,1,0,1,0,0.5714,0.0,0.0,0.0,0.0,3,0,0,0,0.0,0.0,0,2,0,1890
1,2,0,0,0,0.7143,0.25,1.0,0.0,0.0,4,1,0,1,0.0,0.25,0,2,0,1891
2,7,1,0,0,0.8571,0.2,1.0,0.0,0.0,5,1,0,1,0.0,0.2,0,2,0,1892
2,6,1,1,1,1.0,0.16666666666666666,1.0,0.0,0.0,6,1,0,1,0.0,0.16666666666666666,0,2,0,1893
1,1,0,0,0,0.1429,0.0,0.0,0.0,0.0,0,0,0,0,0.0,0.0,0,3,0,1894
2,6,1,1,0,0.2857,0.0,0.0,0.0,0.0,1,0,0,0,0.0,0.0,0,3,0,1895
3,0,0,0,0,0.4286,0.5,1.0,0.0,0.0,2,1,0,1,0.0,0.5,0,3,0,1896
1,6,1,0,0,0.5714,0.3333333333333333,1.0,0.0,0.0,3,1,0,1,0.0,0.3333333333333333,0,3,0,1897
2,1,0,0,0,0.7143,0.25,1.0,0.0,0.0,4,1,0,1,0.0,0.25,0,3,0,1898
2,2,0,1,0,0.8571,0.2,1.0,0.0,0.0,5,1,0,1,0.0,0.2,0,3,0,1899
1,1,0,0,0,1.0,0.3333333333333333,1.0,0.0,0.0,6,2,0,2,0.0,0.3333333333333333,0,3,0,1900
1,6,1,0,0,0.25,0.0,0.0,0.0,0.0,0,0,0,0,0.0,0.0,3,2,0,1901
2,6,1,0,1,0.5,0.0,0.0,0.0,0.0,1,0,0,0,0.0,0.0,3,2,0,1902
3,6,1,0,0,0.75,0.0,0.0,0.5,1.0,2,0,0,0,0.5,0.0,3,2,0,1903
3,7,1,0,0,1.0,0.0,0.0,0.3333333333333333,1.0,3,0,0,0,0.5,0.0,3,2,0,1904
2,2,0,0,1,0.1111,0.0,0.0,0.0,0.0,0,0,0,0,0.0,0.0,3,3,0,1905
1,1,0,0,1,0.2222,0.0,0.0,1.0,1.0,1,0,0,0,0.5,0.0,3,3,0,1906
1,7,1,1,1,0.3333,0.0,0.0,1.0,1.0,2,0,0,0,0.5,0.0,3,3,0,1907
3,7,1,0,0,0.4444,0.3333333333333333,1.0,1.0,1.0,3,1,0,1,0.5,0.3333333333333333,3,3,0,1908
1,7,1,1,0,0.5556,0.25,1.0,0.75,1.0,4,1,0,1,0.5,0.25,3,3,0,1909
2,7,1,0,0,0.6667,0.4,1.0,0.6,1.0,5,2,0,2,0.5,0.4,3,3,0,1910
2,0,0,1,0,0.7778,0.3333333333333333,1.0,0.5,1.0,6,2,0,2,0.5,0.3333333333333333,3,3,0,1911
2,1,0,0,0,0.8889,0.42857142857142855,1.0,0.42857142857142855,1.0,7,3,0,3,0.5,0.42857142857142855,3,3,0,1912
2,0,0,0,0,1.0,0.375,1.0,0.375,1.0,8,3,0,3,0.5,0.375,3,3,0,1913
1,7,1,1,1,0.1667,0.0,0.0,0.0,0.0,0,0,0,0,0.0,0.0,2,4,0,1914
1,2,0,0,0,0.3333,1.0,1.0,1.0,1.0,1,1,0,1,0.5,1.0,2,4,0,1915
3,2,0,0,1,0.5,0.5,1.0,0.5,1.0,2,1,0,1,0.5,0.5,2,4,0,1916
1,0,0,1,1,0.6667,0.3333333333333333,1.0,0.6666666666666666,1.0,3,1,0,1,0.5,0.3333333333333333,2,4,0,1917
3,6,1,0,0,0.8333,0.5,1.0,0.75,1.0,4,2,0,2,0.5,0.5,2,4,0,1918
3,0,0,0,0,1.0,0.4,1.0,0.6,1.0,5,2,0,2,0.5,0.4,2,4,0,1919
3,1,0,0,1,0.1,0.0,0.0,0.0,0.0,0,0,0,0,0.0,0.0,3,2,0,1920
1,1,0,1,1,0.2,0.0,0.0,1.0,1.0,1,0,0,0,0.5,0.0,3,2,0,1921
1,2,0,0,0,0.3,0.5,1.0,1.0,1.0,2,1,0,1,0.5,0.5,3,2,0,1922
3,0,0,0,0,0.4,0.3333333333333333,1.0,0.6666666666666666,1.0,3,1,0,1,0.5,0.3333333333333333,3,2,0,1923
2,0,0,1,0,0.5,0.25,1.0,0.5,1.0,4,1,0,1,0.5,0.25,3,2,0,1924
3,1,0,0,0,0.6,0.4,1.0,0.4,1.0,5,2,0,2,0.5,0.4,3,2,0,1925
1,7,1,0,1,0.7,0.3333333333333333,1.0,0.3333333333333333,1.0,6,2,0,2,0.5,0.3333333333333333,3,2,0,1926
1,0,0,0,0,0.8,0.2857142857142857,1.0,0.42857142857142855,1.0,7,2,0,2,0.5,0.2857142857142857,3,2,0,1927
1,6,1,0,1,0.9,0.25,1.0,0.375,1.0,8,2,0,2,0.5,0.25,3,2,0,1928
2,7,1,0,0,1.0,0.2222222222222222,1.0,0.4444444444444444,1.0,9,2,0,2,0.5,0.2222222222222222,3,2,0,1929
3,7,1,1,0,0.1429,0.0,0.0,0.0,0.0,0,0,0,0,0.0,0.0,0,4,0,1930
3,7,1,0,0,0.2857,1.0,1.0,0.0,0.0,1,1,0,1,0.0,1.0,0,4,0,1931
2,6,1,0,0,0.4286,0.5,1.0,0.0,0.0,2,1,0,1,0.0,0.5,0,4,0,1932
3,1,0,0,0,0.5714,0.3333333333333333,1.0,0.0,0.0,3,1,0,1,0.0,0.3333333333333333,0,4,0,1933
3,1,0,0,0,0.7143,0.25,1.0,0.0,0.0,4,1,0,1,0.0,0.25,0,4,0,1934
2,6,1,0,1,0.8571,0.2,1.0,0.0,0.0,5,1,0,1,0.0,0.2,0,4,0,1935
2,7,1,0,1,1.0,0.16666666666666666,1.0,0.16666666666666666,1.0,6,1,0,1,0.5,0.16666666666666666,0,4,0,1936
2,6,1,1,0,0.25,0.0,0.0,0.0,0.0,0,0,0,0,0.0,0.0,2,4,0,1937
1,0,0,0,0,0.5,1.0,1.0,0.0,0.0,1,1,0,1,0.0,1.0,2,4,0,1938
2,6,1,0,1,0.75,0.5,1.0,0.0,0.0,2,1,0,1,0.0,0.5,2,4,0,1939
2,2,0,0,1,1.0,0.3333333333333333,1.0,0.3333333333333333,1.0,3,1,0,1,0.5,0.3333333333333333,2,4,0,1940
2,2,0,0,0,0.25,0.0,0.0,0.0,0.0,0,0,0,0,0.0,0.0,2,2,0,1941
1,2,0,0,0,0.5,0.0,0.0,0.0,0.0,1,0,0,0,0.0,0.0,2,2,0,1942
2,2,0,0,0,0.75,0.0,0.0,0.0,0.0,2,0,0,0,0.0,0.0,2,2,0,1943
3,0,0,1,0,1.0,0.0,0.0,0.0,0.0,3,0,0,0,0.0,0.0,2,2,0,1944
1,7,1,0,0,0.1429,0.0,0.0,0.0,0.0,0,0,0,0,0.0,0.0,1,3,0,1945
2,6,1,0,0,0.2857,0.0,0.0,0.0,0.0,1,0,0,0,0.0,0.0,1,3,0,1946
1,6,1,1,1,0.4286,0.0,0.0,0.0,0.0,2,0,0,0,0.0,0.0,1,3,0,1947
3,7,1,0,0,0.5714,0.3333333333333333,1.0,0.3333333333333333,1.0,3,1,0,1,0.5,0.3333333333333333,1,3,0,1948
1,2,0,0,0,0.7143,0.25,1.0,0.25,1.0,4,1,0,1,0.5,0.25,1,3,0,1949
2,7,1,0,0,0.8571,0.2,1.0,0.2,1.0,5,1,0,1,0.5,0.2,1,3,0,1950
1,0,0,0,0,1.0,0.16666666666666666,1.0,0.16666666666666666,1.0,6,1,0,1,0.5,0.16666666666666666,1,3,0,1951
1,2,0,0,0,0.1429,0.0,0.0,0.0,0.0,0,0,0,0,0.0,0.0,3,3,0,1952
2,2,0,1,0,0.2857,0.0,0.0,0.0,0.0,1,0,0,0,0.0,0.0,3,3,0,1953
1,6,1,0,0,0.4286,0.5,1.0,0.0,0.0,2,1,0,1,0.0,0.5,3,3,0,1954
2,6,1,0,1,0.5714,0.3333333333333333,1.0,0.0,0.0,3,1,0,1,0.0,0.3333333333333333,3,3,0,1955
2,6,1,1,1,0.7143,0.25,1.0,0.25,1.0,4,1,0,1,0.5,0.25,3,3,0,1956
1,0,0,0,1,0.8571,0.4,1.0,0.4,1.0,5,2,0,2,0.5,0.4,3,3,0,1957
3,2,0,0,1,1.0,0.3333333333333333,1.0,0.5,1.0,6,2,0,2,0.5,0.3333333333333333,3,3,0,1958
2,0,0,0,1,0.1,0.0,0.0,0.0,0.0,0,0,0,0,0.0,0.0,2,3,0,1959
3,1,0,0,0,0.2,0.0,0.0,1.0,1.0,1,0,0,0,0.5,0.0,2,3,0,1960
1,1,0,1,1,0.3,0.0,0.0,0.5,1.0,2,0,0,0,0.5,0.0,2,3,0,1961
2,1,0,0,0,0.4,0.3333333333333333,1.0,0.6666666666666666,1.0,3,1,0,1,0.5,0.3333333333333333,2,3,0,1962
2,1,0,0,1,0.5,0.25,1.0,0.5,1.0,4,1,0,1,0.5,0.25,2,3,0,1963
2,2,0,1,0,0.6,0.2,1.0,0.6,1.0,5,1,0,1,0.5,0.2,2,3,0,1964
2,6,1,0,0,0.7,0.3333333333333333,1.0,0.5,1.0,6,2,0,2,0.5,0.3333333333333333,2,3,0,1965
2,1,0,0,0,0.8,0.2857142857142857,1.0,0.42857142857142855,1.0,7,2,0,2,0.5,0.2857142857142857,2,3,0,1966
1,1,0,0,0,0.9,0.25,1.0,0.375,1.0,8,2,0,2,0.5,0.25,2,3,0,1967
3,1,0,0,1,1.0,0.2222222222222222,1.0,0.3333333333333333,1.0,9,2,0,2,0.5,0.2222222222222222,2,3,0,1968
3,7,1,0,0,0.2,0.0,0.0,0.0,0.0,0,0,0,0,0.0,0.0,3,4,0,1969
1,1,0,1,0,0.4,0.0,0.0,0.0,0.0,1,0,0,0,0.0,0.0,3,4,0,1970
2,1,0,0,0,0.6,0.5,1.0,0.0,0.0,2,1,0,1,0.0,0.5,3,4,0,1971
3,7,1,0,1,0.8,0.3333333333333333,1.0,0.0,0.0,3,1,0,1,0.0,0.3333333333333333,3,4,0,1972
2,2,0,0,1,1.0,0.25,1.0,0.25,1.0,4,1,0,1,0.5,0.25,3,4,0,1973
2,1,0,0,0,0.1,0.0,0.0,0.0,0.0,0,0,0,0,0.0,0.0,1,2,0,1974
1,1,0,0,1,0.2,0.0,0.0,0.0,0.0,1,0,0,0,0.0,0.0,1,2,0,1975
2,6,1,0,0,0.3,0.0,0.0,0.5,1.0,2,0,0,0,0.5,0.0,1,2,0,1976
3,7,1,0,1,0.4,0.0,0.0,0.3333333333333333,1.0,3,0,0,0,0.5,0.0,1,2,0,1977
1,2,0,0,1,0.5,0.0,0.0,0.5,1.0,4,0,0,0,0.5,0.0,1,2,0,1978
2,6,1,1,1,0.6,0.0,0.0,0.6,1.0,5,0,0,0,0.5,0.0,1,2,0,1979
1,6,1,1,1,0.7,0.16666666666666666,1.0,0.6666666666666666,1.0,6,1,0,1,0.5,0.16666666666666666,1,2,0,1980
3,7,1,0,1,0.8,0.2857142857142857,1.0,0.7142857142857143,1.0,7,2,0,2,0.5,0.2857142857142857,1,2,0,1981
3,6,1,0,0,0.9,0.25,1.0,0.75,1.0,8,2,0,2,0.5,0.25,1,2,0,1982
2,7,1,1,0,1.0,0.2222222222222222,1.0,0.6666666666666666,1.0,9,2,0,2,0.5,0.2222222222222222,1,2,0,1983
1,2,0,0,1,0.1111,0.0,0.0,0.0,0.0,0,0,0,0,0.0,0.0,3,4,0,1984
1,7,1,0,1,0.2222,0.0,0.0,1.0,1.0,1,0,0,0,0.5,0.0,3,4,0,1985
1,1,0,0,0,0.3333,0.0,0.0,1.0,1.0,2,0,0,0,0.5,0.0,3,4,0,1986
2,7,1,0,0,0.4444,0.0,0.0,0.6666666666666666,1.0,3,0,0,0,0.5,0.0,3,4,0,1987
1,1,0,0,1,0.5556,0.0,0.0,0.5,1.0,4,0,0,0,0.5,0.0,3,4,0,1988
3,2,0,1,1,0.6667,0.0,0.0,0.6,1.0,5,0,0,0,0.5,0.0,3,4,0,1989
2,7,1,1,1,0.7778,0.16666666666666666,1.0,0.6666666666666666,1.0,6,1,0,1,0.5,0.16666666666666666,3,4,0,1990
3,2,0,0,0,0.8889,0.2857142857142857,1.0,0.7142857142857143,1.0,7,2,0,2,0.5,0.2857142857142857,3,4,0,1991
2,0,0,0,0,1.0,0.25,1.0,0.625,1.0,8,2,0,2,0.5,0.25,3,4,0,1992
3,6,1,0,0,0.1,0.0,0.0,0.0,0.0,0,0,0,0,0.0,0.0,3,2,0,1993
1,6,1,0,0,0.2,0.0,0.0,0.0,0.0,1,0,0,0,0.0,0.0,3,2,0,1994
1,1,0,1,0,0.3,0.0,0.0,0.0,0.0,2,0,0,0,0.0,0.0,3,2,0,1995
1,1,0,1,1,0.4,0.3333333333333333,1.0,0.0,0.0,3,1,0,1,0.0,0.3333333333333333,3,2,0,1996
2,2,0,0,0,0.5,0.5,1.0,0.25,1.0,4,2,0,2,0.5,0.5,3,2,0,1997
2,6,1,0,1,0.6,0.4,1.0,0.2,1.0,5,2,0,2,0.5,0.4,3,2,0,1998
1,7,1,0,1,0.7,0.3333333333333333,1.0,0.3333333333333333,1.0,6,2,0,2,0.5,0.3333333333333333,3,2,0,1999
3,2,0,0,0,0.8,0.2857142857142857,1.0,0.42857142857142855,1.0,7,2,0,2,0.5,0.2857142857142857,3,2,0,2000
2,7,1,0,0,0.9,0.25,1.0,0.375,1.0,8,2,0,2,0.5,0.25,3,2,0,2001
3,2,0,1,1,1.0,0.2222222222222222,1.0,0.3333333333333333,1.0,9,2,0,2,0.5,0.2222222222222222,3,2,0,2002
3,1,0,0,1,0.1667,0.0,0.0,0.0,0.0,0,0,0,0,0.0,0.0,1,3,0,2003
3,0,0,0,1,0.3333,0.0,0.0,1.0,1.0,1,0,0,0,0.5,0.0,1,3,0,2004
1,0,0,0,0,0.5,0.0,0.0,1.0,1.0,2,0,0,0,0.5,0.0,1,3,0,2005
2,6,1,0,1,0.6667,0.0,0.0,0.6666666666666666,1.0,3,0,0,0,0.5,0.0,1,3,0,2006
1,0,0,0,0,0.8333,0.0,0.0,0.75,1.0,4,0,0,0,0.5,0.0,1,3,0,2007
2,0,0,1,1,1.0,0.0,0.0,0.6,1.0,5,0,0,0,0.5,0.0,1,3,0,2008
3,6,1,0,0,0.1111,0.0,0.0,0.0,0.0,0,0,0,0,0.0,0.0,1,3,0,2009
2,7,1,0,0,0.2222,0.0,0.0,0.0,0.0,1,0,0,0,0.0,0.0,1,3,0,2010
1,6,1,0,1,0.3333,0.0,0.0,0.0,0.0,2,0,0,0,0.0,0.0,1,3,0,2011
1,7,1,0,1,0.4444,0.0,0.0,0.3333333333333333,1.0,3,0,0,0,0.5,0.0,1,3,0,2012
1,6,1,0,0,0.5556,0.0,0.0,0.5,1.0,4,0,0,0,0.5,0.0,1,3,0,2013
1,2,0,1,0,0.6667,0.0,0.0,0.4,1.0,5,0,0,0,0.5,0.0,1,3,0,2014
1,7,1,0,0,0.7778,0.16666666666666666,1.0,0.3333333333333333,1.0,6,1,0,1,0.5,0.16666666666666666,1,3,0,2015
1,0,0,0,1,0.8889,0.14285714285714285,1.0,0.2857142857142857,1.0,7,1,0,1,0.5,0.14285714285714285,1,3,0,2016
1,7,1,0,0,1.0,0.125,1.0,0.375,1.0,8,1,0,1,0.5,0.125,1,3,0,2017
2,1,0,0,0,0.125,0.0,0.0,0.0,0.0,0,0,0,0,0.0,0.0,2,2,0,2018
3,0,0,0,0,0.25,0.0,0.0,0.0,0.0,1,0,0,0,0.0,0.0,2,2,0,2019
1,6,1,1,0,0.375,0.0,0.0,0.0,0.0,2,0,0,0,0.0,0.0,2,2,0,2020
2,6,1,0,1,0.5,0.3333333333333333,1.0,0.0,0.0,3,1,0,1,0.0,0.3333333333333333,2,2,0,2021
1,1,0,0,1,0.625,0.25,1.0,0.25,1.0,4,1,0,1,0.5,0.25,2,2,0,2022
2,6,1,0,0,0.75,0.2,1.0,0.4,1.0,5,1,0,1,0.5,0.2,2,2,0,2023
3,2,0,0,1,0.875,0.16666666666666666,1.0,0.3333333333333333,1.0,6,1,0,1,0.5,0.16666666666666666,2,2,0,2024
3,6,1,0,1,1.0,0.14285714285714285,1.0,0.42857142857142855,1.0,7,1,0,1,0.5,0.14285714285714285,2,2,0,2025
3,0,0,0,0,0.125,0.0,0.0,0.0,0.0,0,0,0,0,0.0,0.0,1,3,0,2026
1,7,1,0,0,0.25,0.0,0.0,0.0,0.0,1,0,0,0,0.0,0.0,1,3,0,2027
2,6,1,0,1,0.375,0.0,0.0,0.0,0.0,2,0,0,0,0.0,0.0,1,3,0,2028
3,7,1,0,1,0.5,0.0,0.0,0.3333333333333333,1.0,3,0,0,0,0.5,0.0,1,3,0,2029
3,1,0,1,1,0.625,0.0,0.0,0.5,1.0,4,0,0,0,0.5,0.0,1,3,0,2030
2,7,1,0,0,0.75,0.2,1.0,0.6,1.0,5,1,0,1,0.5,0.2,1,3,0,2031
2,2,0,0,0,0.875,0.16666666666666666,1.0,0.5,1.0,6,1,0,1,0.5,0.16666666666666666,1,3,0,2032
2,6,1,0,1,1.0,0.14285714285714285,1.0,0.42857142857142855,1.0,7,1,0,1,0.5,0.14285714285714285,1,3,0,2033
2,1,0,0,0,0.2,0.0,0.0,0.0,0.0,0,0,0,0,0.0,0.0,3,2,0,2034
3,7,1,0,1,0.4,0.0,0.0,0.0,0.0,1,0,0,0,0.0,0.0,3,2,0,2035
3,2,0,1,1,0.6,0.0,0.0,0.5,1.0,2,0,0,0,0.5,0.0,3,2,0,2036
2,6,1,0,0,0.8,0.3333333333333333,1.0,0.6666666666666666,1.0,3,1,0,1,0.5,0.3333333333333333,3,2,0,2037
1,2,0,1,0,1.0,0.25,1.0,0.5,1.0,4,1,0,1,0.5,0.25,3,2,0,2038
2,2,0,1,1,0.125,0.0,0.0,0.0,0.0,0,0,0,0,0.0,0.0,1,3,0,2039
3,7,1,0,0,0.25,1.0,1.0,1.0,1.0,1,1,0,1,0.5,1.0,1,3,0,2040
3,7,1,0,0,0.375,0.5,1.0,0.5,1.0,2,1,0,1,0.5,0.5,1,3,0,2041
2,2,0,0,1,0.5,0.3333333333333333,1.0,0.3333333333333333,1.0,3,1,0,1,0.5,0.3333333333333333,1,3,0,2042
3,2,0,0,0,0.625,0.25,1.0,0.5,1.0,4,1,0,1,0.5,0.25,1,3,0,2043
2,1,0,0,0,0.75,0.2,1.0,0.4,1.0,5,1,0,1,0.5,0.2,1,3,0,2044
2,7,1,1,0,0.875,0.16666666666666666,1.0,0.3333333333333333,1.0,6,1,0,1,0.5,0.16666666666666666,1,3,0,2045
2,1,0,0,0,1.0,0.2857142857142857,1.0,0.2857142857142857,1.0,7,2,0,2,0.5,0.2857142857142857,1,3,0,2046
1,0,0,0,0,0.2,0.0,0.0,0.0,0.0,0,0,0,0,0.0,0.0,2,2,0,2047
2,2,0,0,0,0.4,0.0,0.0,0.0,0.0,1,0,0,0,0.0,0.0,2,2,0,2048
3,1,0,0,1,0.6,0.0,0.0,0.0,0.0,2,0,0,0,0.0,0.0,2,2,0,2049
2,6,1,0,1,0.8,0.0,0.0,0.3333333333333333,1.0,3,0,0,0,0.5,0.0,2,2,0,2050
1,0,0,0,0,1.0,0.0,0.0,0.5,1.0,4,0,0,0,0.5,0.0,2,2,0,2051
3,1,0,0,0,0.2,0.0,0.0,0.0,0.0,0,0,0,0,0.0,0.0,0,3,0,2052
2,0,0,1,0,0.4,0.0,0.0,0.0,0.0,1,0,0,0,0.0,0.0,0,3,0,2053
3,1,0,0,0,0.6,0.5,1.0,0.0,0.0,2,1,0,1,0.0,0.5,0,3,0,2054
3,2,0,1,0,0.8,0.3333333333333333,1.0,0.0,0.0,3,1,0,1,0.0,0.3333333333333333,0,3,0,2055
3,7,1,0,0,1.0,0.5,1.0,0.0,0.0,4,2,0,2,0.0,0.5,0,3,0,2056
2,2,0,0,0,0.1,0.0,0.0,0.0,0.0,0,0,0,0,0.0,0.0,1,2,0,2057
3,6,1,0,0,0.2,0.0,0.0,0.0,0.0,1,0,0,0,0.0,0.0,1,2,0,2058
1,2,0,1,0,0.3,0.0,0.0,0.0,0.0,2,0,0,0,0.0,0.0,1,2,0,2059
3,0,0,0,1,0.4,0.3333333333333333,1.0,0.0,0.0,3,1,0,1,0.0,0.3333333333333333,1,2,0,2060
2,7,1,0,1,0.5,0.25,1.0,0.25,1.0,4,1,0,1,0.5,0.25,1,2,0,2061
2,6,1,0,0,0.6,0.2,1.0,0.4,1.0,5,1,0,1,0.5,0.2,1,2,0,2062
2,1,0,0,0,0.7,0.16666666666666666,1.0,0.3333333333333333,1.0,6,1,0,1,0.5,0.16666666666666666,1,2,0,2063
2,1,0,0,1,0.8,0.14285714285714285,1.0,0.2857142857142857,1.0,7,1,0,1,0.5,0.14285714285714285,1,2,0,2064
2,0,0,0,0,0.9,0.125,1.0,0.375,1.0,8,1,0,1,0.5,0.125,1,2,0,2065
2,7,1,0,1,1.0,0.1111111111111111,1.0,0.3333333333333333,1.0,9,1,0,1,0.5,0.1111111111111111,1,2,0,2066
3,7,1,0,0,0.1429,0.0,0.0,0.0,0.0,0,0,0,0,0.0,0.0,3,3,0,2067
3,1,0,0,0,0.2857,0.0,0.0,0.0,0.0,1,0,0,0,0.0,0.0,3,3,0,2068
2,1,0,0,0,0.4286,0.0,0.0,0.0,0.0,2,0,0,0,0.0,0.0,3,3,0,2069
2,6,1,0,0,0.5714,0.0,0.0,0.0,0.0,3,0,0,0,0.0,0.0,3,3,0,2070
3,1,0,0,1,0.7143,0.0,0.0,0.0,0.0,4,0,0,0,0.0,0.0,3,3,0,2071
2,6,1,0,0,0.8571,0.0,0.0,0.2,1.0,5,0,0,0,0.5,0.0,3,3,0,2072
1,6,1,0,0,1.0,0.0,0.0,0.16666666666666666,1.0,6,0,0,0,0.5,0.0,3,3,0,2073
3,7,1,0,0,0.25,0.0,0.0,0.0,0.0,0,0,0,0,0.0,0.0,3,4,0,2074
2,6,1,0,1,0.5,0.0,0.0,0.0,0.0,1,0,0,0,0.0,0.0,3,4,0,2075
1,2,0,0,1,0.75,0.0,0.0,0.5,1.0,2,0,0,0,0.5,0.0,3,4,0,2076
2,2,0,1,0,1.0,0.0,0.0,0.6666666666666666,1.0,3,0,0,0,0.5,0.0,3,4,0,2077
3,1,0,0,0,0.1667,0.0,0.0,0.0,0.0,0,0,0,0,0.0,0.0,0,2,0,2078
2,1,0,0,0,0.3333,0.0,0.0,0.0,0.0,1,0,0,0,0.0,0.0,0,2,0,2079
3,2,0,1,0,0.5,0.0,0.0,0.0,0.0,2,0,0,0,0.0,0.0,0,2,0,2080
2,0,0,0,0,0.6667,0.3333333333333333,1.0,0.0,0.0,3,1,0,1,0.0,0.3333333333333333,0,2,0,2081
3,1,0,1,0,0.8333,0.25,1.0,0.0,0.0,4,1,0,1,0.0,0.25,0,2,0,2082
3,1,0,0,0,1.0,0.4,1.0,0.0,0.0,5,2,0,2,0.0,0.4,0,2,0,2083
3,1,0,0,0,0.1429,0.0,0.0,0.0,0.0,0,0,0,0,0.0,0.0,3,4,0,2084
1,0,0,0,0,0.2857,0.0,0.0,0.0,0.0,1,0,0,0,0.0,0.0,3,4,0,2085
1,6,1,1,1,0.4286,0.0,0.0,0.0,0.0,2,0,0,0,0.0,0.0,3,4,0,2086
1,6,1,0,1,0.5714,0.3333333333333333,1.0,0.3333333333333333,1.0,3,1,0,1,0.5,0.3333333333333333,3,4,0,2087
2,6,1,0,0,0.7143,0.25,1.0,0.5,1.0,4,1,0,1,0.5,0.25,3,4,0,2088
1,6,1,0,1,0.8571,0.2,1.0,0.4,1.0,5,1,0,1,0.5,0.2,3,4,0,2089
2,2,0,0,0,1.0,0.16666666666666666,1.0,0.5,1.0,6,1,0,1,0.5,0.16666666666666666,3,4,0,2090
1,2,0,0,0,0.1,0.0,0.0,0.0,0.0,0,0,0,0,0.0,0.0,0,2,0,2091
3,6,1,0,1,0.2,0.0,0.0,0.0,0.0,1,0,0,0,0.0,0.0,0,2,0,2092
3,0,0,1,0,0.3,0.0,0.0,0.5,1.0,2,0,0,0,0.5,0.0,0,2,0,2093
2,7,1,0,0,0.4,0.3333333333333333,1.0,0.3333333333333333,1.0,3,1,0,1,0.5,0.3333333333333333,0,2,0,2094
3,2,0,0,0,0.5,0.25,1.0,0.25,1.0,4,1,0,1,0.5,0.25,0,2,0,2095
3,0,0,1,0,0.6,0.2,1.0,0.2,1.0,5,1,0,1,0.5,0.2,0,2,0,2096
3,6,1,0,0,0.7,0.3333333333333333,1.0,0.16666666666666666,1.0,6,2,0,2,0.5,0.3333333333333333,0,2,0,2097
2,6,1,0,0,0.8,0.2857142857142857,1.0,0.14285714285714285,1.0,7,2,0,2,0.5,0.2857142857142857,0,2,0,2098
3,7,1,0,0,0.9,0.25,1.0,0.125,1.0,8,2,0,2,0.5,0.25,0,2,0,2099
3,7,1,0,1,1.0,0.2222222222222222,1.0,0.1111111111111111,1.0,9,2,0,2,0.5,0.2222222222222222,0,2,0,2100
3,1,0,0,0,0.25,0.0,0.0,0.0,0.0,0,0,0,0,0.0,0.0,3,4,0,2101
1,0,0,0,0,0.5,0.0,0.0,0.0,0.0,1,0,0,0,0.0,0.0,3,4,0,2102
2,1,0,0,1,0.75,0.0,0.0,0.0,0.0,2,0,0,0,0.0,0.0,3,4,0,2103
3,7,1,1,0,1.0,0.0,0.0,0.3333333333333333,1.0,3,0,0,0,0.5,0.0,3,4,0,2104
1,7,1,0,0,0.125,0.0,0.0,0.0,0.0,0,0,0,0,0.0,0.0,0,3,0,2105
3,6,1,0,0,0.25,0.0,0.0,0.0,0.0,1,0,0,0,0.0,0.0,0,3,0,2106
2,2,0,0,0,0.375,0.0,0.0,0.0,0.0,2,0,0,0,0.0,0.0,0,3,0,2107
1,7,1,0,0,0.5,0.0,0.0,0.0,0.0,3,0,0,0,0.0,0.0,0,3,0,2108
2,0,0,1,0,0.625,0.0,0.0,0.0,0.0,4,0,0,0,0.0,0.0,0,3,0,2109
3,1,0,1,0,0.75,0.2,1.0,0.0,0.0,5,1,0,1,0.0,0.2,0,3,0,2110
2,1,0,0,0,0.875,0.3333333333333333,1.0,0.0,0.0,6,2,0,2,0.0,0.3333333333333333,0,3,0,2111
2,7,1,0,0,1.0,0.2857142857142857,1.0,0.0,0.0,7,2,0,2,0.0,0.2857142857142857,0,3,0,2112
1,0,0,0,0,0.1429,0.0,0.0,0.0,0.0,0,0,0,0,0.0,0.0,2,4,0,2113
3,7,1,0,0,0.2857,0.0,0.0,0.0,0.0,1,0,0,0,0.0,0.0,2,4,0,2114
1,2,0,0,0,0.4286,0.0,0.0,0.0,0.0,2,0,0,0,0.0,0.0,2,4,0,2115
1,0,0,0,1,0.5714,0.0,0.0,0.0,0.0,3,0,0,0,0.0,0.0,2,4,0,2116
3,2,0,0,0,0.7143,0.0,0.0,0.25,1.0,4,0,0,0,0.5,0.0,2,4,0,2117
3,2,0,0,0,0.8571,0.0,0.0,0.2,1.0,5,0,0,0,0.5,0.0,2,4,0,2118
2,6,1,0,0,1.0,0.0,0.0,0.16666666666666666,1.0,6,0,0,0,0.5,0.0,2,4,0,2119
1,2,0,0,0,0.1,0.0,0.0,0.0,0.0,0,0,0,0,0.0,0.0,2,4,0,2120
2,2,0,0,1,0.2,0.0,0.0,0.0,0.0,1,0,0,0,0.0,0.0,2,4,0,2121
2,6,1,0,0,0.3,0.0,0.0,0.5,1.0,2,0,0,0,0.5,0.0,2,4,0,2122
3,2,0,0,0,0.4,0.0,0.0,0.3333333333333333,1.0,3,0,0,0,0.5,0.0,2,4,0,2123
1,6,1,0,0,0.5,0.0,0.0,0.25,1.0,4,0,0,0,0.5,0.0,2,4,0,2124
1,0,0,0,1,0.6,0.0,0.0,0.2,1.0,5,0,0,0,0.5,0.0,2,4,0,2125
2,1,0,0,0,0.7,0.0,0.0,0.3333333333333333,1.0,6,0,0,0,0.5,0.0,2,4,0,2126
1,1,0,0,1,0.8,0.0,0.0,0.2857142857142857,1.0,7,0,0,0,0.5,0.0,2,4,0,2127
3,1,0,0,0,0.9,0.0,0.0,0.375,1.0,8,0,0,0,0.5,0.0,2,4,0,2128
1,2,0,0,1,1.0,0.0,0.0,0.3333333333333333,1.0,9,0,0,0,0.5,0.0,2,4,0,2129
2,1,0,0,1,0.1,0.0,0.0,0.0,0.0,0,0,0,0,0.0,0.0,1,4,0,2130
3,2,0,1,0,0.2,0.0,0.0,1.0,1.0,1,0,0,0,0.5,0.0,1,4,0,2131
2,0,0,1,0,0.3,0.5,1.0,0.5,1.0,2,1,0,1,0.5,0.5,1,4,0,2132
3,6,1,1,0,0.4,0.6666666666666666,1.0,0.3333333333333333,1.0,3,2,0,2,0.5,0.6666666666666666,1,4,0,2133
2,7,1,0,0,0.5,0.75,1.0,0.25,1.0,4,3,0,3,0.5,0.75,1,4,0,2134
1,2,0,0,0,0.6,0.6,1.0,0.2,1.0,5,3,0,3,0.5,0.6,1,4,0,2135
1,7,1,0,1,0.7,0.5,1.0,0.16666666666666666,1.0,6,3,0,3,0.5,0.5,1,4,0,2136
3,0,0,0,0,0.8,0.42857142857142855,1.0,0.2857142857142857,1.0,7,3,0,3,0.5,0.42857142857142855,1,4,0,2137
3,7,1,0,0,0.9,0.375,1.0,0.25,1.0,8,3,0,3,0.5,0.375,1,4,0,2138
3,1,0,1,0,1.0,0.3333333333333333,1.0,0.2222222222222222,1.0,9,3,0,3,0.5,0.3333333333333333,1,4,0,2139
2,1,0,0,0,0.125,0.0,0.0,0.0,0.0,0,0,0,0,0.0,0.0,2,2,0,2140
1,0,0,0,1,0.25,0.0,0.0,0.0,0.0,1,0,0,0,0.0,0.0,2,2,0,2141
3,7,1,1,0,0.375,0.0,0.0,0.5,1.0,2,0,0,0,0.5,0.0,2,2,0,2142
2,2,0,1,0,0.5,0.3333333333333333,1.0,0.3333333333333333,1.0,3,1,0,1,0.5,0.3333333333333333,2,2,0,2143
3,7,1,0,1,0.625,0.5,1.0,0.25,1.0,4,2,0,2,0.5,0.5,2,2,0,2144
2,2,0,0,0,0.75,0.4,1.0,0.4,1.0,5,2,0,2,0.5,0.4,2,2,0,2145
1,0,0,1,0,0.875,0.3333333333333333,1.0,0.3333333333333333,1.0,6,2,0,2,0.5,0.3333333333333333,2,2,0,2146
2,7,1,1,0,1.0,0.42857142857142855,1.0,0.2857142857142857,1.0,7,3,0,3,0.5,0.42857142857142855,2,2,0,2147
3,6,1,0,1,0.1,0.0,0.0,0.0,0.0,0,0,0,0,0.0,0.0,3,3,0,2148
2,0,0,0,1,0.2,0.0,0.0,1.0,1.0,1,0,0,0,0.5,0.0,3,3,0,2149
2,6,1,0,0,0.3,0.0,0.0,1.0,1.0,2,0,0,0,0.5,0.0,3,3,0,2150
1,0,0,0,1,0.4,0.0,0.0,0.6666666666666666,1.0,3,0,0,0,0.5,0.0,3,3,0,2151
3,1,0,0,1,0.5,0.0,0.0,0.75,1.0,4,0,0,0,0.5,0.0,3,3,0,2152
1,0,0,1,0,0.6,0.0,0.0,0.8,1.0,5,0,0,0,0.5,0.0,3,3,0,2153
3,0,0,0,1,0.7,0.16666666666666666,1.0,0.6666666666666666,1.0,6,1,0,1,0.5,0.16666666666666666,3,3,0,2154
2,0,0,1,1,0.8,0.14285714285714285,1.0,0.7142857142857143,1.0,7,1,0,1,0.5,0.14285714285714285,3,3,0,2155
1,7,1,0,1,0.9,0.25,1.0,0.75,1.0,8,2,0,2,0.5,0.25,3,3,0,2156
2,6,1,0,0,1.0,0.2222222222222222,1.0,0.7777777777777778,1.0,9,2,0,2,0.5,0.2222222222222222,3,3,0,2157
3,1,0,0,0,0.25,0.0,0.0,0.0,0.0,0,0,0,0,0.0,0.0,3,4,0,2158
3,0,0,0,0,0.5,0.0,0.0,0.0,0.0,1,0,0,0,0.0,0.0,3,4,0,2159
1,1,0,0,1,0.75,0.0,0.0,0.0,0.0,2,0,0,0,0.0,0.0,3,4,0,2160
2,7,1,0,0,1.0,0.0,0.0,0.3333333333333333,1.0,3,0,0,0,0.5,0.0,3,4,0,2161
1,6,1,0,0,0.1429,0.0,0.0,0.0,0.0,0,0,0,0,0.0,0.0,2,4,0,2162
2,0,0,0,1,0.2857,0.0,0.0,0.0,0.0,1,0,0,0,0.0,0.0,2,4,0,2163
3,1,0,1,0,0.4286,0.0,0.0,0.5,1.0,2,0,0,0,0.5,0.0,2,4,0,2164
3,1,0,1,0,0.5714,0.3333333333333333,1.0,0.3333333333333333,1.0,3,1,0,1,0.5,0.3333333333333333,2,4,0,2165
1,2,0,1,0,0.7143,0.5,1.0,0.25,1.0,4,2,0,2,0.5,0.5,2,4,0,2166
1,7,1,0,0,0.8571,0.6,1.0,0.2,1.0,5,3,0,3,0.5,0.6,2,4,0,2167
2,2,0,0,0,1.0,0.5,1.0,0.16666666666666666,1.0,6,3,0,3,0.5,0.5,2,4,0,2168
1,6,1,0,0,0.125,0.0,0.0,0.0,0.0,0,0,0,0,0.0,0.0,0,3,0,2169
1,1,0,0,0,0.25,0.0,0.0,0.0,0.0,1,0,0,0,0.0,0.0,0,3,0,2170
1,6,1,0,0,0.375,0.0,0.0,0.0,0.0,2,0,0,0,0.0,0.0,0,3,0,2171
1,7,1,1,0,0.5,0.0,0.0,0.0,0.0,3,0,0,0,0.0,0.0,0,3,0,2172
3,2,0,0,0,0.625,0.25,1.0,0.0,0.0,4,1,0,1,0.0,0.25,0,3,0,2173
1,6,1,0,0,0.75,0.2,1.0,0.0,0.0,5,1,0,1,0.0,0.2,0,3,0,2174
3,0,0,0,0,0.875,0.16666666666666666,1.0,0.0,0.0,6,1,0,1,0.0,0.16666666666666666,0,3,0,2175
1,0,0,0,0,1.0,0.14285714285714285,1.0,0.0,0.0,7,1,0,1,0.0,0.14285714285714285,0,3,0,2176
1,2,0,0,0,0.1667,0.0,0.0,0.0,0.0,0,0,0,0,0.0,0.0,2,4,0,2177
2,6,1,1,1,0.3333,0.0,0.0,0.0,0.0,1,0,0,0,0.0,0.0,2,4,0,2178
1,2,0,1,1,0.5,0.5,1.0,0.5,1.0,2,1,0,1,0.5,0.5,2,4,0,2179
2,7,1,1,0,0.6667,0.6666666666666666,1.0,0.6666666666666666,1.0,3,2,0,2,0.5,0.6666666666666666,2,4,0,2180
3,1,0,1,0,0.8333,0.75,1.0,0.5,1.0,4,3,0,3,0.5,0.75,2,4,0,2181
3,2,0,0,1,1.0,0.8,1.0,0.4,1.0,5,4,0,4,0.5,0.8,2,4,0,2182
1,1,0,0,1,0.125,0.0,0.0,0.0,0.0,0,0,0,0,0.0,0.0,3,4,0,2183
1,2,0,0,0,0.25,0.0,0.0,1.0,1.0,1,0,0,0,0.5,0.0,3,4,0,2184
2,1,0,1,0,0.375,0.0,0.0,0.5,1.0,2,0,0,0,0.5,0.0,3,4,0,2185
2,7,1,0,1,0.5,0.3333333333333333,1.0,0.3333333333333333,1.0,3,1,0,1,0.5,0.3333333333333333,3,4,0,2186
2,2,0,0,0,0.625,0.25,1.0,0.5,1.0,4,1,0,1,0.5,0.25,3,4,0,2187
3,1,0,0,0,0.75,0.2,1.0,0.4,1.0,5,1,0,1,0.5,0.2,3,4,0,2188
1,0,0,1,0,0.875,0.16666666666666666,1.0,0.3333333333333333,1.0,6,1,0,1,0.5,0.16666666666666666,3,4,0,2189
2,1,0,0,0,1.0,0.2857142857142857,1.0,0.2857142857142857,1.0,7,2,0,2,0.5,0.2857142857142857,3,4,0,2190
3,2,0,0,0,0.1667,0.0,0.0,0.0,0.0,0,0,0,0,0.0,0.0,0,4,0,2191
3,1,0,0,0,0.3333,0.0,0.0,0.0,0.0,1,0,0,0,0.0,0.0,0,4,0,2192
1,6,1,1,0,0.5,0.0,0.0,0.0,0.0,2,0,0,0,0.0,0.0,0,4,0,2193
1,2,0,0,0,0.6667,0.3333333333333333,1.0,0.0,0.0,3,1,0,1,0.0,0.3333333333333333,0,4,0,2194
2,1,0,0,0,0.8333,0.25,1.0,0.0,0.0,4,1,0,1,0.0,0.25,0,4,0,2195
3,2,0,0,1,1.0,0.2,1.0,0.0,0.0,5,1,0,1,0.0,0.2,0,4,0,2196
2,7,1,1,1,0.25,0.0,0.0,0.0,0.0,0,0,0,0,0.0,0.0,1,4,0,2197
3,7,1,0,1,0.5,1.0,1.0,1.0,1.0,1,1,0,1,0.5,1.0,1,4,0,2198
2,7,1,0,0,0.75,0.5,1.0,1.0,1.0,2,1,0,1,0.5,0.5,1,4,0,2199
3,2,0,0,0,1.0,0.3333333333333333,1.0,0.6666666666666666,1.0,3,1,0,1,0.5,0.3333333333333333,1,4,0,2200
3,6,1,1,1,0.1,0.0,0.0,0.0,0.0,0,0,0,0,0.0,0.0,1,4,0,2201
1,0,0,0,0,0.2,1.0,1.0,1.0,1.0,1,1,0,1,0.5,1.0,1,4,0,2202
3,6,1,0,0,0.3,0.5,1.0,0.5,1.0,2,1,0,1,0.5,0.5,1,4,0,2203
1,1,0,0,0,0.4,0.3333333333333333,1.0,0.3333333333333333,1.0,3,1,0,1,0.5,0.3333333333333333,1,4,0,2204
2,6,1,0,0,0.5,0.25,1.0,0.25,1.0,4,1,0,1,0.5,0.25,1,4,0,2205
1,2,0,0,1,0.6,0.2,1.0,0.2,1.0,5,1,0,1,0.5,0.2,1,4,0,2206
2,0,0,0,0,0.7,0.16666666666666666,1.0,0.3333333333333333,1.0,6,1,0,1,0.5,0.16666666666666666,1,4,0,2207
2,0,0,0,0,0.8,0.14285714285714285,1.0,0.2857142857142857,1.0,7,1,0,1,0.5,0.14285714285714285,1,4,0,2208
3,0,0,0,1,0.9,0.125,1.0,0.25,1.0,8,1,0,1,0.5,0.125,1,4,0,2209
2,1,0,1,0,1.0,0.1111111111111111,1.0,0.3333333333333333,1.0,9,1,0,1,0.5,0.1111111111111111,1,4,0,2210
2,0,0,0,1,0.1667,0.0,0.0,0.0,0.0,0,0,0,0,0.0,0.0,0,2,0,2211
1,2,0,1,0,0.3333,0.0,0.0,1.0,1.0,1,0,0,0,0.5,0.0,0,2,0,2212
2,2,0,0,0,0.5,0.5,1.0,0.5,1.0,2,1,0,1,0.5,0.5,0,2,0,2213
1,2,0,0,0,0.6667,0.3333333333333333,1.0,0.3333333333333333,1.0,3,1,0,1,0.5,0.3333333333333333,0,2,0,2214
3,6,1,1,0,0.8333,0.25,1.0,0.25,1.0,4,1,0,1,0.5,0.25,0,2,0,2215
2,0,0,0,0,1.0,0.4,1.0,0.2,1.0,5,2,0,2,0.5,0.4,0,2,0,2216
3,7,1,1,0,0.1,0.0,0.0,0.0,0.0,0,0,0,0,0.0,0.0,3,4,0,2217
2,0,0,1,0,0.2,1.0,1.0,0.0,0.0,1,1,0,1,0.0,1.0,3,4,0,2218
1,1,0,0,0,0.3,1.0,1.0,0.0,0.0,2,2,0,2,0.0,1.0,3,4,0,2219
3,0,0,0,1,0.4,0.6666666666666666,1.0,0.0,0.0,3,2,0,2,0.0,0.6666666666666666,3,4,0,2220
3,6,1,0,0,0.5,0.5,1.0,0.25,1.0,4,2,0,2,0.5,0.5,3,4,0,2221
3,6,1,0,0,0.6,0.4,1.0,0.2,1.0,5,2,0,2,0.5,0.4,3,4,0,2222
1,1,0,0,1,0.7,0.3333333333333333,1.0,0.16666666666666666,1.0,6,2,0,2,0.5,0.3333333333333333,3,4,0,2223
1,6,1,0,1,0.8,0.2857142857142857,1.0,0.2857142857142857,1.0,7,2,0,2,0.5,0.2857142857142857,3,4,0,2224
3,2,0,0,1,0.9,0.25,1.0,0.375,1.0,8,2,0,2,0.5,0.25,3,4,0,2225
2,2,0,0,0,1.0,0.2222222222222222,1.0,0.4444444444444444,1.0,9,2,0,2,0.5,0.2222222222222222,3,4,0,2226
2,6,1,0,0,0.125,0.0,0.0,0.0,0.0,0,0,0,0,0.0,0.0,0,3,0,2227
2,6,1,0,0,0.25,0.0,0.0,0.0,0.0,1,0,0,0,0.0,0.0,0,3,0,2228
2,6,1,1,0,0.375,0.0,0.0,0.0,0.0,2,0,0,0,0.0,0.0,0,3,0,2229
3,1,0,1,0,0.5,0.3333333333333333,1.0,0.0,0.0,3,1,0,1,0.0,0.3333333333333333,0,3,0,2230
3,2,0,0,0,0.625,0.5,1.0,0.0,0.0,4,2,0,2,0.0,0.5,0,3,0,2231
2,6,1,0,1,0.75,0.4,1.0,0.0,0.0,5,2,0,2,0.0,0.4,0,3,0,2232
1,0,0,0,1,0.875,0.3333333333333333,1.0,0.16666666666666666,1.0,6,2,0,2,0.5,0.3333333333333333,0,3,0,2233
1,0,0,0,0,1.0,0.2857142857142857,1.0,0.2857142857142857,1.0,7,2,0,2,0.5,0.2857142857142857,0,3,0,2234
2,0,0,1,0,0.1429,0.0,0.0,0.0,0.0,0,0,0,0,0.0,0.0,3,3,0,2235
3,0,0,0,0,0.2857,1.0,1.0,0.0,0.0,1,1,0,1,0.0,1.0,3,3,0,2236
1,1,0,0,1,0.4286,0.5,1.0,0.0,0.0,2,1,0,1,0.0,0.5,3,3,0,2237
2,2,0,0,1,0.5714,0.3333333333333333,1.0,0.3333333333333333,1.0,3,1,0,1,0.5,0.3333333333333333,3,3,0,2238
1,2,0,0,0,0.7143,0.25,1.0,0.5,1.0,4,1,0,1,0.5,0.25,3,3,0,2239
3,1,0,1,0,0.8571,0.2,1.0,0.4,1.0,5,1,0,1,0.5,0.2,3,3,0,2240
3,6,1,0,0,1.0,0.3333333333333333,1.0,0.3333333333333333,1.0,6,2,0,2,0.5,0.3333333333333333,3,3,0,2241
3,2,0,0,1,0.1,0.0,0.0,0.0,0.0,0,0,0,0,0.0,0.0,2,4,0,2242
2,1,0,1,0,0.2,0.0,0.0,1.0,1.0,1,0,0,0,0.5,0.0,2,4,0,2243
1,6,1,0,0,0.3,0.5,1.0,0.5,1.0,2,1,0,1,0.5,0.5,2,4,0,2244
1,6,1,0,0,0.4,0.3333333333333333,1.0,0.3333333333333333,1.0,3,1,0,1,0.5,0.3333333333333333,2,4,0,2245
3,1,0,0,1,0.5,0.25,1.0,0.25,1.0,4,1,0,1,0.5,0.25,2,4,0,2246
2,2,0,0,0,0.6,0.2,1.0,0.4,1.0,5,1,0,1,0.5,0.2,2,4,0,2247
3,7,1,0,1,0.7,0.16666666666666666,1.0,0.3333333333333333,1.0,6,1,0,1,0.5,0.16666666666666666,2,4,0,2248
3,0,0,0,0,0.8,0.14285714285714285,1.0,0.42857142857142855,1.0,7,1,0,1,0.5,0.14285714285714285,2,4,0,2249
1,6,1,1,0,0.9,0.125,1.0,0.375,1.0,8,1,0,1,0.5,0.125,2,4,0,2250
3,6,1,1,0,1.0,0.2222222222222222,1.0,0.3333333333333333,1.0,9,2,0,2,0.5,0.2222222222222222,2,4,0,2251
2,2,0,1,0,0.1667,0.0,0.0,0.0,0.0,0,0,0,0,0.0,0.0,0,3,0,2252
3,6,1,0,0,0.3333,1.0,1.0,0.0,0.0,1,1,0,1,0.0,1.0,0,3,0,2253
2,6,1,1,1,0.5,0.5,1.0,0.0,0.0,2,1,0,1,0.0,0.5,0,3,0,2254
2,1,0,0,1,0.6667,0.6666666666666666,1.0,0.3333333333333333,1.0,3,2,0,2,0.5,0.6666666666666666,0,3,0,2255
1,7,1,1,0,0.8333,0.5,1.0,0.5,1.0,4,2,0,2,0.5,0.5,0,3,0,2256
2,6,1,1,0,1.0,0.6,1.0,0.4,1.0,5,3,0,3,0.5,0.6,0,3,0,2257
3,1,0,0,0,0.125,0.0,0.0,0.0,0.0,0,0,0,0,0.0,0.0,1,2,0,2258
1,7,1,1,0,0.25,0.0,0.0,0.0,0.0,1,0,0,0,0.0,0.0,1,2,0,2259
3,7,1,0,1,0.375,0.5,1.0,0.0,0.0,2,1,0,1,0.0,0.5,1,2,0,2260
1,0,0,0,0,0.5,0.3333333333333333,1.0,0.3333333333333333,1.0,3,1,0,1,0.5,0.3333333333333333,1,2,0,2261
1,6,1,0,0,0.625,0.25,1.0,0.25,1.0,4,1,0,1,0.5,0.25,1,2,0,2262
3,6,1,0,1,0.75,0.2,1.0,0.2,1.0,5,1,0,1,0.5,0.2,1,2,0,2263
1,0,0,1,0,0.875,0.16666666666666666,1.0,0.3333333333333333,1.0,6,1,0,1,0.5,0.16666666666666666,1,2,0,2264
2,2,0,0,0,1.0,0.2857142857142857,1.0,0.2857142857142857,1.0,7,2,0,2,0.5,0.2857142857142857,1,2,0,2265
2,0,0,1,1,0.25,0.0,0.0,0.0,0.0,0,0,0,0,0.0,0.0,0,4,0,2266
2,2,0,0,0,0.5,1.0,1.0,1.0,1.0,1,1,0,1,0.5,1.0,0,4,0,2267
3,6,1,0,0,0.75,0.5,1.0,0.5,1.0,2,1,0,1,0.5,0.5,0,4,0,2268
2,1,0,0,0,1.0,0.3333333333333333,1.0,0.3333333333333333,1.0,3,1,0,1,0.5,0.3333333333333333,0,4,0,2269
1,7,1,0,1,0.2,0.0,0.0,0.0,0.0,0,0,0,0,0.0,0.0,1,3,0,2270
3,0,0,0,1,0.4,0.0,0.0,1.0,1.0,1,0,0,0,0.5,0.0,1,3,0,2271
1,6,1,0,0,0.6,0.0,0.0,1.0,1.0,2,0,0,0,0.5,0.0,1,3,0,2272
3,1,0,0,0,0.8,0.0,0.0,0.6666666666666666,1.0,3,0,0,0,0.5,0.0,1,3,0,2273
3,6,1,1,0,1.0,0.0,0.0,0.5,1.0,4,0,0,0,0.5,0.0,1,3,0,2274
2,1,0,0,0,0.1111,0.0,0.0,0.0,0.0,0,0,0,0,0.0,0.0,1,2,0,2275
3,1,0,1,1,0.2222,0.0,0.0,0.0,0.0,1,0,0,0,0.0,0.0,1,2,0,2276
1,6,1,0,1,0.3333,0.5,1.0,0.5,1.0,2,1,0,1,0.5,0.5,1,2,0,2277
2,1,0,0,0,0.4444,0.3333333333333333,1.0,0.6666666666666666,1.0,3,1,0,1,0.5,0.3333333333333333,1,2,0,2278
1,2,0,0,0,0.5556,0.25,1.0,0.5,1.0,4,1,0,1,0.5,0.25,1,2,0,2279
1,7,1,0,0,0.6667,0.2,1.0,0.4,1.0,5,1,0,1,0.5,0.2,1,2,0,2280
3,6,1,0,0,0.7778,0.16666666666666666,1.0,0.3333333333333333,1.0,6,1,0,1,0.5,0.16666666666666666,1,2,0,2281
2,1,0,1,1,0.8889,0.14285714285714285,1.0,0.2857142857142857,1.0,7,1,0,1,0.5,0.14285714285714285,1,2,0,2282
3,2,0,0,1,1.0,0.25,1.0,0.375,1.0,8,2,0,2,0.5,0.25,1,2,0,2283
3,0,0,0,0,0.1111,0.0,0.0,0.0,0.0,0,0,0,0,0.0,0.0,1,2,0,2284
1,7,1,0,1,0.2222,0.0,0.0,0.0,0.0,1,0,0,0,0.0,0.0,1,2,0,2285
3,6,1,0,0,0.3333,0.0,0.0,0.5,1.0,2,0,0,0,0.5,0.0,1,2,0,2286
1,1,0,1,1,0.4444,0.0,0.0,0.3333333333333333,1.0,3,0,0,0,0.5,0.0,1,2,0,2287
3,6,1,0,0,0.5556,0.25,1.0,0.5,1.0,4,1,0,1,0.5,0.25,1,2,0,2288
1,6,1,0,0,0.6667,0.2,1.0,0.4,1.0,5,1,0,1,0.5,0.2,1,2,0,2289
1,7,1,0,0,0.7778,0.16666666666666666,1.0,0.3333333333333333,1.0,6,1,0,1,0.5,0.16666666666666666,1,2,0,2290
2,1,0,0,0,0.8889,0.14285714285714285,1.0,0.2857142857142857,1.0,7,1,0,1,0.5,0.14285714285714285,1,2,0,2291
3,1,0,0,0,1.0,0.125,1.0,0.25,1.0,8,1,0,1,0.5,0.125,1,2,0,2292
2,1,0,0,0,0.25,0.0,0.0,0.0,0.0,0,0,0,0,0.0,0.0,3,4,0,2293
2,0,0,1,0,0.5,0.0,0.0,0.0,0.0,1,0,0,0,0.0,0.0,3,4,0,2294
3,2,0,0,0,0.75,0.5,1.0,0.0,0.0,2,1,0,1,0.0,0.5,3,4,0,2295
3,6,1,0,0,1.0,0.3333333333333333,1.0,0.0,0.0,3,1,0,1,0.0,0.3333333333333333,3,4,0,2296
1,0,0,0,0,0.1,0.0,0.0,0.0,0.0,0,0,0,0,0.0,0.0,2,3,0,2297
1,0,0,0,0,0.2,0.0,0.0,0.0,0.0,1,0,0,0,0.0,0.0,2,3,0,2298
1,7,1,1,0,0.3,0.0,0.0,0.0,0.0,2,0,0,0,0.0,0.0,2,3,0,2299
1,1,0,0,0,0.4,0.3333333333333333,1.0,0.0,0.0,3,1,0,1,0.0,0.3333333333333333,2,3,0,2300
2,0,0,0,0,0.5,0.25,1.0,0.0,0.0,4,1,0,1,0.0,0.25,2,3,0,2301
1,0,0,0,0,0.6,0.2,1.0,0.0,0.0,5,1,0,1,0.0,0.2,2,3,0,2302
1,6,1,1,0,0.7,0.16666666666666666,1.0,0.0,0.0,6,1,0,1,0.0,0.16666666666666666,2,3,0,2303
2,0,0,0,1,0.8,0.2857142857142857,1.0,0.0,0.0,7,2,0,2,0.0,0.2857142857142857,2,3,0,2304
1,7,1,0,1,0.9,0.25,1.0,0.125,1.0,8,2,0,2,0.5,0.25,2,3,0,2305
2,2,0,0,1,1.0,0.2222222222222222,1.0,0.2222222222222222,1.0,9,2,0,2,0.5,0.2222222222222222,2,3,0,2306
3,2,0,0,1,0.25,0.0,0.0,0.0,0.0,0,0,0,0,0.0,0.0,3,3,0,2307
2,1,0,0,0,0.5,0.0,0.0,1.0,1.0,1,0,0,0,0.5,0.0,3,3,0,2308
2,0,0,0,0,0.75,0.0,0.0,0.5,1.0,2,0,0,0,0.5,0.0,3,3,0,2309
1,0,0,1,1,1.0,0.0,0.0,0.3333333333333333,1.0,3,0,0,0,0.5,0.0,3,3,0,2310
3,7,1,0,1,0.1429,0.0,0.0,0.0,0.0,0,0,0,0,0.0,0.0,1,3,0,2311
2,1,0,0,1,0.2857,0.0,0.0,1.0,1.0,1,0,0,0,0.5,0.0,1,3,0,2312
1,1,0,1,1,0.4286,0.0,0.0,1.0,1.0,2,0,0,0,0.5,0.0,1,3,0,2313
1,6,1,0,0,0.5714,0.3333333333333333,1.0,1.0,1.0,3,1,0,1,0.5,0.3333333333333333,1,3,0,2314
1,2,0,0,1,0.7143,0.25,1.0,0.75,1.0,4,1,0,1,0.5,0.25,1,3,0,2315
2,0,0,0,0,0.8571,0.2,1.0,0.8,1.0,5,1,0,1,0.5,0.2,1,3,0,2316
2,0,0,0,1,1.0,0.16666666666666666,1.0,0.6666666666666666,1.0,6,1,0,1,0.5,0.16666666666666666,1,3,0,2317
3,1,0,0,0,0.1,0.0,0.0,0.0,0.0,0,0,0,0,0.0,0.0,1,2,0,2318
3,2,0,0,1,0.2,0.0,0.0,0.0,0.0,1,0,0,0,0.0,0.0,1,2,0,2319
3,1,0,0,1,0.3,0.0,0.0,0.5,1.0,2,0,0,0,0.5,0.0,1,2,0,2320
1,0,0,0,0,0.4,0.0,0.0,0.6666666666666666,1.0,3,0,0,0,0.5,0.0,1,2,0,2321
3,7,1,0,0,0.5,0.0,0.0,0.5,1.0,4,0,0,0,0.5,0.0,1,2,0,2322
3,1,0,0,0,0.6,0.0,0.0,0.4,1.0,5,0,0,0,0.5,0.0,1,2,0,2323
1,1,0,1,0,0.7,0.0,0.0,0.3333333333333333,1.0,6,0,0,0,0.5,0.0,1,2,0,2324
3,7,1,0,0,0.8,0.14285714285714285,1.0,0.2857142857142857,1.0,7,1,0,1,0.5,0.14285714285714285,1,2,0,2325
2,2,0,0,1,0.9,0.125,1.0,0.25,1.0,8,1,0,1,0.5,0.125,1,2,0,2326
2,1,0,0,0,1.0,0.1111111111111111,1.0,0.3333333333333333,1.0,9,1,0,1,0.5,0.1111111111111111,1,2,0,2327
1,2,0,0,0,0.1429,0.0,0.0,0.0,0.0,0,0,0,0,0.0,0.0,3,3,0,2328
1,2,0,1,0,0.2857,0.0,0.0,0.0,0.0,1,0,0,0,0.0,0.0,3,3,0,2329
2,2,0,0,1,0.4286,0.5,1.0,0.0,0.0,2,1,0,1,0.0,0.5,3,3,0,2330
2,1,0,0,0,0.5714,0.3333333333333333,1.0,0.3333333333333333,1.0,3,1,0,1,0.5,0.3333333333333333,3,3,0,2331
1,1,0,0,0,0.7143,0.25,1.0,0.25,1.0,4,1,0,1,0.5,0.25,3,3,0,2332
1,6,1,0,1,0.8571,0.2,1.0,0.2,1.0,5,1,0,1,0.5,0.2,3,3,0,2333
1,7,1,0,1,1.0,0.16666666666666666,1.0,0.3333333333333333,1.0,6,1,0,1,0.5,0.16666666666666666,3,3,0,2334
3,1,0,0,0,0.25,0.0,0.0,0.0,0.0,0,0,0,0,0.0,0.0,3,2,0,2335
2,7,1,1,1,0.5,0.0,0.0,0.0,0.0,1,0,0,0,0.0,0.0,3,2,0,2336
3,0,0,1,0,0.75,0.5,1.0,0.5,1.0,2,1,0,1,0.5,0.5,3,2,0,2337
2,0,0,1,0,1.0,0.6666666666666666,1.0,0.3333333333333333,1.0,3,2,0,2,0.5,0.6666666666666666,3,2,0,2338
1,1,0,0,1,0.25,0.0,0.0,0.0,0.0,0,0,0,0,0.0,0.0,0,3,0,2339
2,1,0,0,0,0.5,0.0,0.0,1.0,1.0,1,0,0,0,0.5,0.0,0,3,0,2340
3,1,0,0,0,0.75,0.0,0.0,0.5,1.0,2,0,0,0,0.5,0.0,0,3,0,2341
2,2,0,0,0,1.0,0.0,0.0,0.3333333333333333,1.0,3,0,0,0,0.5,0.0,0,3,0,2342
2,7,1,0,0,0.1667,0.0,0.0,0.0,0.0,0,0,0,0,0.0,0.0,2,2,0,2343
3,1,0,0,0,0.3333,0.0,0.0,0.0,0.0,1,0,0,0,0.0,0.0,2,2,0,2344
3,7,1,0,0,0.5,0.0,0.0,0.0,0.0,2,0,0,0,0.0,0.0,2,2,0,2345
2,1,0,0,0,0.6667,0.0,0.0,0.0,0.0,3,0,0,0,0.0,0.0,2,2,0,2346
3,0,0,0,0,0.8333,0.0,0.0,0.0,0.0,4,0,0,0,0.0,0.0,2,2,0,2347
2,6,1,0,0,1.0,0.0,0.0,0.0,0.0,5,0,0,0,0.0,0.0,2,2,0,2348
1,6,1,1,1,0.1111,0.0,0.0,0.0,0.0,0,0,0,0,0.0,0.0,2,2,0,2349
1,2,0,0,0,0.2222,1.0,1.0,1.0,1.0,1,1,0,1,0.5,1.0,2,2,0,2350
3,7,1,0,1,0.3333,0.5,1.0,0.5,1.0,2,1,0,1,0.5,0.5,2,2,0,2351
2,0,0,0,0,0.4444,0.3333333333333333,1.0,0.6666666666666666,1.0,3,1,0,1,0.5,0.3333333333333333,2,2,0,2352
3,7,1,0,0,0.5556,0.25,1.0,0.5,1.0,4,1,0,1,0.5,0.25,2,2,0,2353
2,1,0,0,0,0.6667,0.2,1.0,0.4,1.0,5,1,0,1,0.5,0.2,2,2,0,2354
3,2,0,1,0,0.7778,0.16666666666666666,1.0,0.3333333333333333,1.0,6,1,0,1,0.5,0.16666666666666666,2,2,0,2355
1,0,0,0,0,0.8889,0.2857142857142857,1.0,0.2857142857142857,1.0,7,2,0,2,0.5,0.2857142857142857,2,2,0,2356
1,0,0,0,1,1.0,0.25,1.0,0.25,1.0,8,2,0,2,0.5,0.25,2,2,0,2357
3,0,0,0,0,0.1111,0.0,0.0,0.0,0.0,0,0,0,0,0.0,0.0,1,4,0,2358
2,1,0,0,0,0.2222,0.0,0.0,0.0,0.0,1,0,0,0,0.0,0.0,1,4,0,2359
3,1,0,0,0,0.3333,0.0,0.0,0.0,0.0,2,0,0,0,0.0,0.0,1,4,0,2360
1,2,0,0,1,0.4444,0.0,0.0,0.0,0.0,3,0,0,0,0.0,0.0,1,4,0,2361
3,6,1,1,0,0.5556,0.0,0.0,0.25,1.0,4,0,0,0,0.5,0.0,1,4,0,2362
3,6,1,0,0,0.6667,0.2,1.0,0.2,1.0,5,1,0,1,0.5,0.2,1,4,0,2363
1,2,0,1,1,0.7778,0.16666666666666666,1.0,0.16666666666666666,1.0,6,1,0,1,0.5,0.16666666666666666,1,4,0,2364
1,6,1,0,1,0.8889,0.2857142857142857,1.0,0.2857142857142857,1.0,7,2,0,2,0.5,0.2857142857142857,1,4,0,2365
1,2,0,1,1,1.0,0.25,1.0,0.375,1.0,8,2,0,2,0.5,0.25,1,4,0,2366
3,6,1,0,0,0.1111,0.0,0.0,0.0,0.0,0,0,0,0,0.0,0.0,3,3,0,2367
3,2,0,0,0,0.2222,0.0,0.0,0.0,0.0,1,0,0,0,0.0,0.0,3,3,0,2368
1,1,0,0,1,0.3333,0.0,0.0,0.0,0.0,2,0,0,0,0.0,0.0,3,3,0,2369
2,6,1,0,0,0.4444,0.0,0.0,0.3333333333333333,1.0,3,0,0,0,0.5,0.0,3,3,0,2370
1,6,1,1,0,0.5556,0.0,0.0,0.25,1.0,4,0,0,0,0.5,0.0,3,3,0,2371
2,7,1,0,0,0.6667,0.2,1.0,0.2,1.0,5,1,0,1,0.5,0.2,3,3,0,2372
2,2,0,0,0,0.7778,0.16666666666666666,1.0,0.16666666666666666,1.0,6,1,0,1,0.5,0.16666666666666666,3,3,0,2373
2,0,0,0,1,0.8889,0.14285714285714285,1.0,0.14285714285714285,1.0,7,1,0,1,0.5,0.14285714285714285,3,3,0,2374
3,2,0,0,0,1.0,0.125,1.0,0.25,1.0,8,1,0,1,0.5,0.125,3,3,0,2375
2,1,0,0,0,0.1429,0.0,0.0,0.0,0.0,0,0,0,0,0.0,0.0,0,3,0,2376
2,2,0,0,1,0.2857,0.0,0.0,0.0,0.0,1,0,0,0,0.0,0.0,0,3,0,2377
1,1,0,0,0,0.4286,0.0,0.0,0.5,1.0,2,0,0,0,0.5,0.0,0,3,0,2378
2,7,1,1,0,0.5714,0.0,0.0,0.3333333333333333,1.0,3,0,0,0,0.5,0.0,0,3,0,2379
1,1,0,0,0,0.7143,0.25,1.0,0.25,1.0,4,1,0,1,0.5,0.25,0,3,0,2380
2,7,1,0,0,0.8571,0.2,1.0,0.2,1.0,5,1,0,1,0.5,0.2,0,3,0,2381
1,7,1,0,1,1.0,0.16666666666666666,1.0,0.16666666666666666,1.0,6,1,0,1,0.5,0.16666666666666666,0,3,0,2382
3,6,1,0,1,0.1111,0.0,0.0,0.0,0.0,0,0,0,0,0.0,0.0,3,2,0,2383
1,0,0,0,0,0.2222,0.0,0.0,1.0,1.0,1,0,0,0,0.5,0.0,3,2,0,2384
3,6,1,0,0,0.3333,0.0,0.0,0.5,1.0,2,0,0,0,0.5,0.0,3,2,0,2385
2,0,0,0,1,0.4444,0.0,0.0,0.3333333333333333,1.0,3,0,0,0,0.5,0.0,3,2,0,2386
3,7,1,0,1,0.5556,0.0,0.0,0.5,1.0,4,0,0,0,0.5,0.0,3,2,0,2387
1,1,0,1,1,0.6667,0.0,0.0,0.6,1.0,5,0,0,0,0.5,0.0,3,2,0,2388
1,6,1,0,0,0.7778,0.16666666666666666,1.0,0.6666666666666666,1.0,6,1,0,1,0.5,0.16666666666666666,3,2,0,2389
3,1,0,0,1,0.8889,0.14285714285714285,1.0,0.5714285714285714,1.0,7,1,0,1,0.5,0.14285714285714285,3,2,0,2390
3,2,0,0,0,1.0,0.125,1.0,0.625,1.0,8,1,0,1,0.5,0.125,3,2,0,2391
2,6,1,0,0,0.2,0.0,0.0,0.0,0.0,0,0,0,0,0.0,0.0,0,3,0,2392
1,6,1,0,0,0.4,0.0,0.0,0.0,0.0,1,0,0,0,0.0,0.0,0,3,0,2393
2,7,1,0,1,0.6,0.0,0.0,0.0,0.0,2,0,0,0,0.0,0.0,0,3,0,2394
1,2,0,0,0,0.8,0.0,0.0,0.3333333333333333,1.0,3,0,0,0,0.5,0.0,0,3,0,2395
2,2,0,0,0,1.0,0.0,0.0,0.25,1.0,4,0,0,0,0.5,0.0,0,3,0,2396
3,1,0,1,0,0.1,0.0,0.0,0.0,0.0,0,0,0,0,0.0,0.0,2,2,0,2397
1,7,1,0,1,0.2,1.0,1.0,0.0,0.0,1,1,0,1,0.0,1.0,2,2,0,2398
1,7,1,1,0,0.3,0.5,1.0,0.5,1.0,2,1,0,1,0.5,0.5,2,2,0,2399
1,6,1,0,1,0.4,0.6666666666666666,1.0,0.3333333333333333,1.0,3,2,0,2,0.5,0.6666666666666666,2,2,0,2400
3,7,1,0,0,0.5,0.5,1.0,0.5,1.0,4,2,0,2,0.5,0.5,2,2,0,2401
3,7,1,0,0,0.6,0.4,1.0,0.4,1.0,5,2,0,2,0.5,0.4,2,2,0,2402
2,7,1,1,0,0.7,0.3333333333333333,1.0,0.3333333333333333,1.0,6,2,0,2,0.5,0.3333333333333333,2,2,0,2403
2,2,0,0,1,0.8,0.42857142857142855,1.0,0.2857142857142857,1.0,7,3,0,3,0.5,0.42857142857142855,2,2,0,2404
3,0,0,1,1,0.9,0.375,1.0,0.375,1.0,8,3,0,3,0.5,0.375,2,2,0,2405
2,1,0,1,1,1.0,0.4444444444444444,1.0,0.4444444444444444,1.0,9,4,0,4,0.5,0.4444444444444444,2,2,0,2406
2,0,0,0,1,0.1667,0.0,0.0,0.0,0.0,0,0,0,0,0.0,0.0,0,4,0,2407
1,7,1,1,0,0.3333,0.0,0.0,1.0,1.0,1,0,0,0,0.5,0.0,0,4,0,2408
3,2,0,0,0,0.5,0.5,1.0,0.5,1.0,2,1,0,1,0.5,0.5,0,4,0,2409
2,2,0,0,0,0.6667,0.3333333333333333,1.0,0.3333333333333333,1.0,3,1,0,1,0.5,0.3333333333333333,0,4,0,2410
2,1,0,0,0,0.8333,0.25,1.0,0.25,1.0,4,1,0,1,0.5,0.25,0,4,0,2411
2,1,0,0,1,1.0,0.2,1.0,0.2,1.0,5,1,0,1,0.5,0.2,0,4,0,2412
2,1,0,0,1,0.25,0.0,0.0,0.0,0.0,0,0,0,0,0.0,0.0,0,3,0,2413
1,6,1,0,1,0.5,0.0,0.0,1.0,1.0,1,0,0,0,0.5,0.0,0,3,0,2414
3,0,0,0,1,0.75,0.0,0.0,1.0,1.0,2,0,0,0,0.5,0.0,0,3,0,2415
1,6,1,0,0,1.0,0.0,0.0,1.0,1.0,3,0,0,0,0.5,0.0,0,3,0,2416
2,7,1,0,0,0.1429,0.0,0.0,0.0,0.0,0,0,0,0,0.0,0.0,3,4,0,2417
2,0,0,0,0,0.2857,0.0,0.0,0.0,0.0,1,0,0,0,0.0,0.0,3,4,0,2418
2,6,1,1,0,0.4286,0.0,0.0,0.0,0.0,2,0,0,0,0.0,0.0,3,4,0,2419
2,1,0,0,0,0.5714,0.3333333333333333,1.0,0.0,0.0,3,1,0,1,0.0,0.3333333333333333,3,4,0,2420
1,7,1,0,0,0.7143,0.25,1.0,0.0,0.0,4,1,0,1,0.0,0.25,3,4,0,2421
3,7,1,0,0,0.8571,0.2,1.0,0.0,0.0,5,1,0,1,0.0,0.2,3,4,0,2422
2,0,0,0,0,1.0,0.16666666666666666,1.0,0.0,0.0,6,1,0,1,0.0,0.16666666666666666,3,4,0,2423
2,6,1,0,1,0.1,0.0,0.0,0.0,0.0,0,0,0,0,0.0,0.0,1,3,0,2424
3,2,0,0,0,0.2,0.0,0.0,1.0,1.0,1,0,0,0,0.5,0.0,1,3,0,2425
1,2,0,0,1,0.3,0.0,0.0,0.5,1.0,2,0,0,0,0.5,0.0,1,3,0,2426
2,2,0,0,0,0.4,0.0,0.0,0.6666666666666666,1.0,3,0,0,0,0.5,0.0,1,3,0,2427
1,1,0,0,1,0.5,0.0,0.0,0.5,1.0,4,0,0,0,0.5,0.0,1,3,0,2428
1,2,0,0,0,0.6,0.0,0.0,0.6,1.0,5,0,0,0,0.5,0.0,1,3,0,2429
3,7,1,0,1,0.7,0.0,0.0,0.5,1.0,6,0,0,0,0.5,0.0,1,3,0,2430
2,2,0,0,1,0.8,0.0,0.0,0.5714285714285714,1.0,7,0,0,0,0.5,0.0,1,3,0,2431
2,7,1,0,0,0.9,0.0,0.0,0.625,1.0,8,0,0,0,0.5,0.0,1,3,0,2432
2,0,0,0,0,1.0,0.0,0.0,0.5555555555555556,1.0,9,0,0,0,0.5,0.0,1,3,0,2433
3,7,1,0,0,0.125,0.0,0.0,0.0,0.0,0,0,0,0,0.0,0.0,0,2,0,2434
2,6,1,0,0,0.25,0.0,0.0,0.0,0.0,1,0,0,0,0.0,0.0,0,2,0,2435
2,1,0,0,0,0.375,0.0,0.0,0.0,0.0,2,0,0,0,0.0,0.0,0,2,0,2436
3,7,1,0,0,0.5,0.0,0.0,0.0,0.0,3,0,0,0,0.0,0.0,0,2,0,2437
3,2,0,0,1,0.625,0.0,0.0,0.0,0.0,4,0,0,0,0.0,0.0,0,2,0,2438
2,6,1,0,0,0.75,0.0,0.0,0.2,1.0,5,0,0,0,0.5,0.0,0,2,0,2439
1,7,1,0,0,0.875,0.0,0.0,0.16666666666666666,1.0,6,0,0,0,0.5,0.0,0,2,0,2440
2,0,0,0,1,1.0,0.0,0.0,0.14285714285714285,1.0,7,0,0,0,0.5,0.0,0,2,0,2441
3,1,0,0,0,0.2,0.0,0.0,0.0,0.0,0,0,0,0,0.0,0.0,2,2,0,2442
2,7,1,0,0,0.4,0.0,0.0,0.0,0.0,1,0,0,0,0.0,0.0,2,2,0,2443
3,1,0,0,0,0.6,0.0,0.0,0.0,0.0,2,0,0,0,0.0,0.0,2,2,0,2444
2,2,0,1,0,0.8,0.0,0.0,0.0,0.0,3,0,0,0,0.0,0.0,2,2,0,2445
3,6,1,0,0,1.0,0.25,1.0,0.0,0.0,4,1,0,1,0.0,0.25,2,2,0,2446
3,0,0,1,1,0.1429,0.0,0.0,0.0,0.0,0,0,0,0,0.0,0.0,1,4,0,2447
2,7,1,0,0,0.2857,1.0,1.0,1.0,1.0,1,1,0,1,0.5,1.0,1,4,0,2448
2,6,1,0,0,0.4286,0.5,1.0,0.5,1.0,2,1,0,1,0.5,0.5,1,4,0,2449
3,6,1,0,0,0.5714,0.3333333333333333,1.0,0.3333333333333333,1.0,3,1,0,1,0.5,0.3333333333333333,1,4,0,2450
3,7,1,0,1,0.7143,0.25,1.0,0.25,1.0,4,1,0,1,0.5,0.25,1,4,0,2451
3,0,0,0,0,0.8571,0.2,1.0,0.4,1.0,5,1,0,1,0.5,0.2,1,4,0,2452
2,1,0,0,1,1.0,0.16666666666666666,1.0,0.3333333333333333,1.0,6,1,0,1,0.5,0.16666666666666666,1,4,0,2453
1,0,0,0,0,0.1,0.0,0.0,0.0,0.0,0,0,0,0,0.0,0.0,3,2,0,2454
2,0,0,1,0,0.2,0.0,0.0,0.0,0.0,1,0,0,0,0.0,0.0,3,2,0,2455
1,6,1,1,0,0.3,0.5,1.0,0.0,0.0,2,1,0,1,0.0,0.5,3,2,0,2456
2,0,0,0,1,0.4,0.6666666666666666,1.0,0.0,0.0,3,2,0,2,0.0,0.6666666666666666,3,2,0,2457
1,2,0,0,1,0.5,0.5,1.0,0.25,1.0,4,2,0,2,0.5,0.5,3,2,0,2458
3,0,0,0,0,0.6,0.4,1.0,0.4,1.0,5,2,0,2,0.5,0.4,3,2,0,2459
3,6,1,0,1,0.7,0.3333333333333333,1.0,0.3333333333333333,1.0,6,2,0,2,0.5,0.3333333333333333,3,2,0,2460
1,7,1,1,0,0.8,0.2857142857142857,1.0,0.42857142857142855,1.0,7,2,0,2,0.5,0.2857142857142857,3,2,0,2461
3,1,0,1,0,0.9,0.375,1.0,0.375,1.0,8,3,0,3,0.5,0.375,3,2,0,2462
2,2,0,1,0,1.0,0.4444444444444444,1.0,0.3333333333333333,1.0,9,4,0,4,0.5,0.4444444444444444,3,2,0,2463
2,6,1,0,0,0.125,0.0,0.0,0.0,0.0,0,0,0,0,0.0,0.0,3,2,0,2464
3,0,0,0,0,0.25,0.0,0.0,0.0,0.0,1,0,0,0,0.0,0.0,3,2,0,2465
2,2,0,0,0,0.375,0.0,0.0,0.0,0.0,2,0,0,0,0.0,0.0,3,2,0,2466
3,2,0,0,0,0.5,0.0,0.0,0.0,0.0,3,0,0,0,0.0,0.0,3,2,0,2467
2,6,1,0,0,0.625,0.0,0.0,0.0,0.0,4,0,0,0,0.0,0.0,3,2,0,2468
3,7,1,1,0,0.75,0.0,0.0,0.0,0.0,5,0,0,0,0.0,0.0,3,2,0,2469
3,2,0,0,0,0.875,0.16666666666666666,1.0,0.0,0.0,6,1,0,1,0.0,0.16666666666666666,3,2,0,2470
1,7,1,0,1,1.0,0.14285714285714285,1.0,0.0,0.0,7,1,0,1,0.0,0.14285714285714285,3,2,0,2471
1,0,0,0,0,0.2,0.0,0.0,0.0,0.0,0,0,0,0,0.0,0.0,1,2,0,2472
3,7,1,0,0,0.4,0.0,0.0,0.0,0.0,1,0,0,0,0.0,0.0,1,2,0,2473
1,1,0,0,0,0.6,0.0,0.0,0.0,0.0,2,0,0,0,0.0,0.0,1,2,0,2474
1,6,1,0,0,0.8,0.0,0.0,0.0,0.0,3,0,0,0,0.0,0.0,1,2,0,2475
2,1,0,1,0,1.0,0.0,0.0,0.0,0.0,4,0,0,0,0.0,0.0,1,2,0,2476
3,2,0,0,0,0.1429,0.0,0.0,0.0,0.0,0,0,0,0,0.0,0.0,1,4,0,2477
1,2,0,0,0,0.2857,0.0,0.0,0.0,0.0,1,0,0,0,0.0,0.0,1,4,0,2478
2,2,0,0,0,0.4286,0.0,0.0,0.0,0.0,2,0,0,0,0.0,0.0,1,4,0,2479
2,1,0,0,0,0.5714,0.0,0.0,0.0,0.0,3,0,0,0,0.0,0.0,1,4,0,2480
3,2,0,0,0,0.7143,0.0,0.0,0.0,0.0,4,0,0,0,0.0,0.0,1,4,0,2481
1,0,0,1,0,0.8571,0.0,0.0,0.0,0.0,5,0,0,0,0.0,0.0,1,4,0,2482
3,2,0,1,0,1.0,0.16666666666666666,1.0,0.0,0.0,6,1,0,1,0.0,0.16666666666666666,1,4,0,2483
3,6,1,1,1,0.125,0.0,0.0,0.0,0.0,0,0,0,0,0.0,0.0,3,3,0,2484
2,6,1,1,0,0.25,1.0,1.0,1.0,1.0,1,1,0,1,0.5,1.0,3,3,0,2485
2,2,0,0,1,0.375,1.0,1.0,0.5,1.0,2,2,0,2,0.5,1.0,3,3,0,2486
2,7,1,0,0,0.5,0.6666666666666666,1.0,0.6666666666666666,1.0,3,2,0,2,0.5,0.6666666666666666,3,3,0,2487
1,1,0,0,1,0.625,0.5,1.0,0.5,1.0,4,2,0,2,0.5,0.5,3,3,0,2488
2,7,1,0,0,0.75,0.4,1.0,0.6,1.0,5,2,0,2,0.5,0.4,3,3,0,2489
3,2,0,0,0,0.875,0.3333333333333333,1.0,0.5,1.0,6,2,0,2,0.5,0.3333333333333333,3,3,0,2490
1,0,0,0,0,1.0,0.2857142857142857,1.0,0.42857142857142855,1.0,7,2,0,2,0.5,0.2857142857142857,3,3,0,2491
3,7,1,0,0,0.125,0.0,0.0,0.0,0.0,0,0,0,0,0.0,0.0,0,4,0,2492
1,1,0,0,0,0.25,0.0,0.0,0.0,0.0,1,0,0,0,0.0,0.0,0,4,0,2493
1,0,0,0,0,0.375,0.0,0.0,0.0,0.0,2,0,0,0,0.0,0.0,0,4,0,2494
2,7,1,0,0,0.5,0.0,0.0,0.0,0.0,3,0,0,0,0.0,0.0,0,4,0,2495
2,7,1,0,0,0.625,0.0,0.0,0.0,0.0,4,0,0,0,0.0,0.0,0,4,0,2496
1,1,0,1,0,0.75,0.0,0.0,0.0,0.0,5,0,0,0,0.0,0.0,0,4,0,2497
1,1,0,0,0,0.875,0.16666666666666666,1.0,0.0,0.0,6,1,0,1,0.0,0.16666666666666666,0,4,0,2498
2,6,1,0,1,1.0,0.14285714285714285,1.0,0.0,0.0,7,1,0,1,0.0,0.14285714285714285,0,4,0,2499
2,7,1,0,0,0.1429,0.0,0.0,0.0,0.0,0,0,0,0,0.0,0.0,0,2,0,2500
1,1,0,0,0,0.2857,0.0,0.0,0.0,0.0,1,0,0,0,0.0,0.0,0,2,0,2501
2,2,0,0,0,0.4286,0.0,0.0,0.0,0.0,2,0,0,0,0.0,0.0,0,2,0,2502
3,6,1,0,0,0.5714,0.0,0.0,0.0,0.0,3,0,0,0,0.0,0.0,0,2,0,2503
1,2,0,0,0,0.7143,0.0,0.0,0.0,0.0,4,0,0,0,0.0,0.0,0,2,0,2504
3,7,1,0,0,0.8571,0.0,0.0,0.0,0.0,5,0,0,0,0.0,0.0,0,2,0,2505
2,1,0,1,0,1.0,0.0,0.0,0.0,0.0,6,0,0,0,0.0,0.0,0,2,0,2506
1,0,0,0,1,0.1429,0.0,0.0,0.0,0.0,0,0,0,0,0.0,0.0,2,2,0,2507
2,2,0,1,0,0.2857,0.0,0.0,1.0,1.0,1,0,0,0,0.5,0.0,2,2,0,2508
3,2,0,0,0,0.4286,0.5,1.0,0.5,1.0,2,1,0,1,0.5,0.5,2,2,0,2509
2,6,1,1,1,0.5714,0.3333333333333333,1.0,0.3333333333333333,1.0,3,1,0,1,0.5,0.3333333333333333,2,2,0,2510
2,2,0,1,1,0.7143,0.5,1.0,0.5,1.0,4,2,0,2,0.5,0.5,2,2,0,2511
3,1,0,0,0,0.8571,0.6,1.0,0.6,1.0,5,3,0,3,0.5,0.6,2,2,0,2512
3,6,1,0,0,1.0,0.5,1.0,0.5,1.0,6,3,0,3,0.5,0.5,2,2,0,2513
3,2,0,0,0,0.2,0.0,0.0,0.0,0.0,0,0,0,0,0.0,0.0,3,2,0,2514
1,2,0,0,0,0.4,0.0,0.0,0.0,0.0,1,0,0,0,0.0,0.0,3,2,0,2515
1,7,1,0,0,0.6,0.0,0.0,0.0,0.0,2,0,0,0,0.0,0.0,3,2,0,2516
2,7,1,1,0,0.8,0.0,0.0,0.0,0.0,3,0,0,0,0.0,0.0,3,2,0,2517
3,0,0,0,0,1.0,0.25,1.0,0.0,0.0,4,1,0,1,0.0,0.25,3,2,0,2518
1,7,1,1,0,0.2,0.0,0.0,0.0,0.0,0,0,0,0,0.0,0.0,1,2,0,2519
2,6,1,0,1,0.4,1.0,1.0,0.0,0.0,1,1,0,1,0.0,1.0,1,2,0,2520
3,6,1,0,0,0.6,0.5,1.0,0.5,1.0,2,1,0,1,0.5,0.5,1,2,0,2521
1,0,0,0,0,0.8,0.3333333333333333,1.0,0.3333333333333333,1.0,3,1,0,1,0.5,0.3333333333333333,1,2,0,2522
3,2,0,0,0,1.0,0.25,1.0,0.25,1.0,4,1,0,1,0.5,0.25,1,2,0,2523
3,2,0,1,0,0.1,0.0,0.0,0.0,0.0,0,0,0,0,0.0,0.0,2,3,0,2524
1,6,1,1,0,0.2,1.0,1.0,0.0,0.0,1,1,0,1,0.0,1.0,2,3,0,2525
3,1,0,0,0,0.3,1.0,1.0,0.0,0.0,2,2,0,2,0.0,1.0,2,3,0,2526
3,6,1,1,0,0.4,0.6666666666666666,1.0,0.0,0.0,3,2,0,2,0.0,0.6666666666666666,2,3,0,2527
3,6,1,0,0,0.5,0.75,1.0,0.0,0.0,4,3,0,3,0.0,0.75,2,3,0,2528
1,1,0,0,0,0.6,0.6,1.0,0.0,0.0,5,3,0,3,0.0,0.6,2,3,0,2529
2,2,0,1,1,0.7,0.5,1.0,0.0,0.0,6,3,0,3,0.0,0.5,2,3,0,2530
1,1,0,0,0,0.8,0.5714285714285714,1.0,0.14285714285714285,1.0,7,4,0,4,0.5,0.5714285714285714,2,3,0,2531
2,6,1,0,0,0.9,0.5,1.0,0.125,1.0,8,4,0,4,0.5,0.5,2,3,0,2532
3,1,0,1,0,1.0,0.4444444444444444,1.0,0.1111111111111111,1.0,9,4,0,4,0.5,0.4444444444444444,2,3,0,2533
3,1,0,0,1,0.1,0.0,0.0,0.0,0.0,0,0,0,0,0.0,0.0,0,3,0,2534
3,2,0,0,0,0.2,0.0,0.0,1.0,1.0,1,0,0,0,0.5,0.0,0,3,0,2535
3,2,0,0,1,0.3,0.0,0.0,0.5,1.0,2,0,0,0,0.5,0.0,0,3,0,2536
3,6,1,0,0,0.4,0.0,0.0,0.6666666666666666,1.0,3,0,0,0,0.5,0.0,0,3,0,2537
2,2,0,0,0,0.5,0.0,0.0,0.5,1.0,4,0,0,0,0.5,0.0,0,3,0,2538
2,6,1,0,0,0.6,0.0,0.0,0.4,1.0,5,0,0,0,0.5,0.0,0,3,0,2539
2,2,0,0,0,0.7,0.0,0.0,0.3333333333333333,1.0,6,0,0,0,0.5,0.0,0,3,0,2540
1,0,0,1,0,0.8,0.0,0.0,0.2857142857142857,1.0,7,0,0,0,0.5,0.0,0,3,0,2541
3,2,0,0,0,0.9,0.125,1.0,0.25,1.0,8,1,0,1,0.5,0.125,0,3,0,2542
1,1,0,1,0,1.0,0.1111111111111111,1.0,0.2222222222222222,1.0,9,1,0,1,0.5,0.1111111111111111,0,3,0,2543
2,1,0,0,0,0.1667,0.0,0.0,0.0,0.0,0,0,0,0,0.0,0.0,1,3,0,2544
2,1,0,0,0,0.3333,0.0,0.0,0.0,0.0,1,0,0,0,0.0,0.0,1,3,0,2545
1,7,1,0,0,0.5,0.0,0.0,0.0,0.0,2,0,0,0,0.0,0.0,1,3,0,2546
1,2,0,1,1,0.6667,0.0,0.0,0.0,0.0,3,0,0,0,0.0,0.0,1,3,0,2547
2,2,0,1,0,0.8333,0.25,1.0,0.25,1.0,4,1,0,1,0.5,0.25,1,3,0,2548
3,2,0,0,1,1.0,0.4,1.0,0.2,1.0,5,2,0,2,0.5,0.4,1,3,0,2549
1,0,0,0,1,0.125,0.0,0.0,0.0,0.0,0,0,0,0,0.0,0.0,3,3,0,2550
2,6,1,0,1,0.25,0.0,0.0,1.0,1.0,1,0,0,0,0.5,0.0,3,3,0,2551
2,6,1,0,0,0.375,0.0,0.0,1.0,1.0,2,0,0,0,0.5,0.0,3,3,0,2552
2,2,0,0,0,0.5,0.0,0.0,0.6666666666666666,1.0,3,0,0,0,0.5,0.0,3,3,0,2553
1,6,1,0,0,0.625,0.0,0.0,0.5,1.0,4,0,0,0,0.5,0.0,3,3,0,2554
2,1,0,0,0,0.75,0.0,0.0,0.4,1.0,5,0,0,0,0.5,0.0,3,3,0,2555
2,0,0,0,0,0.875,0.0,0.0,0.3333333333333333,1.0,6,0,0,0,0.5,0.0,3,3,0,2556
2,2,0,0,1,1.0,0.0,0.0,0.2857142857142857,1.0,7,0,0,0,0.5,0.0,3,3,0,2557
3,2,0,0,1,0.125,0.0,0.0,0.0,0.0,0,0,0,0,0.0,0.0,2,4,0,2558
1,6,1,0,0,0.25,0.0,0.0,1.0,1.0,1,0,0,0,0.5,0.0,2,4,0,2559
3,7,1,1,0,0.375,0.0,0.0,0.5,1.0,2,0,0,0,0.5,0.0,2,4,0,2560
1,2,0,0,0,0.5,0.3333333333333333,1.0,0.3333333333333333,1.0,3,1,0,1,0.5,0.3333333333333333,2,4,0,2561
2,2,0,0,0,0.625,0.25,1.0,0.25,1.0,4,1,0,1,0.5,0.25,2,4,0,2562
2,7,1,0,1,0.75,0.2,1.0,0.2,1.0,5,1,0,1,0.5,0.2,2,4,0,2563
1,2,0,0,0,0.875,0.16666666666666666,1.0,0.3333333333333333,1.0,6,1,0,1,0.5,0.16666666666666666,2,4,0,2564
1,1,0,0,0,1.0,0.14285714285714285,1.0,0.2857142857142857,1.0,7,1,0,1,0.5,0.14285714285714285,2,4,0,2565
1,7,1,0,1,0.25,0.0,0.0,0.0,0.0,0,0,0,0,0.0,0.0,0,4,0,2566
1,2,0,1,1,0.5,0.0,0.0,1.0,1.0,1,0,0,0,0.5,0.0,0,4,0,2567
3,2,0,0,1,0.75,0.5,1.0,1.0,1.0,2,1,0,1,0.5,0.5,0,4,0,2568
1,6,1,1,0,1.0,0.3333333333333333,1.0,1.0,1.0,3,1,0,1,0.5,0.3333333333333333,0,4,0,2569
1,0,0,1,0,0.1429,0.0,0.0,0.0,0.0,0,0,0,0,0.0,0.0,2,4,0,2570
1,6,1,0,1,0.2857,1.0,1.0,0.0,0.0,1,1,0,1,0.0,1.0,2,4,0,2571
3,2,0,0,0,0.4286,0.5,1.0,0.5,1.0,2,1,0,1,0.5,0.5,2,4,0,2572
3,0,0,1,1,0.5714,0.3333333333333333,1.0,0.3333333333333333,1.0,3,1,0,1,0.5,0.3333333333333333,2,4,0,2573
1,1,0,0,1,0.7143,0.5,1.0,0.5,1.0,4,2,0,2,0.5,0.5,2,4,0,2574
3,6,1,0,0,0.8571,0.4,1.0,0.6,1.0,5,2,0,2,0.5,0.4,2,4,0,2575
1,7,1,0,0,1.0,0.3333333333333333,1.0,0.5,1.0,6,2,0,2,0.5,0.3333333333333333,2,4,0,2576
3,0,0,0,0,0.1429,0.0,0.0,0.0,0.0,0,0,0,0,0.0,0.0,1,2,0,2577
3,1,0,0,0,0.2857,0.0,0.0,0.0,0.0,1,0,0,0,0.0,0.0,1,2,0,2578
1,1,0,0,1,0.4286,0.0,0.0,0.0,0.0,2,0,0,0,0.0,0.0,1,2,0,2579
1,7,1,1,0,0.5714,0.0,0.0,0.3333333333333333,1.0,3,0,0,0,0.5,0.0,1,2,0,2580
1,2,0,0,0,0.7143,0.25,1.0,0.25,1.0,4,1,0,1,0.5,0.25,1,2,0,2581
1,2,0,1,0,0.8571,0.2,1.0,0.2,1.0,5,1,0,1,0.5,0.2,1,2,0,2582
2,1,0,0,0,1.0,0.3333333333333333,1.0,0.16666666666666666,1.0,6,2,0,2,0.5,0.3333333333333333,1,2,0,2583
2,6,1,0,0,0.125,0.0,0.0,0.0,0.0,0,0,0,0,0.0,0.0,3,2,0,2584
3,2,0,0,1,0.25,0.0,0.0,0.0,0.0,1,0,0,0,0.0,0.0,3,2,0,2585
3,7,1,0,0,0.375,0.0,0.0,0.5,1.0,2,0,0,0,0.5,0.0,3,2,0,2586
3,2,0,0,0,0.5,0.0,0.0,0.3333333333333333,1.0,3,0,0,0,0.5,0.0,3,2,0,2587
1,0,0,0,0,0.625,0.0,0.0,0.25,1.0,4,0,0,0,0.5,0.0,3,2,0,2588
2,2,0,0,0,0.75,0.0,0.0,0.2,1.0,5,0,0,0,0.5,0.0,3,2,0,2589
1,7,1,0,0,0.875,0.0,0.0,0.16666666666666666,1.0,6,0,0,0,0.5,0.0,3,2,0,2590
2,2,0,0,1,1.0,0.0,0.0,0.14285714285714285,1.0,7,0,0,0,0.5,0.0,3,2,0,2591
3,0,0,1,1,0.1,0.0,0.0,0.0,0.0,0,0,0,0,0.0,0.0,2,4,0,2592
2,1,0,0,1,0.2,1.0,1.0,1.0,1.0,1,1,0,1,0.5,1.0,2,4,0,2593
3,6,1,0,0,0.3,0.5,1.0,1.0,1.0,2,1,0,1,0.5,0.5,2,4,0,2594
2,0,0,0,1,0.4,0.3333333333333333,1.0,0.6666666666666666,1.0,3,1,0,1,0.5,0.3333333333333333,2,4,0,2595
3,1,0,1,0,0.5,0.25,1.0,0.75,1.0,4,1,0,1,0.5,0.25,2,4,0,2596
3,7,1,0,1,0.6,0.4,1.0,0.6,1.0,5,2,0,2,0.5,0.4,2,4,0,2597
2,7,1,0,0,0.7,0.3333333333333333,1.0,0.6666666666666666,1.0,6,2,0,2,0.5,0.3333333333333333,2,4,0,2598
1,6,1,0,1,0.8,0.2857142857142857,1.0,0.5714285714285714,1.0,7,2,0,2,0.5,0.2857142857142857,2,4,0,2599
1,6,1,0,0,0.9,0.25,1.0,0.625,1.0,8,2,0,2,0.5,0.25,2,4,0,2600
2,6,1,0,0,1.0,0.2222222222222222,1.0,0.5555555555555556,1.0,9,2,0,2,0.5,0.2222222222222222,2,4,0,2601
2,2,0,0,0,0.25,0.0,0.0,0.0,0.0,0,0,0,0,0.0,0.0,2,3,0,2602
2,2,0,1,0,0.5,0.0,0.0,0.0,0.0,1,0,0,0,0.0,0.0,2,3,0,2603
1,0,0,0,0,0.75,0.5,1.0,0.0,0.0,2,1,0,1,0.0,0.5,2,3,0,2604
3,7,1,0,0,1.0,0.3333333333333333,1.0,0.0,0.0,3,1,0,1,0.0,0.3333333333333333,2,3,0,2605
3,6,1,0,0,0.25,0.0,0.0,0.0,0.0,0,0,0,0,0.0,0.0,2,3,0,2606
1,0,0,0,0,0.5,0.0,0.0,0.0,0.0,1,0,0,0,0.0,0.0,2,3,0,2607
3,2,0,0,0,0.75,0.0,0.0,0.0,0.0,2,0,0,0,0.0,0.0,2,3,0,2608
3,6,1,0,0,1.0,0.0,0.0,0.0,0.0,3,0,0,0,0.0,0.0,2,3,0,2609
3,2,0,0,0,0.1429,0.0,0.0,0.0,0.0,0,0,0,0,0.0,0.0,2,3,0,2610
2,0,0,1,0,0.2857,0.0,0.0,0.0,0.0,1,0,0,0,0.0,0.0,2,3,0,2611
3,2,0,0,1,0.4286,0.5,1.0,0.0,0.0,2,1,0,1,0.0,0.5,2,3,0,2612
3,1,0,1,0,0.5714,0.3333333333333333,1.0,0.3333333333333333,1.0,3,1,0,1,0.5,0.3333333333333333,2,3,0,2613
2,6,1,1,1,0.7143,0.5,1.0,0.25,1.0,4,2,0,2,0.5,0.5,2,3,0,2614
1,6,1,0,1,0.8571,0.6,1.0,0.4,1.0,5,3,0,3,0.5,0.6,2,3,0,2615
3,0,0,0,0,1.0,0.5,1.0,0.5,1.0,6,3,0,3,0.5,0.5,2,3,0,2616
3,7,1,0,1,0.1429,0.0,0.0,0.0,0.0,0,0,0,0,0.0,0.0,1,3,0,2617
1,1,0,1,1,0.2857,0.0,0.0,1.0,1.0,1,0,0,0,0.5,0.0,1,3,0,2618
1,2,0,0,0,0.4286,0.5,1.0,1.0,1.0,2,1,0,1,0.5,0.5,1,3,0,2619
3,2,0,0,1,0.5714,0.3333333333333333,1.0,0.6666666666666666,1.0,3,1,0,1,0.5,0.3333333333333333,1,3,0,2620
1,2,0,0,0,0.7143,0.25,1.0,0.75,1.0,4,1,0,1,0.5,0.25,1,3,0,2621
1,2,0,0,0,0.8571,0.2,1.0,0.6,1.0,5,1,0,1,0.5,0.2,1,3,0,2622
2,6,1,0,0,1.0,0.16666666666666666,1.0,0.5,1.0,6,1,0,1,0.5,0.16666666666666666,1,3,0,2623
1,6,1,0,0,0.25,0.0,0.0,0.0,0.0,0,0,0,0,0.0,0.0,1,4,0,2624
1,7,1,0,0,0.5,0.0,0.0,0.0,0.0,1,0,0,0,0.0,0.0,1,4,0,2625
2,6,1,0,0,0.75,0.0,0.0,0.0,0.0,2,0,0,0,0.0,0.0,1,4,0,2626
3,0,0,0,0,1.0,0.0,0.0,0.0,0.0,3,0,0,0,0.0,0.0,1,4,0,2627
2,1,0,0,0,0.1429,0.0,0.0,0.0,0.0,0,0,0,0,0.0,0.0,3,4,0,2628
1,2,0,0,0,0.2857,0.0,0.0,0.0,0.0,1,0,0,0,0.0,0.0,3,4,0,2629
2,7,1,0,0,0.4286,0.0,0.0,0.0,0.0,2,0,0,0,0.0,0.0,3,4,0,2630
3,0,0,0,0,0.5714,0.0,0.0,0.0,0.0,3,0,0,0,0.0,0.0,3,4,0,2631
3,1,0,0,0,0.7143,0.0,0.0,0.0,0.0,4,0,0,0,0.0,0.0,3,4,0,2632
2,2,0,1,1,0.8571,0.0,0.0,0.0,0.0,5,0,0,0,0.0,0.0,3,4,0,2633
3,2,0,0,0,1.0,0.16666666666666666,1.0,0.16666666666666666,1.0,6,1,0,1,0.5,0.16666666666666666,3,4,0,2634
1,6,1,0,0,0.1667,0.0,0.0,0.0,0.0,0,0,0,0,0.0,0.0,1,4,0,2635
1,0,0,0,1,0.3333,0.0,0.0,0.0,0.0,1,0,0,0,0.0,0.0,1,4,0,2636
3,0,0,1,1,0.5,0.0,0.0,0.5,1.0,2,0,0,0,0.5,0.0,1,4,0,2637
3,0,0,0,0,0.6667,0.3333333333333333,1.0,0.6666666666666666,1.0,3,1,0,1,0.5,0.3333333333333333,1,4,0,2638
2,0,0,1,1,0.8333,0.25,1.0,0.5,1.0,4,1,0,1,0.5,0.25,1,4,0,2639
3,1,0,0,0,1.0,0.4,1.0,0.6,1.0,5,2,0,2,0.5,0.4,1,4,0,2640
2,6,1,1,0,0.125,0.0,0.0,0.0,0.0,0,0,0,0,0.0,0.0,1,4,0,2641
2,6,1,0,0,0.25,1.0,1.0,0.0,0.0,1,1,0,1,0.0,1.0,1,4,0,2642
3,7,1,1,0,0.375,0.5,1.0,0.0,0.0,2,1,0,1,0.0,0.5,1,4,0,2643
3,0,0,0,0,0.5,0.6666666666666666,1.0,0.0,0.0,3,2,0,2,0.0,0.6666666666666666,1,4,0,2644
2,0,0,0,0,0.625,0.5,1.0,0.0,0.0,4,2,0,2,0.0,0.5,1,4,0,2645
1,6,1,0,1,0.75,0.4,1.0,0.0,0.0,5,2,0,2,0.0,0.4,1,4,0,2646
3,6,1,0,1,0.875,0.3333333333333333,1.0,0.16666666666666666,1.0,6,2,0,2,0.5,0.3333333333333333,1,4,0,2647
1,2,0,0,0,1.0,0.2857142857142857,1.0,0.2857142857142857,1.0,7,2,0,2,0.5,0.2857142857142857,1,4,0,2648
3,2,0,1,0,0.1667,0.0,0.0,0.0,0.0,0,0,0,0,0.0,0.0,2,4,0,2649
1,2,0,0,0,0.3333,1.0,1.0,0.0,0.0,1,1,0,1,0.0,1.0,2,4,0,2650
2,6,1,0,1,0.5,0.5,1.0,0.0,0.0,2,1,0,1,0.0,0.5,2,4,0,2651
2,7,1,0,0,0.6667,0.3333333333333333,1.0,0.3333333333333333,1.0,3,1,0,1,0.5,0.3333333333333333,2,4,0,2652
2,7,1,1,0,0.8333,0.25,1.0,0.25,1.0,4,1,0,1,0.5,0.25,2,4,0,2653
1,6,1,0,0,1.0,0.4,1.0,0.2,1.0,5,2,0,2,0.5,0.4,2,4,0,2654
3,7,1,1,0,0.125,0.0,0.0,0.0,0.0,0,0,0,0,0.0,0.0,2,3,0,2655
2,0,0,0,0,0.25,1.0,1.0,0.0,0.0,1,1,0,1,0.0,1.0,2,3,0,2656
2,6,1,0,0,0.375,0.5,1.0,0.0,0.0,2,1,0,1,0.0,0.5,2,3,0,2657
1,2,0,0,1,0.5,0.3333333333333333,1.0,0.0,0.0,3,1,0,1,0.0,0.3333333333333333,2,3,0,2658
2,7,1,0,1,0.625,0.25,1.0,0.25,1.0,4,1,0,1,0.5,0.25,2,3,0,2659
1,1,0,0,1,0.75,0.2,1.0,0.4,1.0,5,1,0,1,0.5,0.2,2,3,0,2660
2,1,0,1,0,0.875,0.16666666666666666,1.0,0.5,1.0,6,1,0,1,0.5,0.16666666666666666,2,3,0,2661
2,1,0,1,0,1.0,0.2857142857142857,1.0,0.42857142857142855,1.0,7,2,0,2,0.5,0.2857142857142857,2,3,0,2662
3,7,1,0,0,0.125,0.0,0.0,0.0,0.0,0,0,0,0,0.0,0.0,0,2,0,2663
2,0,0,1,0,0.25,0.0,0.0,0.0,0.0,1,0,0,0,0.0,0.0,0,2,0,2664
2,7,1,0,0,0.375,0.5,1.0,0.0,0.0,2,1,0,1,0.0,0.5,0,2,0,2665
3,6,1,0,0,0.5,0.3333333333333333,1.0,0.0,0.0,3,1,0,1,0.0,0.3333333333333333,0,2,0,2666
2,2,0,0,0,0.625,0.25,1.0,0.0,0.0,4,1,0,1,0.0,0.25,0,2,0,2667
3,6,1,0,0,0.75,0.2,1.0,0.0,0.0,5,1,0,1,0.0,0.2,0,2,0,2668
3,2,0,0,1,0.875,0.16666666666666666,1.0,0.0,0.0,6,1,0,1,0.0,0.16666666666666666,0,2,0,2669
3,7,1,0,1,1.0,0.14285714285714285,1.0,0.14285714285714285,1.0,7,1,0,1,0.5,0.14285714285714285,0,2,0,2670
2,2,0,0,0,0.125,0.0,0.0,0.0,0.0,0,0,0,0,0.0,0.0,0,4,0,2671
1,7,1,0,1,0.25,0.0,0.0,0.0,0.0,1,0,0,0,0.0,0.0,0,4,0,2672
1,2,0,0,1,0.375,0.0,0.0,0.5,1.0,2,0,0,0,0.5,0.0,0,4,0,2673
2,1,0,0,0,0.5,0.0,0.0,0.6666666666666666,1.0,3,0,0,0,0.5,0.0,0,4,0,2674
1,6,1,0,0,0.625,0.0,0.0,0.5,1.0,4,0,0,0,0.5,0.0,0,4,0,2675
1,6,1,0,1,0.75,0.0,0.0,0.4,1.0,5,0,0,0,0.5,0.0,0,4,0,2676
3,0,0,0,1,0.875,0.0,0.0,0.5,1.0,6,0,0,0,0.5,0.0,0,4,0,2677
1,0,0,0,0,1.0,0.0,0.0,0.5714285714285714,1.0,7,0,0,0,0.5,0.0,0,4,0,2678
2,2,0,0,0,0.1429,0.0,0.0,0.0,0.0,0,0,0,0,0.0,0.0,3,2,0,2679
1,1,0,0,0,0.2857,0.0,0.0,0.0,0.0,1,0,0,0,0.0,0.0,3,2,0,2680
3,1,0,0,0,0.4286,0.0,0.0,0.0,0.0,2,0,0,0,0.0,0.0,3,2,0,2681
3,2,0,0,0,0.5714,0.0,0.0,0.0,0.0,3,0,0,0,0.0,0.0,3,2,0,2682
1,6,1,0,1,0.7143,0.0,0.0,0.0,0.0,4,0,0,0,0.0,0.0,3,2,0,2683
3,2,0,0,1,0.8571,0.0,0.0,0.2,1.0,5,0,0,0,0.5,0.0,3,2,0,2684
3,1,0,1,0,1.0,0.0,0.0,0.3333333333333333,1.0,6,0,0,0,0.5,0.0,3,2,0,2685
2,7,1,0,0,0.1429,0.0,0.0,0.0,0.0,0,0,0,0,0.0,0.0,1,4,0,2686
2,2,0,0,0,0.2857,0.0,0.0,0.0,0.0,1,0,0,0,0.0,0.0,1,4,0,2687
3,6,1,0,0,0.4286,0.0,0.0,0.0,0.0,2,0,0,0,0.0,0.0,1,4,0,2688
2,2,0,0,0,0.5714,0.0,0.0,0.0,0.0,3,0,0,0,0.0,0.0,1,4,0,2689
2,7,1,0,0,0.7143,0.0,0.0,0.0,0.0,4,0,0,0,0.0,0.0,1,4,0,2690
3,1,0,0,1,0.8571,0.0,0.0,0.0,0.0,5,0,0,0,0.0,0.0,1,4,0,2691
3,0,0,0,1,1.0,0.0,0.0,0.16666666666666666,1.0,6,0,0,0,0.5,0.0,1,4,0,2692
3,1,0,0,1,0.125,0.0,0.0,0.0,0.0,0,0,0,0,0.0,0.0,0,2,0,2693
2,6,1,0,0,0.25,0.0,0.0,1.0,1.0,1,0,0,0,0.5,0.0,0,2,0,2694
3,6,1,0,0,0.375,0.0,0.0,0.5,1.0,2,0,0,0,0.5,0.0,0,2,0,2695
1,0,0,0,1,0.5,0.0,0.0,0.3333333333333333,1.0,3,0,0,0,0.5,0.0,0,2,0,2696
3,1,0,0,1,0.625,0.0,0.0,0.5,1.0,4,0,0,0,0.5,0.0,0,2,0,2697
2,2,0,0,0,0.75,0.0,0.0,0.6,1.0,5,0,0,0,0.5,0.0,0,2,0,2698
2,2,0,0,0,0.875,0.0,0.0,0.5,1.0,6,0,0,0,0.5,0.0,0,2,0,2699
3,2,0,1,0,1.0,0.0,0.0,0.42857142857142855,1.0,7,0,0,0,0.5,0.0,0,2,0,2700
1,0,0,0,1,0.1,0.0,0.0,0.0,0.0,0,0,0,0,0.0,0.0,3,2,0,2701
3,6,1,0,0,0.2,0.0,0.0,1.0,1.0,1,0,0,0,0.5,0.0,3,2,0,2702
1,7,1,0,0,0.3,0.0,0.0,0.5,1.0,2,0,0,0,0.5,0.0,3,2,0,2703
3,7,1,0,1,0.4,0.0,0.0,0.3333333333333333,1.0,3,0,0,0,0.5,0.0,3,2,0,2704
3,6,1,0,0,0.5,0.0,0.0,0.5,1.0,4,0,0,0,0.5,0.0,3,2,0,2705
1,0,0,1,1,0.6,0.0,0.0,0.4,1.0,5,0,0,0,0.5,0.0,3,2,0,2706
3,6,1,0,0,0.7,0.16666666666666666,1.0,0.5,1.0,6,1,0,1,0.5,0.16666666666666666,3,2,0,2707
2,6,1,0,1,0.8,0.14285714285714285,1.0,0.42857142857142855,1.0,7,1,0,1,0.5,0.14285714285714285,3,2,0,2708
2,1,0,1,1,0.9,0.125,1.0,0.5,1.0,8,1,0,1,0.5,0.125,3,2,0,2709
2,2,0,0,1,1.0,0.2222222222222222,1.0,0.5555555555555556,1.0,9,2,0,2,0.5,0.2222222222222222,3,2,0,2710
2,0,0,1,1,0.1667,0.0,0.0,0.0,0.0,0,0,0,0,0.0,0.0,3,2,0,2711
1,2,0,0,1,0.3333,1.0,1.0,1.0,1.0,1,1,0,1,0.5,1.0,3,2,0,2712
1,0,0,0,0,0.5,0.5,1.0,1.0,1.0,2,1,0,1,0.5,0.5,3,2,0,2713
2,0,0,1,0,0.6667,0.3333333333333333,1.0,0.6666666666666666,1.0,3,1,0,1,0.5,0.3333333333333333,3,2,0,2714
1,1,0,0,0,0.8333,0.5,1.0,0.5,1.0,4,2,0,2,0.5,0.5,3,2,0,2715
1,7,1,0,0,1.0,0.4,1.0,0.4,1.0,5,2,0,2,0.5,0.4,3,2,0,2716
2,2,0,0,0,0.1111,0.0,0.0,0.0,0.0,0,0,0,0,0.0,0.0,1,3,0,2717
2,0,0,0,0,0.2222,0.0,0.0,0.0,0.0,1,0,0,0,0.0,0.0,1,3,0,2718
1,2,0,0,0,0.3333,0.0,0.0,0.0,0.0,2,0,0,0,0.0,0.0,1,3,0,2719
3,0,0,0,1,0.4444,0.0,0.0,0.0,0.0,3,0,0,0,0.0,0.0,1,3,0,2720
3,1,0,0,0,0.5556,0.0,0.0,0.25,1.0,4,0,0,0,0.5,0.0,1,3,0,2721
2,7,1,1,1,0.6667,0.0,0.0,0.2,1.0,5,0,0,0,0.5,0.0,1,3,0,2722
1,1,0,0,0,0.7778,0.16666666666666666,1.0,0.3333333333333333,1.0,6,1,0,1,0.5,0.16666666666666666,1,3,0,2723
2,1,0,0,0,0.8889,0.14285714285714285,1.0,0.2857142857142857,1.0,7,1,0,1,0.5,0.14285714285714285,1,3,0,2724
3,6,1,0,0,1.0,0.125,1.0,0.25,1.0,8,1,0,1,0.5,0.125,1,3,0,2725
2,0,0,0,0,0.2,0.0,0.0,0.0,0.0,0,0,0,0,0.0,0.0,1,3,0,2726
1,2,0,1,0,0.4,0.0,0.0,0.0,0.0,1,0,0,0,0.0,0.0,1,3,0,2727
1,6,1,1,0,0.6,0.5,1.0,0.0,0.0,2,1,0,1,0.0,0.5,1,3,0,2728
1,6,1,0,0,0.8,0.6666666666666666,1.0,0.0,0.0,3,2,0,2,0.0,0.6666666666666666,1,3,0,2729
2,7,1,1,1,1.0,0.5,1.0,0.0,0.0,4,2,0,2,0.0,0.5,1,3,0,2730
1,0,0,1,0,0.1429,0.0,0.0,0.0,0.0,0,0,0,0,0.0,0.0,0,4,0,2731
3,6,1,0,0,0.2857,1.0,1.0,0.0,0.0,1,1,0,1,0.0,1.0,0,4,0,2732
2,1,0,0,0,0.4286,0.5,1.0,0.0,0.0,2,1,0,1,0.0,0.5,0,4,0,2733
2,0,0,0,0,0.5714,0.3333333333333333,1.0,0.0,0.0,3,1,0,1,0.0,0.3333333333333333,0,4,0,2734
2,0,0,0,1,0.7143,0.25,1.0,0.0,0.0,4,1,0,1,0.0,0.25,0,4,0,2735
3,2,0,0,0,0.8571,0.2,1.0,0.2,1.0,5,1,0,1,0.5,0.2,0,4,0,2736
1,7,1,0,0,1.0,0.16666666666666666,1.0,0.16666666666666666,1.0,6,1,0,1,0.5,0.16666666666666666,0,4,0,2737
2,0,0,0,0,0.1429,0.0,0.0,0.0,0.0,0,0,0,0,0.0,0.0,0,3,0,2738
3,1,0,0,1,0.2857,0.0,0.0,0.0,0.0,1,0,0,0,0.0,0.0,0,3,0,2739
3,1,0,0,1,0.4286,0.0,0.0,0.5,1.0,2,0,0,0,0.5,0.0,0,3,0,2740
3,2,0,1,1,0.5714,0.0,0.0,0.6666666666666666,1.0,3,0,0,0,0.5,0.0,0,3,0,2741
2,6,1,0,0,0.7143,0.25,1.0,0.75,1.0,4,1,0,1,0.5,0.25,0,3,0,2742
3,0,0,0,0,0.8571,0.2,1.0,0.6,1.0,5,1,0,1,0.5,0.2,0,3,0,2743
2,0,0,1,1,1.0,0.16666666666666666,1.0,0.5,1.0,6,1,0,1,0.5,0.16666666666666666,0,3,0,2744
2,6,1,0,0,0.1111,0.0,0.0,0.0,0.0,0,0,0,0,0.0,0.0,0,2,0,2745
3,1,0,0,1,0.2222,0.0,0.0,0.0,0.0,1,0,0,0,0.0,0.0,0,2,0,2746
3,2,0,0,0,0.3333,0.0,0.0,0.5,1.0,2,0,0,0,0.5,0.0,0,2,0,2747
2,2,0,0,0,0.4444,0.0,0.0,0.3333333333333333,1.0,3,0,0,0,0.5,0.0,0,2,0,2748
2,2,0,0,1,0.5556,0.0,0.0,0.25,1.0,4,0,0,0,0.5,0.0,0,2,0,2749
2,7,1,0,1,0.6667,0.0,0.0,0.4,1.0,5,0,0,0,0.5,0.0,0,2,0,2750
3,0,0,0,1,0.7778,0.0,0.0,0.5,1.0,6,0,0,0,0.5,0.0,0,2,0,2751
3,6,1,0,0,0.8889,0.0,0.0,0.5714285714285714,1.0,7,0,0,0,0.5,0.0,0,2,0,2752
3,6,1,0,0,1.0,0.0,0.0,0.5,1.0,8,0,0,0,0.5,0.0,0,2,0,2753
2,0,0,0,1,0.1667,0.0,0.0,0.0,0.0,0,0,0,0,0.0,0.0,0,3,0,2754
1,7,1,0,1,0.3333,0.0,0.0,1.0,1.0,1,0,0,0,0.5,0.0,0,3,0,2755
3,2,0,0,0,0.5,0.0,0.0,1.0,1.0,2,0,0,0,0.5,0.0,0,3,0,2756
2,1,0,0,0,0.6667,0.0,0.0,0.6666666666666666,1.0,3,0,0,0,0.5,0.0,0,3,0,2757
2,0,0,0,0,0.8333,0.0,0.0,0.5,1.0,4,0,0,0,0.5,0.0,0,3,0,2758
3,6,1,0,0,1.0,0.0,0.0,0.4,1.0,5,0,0,0,0.5,0.0,0,3,0,2759
1,1,0,0,1,0.1111,0.0,0.0,0.0,0.0,0,0,0,0,0.0,0.0,0,2,0,2760
2,6,1,1,0,0.2222,0.0,0.0,1.0,1.0,1,0,0,0,0.5,0.0,0,2,0,2761
3,7,1,0,1,0.3333,0.5,1.0,0.5,1.0,2,1,0,1,0.5,0.5,0,2,0,2762
2,0,0,0,0,0.4444,0.3333333333333333,1.0,0.6666666666666666,1.0,3,1,0,1,0.5,0.3333333333333333,0,2,0,2763
1,6,1,0,0,0.5556,0.25,1.0,0.5,1.0,4,1,0,1,0.5,0.25,0,2,0,2764
3,2,0,1,0,0.6667,0.2,1.0,0.4,1.0,5,1,0,1,0.5,0.2,0,2,0,2765
1,6,1,1,0,0.7778,0.3333333333333333,1.0,0.3333333333333333,1.0,6,2,0,2,0.5,0.3333333333333333,0,2,0,2766
1,1,0,0,1,0.8889,0.42857142857142855,1.0,0.2857142857142857,1.0,7,3,0,3,0.5,0.42857142857142855,0,2,0,2767
1,1,0,0,0,1.0,0.375,1.0,0.375,1.0,8,3,0,3,0.5,0.375,0,2,0,2768
2,2,0,0,0,0.1111,0.0,0.0,0.0,0.0,0,0,0,0,0.0,0.0,3,4,0,2769
1,0,0,1,1,0.2222,0.0,0.0,0.0,0.0,1,0,0,0,0.0,0.0,3,4,0,2770
1,1,0,0,1,0.3333,0.5,1.0,0.5,1.0,2,1,0,1,0.5,0.5,3,4,0,2771
3,6,1,0,0,0.4444,0.3333333333333333,1.0,0.6666666666666666,1.0,3,1,0,1,0.5,0.3333333333333333,3,4,0,2772
2,6,1,0,0,0.5556,0.25,1.0,0.5,1.0,4,1,0,1,0.5,0.25,3,4,0,2773
2,1,0,1,1,0.6667,0.2,1.0,0.4,1.0,5,1,0,1,0.5,0.2,3,4,0,2774
1,0,0,0,0,0.7778,0.3333333333333333,1.0,0.5,1.0,6,2,0,2,0.5,0.3333333333333333,3,4,0,2775
2,1,0,0,0,0.8889,0.2857142857142857,1.0,0.42857142857142855,1.0,7,2,0,2,0.5,0.2857142857142857,3,4,0,2776
2,0,0,0,0,1.0,0.25,1.0,0.375,1.0,8,2,0,2,0.5,0.25,3,4,0,2777
1,7,1,0,1,0.25,0.0,0.0,0.0,0.0,0,0,0,0,0.0,0.0,1,2,0,2778
1,2,0,1,0,0.5,0.0,0.0,1.0,1.0,1,0,0,0,0.5,0.0,1,2,0,2779
1,6,1,0,1,0.75,0.5,1.0,0.5,1.0,2,1,0,1,0.5,0.5,1,2,0,2780
1,7,1,0,0,1.0,0.3333333333333333,1.0,0.6666666666666666,1.0,3,1,0,1,0.5,0.3333333333333333,1,2,0,2781
2,7,1,0,0,0.25,0.0,0.0,0.0,0.0,0,0,0,0,0.0,0.0,2,4,0,2782
1,0,0,0,1,0.5,0.0,0.0,0.0,0.0,1,0,0,0,0.0,0.0,2,4,0,2783
3,6,1,0,0,0.75,0.0,0.0,0.5,1.0,2,0,0,0,0.5,0.0,2,4,0,2784
3,6,1,1,0,1.0,0.0,0.0,0.3333333333333333,1.0,3,0,0,0,0.5,0.0,2,4,0,2785
2,1,0,1,0,0.1667,0.0,0.0,0.0,0.0,0,0,0,0,0.0,0.0,2,2,0,2786
2,6,1,0,1,0.3333,1.0,1.0,0.0,0.0,1,1,0,1,0.0,1.0,2,2,0,2787
2,2,0,0,0,0.5,0.5,1.0,0.5,1.0,2,1,0,1,0.5,0.5,2,2,0,2788
3,0,0,0,0,0.6667,0.3333333333333333,1.0,0.3333333333333333,1.0,3,1,0,1,0.5,0.3333333333333333,2,2,0,2789
1,0,0,0,0,0.8333,0.25,1.0,0.25,1.0,4,1,0,1,0.5,0.25,2,2,0,2790
2,7,1,0,0,1.0,0.2,1.0,0.2,1.0,5,1,0,1,0.5,0.2,2,2,0,2791
2,7,1,0,1,0.2,0.0,0.0,0.0,0.0,0,0,0,0,0.0,0.0,1,3,0,2792
3,2,0,0,1,0.4,0.0,0.0,1.0,1.0,1,0,0,0,0.5,0.0,1,3,0,2793
1,0,0,1,0,0.6,0.0,0.0,1.0,1.0,2,0,0,0,0.5,0.0,1,3,0,2794
3,7,1,0,0,0.8,0.3333333333333333,1.0,0.6666666666666666,1.0,3,1,0,1,0.5,0.3333333333333333,1,3,0,2795
3,2,0,0,0,1.0,0.25,1.0,0.5,1.0,4,1,0,1,0.5,0.25,1,3,0,2796
2,6,1,0,0,0.1429,0.0,0.0,0.0,0.0,0,0,0,0,0.0,0.0,3,2,0,2797
1,1,0,0,0,0.2857,0.0,0.0,0.0,0.0,1,0,0,0,0.0,0.0,3,2,0,2798
2,0,0,1,0,0.4286,0.0,0.0,0.0,0.0,2,0,0,0,0.0,0.0,3,2,0,2799
1,0,0,0,0,0.5714,0.3333333333333333,1.0,0.0,0.0,3,1,0,1,0.0,0.3333333333333333,3,2,0,2800
2,2,0,0,1,0.7143,0.25,1.0,0.0,0.0,4,1,0,1,0.0,0.25,3,2,0,2801
2,2,0,1,0,0.8571,0.2,1.0,0.2,1.0,5,1,0,1,0.5,0.2,3,2,0,2802
2,1,0,0,0,1.0,0.3333333333333333,1.0,0.16666666666666666,1.0,6,2,0,2,0.5,0.3333333333333333,3,2,0,2803
3,0,0,0,0,0.25,0.0,0.0,0.0,0.0,0,0,0,0,0.0,0.0,2,3,0,2804
1,0,0,0,1,0.5,0.0,0.0,0.0,0.0,1,0,0,0,0.0,0.0,2,3,0,2805
1,7,1,0,0,0.75,0.0,0.0,0.5,1.0,2,0,0,0,0.5,0.0,2,3,0,2806
3,7,1,0,1,1.0,0.0,0.0,0.3333333333333333,1.0,3,0,0,0,0.5,0.0,2,3,0,2807
2,0,0,0,0,0.1,0.0,0.0,0.0,0.0,0,0,0,0,0.0,0.0,2,3,0,2808
3,0,0,0,0,0.2,0.0,0.0,0.0,0.0,1,0,0,0,0.0,0.0,2,3,0,2809
3,1,0,0,0,0.3,0.0,0.0,0.0,0.0,2,0,0,0,0.0,0.0,2,3,0,2810
3,2,0,0,1,0.4,0.0,0.0,0.0,0.0,3,0,0,0,0.0,0.0,2,3,0,2811
2,7,1,1,0,0.5,0.0,0.0,0.25,1.0,4,0,0,0,0.5,0.0,2,3,0,2812
2,1,0,0,0,0.6,0.2,1.0,0.2,1.0,5,1,0,1,0.5,0.2,2,3,0,2813
2,6,1,0,0,0.7,0.16666666666666666,1.0,0.16666666666666666,1.0,6,1,0,1,0.5,0.16666666666666666,2,3,0,2814
1,6,1,0,1,0.8,0.14285714285714285,1.0,0.14285714285714285,1.0,7,1,0,1,0.5,0.14285714285714285,2,3,0,2815
2,6,1,0,1,0.9,0.125,1.0,0.25,1.0,8,1,0,1,0.5,0.125,2,3,0,2816
2,6,1,0,0,1.0,0.1111111111111111,1.0,0.3333333333333333,1.0,9,1,0,1,0.5,0.1111111111111111,2,3,0,2817
3,0,0,0,0,0.1667,0.0,0.0,0.0,0.0,0,0,0,0,0.0,0.0,2,2,0,2818
2,2,0,0,0,0.3333,0.0,0.0,0.0,0.0,1,0,0,0,0.0,0.0,2,2,0,2819
3,0,0,0,0,0.5,0.0,0.0,0.0,0.0,2,0,0,0,0.0,0.0,2,2,0,2820
1,2,0,0,0,0.6667,0.0,0.0,0.0,0.0,3,0,0,0,0.0,0.0,2,2,0,2821
1,6,1,0,1,0.8333,0.0,0.0,0.0,0.0,4,0,0,0,0.0,0.0,2,2,0,2822
3,1,0,1,0,1.0,0.0,0.0,0.2,1.0,5,0,0,0,0.5,0.0,2,2,0,2823
3,2,0,1,1,0.1667,0.0,0.0,0.0,0.0,0,0,0,0,0.0,0.0,0,2,0,2824
3,1,0,1,0,0.3333,1.0,1.0,1.0,1.0,1,1,0,1,0.5,1.0,0,2,0,2825
3,1,0,0,1,0.5,1.0,1.0,0.5,1.0,2,2,0,2,0.5,1.0,0,2,0,2826
2,1,0,0,1,0.6667,0.6666666666666666,1.0,0.6666666666666666,1.0,3,2,0,2,0.5,0.6666666666666666,0,2,0,2827
2,2,0,0,1,0.8333,0.5,1.0,0.75,1.0,4,2,0,2,0.5,0.5,0,2,0,2828
2,0,0,0,0,1.0,0.4,1.0,0.8,1.0,5,2,0,2,0.5,0.4,0,2,0,2829
3,6,1,0,0,0.1429,0.0,0.0,0.0,0.0,0,0,0,0,0.0,0.0,1,4,0,2830
1,0,0,0,0,0.2857,0.0,0.0,0.0,0.0,1,0,0,0,0.0,0.0,1,4,0,2831
2,0,0,0,0,0.4286,0.0,0.0,0.0,0.0,2,0,0,0,0.0,0.0,1,4,0,2832
3,7,1,0,0,0.5714,0.0,0.0,0.0,0.0,3,0,0,0,0.0,0.0,1,4,0,2833
3,1,0,0,0,0.7143,0.0,0.0,0.0,0.0,4,0,0,0,0.0,0.0,1,4,0,2834
1,1,0,0,1,0.8571,0.0,0.0,0.0,0.0,5,0,0,0,0.0,0.0,1,4,0,2835
1,2,0,1,0,1.0,0.0,0.0,0.16666666666666666,1.0,6,0,0,0,0.5,0.0,1,4,0,2836
2,1,0,0,0,0.25,0.0,0.0,0.0,0.0,0,0,0,0,0.0,0.0,3,2,0,2837
2,1,0,0,1,0.5,0.0,0.0,0.0,0.0,1,0,0,0,0.0,0.0,3,2,0,2838
3,6,1,1,1,0.75,0.0,0.0,0.5,1.0,2,0,0,0,0.5,0.0,3,2,0,2839
3,1,0,0,0,1.0,0.3333333333333333,1.0,0.6666666666666666,1.0,3,1,0,1,0.5,0.3333333333333333,3,2,0,2840
2,0,0,0,0,0.125,0.0,0.0,0.0,0.0,0,0,0,0,0.0,0.0,0,2,0,2841
2,2,0,0,0,0.25,0.0,0.0,0.0,0.0,1,0,0,0,0.0,0.0,0,2,0,2842
1,0,0,0,1,0.375,0.0,0.0,0.0,0.0,2,0,0,0,0.0,0.0,0,2,0,2843
2,7,1,0,0,0.5,0.0,0.0,0.3333333333333333,1.0,3,0,0,0,0.5,0.0,0,2,0,2844
3,7,1,0,1,0.625,0.0,0.0,0.25,1.0,4,0,0,0,0.5,0.0,0,2,0,2845
1,7,1,0,0,0.75,0.0,0.0,0.4,1.0,5,0,0,0,0.5,0.0,0,2,0,2846
2,1,0,0,0,0.875,0.0,0.0,0.3333333333333333,1.0,6,0,0,0,0.5,0.0,0,2,0,2847
2,0,0,0,0,1.0,0.0,0.0,0.2857142857142857,1.0,7,0,0,0,0.5,0.0,0,2,0,2848
2,2,0,0,0,0.2,0.0,0.0,0.0,0.0,0,0,0,0,0.0,0.0,3,2,0,2849
3,2,0,0,0,0.4,0.0,0.0,0.0,0.0,1,0,0,0,0.0,0.0,3,2,0,2850
3,7,1,1,0,0.6,0.0,0.0,0.0,0.0,2,0,0,0,0.0,0.0,3,2,0,2851
2,0,0,1,0,0.8,0.3333333333333333,1.0,0.0,0.0,3,1,0,1,0.0,0.3333333333333333,3,2,0,2852
1,0,0,1,1,1.0,0.5,1.0,0.0,0.0,4,2,0,2,0.0,0.5,3,2,0,2853
1,0,0,0,0,0.1429,0.0,0.0,0.0,0.0,0,0,0,0,0.0,0.0,1,2,0,2854
1,1,0,0,0,0.2857,0.0,0.0,0.0,0.0,1,0,0,0,0.0,0.0,1,2,0,2855
1,1,0,1,0,0.4286,0.0,0.0,0.0,0.0,2,0,0,0,0.0,0.0,1,2,0,2856
1,1,0,1,0,0.5714,0.3333333333333333,1.0,0.0,0.0,3,1,0,1,0.0,0.3333333333333333,1,2,0,2857
2,7,1,1,1,0.7143,0.5,1.0,0.0,0.0,4,2,0,2,0.0,0.5,1,2,0,2858
2,7,1,1,1,0.8571,0.6,1.0,0.2,1.0,5,3,0,3,0.5,0.6,1,2,1,2859
3,2,3,1,1,1.0,0.6666666666666666,1.0,0.3333333333333333,1.0,6,4,0,4,0.5,0.6666666666666666,1,2,1,2860
1,2,3,0,0,0.1667,0.0,0.0,0.0,0.0,0,0,0,0,0.0,0.0,0,4,0,2861
1,1,0,1,0,0.3333,0.0,0.0,0.0,0.0,1,0,0,0,0.0,0.0,0,4,0,2862
1,1,0,1,0,0.5,0.5,1.0,0.0,0.0,2,1,0,1,0.0,0.5,0,4,0,2863
2,7,1,1,1,0.6667,0.6666666666666666,1.0,0.0,0.0,3,2,0,2,0.0,0.6666666666666666,0,4,0,2864
2,7,1,1,1,0.8333,0.75,1.0,0.25,1.0,4,3,0,3,0.5,0.75,0,4,1,2865
3,6,1,1,1,1.0,0.8,1.0,0.4,1.0,5,4,0,4,0.5,0.8,0,4,1,2866
1,1,0,1,0,0.2,0.0,0.0,0.0,0.0,0,0,0,0,0.0,0.0,0,4,0,2867
1,7,1,1,1,0.4,1.0,1.0,0.0,0.0,1,1,0,1,0.0,1.0,0,4,0,2868
2,1,0,1,1,0.6,1.0,1.0,0.5,1.0,2,2,0,2,0.5,1.0,0,4,1,2869
2,6,1,1,1,0.8,1.0,1.0,0.6666666666666666,1.0,3,3,0,3,0.5,1.0,0,4,1,2870
3,7,1,1,1,1.0,1.0,1.0,0.75,1.0,4,4,0,4,0.5,1.0,0,4,1,2871
1,0,0,0,0,0.1429,0.0,0.0,0.0,0.0,0,0,0,0,0.0,0.0,3,2,0,2872
1,1,0,0,0,0.2857,0.0,0.0,0.0,0.0,1,0,0,0,0.0,0.0,3,2,0,2873
1,1,0,1,0,0.4286,0.0,0.0,0.0,0.0,2,0,0,0,0.0,0.0,3,2,0,2874
1,1,0,1,0,0.5714,0.3333333333333333,1.0,0.0,0.0,3,1,0,1,0.0,0.3333333333333333,3,2,0,2875
2,7,1,1,1,0.7143,0.5,1.0,0.0,0.0,4,2,0,2,0.0,0.5,3,2,0,2876
2,7,1,1,1,0.8571,0.6,1.0,0.2,1.0,5,3,0,3,0.5,0.6,3,2,1,2877
3,2,3,1,1,1.0,0.6666666666666666,1.0,0.3333333333333333,1.0,6,4,0,4,0.5,0.6666666666666666,3,2,1,2878
1,1,0,1,0,0.2,0.0,0.0,0.0,0.0,0,0,0,0,0.0,0.0,3,4,0,2879
1,7,1,1,1,0.4,1.0,1.0,0.0,0.0,1,1,0,1,0.0,1.0,3,4,0,2880
2,1,0,1,1,0.6,1.0,1.0,0.5,1.0,2,2,0,2,0.5,1.0,3,4,1,2881
2,6,1,1,1,0.8,1.0,1.0,0.6666666666666666,1.0,3,3,0,3,0.5,1.0,3,4,1,2882
3,7,1,1,1,1.0,1.0,1.0,0.75,1.0,4,4,0,4,0.5,1.0,3,4,1,2883
1,2,3,0,0,0.1667,0.0,0.0,0.0,0.0,0,0,0,0,0.0,0.0,0,3,0,2884
1,1,0,1,0,0.3333,0.0,0.0,0.0,0.0,1,0,0,0,0.0,0.0,0,3,0,2885
1,1,0,1,0,0.5,0.5,1.0,0.0,0.0,2,1,0,1,0.0,0.5,0,3,0,2886
2,7,1,1,1,0.6667,0.6666666666666666,1.0,0.0,0.0,3,2,0,2,0.0,0.6666666666666666,0,3,0,2887
2,7,1,1,1,0.8333,0.75,1.0,0.25,1.0,4,3,0,3,0.5,0.75,0,3,1,2888
3,6,1,1,1,1.0,0.8,1.0,0.4,1.0,5,4,0,4,0.5,0.8,0,3,1,2889
1,0,0,0,0,0.1429,0.0,0.0,0.0,0.0,0,0,0,0,0.0,0.0,1,4,0,2890
1,1,0,0,0,0.2857,0.0,0.0,0.0,0.0,1,0,0,0,0.0,0.0,1,4,0,2891
1,1,0,1,0,0.4286,0.0,0.0,0.0,0.0,2,0,0,0,0.0,0.0,1,4,0,2892
1,1,0,1,0,0.5714,0.3333333333333333,1.0,0.0,0.0,3,1,0,1,0.0,0.3333333333333333,1,4,0,2893
2,7,1,1,1,0.7143,0.5,1.0,0.0,0.0,4,2,0,2,0.0,0.5,1,4,0,2894
2,7,1,1,1,0.8571,0.6,1.0,0.2,1.0,5,3,0,3,0.5,0.6,1,4,1,2895
3,2,3,1,1,1.0,0.6666666666666666,1.0,0.3333333333333333,1.0,6,4,0,4,0.5,0.6666666666666666,1,4,1,2896
1,0,0,0,0,0.1429,0.0,0.0,0.0,0.0,0,0,0,0,0.0,0.0,1,4,0,2897
1,1,0,0,0,0.2857,0.0,0.0,0.0,0.0,1,0,0,0,0.0,0.0,1,4,0,2898
1,1,0,1,0,0.4286,0.0,0.0,0.0,0.0,2,0,0,0,0.0,0.0,1,4,0,2899
1,1,0,1,0,0.5714,0.3333333333333333,1.0,0.0,0.0,3,1,0,1,0.0,0.3333333333333333,1,4,0,2900
2,7,1,1,1,0.7143,0.5,1.0,0.0,0.0,4,2,0,2,0.0,0.5,1,4,0,2901
2,7,1,1,1,0.8571,0.6,1.0,0.2,1.0,5,3,0,3,0.5,0.6,1,4,1,2902
3,2,3,1,1,1.0,0.6666666666666666,1.0,0.3333333333333333,1.0,6,4,0,4,0.5,0.6666666666666666,1,4,1,2903
1,2,3,0,0,0.1667,0.0,0.0,0.0,0.0,0,0,0,0,0.0,0.0,2,2,0,2904
1,1,0,1,0,0.3333,0.0,0.0,0.0,0.0,1,0,0,0,0.0,0.0,2,2,0,2905
1,1,0,1,0,0.5,0.5,1.0,0.0,0.0,2,1,0,1,0.0,0.5,2,2,0,2906
2,7,1,1,1,0.6667,0.6666666666666666,1.0,0.0,0.0,3,2,0,2,0.0,0.6666666666666666,2,2,0,2907
2,7,1,1,1,0.8333,0.75,1.0,0.25,1.0,4,3,0,3,0.5,0.75,2,2,1,2908
3,6,1,1,1,1.0,0.8,1.0,0.4,1.0,5,4,0,4,0.5,0.8,2,2,1,2909
1,0,0,0,0,0.1429,0.0,0.0,0.0,0.0,0,0,0,0,0.0,0.0,0,2,0,2910
1,1,0,0,0,0.2857,0.0,0.0,0.0,0.0,1,0,0,0,0.0,0.0,0,2,0,2911
1,1,0,1,0,0.4286,0.0,0.0,0.0,0.0,2,0,0,0,0.0,0.0,0,2,0,2912
1,1,0,1,0,0.5714,0.3333333333333333,1.0,0.0,0.0,3,1,0,1,0.0,0.3333333333333333,0,2,0,2913
2,7,1,1,1,0.7143,0.5,1.0,0.0,0.0,4,2,0,2,0.0,0.5,0,2,0,2914
2,7,1,1,1,0.8571,0.6,1.0,0.2,1.0,5,3,0,3,0.5,0.6,0,2,1,2915
3,2,3,1,1,1.0,0.6666666666666666,1.0,0.3333333333333333,1.0,6,4,0,4,0.5,0.6666666666666666,0,2,1,2916
1,2,3,0,0,0.1667,0.0,0.0,0.0,0.0,0,0,0,0,0.0,0.0,3,4,0,2917
1,1,0,1,0,0.3333,0.0,0.0,0.0,0.0,1,0,0,0,0.0,0.0,3,4,0,2918
1,1,0,1,0,0.5,0.5,1.0,0.0,0.0,2,1,0,1,0.0,0.5,3,4,0,2919
2,7,1,1,1,0.6667,0.6666666666666666,1.0,0.0,0.0,3,2,0,2,0.0,0.6666666666666666,3,4,0,2920
2,7,1,1,1,0.8333,0.75,1.0,0.25,1.0,4,3,0,3,0.5,0.75,3,4,1,2921
3,6,1,1,1,1.0,0.8,1.0,0.4,1.0,5,4,0,4,0.5,0.8,3,4,1,2922
1,2,3,0,0,0.1667,0.0,0.0,0.0,0.0,0,0,0,0,0.0,0.0,3,4,0,2923
1,1,0,1,0,0.3333,0.0,0.0,0.0,0.0,1,0,0,0,0.0,0.0,3,4,0,2924
1,1,0,1,0,0.5,0.5,1.0,0.0,0.0,2,1,0,1,0.0,0.5,3,4,0,2925
2,7,1,1,1,0.6667,0.6666666666666666,1.0,0.0,0.0,3,2,0,2,0.0,0.6666666666666666,3,4,0,2926
2,7,1,1,1,0.8333,0.75,1.0,0.25,1.0,4,3,0,3,0.5,0.75,3,4,1,2927
3,6,1,1,1,1.0,0.8,1.0,0.4,1.0,5,4,0,4,0.5,0.8,3,4,1,2928
1,2,3,0,0,0.1667,0.0,0.0,0.0,0.0,0,0,0,0,0.0,0.0,2,2,0,2929
1,1,0,1,0,0.3333,0.0,0.0,0.0,0.0,1,0,0,0,0.0,0.0,2,2,0,2930
1,1,0,1,0,0.5,0.5,1.0,0.0,0.0,2,1,0,1,0.0,0.5,2,2,0,2931
2,7,1,1,1,0.6667,0.6666666666666666,1.0,0.0,0.0,3,2,0,2,0.0,0.6666666666666666,2,2,0,2932
2,7,1,1,1,0.8333,0.75,1.0,0.25,1.0,4,3,0,3,0.5,0.75,2,2,1,2933
3,6,1,1,1,1.0,0.8,1.0,0.4,1.0,5,4,0,4,0.5,0.8,2,2,1,2934
1,0,0,0,0,0.1429,0.0,0.0,0.0,0.0,0,0,0,0,0.0,0.0,0,4,0,2935
1,1,0,0,0,0.2857,0.0,0.0,0.0,0.0,1,0,0,0,0.0,0.0,0,4,0,2936
1,1,0,1,0,0.4286,0.0,0.0,0.0,0.0,2,0,0,0,0.0,0.0,0,4,0,2937
1,1,0,1,0,0.5714,0.3333333333333333,1.0,0.0,0.0,3,1,0,1,0.0,0.3333333333333333,0,4,0,2938
2,7,1,1,1,0.7143,0.5,1.0,0.0,0.0,4,2,0,2,0.0,0.5,0,4,0,2939
2,7,1,1,1,0.8571,0.6,1.0,0.2,1.0,5,3,0,3,0.5,0.6,0,4,1,2940
3,2,3,1,1,1.0,0.6666666666666666,1.0,0.3333333333333333,1.0,6,4,0,4,0.5,0.6666666666666666,0,4,1,2941
1,0,0,0,0,0.1429,0.0,0.0,0.0,0.0,0,0,0,0,0.0,0.0,1,3,0,2942
1,1,0,0,0,0.2857,0.0,0.0,0.0,0.0,1,0,0,0,0.0,0.0,1,3,0,2943
1,1,0,1,0,0.4286,0.0,0.0,0.0,0.0,2,0,0,0,0.0,0.0,1,3,0,2944
1,1,0,1,0,0.5714,0.3333333333333333,1.0,0.0,0.0,3,1,0,1,0.0,0.3333333333333333,1,3,0,2945
2,7,1,1,1,0.7143,0.5,1.0,0.0,0.0,4,2,0,2,0.0,0.5,1,3,0,2946
2,7,1,1,1,0.8571,0.6,1.0,0.2,1.0,5,3,0,3,0.5,0.6,1,3,1,2947
3,2,3,1,1,1.0,0.6666666666666666,1.0,0.3333333333333333,1.0,6,4,0,4,0.5,0.6666666666666666,1,3,1,2948
1,0,0,0,0,0.1429,0.0,0.0,0.0,0.0,0,0,0,0,0.0,0.0,3,3,0,2949
1,1,0,0,0,0.2857,0.0,0.0,0.0,0.0,1,0,0,0,0.0,0.0,3,3,0,2950
1,1,0,1,0,0.4286,0.0,0.0,0.0,0.0,2,0,0,0,0.0,0.0,3,3,0,2951
1,1,0,1,0,0.5714,0.3333333333333333,1.0,0.0,0.0,3,1,0,1,0.0,0.3333333333333333,3,3,0,2952
2,7,1,1,1,0.7143,0.5,1.0,0.0,0.0,4,2,0,2,0.0,0.5,3,3,0,2953
2,7,1,1,1,0.8571,0.6,1.0,0.2,1.0,5,3,0,3,0.5,0.6,3,3,1,2954
3,2,3,1,1,1.0,0.6666666666666666,1.0,0.3333333333333333,1.0,6,4,0,4,0.5,0.6666666666666666,3,3,1,2955
1,1,0,1,0,0.2,0.0,0.0,0.0,0.0,0,0,0,0,0.0,0.0,0,3,0,2956
1,7,1,1,1,0.4,1.0,1.0,0.0,0.0,1,1,0,1,0.0,1.0,0,3,0,2957
2,1,0,1,1,0.6,1.0,1.0,0.5,1.0,2,2,0,2,0.5,1.0,0,3,1,2958
2,6,1,1,1,0.8,1.0,1.0,0.6666666666666666,1.0,3,3,0,3,0.5,1.0,0,3,1,2959
3,7,1,1,1,1.0,1.0,1.0,0.75,1.0,4,4,0,4,0.5,1.0,0,3,1,2960
1,1,0,1,0,0.2,0.0,0.0,0.0,0.0,0,0,0,0,0.0,0.0,3,3,0,2961
1,7,1,1,1,0.4,1.0,1.0,0.0,0.0,1,1,0,1,0.0,1.0,3,3,0,2962
2,1,0,1,1,0.6,1.0,1.0,0.5,1.0,2,2,0,2,0.5,1.0,3,3,1,2963
2,6,1,1,1,0.8,1.0,1.0,0.6666666666666666,1.0,3,3,0,3,0.5,1.0,3,3,1,2964
3,7,1,1,1,1.0,1.0,1.0,0.75,1.0,4,4,0,4,0.5,1.0,3,3,1,2965
1,2,3,0,0,0.1667,0.0,0.0,0.0,0.0,0,0,0,0,0.0,0.0,2,4,0,2966
1,1,0,1,0,0.3333,0.0,0.0,0.0,0.0,1,0,0,0,0.0,0.0,2,4,0,2967
1,1,0,1,0,0.5,0.5,1.0,0.0,0.0,2,1,0,1,0.0,0.5,2,4,0,2968
2,7,1,1,1,0.6667,0.6666666666666666,1.0,0.0,0.0,3,2,0,2,0.0,0.6666666666666666,2,4,0,2969
2,7,1,1,1,0.8333,0.75,1.0,0.25,1.0,4,3,0,3,0.5,0.75,2,4,1,2970
3,6,1,1,1,1.0,0.8,1.0,0.4,1.0,5,4,0,4,0.5,0.8,2,4,1,2971
1,2,3,0,0,0.1667,0.0,0.0,0.0,0.0,0,0,0,0,0.0,0.0,1,4,0,2972
1,1,0,1,0,0.3333,0.0,0.0,0.0,0.0,1,0,0,0,0.0,0.0,1,4,0,2973
1,1,0,1,0,0.5,0.5,1.0,0.0,0.0,2,1,0,1,0.0,0.5,1,4,0,2974
2,7,1,1,1,0.6667,0.6666666666666666,1.0,0.0,0.0,3,2,0,2,0.0,0.6666666666666666,1,4,0,2975
2,7,1,1,1,0.8333,0.75,1.0,0.25,1.0,4,3,0,3,0.5,0.75,1,4,1,2976
3,6,1,1,1,1.0,0.8,1.0,0.4,1.0,5,4,0,4,0.5,0.8,1,4,1,2977
1,2,3,0,0,0.1667,0.0,0.0,0.0,0.0,0,0,0,0,0.0,0.0,1,2,0,2978
1,1,0,1,0,0.3333,0.0,0.0,0.0,0.0,1,0,0,0,0.0,0.0,1,2,0,2979
1,1,0,1,0,0.5,0.5,1.0,0.0,0.0,2,1,0,1,0.0,0.5,1,2,0,2980
2,7,1,1,1,0.6667,0.6666666666666666,1.0,0.0,0.0,3,2,0,2,0.0,0.6666666666666666,1,2,0,2981
2,7,1,1,1,0.8333,0.75,1.0,0.25,1.0,4,3,0,3,0.5,0.75,1,2,1,2982
3,6,1,1,1,1.0,0.8,1.0,0.4,1.0,5,4,0,4,0.5,0.8,1,2,1,2983
1,0,0,0,0,0.1429,0.0,0.0,0.0,0.0,0,0,0,0,0.0,0.0,3,3,0,2984
1,1,0,0,0,0.2857,0.0,0.0,0.0,0.0,1,0,0,0,0.0,0.0,3,3,0,2985
1,1,0,1,0,0.4286,0.0,0.0,0.0,0.0,2,0,0,0,0.0,0.0,3,3,0,2986
1,1,0,1,0,0.5714,0.3333333333333333,1.0,0.0,0.0,3,1,0,1,0.0,0.3333333333333333,3,3,0,2987
2,7,1,1,1,0.7143,0.5,1.0,0.0,0.0,4,2,0,2,0.0,0.5,3,3,0,2988
2,7,1,1,1,0.8571,0.6,1.0,0.2,1.0,5,3,0,3,0.5,0.6,3,3,1,2989
3,2,3,1,1,1.0,0.6666666666666666,1.0,0.3333333333333333,1.0,6,4,0,4,0.5,0.6666666666666666,3,3,1,2990
1,2,3,0,0,0.1667,0.0,0.0,0.0,0.0,0,0,0,0,0.0,0.0,0,2,0,2991
1,1,0,1,0,0.3333,0.0,0.0,0.0,0.0,1,0,0,0,0.0,0.0,0,2,0,2992
1,1,0,1,0,0.5,0.5,1.0,0.0,0.0,2,1,0,1,0.0,0.5,0,2,0,2993
2,7,1,1,1,0.6667,0.6666666666666666,1.0,0.0,0.0,3,2,0,2,0.0,0.6666666666666666,0,2,0,2994
2,7,1,1,1,0.8333,0.75,1.0,0.25,1.0,4,3,0,3,0.5,0.75,0,2,1,2995
3,6,1,1,1,1.0,0.8,1.0,0.4,1.0,5,4,0,4,0.5,0.8,0,2,1,2996
1,1,0,1,0,0.2,0.0,0.0,0.0,0.0,0,0,0,0,0.0,0.0,0,4,0,2997
1,7,1,1,1,0.4,1.0,1.0,0.0,0.0,1,1,0,1,0.0,1.0,0,4,0,2998
2,1,0,1,1,0.6,1.0,1.0,0.5,1.0,2,2,0,2,0.5,1.0,0,4,1,2999
2,6,1,1,1,0.8,1.0,1.0,0.6666666666666666,1.0,3,3,0,3,0.5,1.0,0,4,1,3000
3,7,1,1,1,1.0,1.0,1.0,0.75,1.0,4,4,0,4,0.5,1.0,0,4,1,3001
1,0,0,0,0,0.1429,0.0,0.0,0.0,0.0,0,0,0,0,0.0,0.0,2,3,0,3002
1,1,0,0,0,0.2857,0.0,0.0,0.0,0.0,1,0,0,0,0.0,0.0,2,3,0,3003
1,1,0,1,0,0.4286,0.0,0.0,0.0,0.0,2,0,0,0,0.0,0.0,2,3,0,3004
1,1,0,1,0,0.5714,0.3333333333333333,1.0,0.0,0.0,3,1,0,1,0.0,0.3333333333333333,2,3,0,3005
2,7,1,1,1,0.7143,0.5,1.0,0.0,0.0,4,2,0,2,0.0,0.5,2,3,0,3006
2,7,1,1,1,0.8571,0.6,1.0,0.2,1.0,5,3,0,3,0.5,0.6,2,3,1,3007
3,2,3,1,1,1.0,0.6666666666666666,1.0,0.3333333333333333,1.0,6,4,0,4,0.5,0.6666666666666666,2,3,1,3008
1,1,0,1,0,0.2,0.0,0.0,0.0,0.0,0,0,0,0,0.0,0.0,2,2,0,3009
1,7,1,1,1,0.4,1.0,1.0,0.0,0.0,1,1,0,1,0.0,1.0,2,2,0,3010
2,1,0,1,1,0.6,1.0,1.0,0.5,1.0,2,2,0,2,0.5,1.0,2,2,1,3011
2,6,1,1,1,0.8,1.0,1.0,0.6666666666666666,1.0,3,3,0,3,0.5,1.0,2,2,1,3012
3,7,1,1,1,1.0,1.0,1.0,0.75,1.0,4,4,0,4,0.5,1.0,2,2,1,3013
1,2,3,0,0,0.1667,0.0,0.0,0.0,0.0,0,0,0,0,0.0,0.0,3,4,0,3014
1,1,0,1,0,0.3333,0.0,0.0,0.0,0.0,1,0,0,0,0.0,0.0,3,4,0,3015
1,1,0,1,0,0.5,0.5,1.0,0.0,0.0,2,1,0,1,0.0,0.5,3,4,0,3016
2,7,1,1,1,0.6667,0.6666666666666666,1.0,0.0,0.0,3,2,0,2,0.0,0.6666666666666666,3,4,0,3017
2,7,1,1,1,0.8333,0.75,1.0,0.25,1.0,4,3,0,3,0.5,0.75,3,4,1,3018
3,6,1,1,1,1.0,0.8,1.0,0.4,1.0,5,4,0,4,0.5,0.8,3,4,1,3019
1,1,0,1,0,0.2,0.0,0.0,0.0,0.0,0,0,0,0,0.0,0.0,0,2,0,3020
1,7,1,1,1,0.4,1.0,1.0,0.0,0.0,1,1,0,1,0.0,1.0,0,2,0,3021
2,1,0,1,1,0.6,1.0,1.0,0.5,1.0,2,2,0,2,0.5,1.0,0,2,1,3022
2,6,1,1,1,0.8,1.0,1.0,0.6666666666666666,1.0,3,3,0,3,0.5,1.0,0,2,1,3023
3,7,1,1,1,1.0,1.0,1.0,0.75,1.0,4,4,0,4,0.5,1.0,0,2,1,3024
1,0,0,0,0,0.1429,0.0,0.0,0.0,0.0,0,0,0,0,0.0,0.0,3,2,0,3025
1,1,0,0,0,0.2857,0.0,0.0,0.0,0.0,1,0,0,0,0.0,0.0,3,2,0,3026
1,1,0,1,0,0.4286,0.0,0.0,0.0,0.0,2,0,0,0,0.0,0.0,3,2,0,3027
1,1,0,1,0,0.5714,0.3333333333333333,1.0,0.0,0.0,3,1,0,1,0.0,0.3333333333333333,3,2,0,3028
2,7,1,1,1,0.7143,0.5,1.0,0.0,0.0,4,2,0,2,0.0,0.5,3,2,0,3029
2,7,1,1,1,0.8571,0.6,1.0,0.2,1.0,5,3,0,3,0.5,0.6,3,2,1,3030
3,2,3,1,1,1.0,0.6666666666666666,1.0,0.3333333333333333,1.0,6,4,0,4,0.5,0.6666666666666666,3,2,1,3031
1,2,3,0,0,0.1667,0.0,0.0,0.0,0.0,0,0,0,0,0.0,0.0,0,2,0,3032
1,1,0,1,0,0.3333,0.0,0.0,0.0,0.0,1,0,0,0,0.0,0.0,0,2,0,3033
1,1,0,1,0,0.5,0.5,1.0,0.0,0.0,2,1,0,1,0.0,0.5,0,2,0,3034
2,7,1,1,1,0.6667,0.6666666666666666,1.0,0.0,0.0,3,2,0,2,0.0,0.6666666666666666,0,2,0,3035
2,7,1,1,1,0.8333,0.75,1.0,0.25,1.0,4,3,0,3,0.5,0.75,0,2,1,3036
3,6,1,1,1,1.0,0.8,1.0,0.4,1.0,5,4,0,4,0.5,0.8,0,2,1,3037
1,2,3,0,0,0.1667,0.0,0.0,0.0,0.0,0,0,0,0,0.0,0.0,0,2,0,3038
1,1,0,1,0,0.3333,0.0,0.0,0.0,0.0,1,0,0,0,0.0,0.0,0,2,0,3039
1,1,0,1,0,0.5,0.5,1.0,0.0,0.0,2,1,0,1,0.0,0.5,0,2,0,3040
2,7,1,1,1,0.6667,0.6666666666666666,1.0,0.0,0.0,3,2,0,2,0.0,0.6666666666666666,0,2,0,3041
2,7,1,1,1,0.8333,0.75,1.0,0.25,1.0,4,3,0,3,0.5,0.75,0,2,1,3042
3,6,1,1,1,1.0,0.8,1.0,0.4,1.0,5,4,0,4,0.5,0.8,0,2,1,3043
1,0,0,0,0,0.1429,0.0,0.0,0.0,0.0,0,0,0,0,0.0,0.0,2,3,0,3044
1,1,0,0,0,0.2857,0.0,0.0,0.0,0.0,1,0,0,0,0.0,0.0,2,3,0,3045
1,1,0,1,0,0.4286,0.0,0.0,0.0,0.0,2,0,0,0,0.0,0.0,2,3,0,3046
1,1,0,1,0,0.5714,0.3333333333333333,1.0,0.0,0.0,3,1,0,1,0.0,0.3333333333333333,2,3,0,3047
2,7,1,1,1,0.7143,0.5,1.0,0.0,0.0,4,2,0,2,0.0,0.5,2,3,0,3048
2,7,1,1,1,0.8571,0.6,1.0,0.2,1.0,5,3,0,3,0.5,0.6,2,3,1,3049
3,2,3,1,1,1.0,0.6666666666666666,1.0,0.3333333333333333,1.0,6,4,0,4,0.5,0.6666666666666666,2,3,1,3050
1,0,0,0,0,0.1429,0.0,0.0,0.0,0.0,0,0,0,0,0.0,0.0,2,4,0,3051
1,1,0,0,0,0.2857,0.0,0.0,0.0,0.0,1,0,0,0,0.0,0.0,2,4,0,3052
1,1,0,1,0,0.4286,0.0,0.0,0.0,0.0,2,0,0,0,0.0,0.0,2,4,0,3053
1,1,0,1,0,0.5714,0.3333333333333333,1.0,0.0,0.0,3,1,0,1,0.0,0.3333333333333333,2,4,0,3054
2,7,1,1,1,0.7143,0.5,1.0,0.0,0.0,4,2,0,2,0.0,0.5,2,4,0,3055
2,7,1,1,1,0.8571,0.6,1.0,0.2,1.0,5,3,0,3,0.5,0.6,2,4,1,3056
3,2,3,1,1,1.0,0.6666666666666666,1.0,0.3333333333333333,1.0,6,4,0,4,0.5,0.6666666666666666,2,4,1,3057
1,2,3,0,0,0.1667,0.0,0.0,0.0,0.0,0,0,0,0,0.0,0.0,1,2,0,3058
1,1,0,1,0,0.3333,0.0,0.0,0.0,0.0,1,0,0,0,0.0,0.0,1,2,0,3059
1,1,0,1,0,0.5,0.5,1.0,0.0,0.0,2,1,0,1,0.0,0.5,1,2,0,3060
2,7,1,1,1,0.6667,0.6666666666666666,1.0,0.0,0.0,3,2,0,2,0.0,0.6666666666666666,1,2,0,3061
2,7,1,1,1,0.8333,0.75,1.0,0.25,1.0,4,3,0,3,0.5,0.75,1,2,1,3062
3,6,1,1,1,1.0,0.8,1.0,0.4,1.0,5,4,0,4,0.5,0.8,1,2,1,3063
1,2,3,0,0,0.1667,0.0,0.0,0.0,0.0,0,0,0,0,0.0,0.0,3,2,0,3064
1,1,0,1,0,0.3333,0.0,0.0,0.0,0.0,1,0,0,0,0.0,0.0,3,2,0,3065
1,1,0,1,0,0.5,0.5,1.0,0.0,0.0,2,1,0,1,0.0,0.5,3,2,0,3066
2,7,1,1,1,0.6667,0.6666666666666666,1.0,0.0,0.0,3,2,0,2,0.0,0.6666666666666666,3,2,0,3067
2,7,1,1,1,0.8333,0.75,1.0,0.25,1.0,4,3,0,3,0.5,0.75,3,2,1,3068
3,6,1,1,1,1.0,0.8,1.0,0.4,1.0,5,4,0,4,0.5,0.8,3,2,1,3069
1,1,0,1,0,0.2,0.0,0.0,0.0,0.0,0,0,0,0,0.0,0.0,0,2,0,3070
1,7,1,1,1,0.4,1.0,1.0,0.0,0.0,1,1,0,1,0.0,1.0,0,2,0,3071
2,1,0,1,1,0.6,1.0,1.0,0.5,1.0,2,2,0,2,0.5,1.0,0,2,1,3072
2,6,1,1,1,0.8,1.0,1.0,0.6666666666666666,1.0,3,3,0,3,0.5,1.0,0,2,1,3073
3,7,1,1,1,1.0,1.0,1.0,0.75,1.0,4,4,0,4,0.5,1.0,0,2,1,3074
1,0,0,0,0,0.1429,0.0,0.0,0.0,0.0,0,0,0,0,0.0,0.0,1,2,0,3075
1,1,0,0,0,0.2857,0.0,0.0,0.0,0.0,1,0,0,0,0.0,0.0,1,2,0,3076
1,1,0,1,0,0.4286,0.0,0.0,0.0,0.0,2,0,0,0,0.0,0.0,1,2,0,3077
1,1,0,1,0,0.5714,0.3333333333333333,1.0,0.0,0.0,3,1,0,1,0.0,0.3333333333333333,1,2,0,3078
2,7,1,1,1,0.7143,0.5,1.0,0.0,0.0,4,2,0,2,0.0,0.5,1,2,0,3079
2,7,1,1,1,0.8571,0.6,1.0,0.2,1.0,5,3,0,3,0.5,0.6,1,2,1,3080
3,2,3,1,1,1.0,0.6666666666666666,1.0,0.3333333333333333,1.0,6,4,0,4,0.5,0.6666666666666666,1,2,1,3081
1,2,3,0,0,0.1667,0.0,0.0,0.0,0.0,0,0,0,0,0.0,0.0,0,2,0,3082
1,1,0,1,0,0.3333,0.0,0.0,0.0,0.0,1,0,0,0,0.0,0.0,0,2,0,3083
1,1,0,1,0,0.5,0.5,1.0,0.0,0.0,2,1,0,1,0.0,0.5,0,2,0,3084
2,7,1,1,1,0.6667,0.6666666666666666,1.0,0.0,0.0,3,2,0,2,0.0,0.6666666666666666,0,2,0,3085
2,7,1,1,1,0.8333,0.75,1.0,0.25,1.0,4,3,0,3,0.5,0.75,0,2,1,3086
3,6,1,1,1,1.0,0.8,1.0,0.4,1.0,5,4,0,4,0.5,0.8,0,2,1,3087
1,2,3,0,0,0.1667,0.0,0.0,0.0,0.0,0,0,0,0,0.0,0.0,1,3,0,3088
1,1,0,1,0,0.3333,0.0,0.0,0.0,0.0,1,0,0,0,0.0,0.0,1,3,0,3089
1,1,0,1,0,0.5,0.5,1.0,0.0,0.0,2,1,0,1,0.0,0.5,1,3,0,3090
2,7,1,1,1,0.6667,0.6666666666666666,1.0,0.0,0.0,3,2,0,2,0.0,0.6666666666666666,1,3,0,3091
2,7,1,1,1,0.8333,0.75,1.0,0.25,1.0,4,3,0,3,0.5,0.75,1,3,1,3092
3,6,1,1,1,1.0,0.8,1.0,0.4,1.0,5,4,0,4,0.5,0.8,1,3,1,3093
1,0,0,0,0,0.1429,0.0,0.0,0.0,0.0,0,0,0,0,0.0,0.0,2,4,0,3094
1,1,0,0,0,0.2857,0.0,0.0,0.0,0.0,1,0,0,0,0.0,0.0,2,4,0,3095
1,1,0,1,0,0.4286,0.0,0.0,0.0,0.0,2,0,0,0,0.0,0.0,2,4,0,3096
1,1,0,1,0,0.5714,0.3333333333333333,1.0,0.0,0.0,3,1,0,1,0.0,0.3333333333333333,2,4,0,3097
2,7,1,1,1,0.7143,0.5,1.0,0.0,0.0,4,2,0,2,0.0,0.5,2,4,0,3098
2,7,1,1,1,0.8571,0.6,1.0,0.2,1.0,5,3,0,3,0.5,0.6,2,4,1,3099
3,2,3,1,1,1.0,0.6666666666666666,1.0,0.3333333333333333,1.0,6,4,0,4,0.5,0.6666666666666666,2,4,1,3100
1,1,0,1,0,0.2,0.0,0.0,0.0,0.0,0,0,0,0,0.0,0.0,1,2,0,3101
1,7,1,1,1,0.4,1.0,1.0,0.0,0.0,1,1,0,1,0.0,1.0,1,2,0,3102
2,1,0,1,1,0.6,1.0,1.0,0.5,1.0,2,2,0,2,0.5,1.0,1,2,1,3103
2,6,1,1,1,0.8,1.0,1.0,0.6666666666666666,1.0,3,3,0,3,0.5,1.0,1,2,1,3104
3,7,1,1,1,1.0,1.0,1.0,0.75,1.0,4,4,0,4,0.5,1.0,1,2,1,3105
1,2,3,0,0,0.1667,0.0,0.0,0.0,0.0,0,0,0,0,0.0,0.0,2,2,0,3106
1,1,0,1,0,0.3333,0.0,0.0,0.0,0.0,1,0,0,0,0.0,0.0,2,2,0,3107
1,1,0,1,0,0.5,0.5,1.0,0.0,0.0,2,1,0,1,0.0,0.5,2,2,0,3108
2,7,1,1,1,0.6667,0.6666666666666666,1.0,0.0,0.0,3,2,0,2,0.0,0.6666666666666666,2,2,0,3109
2,7,1,1,1,0.8333,0.75,1.0,0.25,1.0,4,3,0,3,0.5,0.75,2,2,1,3110
3,6,1,1,1,1.0,0.8,1.0,0.4,1.0,5,4,0,4,0.5,0.8,2,2,1,3111
1,1,0,1,0,0.2,0.0,0.0,0.0,0.0,0,0,0,0,0.0,0.0,3,4,0,3112
1,7,1,1,1,0.4,1.0,1.0,0.0,0.0,1,1,0,1,0.0,1.0,3,4,0,3113
2,1,0,1,1,0.6,1.0,1.0,0.5,1.0,2,2,0,2,0.5,1.0,3,4,1,3114
2,6,1,1,1,0.8,1.0,1.0,0.6666666666666666,1.0,3,3,0,3,0.5,1.0,3,4,1,3115
3,7,1,1,1,1.0,1.0,1.0,0.75,1.0,4,4,0,4,0.5,1.0,3,4,1,3116
1,1,0,1,0,0.2,0.0,0.0,0.0,0.0,0,0,0,0,0.0,0.0,3,3,0,3117
1,7,1,1,1,0.4,1.0,1.0,0.0,0.0,1,1,0,1,0.0,1.0,3,3,0,3118
2,1,0,1,1,0.6,1.0,1.0,0.5,1.0,2,2,0,2,0.5,1.0,3,3,1,3119
2,6,1,1,1,0.8,1.0,1.0,0.6666666666666666,1.0,3,3,0,3,0.5,1.0,3,3,1,3120
3,7,1,1,1,1.0,1.0,1.0,0.75,1.0,4,4,0,4,0.5,1.0,3,3,1,3121
1,1,0,1,0,0.2,0.0,0.0,0.0,0.0,0,0,0,0,0.0,0.0,0,4,0,3122
1,7,1,1,1,0.4,1.0,1.0,0.0,0.0,1,1,0,1,0.0,1.0,0,4,0,3123
2,1,0,1,1,0.6,1.0,1.0,0.5,1.0,2,2,0,2,0.5,1.0,0,4,1,3124
2,6,1,1,1,0.8,1.0,1.0,0.6666666666666666,1.0,3,3,0,3,0.5,1.0,0,4,1,3125
3,7,1,1,1,1.0,1.0,1.0,0.75,1.0,4,4,0,4,0.5,1.0,0,4,1,3126
1,2,3,0,0,0.1667,0.0,0.0,0.0,0.0,0,0,0,0,0.0,0.0,0,3,0,3127
1,1,0,1,0,0.3333,0.0,0.0,0.0,0.0,1,0,0,0,0.0,0.0,0,3,0,3128
1,1,0,1,0,0.5,0.5,1.0,0.0,0.0,2,1,0,1,0.0,0.5,0,3,0,3129
2,7,1,1,1,0.6667,0.6666666666666666,1.0,0.0,0.0,3,2,0,2,0.0,0.6666666666666666,0,3,0,3130
2,7,1,1,1,0.8333,0.75,1.0,0.25,1.0,4,3,0,3,0.5,0.75,0,3,1,3131
3,6,1,1,1,1.0,0.8,1.0,0.4,1.0,5,4,0,4,0.5,0.8,0,3,1,3132
1,1,0,1,0,0.2,0.0,0.0,0.0,0.0,0,0,0,0,0.0,0.0,1,3,0,3133
1,7,1,1,1,0.4,1.0,1.0,0.0,0.0,1,1,0,1,0.0,1.0,1,3,0,3134
2,1,0,1,1,0.6,1.0,1.0,0.5,1.0,2,2,0,2,0.5,1.0,1,3,1,3135
2,6,1,1,1,0.8,1.0,1.0,0.6666666666666666,1.0,3,3,0,3,0.5,1.0,1,3,1,3136
3,7,1,1,1,1.0,1.0,1.0,0.75,1.0,4,4,0,4,0.5,1.0,1,3,1,3137
1,0,0,0,0,0.1429,0.0,0.0,0.0,0.0,0,0,0,0,0.0,0.0,0,4,0,3138
1,1,0,0,0,0.2857,0.0,0.0,0.0,0.0,1,0,0,0,0.0,0.0,0,4,0,3139
1,1,0,1,0,0.4286,0.0,0.0,0.0,0.0,2,0,0,0,0.0,0.0,0,4,0,3140
1,1,0,1,0,0.5714,0.3333333333333333,1.0,0.0,0.0,3,1,0,1,0.0,0.3333333333333333,0,4,0,3141
2,7,1,1,1,0.7143,0.5,1.0,0.0,0.0,4,2,0,2,0.0,0.5,0,4,0,3142
2,7,1,1,1,0.8571,0.6,1.0,0.2,1.0,5,3,0,3,0.5,0.6,0,4,1,3143
3,2,3,1,1,1.0,0.6666666666666666,1.0,0.3333333333333333,1.0,6,4,0,4,0.5,0.6666666666666666,0,4,1,3144
1,2,3,0,0,0.1667,0.0,0.0,0.0,0.0,0,0,0,0,0.0,0.0,1,4,0,3145
1,1,0,1,0,0.3333,0.0,0.0,0.0,0.0,1,0,0,0,0.0,0.0,1,4,0,3146
1,1,0,1,0,0.5,0.5,1.0,0.0,0.0,2,1,0,1,0.0,0.5,1,4,0,3147
2,7,1,1,1,0.6667,0.6666666666666666,1.0,0.0,0.0,3,2,0,2,0.0,0.6666666666666666,1,4,0,3148
2,7,1,1,1,0.8333,0.75,1.0,0.25,1.0,4,3,0,3,0.5,0.75,1,4,1,3149
3,6,1,1,1,1.0,0.8,1.0,0.4,1.0,5,4,0,4,0.5,0.8,1,4,1,3150
1,1,0,1,0,0.2,0.0,0.0,0.0,0.0,0,0,0,0,0.0,0.0,3,2,0,3151
1,7,1,1,1,0.4,1.0,1.0,0.0,0.0,1,1,0,1,0.0,1.0,3,2,0,3152
2,1,0,1,1,0.6,1.0,1.0,0.5,1.0,2,2,0,2,0.5,1.0,3,2,1,3153
2,6,1,1,1,0.8,1.0,1.0,0.6666666666666666,1.0,3,3,0,3,0.5,1.0,3,2,1,3154
3,7,1,1,1,1.0,1.0,1.0,0.75,1.0,4,4,0,4,0.5,1.0,3,2,1,3155
1,2,3,0,0,0.1667,0.0,0.0,0.0,0.0,0,0,0,0,0.0,0.0,0,2,0,3156
1,1,0,1,0,0.3333,0.0,0.0,0.0,0.0,1,0,0,0,0.0,0.0,0,2,0,3157
1,1,0,1,0,0.5,0.5,1.0,0.0,0.0,2,1,0,1,0.0,0.5,0,2,0,3158
2,7,1,1,1,0.6667,0.6666666666666666,1.0,0.0,0.0,3,2,0,2,0.0,0.6666666666666666,0,2,0,3159
2,7,1,1,1,0.8333,0.75,1.0,0.25,1.0,4,3,0,3,0.5,0.75,0,2,1,3160
3,6,1,1,1,1.0,0.8,1.0,0.4,1.0,5,4,0,4,0.5,0.8,0,2,1,3161
1,2,3,0,0,0.1667,0.0,0.0,0.0,0.0,0,0,0,0,0.0,0.0,1,4,0,3162
1,1,0,1,0,0.3333,0.0,0.0,0.0,0.0,1,0,0,0,0.0,0.0,1,4,0,3163
1,1,0,1,0,0.5,0.5,1.0,0.0,0.0,2,1,0,1,0.0,0.5,1,4,0,3164
2,7,1,1,1,0.6667,0.6666666666666666,1.0,0.0,0.0,3,2,0,2,0.0,0.6666666666666666,1,4,0,3165
2,7,1,1,1,0.8333,0.75,1.0,0.25,1.0,4,3,0,3,0.5,0.75,1,4,1,3166
3,6,1,1,1,1.0,0.8,1.0,0.4,1.0,5,4,0,4,0.5,0.8,1,4,1,3167
1,2,3,0,0,0.1667,0.0,0.0,0.0,0.0,0,0,0,0,0.0,0.0,0,2,0,3168
1,1,0,1,0,0.3333,0.0,0.0,0.0,0.0,1,0,0,0,0.0,0.0,0,2,0,3169
1,1,0,1,0,0.5,0.5,1.0,0.0,0.0,2,1,0,1,0.0,0.5,0,2,0,3170
2,7,1,1,1,0.6667,0.6666666666666666,1.0,0.0,0.0,3,2,0,2,0.0,0.6666666666666666,0,2,0,3171
2,7,1,1,1,0.8333,0.75,1.0,0.25,1.0,4,3,0,3,0.5,0.75,0,2,1,3172
3,6,1,1,1,1.0,0.8,1.0,0.4,1.0,5,4,0,4,0.5,0.8,0,2,1,3173
1,0,0,0,0,0.1429,0.0,0.0,0.0,0.0,0,0,0,0,0.0,0.0,2,4,0,3174
1,1,0,0,0,0.2857,0.0,0.0,0.0,0.0,1,0,0,0,0.0,0.0,2,4,0,3175
1,1,0,1,0,0.4286,0.0,0.0,0.0,0.0,2,0,0,0,0.0,0.0,2,4,0,3176
1,1,0,1,0,0.5714,0.3333333333333333,1.0,0.0,0.0,3,1,0,1,0.0,0.3333333333333333,2,4,0,3177
2,7,1,1,1,0.7143,0.5,1.0,0.0,0.0,4,2,0,2,0.0,0.5,2,4,0,3178
2,7,1,1,1,0.8571,0.6,1.0,0.2,1.0,5,3,0,3,0.5,0.6,2,4,1,3179
3,2,3,1,1,1.0,0.6666666666666666,1.0,0.3333333333333333,1.0,6,4,0,4,0.5,0.6666666666666666,2,4,1,3180
1,0,0,0,0,0.1429,0.0,0.0,0.0,0.0,0,0,0,0,0.0,0.0,2,3,0,3181
1,1,0,0,0,0.2857,0.0,0.0,0.0,0.0,1,0,0,0,0.0,0.0,2,3,0,3182
1,1,0,1,0,0.4286,0.0,0.0,0.0,0.0,2,0,0,0,0.0,0.0,2,3,0,3183
1,1,0,1,0,0.5714,0.3333333333333333,1.0,0.0,0.0,3,1,0,1,0.0,0.3333333333333333,2,3,0,3184
2,7,1,1,1,0.7143,0.5,1.0,0.0,0.0,4,2,0,2,0.0,0.5,2,3,0,3185
2,7,1,1,1,0.8571,0.6,1.0,0.2,1.0,5,3,0,3,0.5,0.6,2,3,1,3186
3,2,3,1,1,1.0,0.6666666666666666,1.0,0.3333333333333333,1.0,6,4,0,4,0.5,0.6666666666666666,2,3,1,3187
1,1,0,1,0,0.2,0.0,0.0,0.0,0.0,0,0,0,0,0.0,0.0,2,4,0,3188
1,7,1,1,1,0.4,1.0,1.0,0.0,0.0,1,1,0,1,0.0,1.0,2,4,0,3189
2,1,0,1,1,0.6,1.0,1.0,0.5,1.0,2,2,0,2,0.5,1.0,2,4,1,3190
2,6,1,1,1,0.8,1.0,1.0,0.6666666666666666,1.0,3,3,0,3,0.5,1.0,2,4,1,3191
3,7,1,1,1,1.0,1.0,1.0,0.75,1.0,4,4,0,4,0.5,1.0,2,4,1,3192
1,1,0,1,0,0.2,0.0,0.0,0.0,0.0,0,0,0,0,0.0,0.0,2,2,0,3193
1,7,1,1,1,0.4,1.0,1.0,0.0,0.0,1,1,0,1,0.0,1.0,2,2,0,3194
2,1,0,1,1,0.6,1.0,1.0,0.5,1.0,2,2,0,2,0.5,1.0,2,2,1,3195
2,6,1,1,1,0.8,1.0,1.0,0.6666666666666666,1.0,3,3,0,3,0.5,1.0,2,2,1,3196
3,7,1,1,1,1.0,1.0,1.0,0.75,1.0,4,4,0,4,0.5,1.0,2,2,1,3197
1,0,0,0,0,0.1429,0.0,0.0,0.0,0.0,0,0,0,0,0.0,0.0,3,4,0,3198
1,1,0,0,0,0.2857,0.0,0.0,0.0,0.0,1,0,0,0,0.0,0.0,3,4,0,3199
1,1,0,1,0,0.4286,0.0,0.0,0.0,0.0,2,0,0,0,0.0,0.0,3,4,0,3200
1,1,0,1,0,0.5714,0.3333333333333333,1.0,0.0,0.0,3,1,0,1,0.0,0.3333333333333333,3,4,0,3201
2,7,1,1,1,0.7143,0.5,1.0,0.0,0.0,4,2,0,2,0.0,0.5,3,4,0,3202
2,7,1,1,1,0.8571,0.6,1.0,0.2,1.0,5,3,0,3,0.5,0.6,3,4,1,3203
3,2,3,1,1,1.0,0.6666666666666666,1.0,0.3333333333333333,1.0,6,4,0,4,0.5,0.6666666666666666,3,4,1,3204
1,1,0,1,0,0.2,0.0,0.0,0.0,0.0,0,0,0,0,0.0,0.0,3,2,0,3205
1,7,1,1,1,0.4,1.0,1.0,0.0,0.0,1,1,0,1,0.0,1.0,3,2,0,3206
2,1,0,1,1,0.6,1.0,1.0,0.5,1.0,2,2,0,2,0.5,1.0,3,2,1,3207
2,6,1,1,1,0.8,1.0,1.0,0.6666666666666666,1.0,3,3,0,3,0.5,1.0,3,2,1,3208
3,7,1,1,1,1.0,1.0,1.0,0.75,1.0,4,4,0,4,0.5,1.0,3,2,1,3209
1,2,3,0,0,0.1667,0.0,0.0,0.0,0.0,0,0,0,0,0.0,0.0,1,2,0,3210
1,1,0,1,0,0.3333,0.0,0.0,0.0,0.0,1,0,0,0,0.0,0.0,1,2,0,3211
1,1,0,1,0,0.5,0.5,1.0,0.0,0.0,2,1,0,1,0.0,0.5,1,2,0,3212
2,7,1,1,1,0.6667,0.6666666666666666,1.0,0.0,0.0,3,2,0,2,0.0,0.6666666666666666,1,2,0,3213
2,7,1,1,1,0.8333,0.75,1.0,0.25,1.0,4,3,0,3,0.5,0.75,1,2,1,3214
3,6,1,1,1,1.0,0.8,1.0,0.4,1.0,5,4,0,4,0.5,0.8,1,2,1,3215
1,2,3,0,0,0.1667,0.0,0.0,0.0,0.0,0,0,0,0,0.0,0.0,1,4,0,3216
1,1,0,1,0,0.3333,0.0,0.0,0.0,0.0,1,0,0,0,0.0,0.0,1,4,0,3217
1,1,0,1,0,0.5,0.5,1.0,0.0,0.0,2,1,0,1,0.0,0.5,1,4,0,3218
2,7,1,1,1,0.6667,0.6666666666666666,1.0,0.0,0.0,3,2,0,2,0.0,0.6666666666666666,1,4,0,3219
2,7,1,1,1,0.8333,0.75,1.0,0.25,1.0,4,3,0,3,0.5,0.75,1,4,1,3220
3,6,1,1,1,1.0,0.8,1.0,0.4,1.0,5,4,0,4,0.5,0.8,1,4,1,3221
1,1,0,1,0,0.2,0.0,0.0,0.0,0.0,0,0,0,0,0.0,0.0,0,3,0,3222
1,7,1,1,1,0.4,1.0,1.0,0.0,0.0,1,1,0,1,0.0,1.0,0,3,0,3223
2,1,0,1,1,0.6,1.0,1.0,0.5,1.0,2,2,0,2,0.5,1.0,0,3,1,3224
2,6,1,1,1,0.8,1.0,1.0,0.6666666666666666,1.0,3,3,0,3,0.5,1.0,0,3,1,3225
3,7,1,1,1,1.0,1.0,1.0,0.75,1.0,4,4,0,4,0.5,1.0,0,3,1,3226
1,1,0,1,0,0.2,0.0,0.0,0.0,0.0,0,0,0,0,0.0,0.0,1,4,0,3227
1,7,1,1,1,0.4,1.0,1.0,0.0,0.0,1,1,0,1,0.0,1.0,1,4,0,3228
2,1,0,1,1,0.6,1.0,1.0,0.5,1.0,2,2,0,2,0.5,1.0,1,4,1,3229
2,6,1,1,1,0.8,1.0,1.0,0.6666666666666666,1.0,3,3,0,3,0.5,1.0,1,4,1,3230
3,7,1,1,1,1.0,1.0,1.0,0.75,1.0,4,4,0,4,0.5,1.0,1,4,1,3231
1,2,3,0,0,0.1667,0.0,0.0,0.0,0.0,0,0,0,0,0.0,0.0,1,4,0,3232
1,1,0,1,0,0.3333,0.0,0.0,0.0,0.0,1,0,0,0,0.0,0.0,1,4,0,3233
1,1,0,1,0,0.5,0.5,1.0,0.0,0.0,2,1,0,1,0.0,0.5,1,4,0,3234
2,7,1,1,1,0.6667,0.6666666666666666,1.0,0.0,0.0,3,2,0,2,0.0,0.6666666666666666,1,4,0,3235
2,7,1,1,1,0.8333,0.75,1.0,0.25,1.0,4,3,0,3,0.5,0.75,1,4,1,3236
3,6,1,1,1,1.0,0.8,1.0,0.4,1.0,5,4,0,4,0.5,0.8,1,4,1,3237
1,1,0,1,0,0.2,0.0,0.0,0.0,0.0,0,0,0,0,0.0,0.0,0,4,0,3238
1,7,1,1,1,0.4,1.0,1.0,0.0,0.0,1,1,0,1,0.0,1.0,0,4,0,3239
2,1,0,1,1,0.6,1.0,1.0,0.5,1.0,2,2,0,2,0.5,1.0,0,4,1,3240
2,6,1,1,1,0.8,1.0,1.0,0.6666666666666666,1.0,3,3,0,3,0.5,1.0,0,4,1,3241
3,7,1,1,1,1.0,1.0,1.0,0.75,1.0,4,4,0,4,0.5,1.0,0,4,1,3242
1,1,0,1,0,0.2,0.0,0.0,0.0,0.0,0,0,0,0,0.0,0.0,2,3,0,3243
1,7,1,1,1,0.4,1.0,1.0,0.0,0.0,1,1,0,1,0.0,1.0,2,3,0,3244
2,1,0,1,1,0.6,1.0,1.0,0.5,1.0,2,2,0,2,0.5,1.0,2,3,1,3245
2,6,1,1,1,0.8,1.0,1.0,0.6666666666666666,1.0,3,3,0,3,0.5,1.0,2,3,1,3246
3,7,1,1,1,1.0,1.0,1.0,0.75,1.0,4,4,0,4,0.5,1.0,2,3,1,3247
1,0,0,0,0,0.1429,0.0,0.0,0.0,0.0,0,0,0,0,0.0,0.0,3,3,0,3248
1,1,0,0,0,0.2857,0.0,0.0,0.0,0.0,1,0,0,0,0.0,0.0,3,3,0,3249
1,1,0,1,0,0.4286,0.0,0.0,0.0,0.0,2,0,0,0,0.0,0.0,3,3,0,3250
1,1,0,1,0,0.5714,0.3333333333333333,1.0,0.0,0.0,3,1,0,1,0.0,0.3333333333333333,3,3,0,3251
2,7,1,1,1,0.7143,0.5,1.0,0.0,0.0,4,2,0,2,0.0,0.5,3,3,0,3252
2,7,1,1,1,0.8571,0.6,1.0,0.2,1.0,5,3,0,3,0.5,0.6,3,3,1,3253
3,2,3,1,1,1.0,0.6666666666666666,1.0,0.3333333333333333,1.0,6,4,0,4,0.5,0.6666666666666666,3,3,1,3254
1,0,0,0,0,0.1429,0.0,0.0,0.0,0.0,0,0,0,0,0.0,0.0,3,4,0,3255
1,1,0,0,0,0.2857,0.0,0.0,0.0,0.0,1,0,0,0,0.0,0.0,3,4,0,3256
1,1,0,1,0,0.4286,0.0,0.0,0.0,0.0,2,0,0,0,0.0,0.0,3,4,0,3257
1,1,0,1,0,0.5714,0.3333333333333333,1.0,0.0,0.0,3,1,0,1,0.0,0.3333333333333333,3,4,0,3258
2,7,1,1,1,0.7143,0.5,1.0,0.0,0.0,4,2,0,2,0.0,0.5,3,4,0,3259
2,7,1,1,1,0.8571,0.6,1.0,0.2,1.0,5,3,0,3,0.5,0.6,3,4,1,3260
3,2,3,1,1,1.0,0.6666666666666666,1.0,0.3333333333333333,1.0,6,4,0,4,0.5,0.6666666666666666,3,4,1,3261
1,1,0,1,0,0.2,0.0,0.0,0.0,0.0,0,0,0,0,0.0,0.0,3,2,0,3262
1,7,1,1,1,0.4,1.0,1.0,0.0,0.0,1,1,0,1,0.0,1.0,3,2,0,3263
2,1,0,1,1,0.6,1.0,1.0,0.5,1.0,2,2,0,2,0.5,1.0,3,2,1,3264
2,6,1,1,1,0.8,1.0,1.0,0.6666666666666666,1.0,3,3,0,3,0.5,1.0,3,2,1,3265
3,7,1,1,1,1.0,1.0,1.0,0.75,1.0,4,4,0,4,0.5,1.0,3,2,1,3266
1,0,0,0,0,0.1429,0.0,0.0,0.0,0.0,0,0,0,0,0.0,0.0,1,4,0,3267
1,1,0,0,0,0.2857,0.0,0.0,0.0,0.0,1,0,0,0,0.0,0.0,1,4,0,3268
1,1,0,1,0,0.4286,0.0,0.0,0.0,0.0,2,0,0,0,0.0,0.0,1,4,0,3269
1,1,0,1,0,0.5714,0.3333333333333333,1.0,0.0,0.0,3,1,0,1,0.0,0.3333333333333333,1,4,0,3270
2,7,1,1,1,0.7143,0.5,1.0,0.0,0.0,4,2,0,2,0.0,0.5,1,4,0,3271
2,7,1,1,1,0.8571,0.6,1.0,0.2,1.0,5,3,0,3,0.5,0.6,1,4,1,3272
3,2,3,1,1,1.0,0.6666666666666666,1.0,0.3333333333333333,1.0,6,4,0,4,0.5,0.6666666666666666,1,4,1,3273
1,0,0,0,0,0.1429,0.0,0.0,0.0,0.0,0,0,0,0,0.0,0.0,2,3,0,3274
1,1,0,0,0,0.2857,0.0,0.0,0.0,0.0,1,0,0,0,0.0,0.0,2,3,0,3275
1,1,0,1,0,0.4286,0.0,0.0,0.0,0.0,2,0,0,0,0.0,0.0,2,3,0,3276
1,1,0,1,0,0.5714,0.3333333333333333,1.0,0.0,0.0,3,1,0,1,0.0,0.3333333333333333,2,3,0,3277
2,7,1,1,1,0.7143,0.5,1.0,0.0,0.0,4,2,0,2,0.0,0.5,2,3,0,3278
2,7,1,1,1,0.8571,0.6,1.0,0.2,1.0,5,3,0,3,0.5,0.6,2,3,1,3279
3,2,3,1,1,1.0,0.6666666666666666,1.0,0.3333333333333333,1.0,6,4,0,4,0.5,0.6666666666666666,2,3,1,3280
1,0,0,0,0,0.1429,0.0,0.0,0.0,0.0,0,0,0,0,0.0,0.0,2,4,0,3281
1,1,0,0,0,0.2857,0.0,0.0,0.0,0.0,1,0,0,0,0.0,0.0,2,4,0,3282
1,1,0,1,0,0.4286,0.0,0.0,0.0,0.0,2,0,0,0,0.0,0.0,2,4,0,3283
1,1,0,1,0,0.5714,0.3333333333333333,1.0,0.0,0.0,3,1,0,1,0.0,0.3333333333333333,2,4,0,3284
2,7,1,1,1,0.7143,0.5,1.0,0.0,0.0,4,2,0,2,0.0,0.5,2,4,0,3285
2,7,1,1,1,0.8571,0.6,1.0,0.2,1.0,5,3,0,3,0.5,0.6,2,4,1,3286
3,2,3,1,1,1.0,0.6666666666666666,1.0,0.3333333333333333,1.0,6,4,0,4,0.5,0.6666666666666666,2,4,1,3287
1,1,0,1,0,0.2,0.0,0.0,0.0,0.0,0,0,0,0,0.0,0.0,1,3,0,3288
1,7,1,1,1,0.4,1.0,1.0,0.0,0.0,1,1,0,1,0.0,1.0,1,3,0,3289
2,1,0,1,1,0.6,1.0,1.0,0.5,1.0,2,2,0,2,0.5,1.0,1,3,1,3290
2,6,1,1,1,0.8,1.0,1.0,0.6666666666666666,1.0,3,3,0,3,0.5,1.0,1,3,1,3291
3,7,1,1,1,1.0,1.0,1.0,0.75,1.0,4,4,0,4,0.5,1.0,1,3,1,3292
1,2,3,0,0,0.1667,0.0,0.0,0.0,0.0,0,0,0,0,0.0,0.0,2,2,0,3293
1,1,0,1,0,0.3333,0.0,0.0,0.0,0.0,1,0,0,0,0.0,0.0,2,2,0,3294
1,1,0,1,0,0.5,0.5,1.0,0.0,0.0,2,1,0,1,0.0,0.5,2,2,0,3295
2,7,1,1,1,0.6667,0.6666666666666666,1.0,0.0,0.0,3,2,0,2,0.0,0.6666666666666666,2,2,0,3296
2,7,1,1,1,0.8333,0.75,1.0,0.25,1.0,4,3,0,3,0.5,0.75,2,2,1,3297
3,6,1,1,1,1.0,0.8,1.0,0.4,1.0,5,4,0,4,0.5,0.8,2,2,1,3298
1,0,0,0,0,0.1429,0.0,0.0,0.0,0.0,0,0,0,0,0.0,0.0,3,3,0,3299
1,1,0,0,0,0.2857,0.0,0.0,0.0,0.0,1,0,0,0,0.0,0.0,3,3,0,3300
1,1,0,1,0,0.4286,0.0,0.0,0.0,0.0,2,0,0,0,0.0,0.0,3,3,0,3301
1,1,0,1,0,0.5714,0.3333333333333333,1.0,0.0,0.0,3,1,0,1,0.0,0.3333333333333333,3,3,0,3302
2,7,1,1,1,0.7143,0.5,1.0,0.0,0.0,4,2,0,2,0.0,0.5,3,3,0,3303
2,7,1,1,1,0.8571,0.6,1.0,0.2,1.0,5,3,0,3,0.5,0.6,3,3,1,3304
3,2,3,1,1,1.0,0.6666666666666666,1.0,0.3333333333333333,1.0,6,4,0,4,0.5,0.6666666666666666,3,3,1,3305
1,0,0,0,0,0.1429,0.0,0.0,0.0,0.0,0,0,0,0,0.0,0.0,3,4,0,3306
1,1,0,0,0,0.2857,0.0,0.0,0.0,0.0,1,0,0,0,0.0,0.0,3,4,0,3307
1,1,0,1,0,0.4286,0.0,0.0,0.0,0.0,2,0,0,0,0.0,0.0,3,4,0,3308
1,1,0,1,0,0.5714,0.3333333333333333,1.0,0.0,0.0,3,1,0,1,0.0,0.3333333333333333,3,4,0,3309
2,7,1,1,1,0.7143,0.5,1.0,0.0,0.0,4,2,0,2,0.0,0.5,3,4,0,3310
2,7,1,1,1,0.8571,0.6,1.0,0.2,1.0,5,3,0,3,0.5,0.6,3,4,1,3311
3,2,3,1,1,1.0,0.6666666666666666,1.0,0.3333333333333333,1.0,6,4,0,4,0.5,0.6666666666666666,3,4,1,3312
1,1,0,1,0,0.2,0.0,0.0,0.0,0.0,0,0,0,0,0.0,0.0,0,2,0,3313
1,7,1,1,1,0.4,1.0,1.0,0.0,0.0,1,1,0,1,0.0,1.0,0,2,0,3314
2,1,0,1,1,0.6,1.0,1.0,0.5,1.0,2,2,0,2,0.5,1.0,0,2,1,3315
2,6,1,1,1,0.8,1.0,1.0,0.6666666666666666,1.0,3,3,0,3,0.5,1.0,0,2,1,3316
3,7,1,1,1,1.0,1.0,1.0,0.75,1.0,4,4,0,4,0.5,1.0,0,2,1,3317
1,1,0,1,0,0.2,0.0,0.0,0.0,0.0,0,0,0,0,0.0,0.0,2,4,0,3318
1,7,1,1,1,0.4,1.0,1.0,0.0,0.0,1,1,0,1,0.0,1.0,2,4,0,3319
2,1,0,1,1,0.6,1.0,1.0,0.5,1.0,2,2,0,2,0.5,1.0,2,4,1,3320
2,6,1,1,1,0.8,1.0,1.0,0.6666666666666666,1.0,3,3,0,3,0.5,1.0,2,4,1,3321
3,7,1,1,1,1.0,1.0,1.0,0.75,1.0,4,4,0,4,0.5,1.0,2,4,1,3322
1,0,0,0,0,0.1429,0.0,0.0,0.0,0.0,0,0,0,0,0.0,0.0,3,3,0,3323
1,1,0,0,0,0.2857,0.0,0.0,0.0,0.0,1,0,0,0,0.0,0.0,3,3,0,3324
1,1,0,1,0,0.4286,0.0,0.0,0.0,0.0,2,0,0,0,0.0,0.0,3,3,0,3325
1,1,0,1,0,0.5714,0.3333333333333333,1.0,0.0,0.0,3,1,0,1,0.0,0.3333333333333333,3,3,0,3326
2,7,1,1,1,0.7143,0.5,1.0,0.0,0.0,4,2,0,2,0.0,0.5,3,3,0,3327
2,7,1,1,1,0.8571,0.6,1.0,0.2,1.0,5,3,0,3,0.5,0.6,3,3,1,3328
3,2,3,1,1,1.0,0.6666666666666666,1.0,0.3333333333333333,1.0,6,4,0,4,0.5,0.6666666666666666,3,3,1,3329
1,1,0,1,0,0.2,0.0,0.0,0.0,0.0,0,0,0,0,0.0,0.0,3,4,0,3330
1,7,1,1,1,0.4,1.0,1.0,0.0,0.0,1,1,0,1,0.0,1.0,3,4,0,3331
2,1,0,1,1,0.6,1.0,1.0,0.5,1.0,2,2,0,2,0.5,1.0,3,4,1,3332
2,6,1,1,1,0.8,1.0,1.0,0.6666666666666666,1.0,3,3,0,3,0.5,1.0,3,4,1,3333
3,7,1,1,1,1.0,1.0,1.0,0.75,1.0,4,4,0,4,0.5,1.0,3,4,1,3334
1,0,0,0,0,0.1429,0.0,0.0,0.0,0.0,0,0,0,0,0.0,0.0,1,2,0,3335
1,1,0,0,0,0.2857,0.0,0.0,0.0,0.0,1,0,0,0,0.0,0.0,1,2,0,3336
1,1,0,1,0,0.4286,0.0,0.0,0.0,0.0,2,0,0,0,0.0,0.0,1,2,0,3337
1,1,0,1,0,0.5714,0.3333333333333333,1.0,0.0,0.0,3,1,0,1,0.0,0.3333333333333333,1,2,0,3338
2,7,1,1,1,0.7143,0.5,1.0,0.0,0.0,4,2,0,2,0.0,0.5,1,2,0,3339
2,7,1,1,1,0.8571,0.6,1.0,0.2,1.0,5,3,0,3,0.5,0.6,1,2,1,3340
3,2,3,1,1,1.0,0.6666666666666666,1.0,0.3333333333333333,1.0,6,4,0,4,0.5,0.6666666666666666,1,2,1,3341
1,0,0,0,0,0.1429,0.0,0.0,0.0,0.0,0,0,0,0,0.0,0.0,1,3,0,3342
1,1,0,0,0,0.2857,0.0,0.0,0.0,0.0,1,0,0,0,0.0,0.0,1,3,0,3343
1,1,0,1,0,0.4286,0.0,0.0,0.0,0.0,2,0,0,0,0.0,0.0,1,3,0,3344
1,1,0,1,0,0.5714,0.3333333333333333,1.0,0.0,0.0,3,1,0,1,0.0,0.3333333333333333,1,3,0,3345
2,7,1,1,1,0.7143,0.5,1.0,0.0,0.0,4,2,0,2,0.0,0.5,1,3,0,3346
2,7,1,1,1,0.8571,0.6,1.0,0.2,1.0,5,3,0,3,0.5,0.6,1,3,1,3347
3,2,3,1,1,1.0,0.6666666666666666,1.0,0.3333333333333333,1.0,6,4,0,4,0.5,0.6666666666666666,1,3,1,3348
1,2,3,0,0,0.1667,0.0,0.0,0.0,0.0,0,0,0,0,0.0,0.0,2,2,0,3349
1,1,0,1,0,0.3333,0.0,0.0,0.0,0.0,1,0,0,0,0.0,0.0,2,2,0,3350
1,1,0,1,0,0.5,0.5,1.0,0.0,0.0,2,1,0,1,0.0,0.5,2,2,0,3351
2,7,1,1,1,0.6667,0.6666666666666666,1.0,0.0,0.0,3,2,0,2,0.0,0.6666666666666666,2,2,0,3352
2,7,1,1,1,0.8333,0.75,1.0,0.25,1.0,4,3,0,3,0.5,0.75,2,2,1,3353
3,6,1,1,1,1.0,0.8,1.0,0.4,1.0,5,4,0,4,0.5,0.8,2,2,1,3354
1,1,0,1,0,0.2,0.0,0.0,0.0,0.0,0,0,0,0,0.0,0.0,0,3,0,3355
1,7,1,1,1,0.4,1.0,1.0,0.0,0.0,1,1,0,1,0.0,1.0,0,3,0,3356
2,1,0,1,1,0.6,1.0,1.0,0.5,1.0,2,2,0,2,0.5,1.0,0,3,1,3357
2,6,1,1,1,0.8,1.0,1.0,0.6666666666666666,1.0,3,3,0,3,0.5,1.0,0,3,1,3358
3,7,1,1,1,1.0,1.0,1.0,0.75,1.0,4,4,0,4,0.5,1.0,0,3,1,3359
1,2,3,0,0,0.1667,0.0,0.0,0.0,0.0,0,0,0,0,0.0,0.0,1,3,0,3360
1,1,0,1,0,0.3333,0.0,0.0,0.0,0.0,1,0,0,0,0.0,0.0,1,3,0,3361
1,1,0,1,0,0.5,0.5,1.0,0.0,0.0,2,1,0,1,0.0,0.5,1,3,0,3362
2,7,1,1,1,0.6667,0.6666666666666666,1.0,0.0,0.0,3,2,0,2,0.0,0.6666666666666666,1,3,0,3363
2,7,1,1,1,0.8333,0.75,1.0,0.25,1.0,4,3,0,3,0.5,0.75,1,3,1,3364
3,6,1,1,1,1.0,0.8,1.0,0.4,1.0,5,4,0,4,0.5,0.8,1,3,1,3365
1,0,0,0,0,0.1429,0.0,0.0,0.0,0.0,0,0,0,0,0.0,0.0,1,3,0,3366
1,1,0,0,0,0.2857,0.0,0.0,0.0,0.0,1,0,0,0,0.0,0.0,1,3,0,3367
1,1,0,1,0,0.4286,0.0,0.0,0.0,0.0,2,0,0,0,0.0,0.0,1,3,0,3368
1,1,0,1,0,0.5714,0.3333333333333333,1.0,0.0,0.0,3,1,0,1,0.0,0.3333333333333333,1,3,0,3369
2,7,1,1,1,0.7143,0.5,1.0,0.0,0.0,4,2,0,2,0.0,0.5,1,3,0,3370
2,7,1,1,1,0.8571,0.6,1.0,0.2,1.0,5,3,0,3,0.5,0.6,1,3,1,3371
3,2,3,1,1,1.0,0.6666666666666666,1.0,0.3333333333333333,1.0,6,4,0,4,0.5,0.6666666666666666,1,3,1,3372
1,2,3,0,0,0.1667,0.0,0.0,0.0,0.0,0,0,0,0,0.0,0.0,3,3,0,3373
1,1,0,1,0,0.3333,0.0,0.0,0.0,0.0,1,0,0,0,0.0,0.0,3,3,0,3374
1,1,0,1,0,0.5,0.5,1.0,0.0,0.0,2,1,0,1,0.0,0.5,3,3,0,3375
2,7,1,1,1,0.6667,0.6666666666666666,1.0,0.0,0.0,3,2,0,2,0.0,0.6666666666666666,3,3,0,3376
2,7,1,1,1,0.8333,0.75,1.0,0.25,1.0,4,3,0,3,0.5,0.75,3,3,1,3377
3,6,1,1,1,1.0,0.8,1.0,0.4,1.0,5,4,0,4,0.5,0.8,3,3,1,3378
1,0,0,0,0,0.1429,0.0,0.0,0.0,0.0,0,0,0,0,0.0,0.0,1,4,0,3379
1,1,0,0,0,0.2857,0.0,0.0,0.0,0.0,1,0,0,0,0.0,0.0,1,4,0,3380
1,1,0,1,0,0.4286,0.0,0.0,0.0,0.0,2,0,0,0,0.0,0.0,1,4,0,3381
1,1,0,1,0,0.5714,0.3333333333333333,1.0,0.0,0.0,3,1,0,1,0.0,0.3333333333333333,1,4,0,3382
2,7,1,1,1,0.7143,0.5,1.0,0.0,0.0,4,2,0,2,0.0,0.5,1,4,0,3383
2,7,1,1,1,0.8571,0.6,1.0,0.2,1.0,5,3,0,3,0.5,0.6,1,4,1,3384
3,2,3,1,1,1.0,0.6666666666666666,1.0,0.3333333333333333,1.0,6,4,0,4,0.5,0.6666666666666666,1,4,1,3385
1,0,0,0,0,0.1429,0.0,0.0,0.0,0.0,0,0,0,0,0.0,0.0,1,3,0,3386
1,1,0,0,0,0.2857,0.0,0.0,0.0,0.0,1,0,0,0,0.0,0.0,1,3,0,3387
1,1,0,1,0,0.4286,0.0,0.0,0.0,0.0,2,0,0,0,0.0,0.0,1,3,0,3388
1,1,0,1,0,0.5714,0.3333333333333333,1.0,0.0,0.0,3,1,0,1,0.0,0.3333333333333333,1,3,0,3389
2,7,1,1,1,0.7143,0.5,1.0,0.0,0.0,4,2,0,2,0.0,0.5,1,3,0,3390
2,7,1,1,1,0.8571,0.6,1.0,0.2,1.0,5,3,0,3,0.5,0.6,1,3,1,3391
3,2,3,1,1,1.0,0.6666666666666666,1.0,0.3333333333333333,1.0,6,4,0,4,0.5,0.6666666666666666,1,3,1,3392
1,2,3,0,0,0.1667,0.0,0.0,0.0,0.0,0,0,0,0,0.0,0.0,0,3,0,3393
1,1,0,1,0,0.3333,0.0,0.0,0.0,0.0,1,0,0,0,0.0,0.0,0,3,0,3394
1,1,0,1,0,0.5,0.5,1.0,0.0,0.0,2,1,0,1,0.0,0.5,0,3,0,3395
2,7,1,1,1,0.6667,0.6666666666666666,1.0,0.0,0.0,3,2,0,2,0.0,0.6666666666666666,0,3,0,3396
2,7,1,1,1,0.8333,0.75,1.0,0.25,1.0,4,3,0,3,0.5,0.75,0,3,1,3397
3,6,1,1,1,1.0,0.8,1.0,0.4,1.0,5,4,0,4,0.5,0.8,0,3,1,3398
1,2,3,0,0,0.1667,0.0,0.0,0.0,0.0,0,0,0,0,0.0,0.0,1,2,0,3399
1,1,0,1,0,0.3333,0.0,0.0,0.0,0.0,1,0,0,0,0.0,0.0,1,2,0,3400
1,1,0,1,0,0.5,0.5,1.0,0.0,0.0,2,1,0,1,0.0,0.5,1,2,0,3401
2,7,1,1,1,0.6667,0.6666666666666666,1.0,0.0,0.0,3,2,0,2,0.0,0.6666666666666666,1,2,0,3402
2,7,1,1,1,0.8333,0.75,1.0,0.25,1.0,4,3,0,3,0.5,0.75,1,2,1,3403
3,6,1,1,1,1.0,0.8,1.0,0.4,1.0,5,4,0,4,0.5,0.8,1,2,1,3404
1,0,0,0,0,0.1429,0.0,0.0,0.0,0.0,0,0,0,0,0.0,0.0,1,4,0,3405
1,1,0,0,0,0.2857,0.0,0.0,0.0,0.0,1,0,0,0,0.0,0.0,1,4,0,3406
1,1,0,1,0,0.4286,0.0,0.0,0.0,0.0,2,0,0,0,0.0,0.0,1,4,0,3407
1,1,0,1,0,0.5714,0.3333333333333333,1.0,0.0,0.0,3,1,0,1,0.0,0.3333333333333333,1,4,0,3408
2,7,1,1,1,0.7143,0.5,1.0,0.0,0.0,4,2,0,2,0.0,0.5,1,4,0,3409
2,7,1,1,1,0.8571,0.6,1.0,0.2,1.0,5,3,0,3,0.5,0.6,1,4,1,3410
3,2,3,1,1,1.0,0.6666666666666666,1.0,0.3333333333333333,1.0,6,4,0,4,0.5,0.6666666666666666,1,4,1,3411
1,0,0,0,0,0.1429,0.0,0.0,0.0,0.0,0,0,0,0,0.0,0.0,2,4,0,3412
1,1,0,0,0,0.2857,0.0,0.0,0.0,0.0,1,0,0,0,0.0,0.0,2,4,0,3413
1,1,0,1,0,0.4286,0.0,0.0,0.0,0.0,2,0,0,0,0.0,0.0,2,4,0,3414
1,1,0,1,0,0.5714,0.3333333333333333,1.0,0.0,0.0,3,1,0,1,0.0,0.3333333333333333,2,4,0,3415
2,7,1,1,1,0.7143,0.5,1.0,0.0,0.0,4,2,0,2,0.0,0.5,2,4,0,3416
2,7,1,1,1,0.8571,0.6,1.0,0.2,1.0,5,3,0,3,0.5,0.6,2,4,1,3417
3,2,3,1,1,1.0,0.6666666666666666,1.0,0.3333333333333333,1.0,6,4,0,4,0.5,0.6666666666666666,2,4,1,3418
1,2,3,0,0,0.1667,0.0,0.0,0.0,0.0,0,0,0,0,0.0,0.0,1,2,0,3419
1,1,0,1,0,0.3333,0.0,0.0,0.0,0.0,1,0,0,0,0.0,0.0,1,2,0,3420
1,1,0,1,0,0.5,0.5,1.0,0.0,0.0,2,1,0,1,0.0,0.5,1,2,0,3421
2,7,1,1,1,0.6667,0.6666666666666666,1.0,0.0,0.0,3,2,0,2,0.0,0.6666666666666666,1,2,0,3422
2,7,1,1,1,0.8333,0.75,1.0,0.25,1.0,4,3,0,3,0.5,0.75,1,2,1,3423
3,6,1,1,1,1.0,0.8,1.0,0.4,1.0,5,4,0,4,0.5,0.8,1,2,1,3424
1,0,0,0,0,0.1429,0.0,0.0,0.0,0.0,0,0,0,0,0.0,0.0,3,3,0,3425
1,1,0,0,0,0.2857,0.0,0.0,0.0,0.0,1,0,0,0,0.0,0.0,3,3,0,3426
1,1,0,1,0,0.4286,0.0,0.0,0.0,0.0,2,0,0,0,0.0,0.0,3,3,0,3427
1,1,0,1,0,0.5714,0.3333333333333333,1.0,0.0,0.0,3,1,0,1,0.0,0.3333333333333333,3,3,0,3428
2,7,1,1,1,0.7143,0.5,1.0,0.0,0.0,4,2,0,2,0.0,0.5,3,3,0,3429
2,7,1,1,1,0.8571,0.6,1.0,0.2,1.0,5,3,0,3,0.5,0.6,3,3,1,3430
3,2,3,1,1,1.0,0.6666666666666666,1.0,0.3333333333333333,1.0,6,4,0,4,0.5,0.6666666666666666,3,3,1,3431
1,0,0,0,0,0.1429,0.0,0.0,0.0,0.0,0,0,0,0,0.0,0.0,1,4,0,3432
1,1,0,0,0,0.2857,0.0,0.0,0.0,0.0,1,0,0,0,0.0,0.0,1,4,0,3433
1,1,0,1,0,0.4286,0.0,0.0,0.0,0.0,2,0,0,0,0.0,0.0,1,4,0,3434
1,1,0,1,0,0.5714,0.3333333333333333,1.0,0.0,0.0,3,1,0,1,0.0,0.3333333333333333,1,4,0,3435
2,7,1,1,1,0.7143,0.5,1.0,0.0,0.0,4,2,0,2,0.0,0.5,1,4,0,3436
2,7,1,1,1,0.8571,0.6,1.0,0.2,1.0,5,3,0,3,0.5,0.6,1,4,1,3437
3,2,3,1,1,1.0,0.6666666666666666,1.0,0.3333333333333333,1.0,6,4,0,4,0.5,0.6666666666666666,1,4,1,3438
1,1,0,1,0,0.2,0.0,0.0,0.0,0.0,0,0,0,0,0.0,0.0,0,3,0,3439
1,7,1,1,1,0.4,1.0,1.0,0.0,0.0,1,1,0,1,0.0,1.0,0,3,0,3440
2,1,0,1,1,0.6,1.0,1.0,0.5,1.0,2,2,0,2,0.5,1.0,0,3,1,3441
2,6,1,1,1,0.8,1.0,1.0,0.6666666666666666,1.0,3,3,0,3,0.5,1.0,0,3,1,3442
3,7,1,1,1,1.0,1.0,1.0,0.75,1.0,4,4,0,4,0.5,1.0,0,3,1,3443
1,1,0,1,0,0.2,0.0,0.0,0.0,0.0,0,0,0,0,0.0,0.0,3,2,0,3444
1,7,1,1,1,0.4,1.0,1.0,0.0,0.0,1,1,0,1,0.0,1.0,3,2,0,3445
2,1,0,1,1,0.6,1.0,1.0,0.5,1.0,2,2,0,2,0.5,1.0,3,2,1,3446
2,6,1,1,1,0.8,1.0,1.0,0.6666666666666666,1.0,3,3,0,3,0.5,1.0,3,2,1,3447
3,7,1,1,1,1.0,1.0,1.0,0.75,1.0,4,4,0,4,0.5,1.0,3,2,1,3448
1,1,0,1,0,0.2,0.0,0.0,0.0,0.0,0,0,0,0,0.0,0.0,3,2,0,3449
1,7,1,1,1,0.4,1.0,1.0,0.0,0.0,1,1,0,1,0.0,1.0,3,2,0,3450
2,1,0,1,1,0.6,1.0,1.0,0.5,1.0,2,2,0,2,0.5,1.0,3,2,1,3451
2,6,1,1,1,0.8,1.0,1.0,0.6666666666666666,1.0,3,3,0,3,0.5,1.0,3,2,1,3452
3,7,1,1,1,1.0,1.0,1.0,0.75,1.0,4,4,0,4,0.5,1.0,3,2,1,3453
1,1,0,1,0,0.2,0.0,0.0,0.0,0.0,0,0,0,0,0.0,0.0,3,3,0,3454
1,7,1,1,1,0.4,1.0,1.0,0.0,0.0,1,1,0,1,0.0,1.0,3,3,0,3455
2,1,0,1,1,0.6,1.0,1.0,0.5,1.0,2,2,0,2,0.5,1.0,3,3,1,3456
2,6,1,1,1,0.8,1.0,1.0,0.6666666666666666,1.0,3,3,0,3,0.5,1.0,3,3,1,3457
3,7,1,1,1,1.0,1.0,1.0,0.75,1.0,4,4,0,4,0.5,1.0,3,3,1,3458
1,2,3,0,0,0.1667,0.0,0.0,0.0,0.0,0,0,0,0,0.0,0.0,2,2,0,3459
1,1,0,1,0,0.3333,0.0,0.0,0.0,0.0,1,0,0,0,0.0,0.0,2,2,0,3460
1,1,0,1,0,0.5,0.5,1.0,0.0,0.0,2,1,0,1,0.0,0.5,2,2,0,3461
2,7,1,1,1,0.6667,0.6666666666666666,1.0,0.0,0.0,3,2,0,2,0.0,0.6666666666666666,2,2,0,3462
2,7,1,1,1,0.8333,0.75,1.0,0.25,1.0,4,3,0,3,0.5,0.75,2,2,1,3463
3,6,1,1,1,1.0,0.8,1.0,0.4,1.0,5,4,0,4,0.5,0.8,2,2,1,3464
1,0,0,0,0,0.1429,0.0,0.0,0.0,0.0,0,0,0,0,0.0,0.0,3,4,0,3465
1,1,0,0,0,0.2857,0.0,0.0,0.0,0.0,1,0,0,0,0.0,0.0,3,4,0,3466
1,1,0,1,0,0.4286,0.0,0.0,0.0,0.0,2,0,0,0,0.0,0.0,3,4,0,3467
1,1,0,1,0,0.5714,0.3333333333333333,1.0,0.0,0.0,3,1,0,1,0.0,0.3333333333333333,3,4,0,3468
2,7,1,1,1,0.7143,0.5,1.0,0.0,0.0,4,2,0,2,0.0,0.5,3,4,0,3469
2,7,1,1,1,0.8571,0.6,1.0,0.2,1.0,5,3,0,3,0.5,0.6,3,4,1,3470
3,2,3,1,1,1.0,0.6666666666666666,1.0,0.3333333333333333,1.0,6,4,0,4,0.5,0.6666666666666666,3,4,1,3471
1,0,0,0,0,0.1429,0.0,0.0,0.0,0.0,0,0,0,0,0.0,0.0,2,3,0,3472
1,1,0,0,0,0.2857,0.0,0.0,0.0,0.0,1,0,0,0,0.0,0.0,2,3,0,3473
1,1,0,1,0,0.4286,0.0,0.0,0.0,0.0,2,0,0,0,0.0,0.0,2,3,0,3474
1,1,0,1,0,0.5714,0.3333333333333333,1.0,0.0,0.0,3,1,0,1,0.0,0.3333333333333333,2,3,0,3475
2,7,1,1,1,0.7143,0.5,1.0,0.0,0.0,4,2,0,2,0.0,0.5,2,3,0,3476
2,7,1,1,1,0.8571,0.6,1.0,0.2,1.0,5,3,0,3,0.5,0.6,2,3,1,3477
3,2,3,1,1,1.0,0.6666666666666666,1.0,0.3333333333333333,1.0,6,4,0,4,0.5,0.6666666666666666,2,3,1,3478
1,2,3,0,0,0.1667,0.0,0.0,0.0,0.0,0,0,0,0,0.0,0.0,1,3,0,3479
1,1,0,1,0,0.3333,0.0,0.0,0.0,0.0,1,0,0,0,0.0,0.0,1,3,0,3480
1,1,0,1,0,0.5,0.5,1.0,0.0,0.0,2,1,0,1,0.0,0.5,1,3,0,3481
2,7,1,1,1,0.6667,0.6666666666666666,1.0,0.0,0.0,3,2,0,2,0.0,0.6666666666666666,1,3,0,3482
2,7,1,1,1,0.8333,0.75,1.0,0.25,1.0,4,3,0,3,0.5,0.75,1,3,1,3483
3,6,1,1,1,1.0,0.8,1.0,0.4,1.0,5,4,0,4,0.5,0.8,1,3,1,3484
1,1,0,1,0,0.2,0.0,0.0,0.0,0.0,0,0,0,0,0.0,0.0,1,2,0,3485
1,7,1,1,1,0.4,1.0,1.0,0.0,0.0,1,1,0,1,0.0,1.0,1,2,0,3486
2,1,0,1,1,0.6,1.0,1.0,0.5,1.0,2,2,0,2,0.5,1.0,1,2,1,3487
2,6,1,1,1,0.8,1.0,1.0,0.6666666666666666,1.0,3,3,0,3,0.5,1.0,1,2,1,3488
3,7,1,1,1,1.0,1.0,1.0,0.75,1.0,4,4,0,4,0.5,1.0,1,2,1,3489
1,1,0,1,0,0.2,0.0,0.0,0.0,0.0,0,0,0,0,0.0,0.0,3,4,0,3490
1,7,1,1,1,0.4,1.0,1.0,0.0,0.0,1,1,0,1,0.0,1.0,3,4,0,3491
2,1,0,1,1,0.6,1.0,1.0,0.5,1.0,2,2,0,2,0.5,1.0,3,4,1,3492
2,6,1,1,1,0.8,1.0,1.0,0.6666666666666666,1.0,3,3,0,3,0.5,1.0,3,4,1,3493
3,7,1,1,1,1.0,1.0,1.0,0.75,1.0,4,4,0,4,0.5,1.0,3,4,1,3494
1,2,3,0,0,0.1667,0.0,0.0,0.0,0.0,0,0,0,0,0.0,0.0,3,4,0,3495
1,1,0,1,0,0.3333,0.0,0.0,0.0,0.0,1,0,0,0,0.0,0.0,3,4,0,3496
1,1,0,1,0,0.5,0.5,1.0,0.0,0.0,2,1,0,1,0.0,0.5,3,4,0,3497
2,7,1,1,1,0.6667,0.6666666666666666,1.0,0.0,0.0,3,2,0,2,0.0,0.6666666666666666,3,4,0,3498
2,7,1,1,1,0.8333,0.75,1.0,0.25,1.0,4,3,0,3,0.5,0.75,3,4,1,3499
3,6,1,1,1,1.0,0.8,1.0,0.4,1.0,5,4,0,4,0.5,0.8,3,4,1,3500
1,1,0,1,0,0.2,0.0,0.0,0.0,0.0,0,0,0,0,0.0,0.0,1,2,0,3501
1,7,1,1,1,0.4,1.0,1.0,0.0,0.0,1,1,0,1,0.0,1.0,1,2,0,3502
2,1,0,1,1,0.6,1.0,1.0,0.5,1.0,2,2,0,2,0.5,1.0,1,2,1,3503
2,6,1,1,1,0.8,1.0,1.0,0.6666666666666666,1.0,3,3,0,3,0.5,1.0,1,2,1,3504
3,7,1,1,1,1.0,1.0,1.0,0.75,1.0,4,4,0,4,0.5,1.0,1,2,1,3505
1,1,0,1,0,0.2,0.0,0.0,0.0,0.0,0,0,0,0,0.0,0.0,2,4,0,3506
1,7,1,1,1,0.4,1.0,1.0,0.0,0.0,1,1,0,1,0.0,1.0,2,4,0,3507
2,1,0,1,1,0.6,1.0,1.0,0.5,1.0,2,2,0,2,0.5,1.0,2,4,1,3508
2,6,1,1,1,0.8,1.0,1.0,0.6666666666666666,1.0,3,3,0,3,0.5,1.0,2,4,1,3509
3,7,1,1,1,1.0,1.0,1.0,0.75,1.0,4,4,0,4,0.5,1.0,2,4,1,3510
1,0,0,0,0,0.1429,0.0,0.0,0.0,0.0,0,0,0,0,0.0,0.0,0,4,0,3511
1,1,0,0,0,0.2857,0.0,0.0,0.0,0.0,1,0,0,0,0.0,0.0,0,4,0,3512
1,1,0,1,0,0.4286,0.0,0.0,0.0,0.0,2,0,0,0,0.0,0.0,0,4,0,3513
1,1,0,1,0,0.5714,0.3333333333333333,1.0,0.0,0.0,3,1,0,1,0.0,0.3333333333333333,0,4,0,3514
2,7,1,1,1,0.7143,0.5,1.0,0.0,0.0,4,2,0,2,0.0,0.5,0,4,0,3515
2,7,1,1,1,0.8571,0.6,1.0,0.2,1.0,5,3,0,3,0.5,0.6,0,4,1,3516
3,2,3,1,1,1.0,0.6666666666666666,1.0,0.3333333333333333,1.0,6,4,0,4,0.5,0.6666666666666666,0,4,1,3517
1,2,3,0,0,0.1667,0.0,0.0,0.0,0.0,0,0,0,0,0.0,0.0,2,2,0,3518
1,1,0,1,0,0.3333,0.0,0.0,0.0,0.0,1,0,0,0,0.0,0.0,2,2,0,3519
1,1,0,1,0,0.5,0.5,1.0,0.0,0.0,2,1,0,1,0.0,0.5,2,2,0,3520
2,7,1,1,1,0.6667,0.6666666666666666,1.0,0.0,0.0,3,2,0,2,0.0,0.6666666666666666,2,2,0,3521
2,7,1,1,1,0.8333,0.75,1.0,0.25,1.0,4,3,0,3,0.5,0.75,2,2,1,3522
3,6,1,1,1,1.0,0.8,1.0,0.4,1.0,5,4,0,4,0.5,0.8,2,2,1,3523
1,1,0,1,0,0.2,0.0,0.0,0.0,0.0,0,0,0,0,0.0,0.0,3,3,0,3524
1,7,1,1,1,0.4,1.0,1.0,0.0,0.0,1,1,0,1,0.0,1.0,3,3,0,3525
2,1,0,1,1,0.6,1.0,1.0,0.5,1.0,2,2,0,2,0.5,1.0,3,3,1,3526
2,6,1,1,1,0.8,1.0,1.0,0.6666666666666666,1.0,3,3,0,3,0.5,1.0,3,3,1,3527
3,7,1,1,1,1.0,1.0,1.0,0.75,1.0,4,4,0,4,0.5,1.0,3,3,1,3528
1,1,0,1,0,0.2,0.0,0.0,0.0,0.0,0,0,0,0,0.0,0.0,1,3,0,3529
1,7,1,1,1,0.4,1.0,1.0,0.0,0.0,1,1,0,1,0.0,1.0,1,3,0,3530
2,1,0,1,1,0.6,1.0,1.0,0.5,1.0,2,2,0,2,0.5,1.0,1,3,1,3531
2,6,1,1,1,0.8,1.0,1.0,0.6666666666666666,1.0,3,3,0,3,0.5,1.0,1,3,1,3532
3,7,1,1,1,1.0,1.0,1.0,0.75,1.0,4,4,0,4,0.5,1.0,1,3,1,3533
1,2,3,0,0,0.1667,0.0,0.0,0.0,0.0,0,0,0,0,0.0,0.0,0,4,0,3534
1,1,0,1,0,0.3333,0.0,0.0,0.0,0.0,1,0,0,0,0.0,0.0,0,4,0,3535
1,1,0,1,0,0.5,0.5,1.0,0.0,0.0,2,1,0,1,0.0,0.5,0,4,0,3536
2,7,1,1,1,0.6667,0.6666666666666666,1.0,0.0,0.0,3,2,0,2,0.0,0.6666666666666666,0,4,0,3537
2,7,1,1,1,0.8333,0.75,1.0,0.25,1.0,4,3,0,3,0.5,0.75,0,4,1,3538
3,6,1,1,1,1.0,0.8,1.0,0.4,1.0,5,4,0,4,0.5,0.8,0,4,1,3539
1,0,0,0,0,0.1429,0.0,0.0,0.0,0.0,0,0,0,0,0.0,0.0,1,2,0,3540
1,1,0,0,0,0.2857,0.0,0.0,0.0,0.0,1,0,0,0,0.0,0.0,1,2,0,3541
1,1,0,1,0,0.4286,0.0,0.0,0.0,0.0,2,0,0,0,0.0,0.0,1,2,0,3542
1,1,0,1,0,0.5714,0.3333333333333333,1.0,0.0,0.0,3,1,0,1,0.0,0.3333333333333333,1,2,0,3543
2,7,1,1,1,0.7143,0.5,1.0,0.0,0.0,4,2,0,2,0.0,0.5,1,2,0,3544
2,7,1,1,1,0.8571,0.6,1.0,0.2,1.0,5,3,0,3,0.5,0.6,1,2,1,3545
3,2,3,1,1,1.0,0.6666666666666666,1.0,0.3333333333333333,1.0,6,4,0,4,0.5,0.6666666666666666,1,2,1,3546
1,0,0,0,0,0.1429,0.0,0.0,0.0,0.0,0,0,0,0,0.0,0.0,3,2,0,3547
1,1,0,0,0,0.2857,0.0,0.0,0.0,0.0,1,0,0,0,0.0,0.0,3,2,0,3548
1,1,0,1,0,0.4286,0.0,0.0,0.0,0.0,2,0,0,0,0.0,0.0,3,2,0,3549
1,1,0,1,0,0.5714,0.3333333333333333,1.0,0.0,0.0,3,1,0,1,0.0,0.3333333333333333,3,2,0,3550
2,7,1,1,1,0.7143,0.5,1.0,0.0,0.0,4,2,0,2,0.0,0.5,3,2,0,3551
2,7,1,1,1,0.8571,0.6,1.0,0.2,1.0,5,3,0,3,0.5,0.6,3,2,1,3552
3,2,3,1,1,1.0,0.6666666666666666,1.0,0.3333333333333333,1.0,6,4,0,4,0.5,0.6666666666666666,3,2,1,3553
1,2,3,0,0,0.1667,0.0,0.0,0.0,0.0,0,0,0,0,0.0,0.0,3,2,0,3554
1,1,0,1,0,0.3333,0.0,0.0,0.0,0.0,1,0,0,0,0.0,0.0,3,2,0,3555
1,1,0,1,0,0.5,0.5,1.0,0.0,0.0,2,1,0,1,0.0,0.5,3,2,0,3556
2,7,1,1,1,0.6667,0.6666666666666666,1.0,0.0,0.0,3,2,0,2,0.0,0.6666666666666666,3,2,0,3557
2,7,1,1,1,0.8333,0.75,1.0,0.25,1.0,4,3,0,3,0.5,0.75,3,2,1,3558
3,6,1,1,1,1.0,0.8,1.0,0.4,1.0,5,4,0,4,0.5,0.8,3,2,1,3559
1,2,3,0,0,0.1667,0.0,0.0,0.0,0.0,0,0,0,0,0.0,0.0,0,4,0,3560
1,1,0,1,0,0.3333,0.0,0.0,0.0,0.0,1,0,0,0,0.0,0.0,0,4,0,3561
1,1,0,1,0,0.5,0.5,1.0,0.0,0.0,2,1,0,1,0.0,0.5,0,4,0,3562
2,7,1,1,1,0.6667,0.6666666666666666,1.0,0.0,0.0,3,2,0,2,0.0,0.6666666666666666,0,4,0,3563
2,7,1,1,1,0.8333,0.75,1.0,0.25,1.0,4,3,0,3,0.5,0.75,0,4,1,3564
3,6,1,1,1,1.0,0.8,1.0,0.4,1.0,5,4,0,4,0.5,0.8,0,4,1,3565
1,2,3,0,0,0.1667,0.0,0.0,0.0,0.0,0,0,0,0,0.0,0.0,0,2,0,3566
1,1,0,1,0,0.3333,0.0,0.0,0.0,0.0,1,0,0,0,0.0,0.0,0,2,0,3567
1,1,0,1,0,0.5,0.5,1.0,0.0,0.0,2,1,0,1,0.0,0.5,0,2,0,3568
2,7,1,1,1,0.6667,0.6666666666666666,1.0,0.0,0.0,3,2,0,2,0.0,0.6666666666666666,0,2,0,3569
2,7,1,1,1,0.8333,0.75,1.0,0.25,1.0,4,3,0,3,0.5,0.75,0,2,1,3570
3,6,1,1,1,1.0,0.8,1.0,0.4,1.0,5,4,0,4,0.5,0.8,0,2,1,3571
1,1,0,1,0,0.2,0.0,0.0,0.0,0.0,0,0,0,0,0.0,0.0,2,3,0,3572
1,7,1,1,1,0.4,1.0,1.0,0.0,0.0,1,1,0,1,0.0,1.0,2,3,0,3573
2,1,0,1,1,0.6,1.0,1.0,0.5,1.0,2,2,0,2,0.5,1.0,2,3,1,3574
2,6,1,1,1,0.8,1.0,1.0,0.6666666666666666,1.0,3,3,0,3,0.5,1.0,2,3,1,3575
3,7,1,1,1,1.0,1.0,1.0,0.75,1.0,4,4,0,4,0.5,1.0,2,3,1,3576
1,2,3,0,0,0.1667,0.0,0.0,0.0,0.0,0,0,0,0,0.0,0.0,1,4,0,3577
1,1,0,1,0,0.3333,0.0,0.0,0.0,0.0,1,0,0,0,0.0,0.0,1,4,0,3578
1,1,0,1,0,0.5,0.5,1.0,0.0,0.0,2,1,0,1,0.0,0.5,1,4,0,3579
2,7,1,1,1,0.6667,0.6666666666666666,1.0,0.0,0.0,3,2,0,2,0.0,0.6666666666666666,1,4,0,3580
2,7,1,1,1,0.8333,0.75,1.0,0.25,1.0,4,3,0,3,0.5,0.75,1,4,1,3581
3,6,1,1,1,1.0,0.8,1.0,0.4,1.0,5,4,0,4,0.5,0.8,1,4,1,3582
1,1,0,1,0,0.2,0.0,0.0,0.0,0.0,0,0,0,0,0.0,0.0,2,2,0,3583
1,7,1,1,1,0.4,1.0,1.0,0.0,0.0,1,1,0,1,0.0,1.0,2,2,0,3584
2,1,0,1,1,0.6,1.0,1.0,0.5,1.0,2,2,0,2,0.5,1.0,2,2,1,3585
2,6,1,1,1,0.8,1.0,1.0,0.6666666666666666,1.0,3,3,0,3,0.5,1.0,2,2,1,3586
3,7,1,1,1,1.0,1.0,1.0,0.75,1.0,4,4,0,4,0.5,1.0,2,2,1,3587
1,0,0,0,0,0.1429,0.0,0.0,0.0,0.0,0,0,0,0,0.0,0.0,2,2,0,3588
1,1,0,0,0,0.2857,0.0,0.0,0.0,0.0,1,0,0,0,0.0,0.0,2,2,0,3589
1,1,0,1,0,0.4286,0.0,0.0,0.0,0.0,2,0,0,0,0.0,0.0,2,2,0,3590
1,1,0,1,0,0.5714,0.3333333333333333,1.0,0.0,0.0,3,1,0,1,0.0,0.3333333333333333,2,2,0,3591
2,7,1,1,1,0.7143,0.5,1.0,0.0,0.0,4,2,0,2,0.0,0.5,2,2,0,3592
2,7,1,1,1,0.8571,0.6,1.0,0.2,1.0,5,3,0,3,0.5,0.6,2,2,1,3593
3,2,3,1,1,1.0,0.6666666666666666,1.0,0.3333333333333333,1.0,6,4,0,4,0.5,0.6666666666666666,2,2,1,3594
1,2,3,0,0,0.1667,0.0,0.0,0.0,0.0,0,0,0,0,0.0,0.0,2,3,0,3595
1,1,0,1,0,0.3333,0.0,0.0,0.0,0.0,1,0,0,0,0.0,0.0,2,3,0,3596
1,1,0,1,0,0.5,0.5,1.0,0.0,0.0,2,1,0,1,0.0,0.5,2,3,0,3597
2,7,1,1,1,0.6667,0.6666666666666666,1.0,0.0,0.0,3,2,0,2,0.0,0.6666666666666666,2,3,0,3598
2,7,1,1,1,0.8333,0.75,1.0,0.25,1.0,4,3,0,3,0.5,0.75,2,3,1,3599
3,6,1,1,1,1.0,0.8,1.0,0.4,1.0,5,4,0,4,0.5,0.8,2,3,1,3600
1,2,3,0,0,0.1667,0.0,0.0,0.0,0.0,0,0,0,0,0.0,0.0,1,3,0,3601
1,1,0,1,0,0.3333,0.0,0.0,0.0,0.0,1,0,0,0,0.0,0.0,1,3,0,3602
1,1,0,1,0,0.5,0.5,1.0,0.0,0.0,2,1,0,1,0.0,0.5,1,3,0,3603
2,7,1,1,1,0.6667,0.6666666666666666,1.0,0.0,0.0,3,2,0,2,0.0,0.6666666666666666,1,3,0,3604
2,7,1,1,1,0.8333,0.75,1.0,0.25,1.0,4,3,0,3,0.5,0.75,1,3,1,3605
3,6,1,1,1,1.0,0.8,1.0,0.4,1.0,5,4,0,4,0.5,0.8,1,3,1,3606
1,2,3,0,0,0.1667,0.0,0.0,0.0,0.0,0,0,0,0,0.0,0.0,2,4,0,3607
1,1,0,1,0,0.3333,0.0,0.0,0.0,0.0,1,0,0,0,0.0,0.0,2,4,0,3608
1,1,0,1,0,0.5,0.5,1.0,0.0,0.0,2,1,0,1,0.0,0.5,2,4,0,3609
2,7,1,1,1,0.6667,0.6666666666666666,1.0,0.0,0.0,3,2,0,2,0.0,0.6666666666666666,2,4,0,3610
2,7,1,1,1,0.8333,0.75,1.0,0.25,1.0,4,3,0,3,0.5,0.75,2,4,1,3611
3,6,1,1,1,1.0,0.8,1.0,0.4,1.0,5,4,0,4,0.5,0.8,2,4,1,3612
1,1,0,1,0,0.2,0.0,0.0,0.0,0.0,0,0,0,0,0.0,0.0,1,3,0,3613
1,7,1,1,1,0.4,1.0,1.0,0.0,0.0,1,1,0,1,0.0,1.0,1,3,0,3614
2,1,0,1,1,0.6,1.0,1.0,0.5,1.0,2,2,0,2,0.5,1.0,1,3,1,3615
2,6,1,1,1,0.8,1.0,1.0,0.6666666666666666,1.0,3,3,0,3,0.5,1.0,1,3,1,3616
3,7,1,1,1,1.0,1.0,1.0,0.75,1.0,4,4,0,4,0.5,1.0,1,3,1,3617
1,1,0,1,0,0.2,0.0,0.0,0.0,0.0,0,0,0,0,0.0,0.0,3,4,0,3618
1,7,1,1,1,0.4,1.0,1.0,0.0,0.0,1,1,0,1,0.0,1.0,3,4,0,3619
2,1,0,1,1,0.6,1.0,1.0,0.5,1.0,2,2,0,2,0.5,1.0,3,4,1,3620
2,6,1,1,1,0.8,1.0,1.0,0.6666666666666666,1.0,3,3,0,3,0.5,1.0,3,4,1,3621
3,7,1,1,1,1.0,1.0,1.0,0.75,1.0,4,4,0,4,0.5,1.0,3,4,1,3622
1,2,3,0,0,0.1667,0.0,0.0,0.0,0.0,0,0,0,0,0.0,0.0,2,2,0,3623
1,1,0,1,0,0.3333,0.0,0.0,0.0,0.0,1,0,0,0,0.0,0.0,2,2,0,3624
1,1,0,1,0,0.5,0.5,1.0,0.0,0.0,2,1,0,1,0.0,0.5,2,2,0,3625
2,7,1,1,1,0.6667,0.6666666666666666,1.0,0.0,0.0,3,2,0,2,0.0,0.6666666666666666,2,2,0,3626
2,7,1,1,1,0.8333,0.75,1.0,0.25,1.0,4,3,0,3,0.5,0.75,2,2,1,3627
3,6,1,1,1,1.0,0.8,1.0,0.4,1.0,5,4,0,4,0.5,0.8,2,2,1,3628
1,0,0,0,0,0.1429,0.0,0.0,0.0,0.0,0,0,0,0,0.0,0.0,1,2,0,3629
1,1,0,0,0,0.2857,0.0,0.0,0.0,0.0,1,0,0,0,0.0,0.0,1,2,0,3630
1,1,0,1,0,0.4286,0.0,0.0,0.0,0.0,2,0,0,0,0.0,0.0,1,2,0,3631
1,1,0,1,0,0.5714,0.3333333333333333,1.0,0.0,0.0,3,1,0,1,0.0,0.3333333333333333,1,2,0,3632
2,7,1,1,1,0.7143,0.5,1.0,0.0,0.0,4,2,0,2,0.0,0.5,1,2,0,3633
2,7,1,1,1,0.8571,0.6,1.0,0.2,1.0,5,3,0,3,0.5,0.6,1,2,1,3634
3,2,3,1,1,1.0,0.6666666666666666,1.0,0.3333333333333333,1.0,6,4,0,4,0.5,0.6666666666666666,1,2,1,3635
1,1,0,1,0,0.2,0.0,0.0,0.0,0.0,0,0,0,0,0.0,0.0,2,2,0,3636
1,7,1,1,1,0.4,1.0,1.0,0.0,0.0,1,1,0,1,0.0,1.0,2,2,0,3637
2,1,0,1,1,0.6,1.0,1.0,0.5,1.0,2,2,0,2,0.5,1.0,2,2,1,3638
2,6,1,1,1,0.8,1.0,1.0,0.6666666666666666,1.0,3,3,0,3,0.5,1.0,2,2,1,3639
3,7,1,1,1,1.0,1.0,1.0,0.75,1.0,4,4,0,4,0.5,1.0,2,2,1,3640
1,0,0,0,0,0.1429,0.0,0.0,0.0,0.0,0,0,0,0,0.0,0.0,2,3,0,3641
1,1,0,0,0,0.2857,0.0,0.0,0.0,0.0,1,0,0,0,0.0,0.0,2,3,0,3642
1,1,0,1,0,0.4286,0.0,0.0,0.0,0.0,2,0,0,0,0.0,0.0,2,3,0,3643
1,1,0,1,0,0.5714,0.3333333333333333,1.0,0.0,0.0,3,1,0,1,0.0,0.3333333333333333,2,3,0,3644
2,7,1,1,1,0.7143,0.5,1.0,0.0,0.0,4,2,0,2,0.0,0.5,2,3,0,3645
2,7,1,1,1,0.8571,0.6,1.0,0.2,1.0,5,3,0,3,0.5,0.6,2,3,1,3646
3,2,3,1,1,1.0,0.6666666666666666,1.0,0.3333333333333333,1.0,6,4,0,4,0.5,0.6666666666666666,2,3,1,3647
1,0,0,0,0,0.1429,0.0,0.0,0.0,0.0,0,0,0,0,0.0,0.0,2,2,0,3648
1,1,0,0,0,0.2857,0.0,0.0,0.0,0.0,1,0,0,0,0.0,0.0,2,2,0,3649
1,1,0,1,0,0.4286,0.0,0.0,0.0,0.0,2,0,0,0,0.0,0.0,2,2,0,3650
1,1,0,1,0,0.5714,0.3333333333333333,1.0,0.0,0.0,3,1,0,1,0.0,0.3333333333333333,2,2,0,3651
2,7,1,1,1,0.7143,0.5,1.0,0.0,0.0,4,2,0,2,0.0,0.5,2,2,0,3652
2,7,1,1,1,0.8571,0.6,1.0,0.2,1.0,5,3,0,3,0.5,0.6,2,2,1,3653
3,2,3,1,1,1.0,0.6666666666666666,1.0,0.3333333333333333,1.0,6,4,0,4,0.5,0.6666666666666666,2,2,1,3654
1,2,3,0,0,0.1667,0.0,0.0,0.0,0.0,0,0,0,0,0.0,0.0,1,2,0,3655
1,1,0,1,0,0.3333,0.0,0.0,0.0,0.0,1,0,0,0,0.0,0.0,1,2,0,3656
1,1,0,1,0,0.5,0.5,1.0,0.0,0.0,2,1,0,1,0.0,0.5,1,2,0,3657
2,7,1,1,1,0.6667,0.6666666666666666,1.0,0.0,0.0,3,2,0,2,0.0,0.6666666666666666,1,2,0,3658
2,7,1,1,1,0.8333,0.75,1.0,0.25,1.0,4,3,0,3,0.5,0.75,1,2,1,3659
3,6,1,1,1,1.0,0.8,1.0,0.4,1.0,5,4,0,4,0.5,0.8,1,2,1,3660
1,2,3,0,0,0.1667,0.0,0.0,0.0,0.0,0,0,0,0,0.0,0.0,0,3,0,3661
1,1,0,1,0,0.3333,0.0,0.0,0.0,0.0,1,0,0,0,0.0,0.0,0,3,0,3662
1,1,0,1,0,0.5,0.5,1.0,0.0,0.0,2,1,0,1,0.0,0.5,0,3,0,3663
2,7,1,1,1,0.6667,0.6666666666666666,1.0,0.0,0.0,3,2,0,2,0.0,0.6666666666666666,0,3,0,3664
2,7,1,1,1,0.8333,0.75,1.0,0.25,1.0,4,3,0,3,0.5,0.75,0,3,1,3665
3,6,1,1,1,1.0,0.8,1.0,0.4,1.0,5,4,0,4,0.5,0.8,0,3,1,3666
1,0,0,0,0,0.1429,0.0,0.0,0.0,0.0,0,0,0,0,0.0,0.0,2,4,0,3667
1,1,0,0,0,0.2857,0.0,0.0,0.0,0.0,1,0,0,0,0.0,0.0,2,4,0,3668
1,1,0,1,0,0.4286,0.0,0.0,0.0,0.0,2,0,0,0,0.0,0.0,2,4,0,3669
1,1,0,1,0,0.5714,0.3333333333333333,1.0,0.0,0.0,3,1,0,1,0.0,0.3333333333333333,2,4,0,3670
2,7,1,1,1,0.7143,0.5,1.0,0.0,0.0,4,2,0,2,0.0,0.5,2,4,0,3671
2,7,1,1,1,0.8571,0.6,1.0,0.2,1.0,5,3,0,3,0.5,0.6,2,4,1,3672
3,2,3,1,1,1.0,0.6666666666666666,1.0,0.3333333333333333,1.0,6,4,0,4,0.5,0.6666666666666666,2,4,1,3673
1,0,0,0,0,0.1429,0.0,0.0,0.0,0.0,0,0,0,0,0.0,0.0,0,2,0,3674
1,1,0,0,0,0.2857,0.0,0.0,0.0,0.0,1,0,0,0,0.0,0.0,0,2,0,3675
1,1,0,1,0,0.4286,0.0,0.0,0.0,0.0,2,0,0,0,0.0,0.0,0,2,0,3676
1,1,0,1,0,0.5714,0.3333333333333333,1.0,0.0,0.0,3,1,0,1,0.0,0.3333333333333333,0,2,0,3677
2,7,1,1,1,0.7143,0.5,1.0,0.0,0.0,4,2,0,2,0.0,0.5,0,2,0,3678
2,7,1,1,1,0.8571,0.6,1.0,0.2,1.0,5,3,0,3,0.5,0.6,0,2,1,3679
3,2,3,1,1,1.0,0.6666666666666666,1.0,0.3333333333333333,1.0,6,4,0,4,0.5,0.6666666666666666,0,2,1,3680
1,0,0,0,0,0.1429,0.0,0.0,0.0,0.0,0,0,0,0,0.0,0.0,3,3,0,3681
1,1,0,0,0,0.2857,0.0,0.0,0.0,0.0,1,0,0,0,0.0,0.0,3,3,0,3682
1,1,0,1,0,0.4286,0.0,0.0,0.0,0.0,2,0,0,0,0.0,0.0,3,3,0,3683
1,1,0,1,0,0.5714,0.3333333333333333,1.0,0.0,0.0,3,1,0,1,0.0,0.3333333333333333,3,3,0,3684
2,7,1,1,1,0.7143,0.5,1.0,0.0,0.0,4,2,0,2,0.0,0.5,3,3,0,3685
2,7,1,1,1,0.8571,0.6,1.0,0.2,1.0,5,3,0,3,0.5,0.6,3,3,1,3686
3,2,3,1,1,1.0,0.6666666666666666,1.0,0.3333333333333333,1.0,6,4,0,4,0.5,0.6666666666666666,3,3,1,3687
1,2,3,0,0,0.1667,0.0,0.0,0.0,0.0,0,0,0,0,0.0,0.0,1,3,0,3688
1,1,0,1,0,0.3333,0.0,0.0,0.0,0.0,1,0,0,0,0.0,0.0,1,3,0,3689
1,1,0,1,0,0.5,0.5,1.0,0.0,0.0,2,1,0,1,0.0,0.5,1,3,0,3690
2,7,1,1,1,0.6667,0.6666666666666666,1.0,0.0,0.0,3,2,0,2,0.0,0.6666666666666666,1,3,0,3691
2,7,1,1,1,0.8333,0.75,1.0,0.25,1.0,4,3,0,3,0.5,0.75,1,3,1,3692
3,6,1,1,1,1.0,0.8,1.0,0.4,1.0,5,4,0,4,0.5,0.8,1,3,1,3693
1,0,0,0,0,0.1429,0.0,0.0,0.0,0.0,0,0,0,0,0.0,0.0,0,2,0,3694
1,1,0,0,0,0.2857,0.0,0.0,0.0,0.0,1,0,0,0,0.0,0.0,0,2,0,3695
1,1,0,1,0,0.4286,0.0,0.0,0.0,0.0,2,0,0,0,0.0,0.0,0,2,0,3696
1,1,0,1,0,0.5714,0.3333333333333333,1.0,0.0,0.0,3,1,0,1,0.0,0.3333333333333333,0,2,0,3697
2,7,1,1,1,0.7143,0.5,1.0,0.0,0.0,4,2,0,2,0.0,0.5,0,2,0,3698
2,7,1,1,1,0.8571,0.6,1.0,0.2,1.0,5,3,0,3,0.5,0.6,0,2,1,3699
3,2,3,1,1,1.0,0.6666666666666666,1.0,0.3333333333333333,1.0,6,4,0,4,0.5,0.6666666666666666,0,2,1,3700
1,2,3,0,0,0.1667,0.0,0.0,0.0,0.0,0,0,0,0,0.0,0.0,1,2,0,3701
1,1,0,1,0,0.3333,0.0,0.0,0.0,0.0,1,0,0,0,0.0,0.0,1,2,0,3702
1,1,0,1,0,0.5,0.5,1.0,0.0,0.0,2,1,0,1,0.0,0.5,1,2,0,3703
2,7,1,1,1,0.6667,0.6666666666666666,1.0,0.0,0.0,3,2,0,2,0.0,0.6666666666666666,1,2,0,3704
2,7,1,1,1,0.8333,0.75,1.0,0.25,1.0,4,3,0,3,0.5,0.75,1,2,1,3705
3,6,1,1,1,1.0,0.8,1.0,0.4,1.0,5,4,0,4,0.5,0.8,1,2,1,3706
1,2,3,0,0,0.1667,0.0,0.0,0.0,0.0,0,0,0,0,0.0,0.0,0,3,0,3707
1,1,0,1,0,0.3333,0.0,0.0,0.0,0.0,1,0,0,0,0.0,0.0,0,3,0,3708
1,1,0,1,0,0.5,0.5,1.0,0.0,0.0,2,1,0,1,0.0,0.5,0,3,0,3709
2,7,1,1,1,0.6667,0.6666666666666666,1.0,0.0,0.0,3,2,0,2,0.0,0.6666666666666666,0,3,0,3710
2,7,1,1,1,0.8333,0.75,1.0,0.25,1.0,4,3,0,3,0.5,0.75,0,3,1,3711
3,6,1,1,1,1.0,0.8,1.0,0.4,1.0,5,4,0,4,0.5,0.8,0,3,1,3712
1,2,3,0,0,0.1667,0.0,0.0,0.0,0.0,0,0,0,0,0.0,0.0,0,3,0,3713
1,1,0,1,0,0.3333,0.0,0.0,0.0,0.0,1,0,0,0,0.0,0.0,0,3,0,3714
1,1,0,1,0,0.5,0.5,1.0,0.0,0.0,2,1,0,1,0.0,0.5,0,3,0,3715
2,7,1,1,1,0.6667,0.6666666666666666,1.0,0.0,0.0,3,2,0,2,0.0,0.6666666666666666,0,3,0,3716
2,7,1,1,1,0.8333,0.75,1.0,0.25,1.0,4,3,0,3,0.5,0.75,0,3,1,3717
3,6,1,1,1,1.0,0.8,1.0,0.4,1.0,5,4,0,4,0.5,0.8,0,3,1,3718
1,0,0,0,0,0.1429,0.0,0.0,0.0,0.0,0,0,0,0,0.0,0.0,3,3,0,3719
1,1,0,0,0,0.2857,0.0,0.0,0.0,0.0,1,0,0,0,0.0,0.0,3,3,0,3720
1,1,0,1,0,0.4286,0.0,0.0,0.0,0.0,2,0,0,0,0.0,0.0,3,3,0,3721
1,1,0,1,0,0.5714,0.3333333333333333,1.0,0.0,0.0,3,1,0,1,0.0,0.3333333333333333,3,3,0,3722
2,7,1,1,1,0.7143,0.5,1.0,0.0,0.0,4,2,0,2,0.0,0.5,3,3,0,3723
2,7,1,1,1,0.8571,0.6,1.0,0.2,1.0,5,3,0,3,0.5,0.6,3,3,1,3724
3,2,3,1,1,1.0,0.6666666666666666,1.0,0.3333333333333333,1.0,6,4,0,4,0.5,0.6666666666666666,3,3,1,3725
1,2,3,0,0,0.1667,0.0,0.0,0.0,0.0,0,0,0,0,0.0,0.0,0,4,0,3726
1,1,0,1,0,0.3333,0.0,0.0,0.0,0.0,1,0,0,0,0.0,0.0,0,4,0,3727
1,1,0,1,0,0.5,0.5,1.0,0.0,0.0,2,1,0,1,0.0,0.5,0,4,0,3728
2,7,1,1,1,0.6667,0.6666666666666666,1.0,0.0,0.0,3,2,0,2,0.0,0.6666666666666666,0,4,0,3729
2,7,1,1,1,0.8333,0.75,1.0,0.25,1.0,4,3,0,3,0.5,0.75,0,4,1,3730
3,6,1,1,1,1.0,0.8,1.0,0.4,1.0,5,4,0,4,0.5,0.8,0,4,1,3731
1,1,0,1,0,0.2,0.0,0.0,0.0,0.0,0,0,0,0,0.0,0.0,0,2,0,3732
1,7,1,1,1,0.4,1.0,1.0,0.0,0.0,1,1,0,1,0.0,1.0,0,2,0,3733
2,1,0,1,1,0.6,1.0,1.0,0.5,1.0,2,2,0,2,0.5,1.0,0,2,1,3734
2,6,1,1,1,0.8,1.0,1.0,0.6666666666666666,1.0,3,3,0,3,0.5,1.0,0,2,1,3735
3,7,1,1,1,1.0,1.0,1.0,0.75,1.0,4,4,0,4,0.5,1.0,0,2,1,3736
1,0,0,0,0,0.1429,0.0,0.0,0.0,0.0,0,0,0,0,0.0,0.0,1,4,0,3737
1,1,0,0,0,0.2857,0.0,0.0,0.0,0.0,1,0,0,0,0.0,0.0,1,4,0,3738
1,1,0,1,0,0.4286,0.0,0.0,0.0,0.0,2,0,0,0,0.0,0.0,1,4,0,3739
1,1,0,1,0,0.5714,0.3333333333333333,1.0,0.0,0.0,3,1,0,1,0.0,0.3333333333333333,1,4,0,3740
2,7,1,1,1,0.7143,0.5,1.0,0.0,0.0,4,2,0,2,0.0,0.5,1,4,0,3741
2,7,1,1,1,0.8571,0.6,1.0,0.2,1.0,5,3,0,3,0.5,0.6,1,4,1,3742
3,2,3,1,1,1.0,0.6666666666666666,1.0,0.3333333333333333,1.0,6,4,0,4,0.5,0.6666666666666666,1,4,1,3743
1,0,0,0,0,0.1429,0.0,0.0,0.0,0.0,0,0,0,0,0.0,0.0,1,2,0,3744
1,1,0,0,0,0.2857,0.0,0.0,0.0,0.0,1,0,0,0,0.0,0.0,1,2,0,3745
1,1,0,1,0,0.4286,0.0,0.0,0.0,0.0,2,0,0,0,0.0,0.0,1,2,0,3746
1,1,0,1,0,0.5714,0.3333333333333333,1.0,0.0,0.0,3,1,0,1,0.0,0.3333333333333333,1,2,0,3747
2,7,1,1,1,0.7143,0.5,1.0,0.0,0.0,4,2,0,2,0.0,0.5,1,2,0,3748
2,7,1,1,1,0.8571,0.6,1.0,0.2,1.0,5,3,0,3,0.5,0.6,1,2,1,3749
3,2,3,1,1,1.0,0.6666666666666666,1.0,0.3333333333333333,1.0,6,4,0,4,0.5,0.6666666666666666,1,2,1,3750
1,0,0,0,0,0.1429,0.0,0.0,0.0,0.0,0,0,0,0,0.0,0.0,2,4,0,3751
1,1,0,0,0,0.2857,0.0,0.0,0.0,0.0,1,0,0,0,0.0,0.0,2,4,0,3752
1,1,0,1,0,0.4286,0.0,0.0,0.0,0.0,2,0,0,0,0.0,0.0,2,4,0,3753
1,1,0,1,0,0.5714,0.3333333333333333,1.0,0.0,0.0,3,1,0,1,0.0,0.3333333333333333,2,4,0,3754
2,7,1,1,1,0.7143,0.5,1.0,0.0,0.0,4,2,0,2,0.0,0.5,2,4,0,3755
2,7,1,1,1,0.8571,0.6,1.0,0.2,1.0,5,3,0,3,0.5,0.6,2,4,1,3756
3,2,3,1,1,1.0,0.6666666666666666,1.0,0.3333333333333333,1.0,6,4,0,4,0.5,0.6666666666666666,2,4,1,3757
1,2,3,0,0,0.1667,0.0,0.0,0.0,0.0,0,0,0,0,0.0,0.0,0,2,0,3758
1,1,0,1,0,0.3333,0.0,0.0,0.0,0.0,1,0,0,0,0.0,0.0,0,2,0,3759
1,1,0,1,0,0.5,0.5,1.0,0.0,0.0,2,1,0,1,0.0,0.5,0,2,0,3760
2,7,1,1,1,0.6667,0.6666666666666666,1.0,0.0,0.0,3,2,0,2,0.0,0.6666666666666666,0,2,0,3761
2,7,1,1,1,0.8333,0.75,1.0,0.25,1.0,4,3,0,3,0.5,0.75,0,2,1,3762
3,6,1,1,1,1.0,0.8,1.0,0.4,1.0,5,4,0,4,0.5,0.8,0,2,1,3763
1,2,3,0,0,0.1667,0.0,0.0,0.0,0.0,0,0,0,0,0.0,0.0,0,4,0,3764
1,1,0,1,0,0.3333,0.0,0.0,0.0,0.0,1,0,0,0,0.0,0.0,0,4,0,3765
1,1,0,1,0,0.5,0.5,1.0,0.0,0.0,2,1,0,1,0.0,0.5,0,4,0,3766
2,7,1,1,1,0.6667,0.6666666666666666,1.0,0.0,0.0,3,2,0,2,0.0,0.6666666666666666,0,4,0,3767
2,7,1,1,1,0.8333,0.75,1.0,0.25,1.0,4,3,0,3,0.5,0.75,0,4,1,3768
3,6,1,1,1,1.0,0.8,1.0,0.4,1.0,5,4,0,4,0.5,0.8,0,4,1,3769
1,2,3,0,0,0.1667,0.0,0.0,0.0,0.0,0,0,0,0,0.0,0.0,0,3,0,3770
1,1,0,1,0,0.3333,0.0,0.0,0.0,0.0,1,0,0,0,0.0,0.0,0,3,0,3771
1,1,0,1,0,0.5,0.5,1.0,0.0,0.0,2,1,0,1,0.0,0.5,0,3,0,3772
2,7,1,1,1,0.6667,0.6666666666666666,1.0,0.0,0.0,3,2,0,2,0.0,0.6666666666666666,0,3,0,3773
2,7,1,1,1,0.8333,0.75,1.0,0.25,1.0,4,3,0,3,0.5,0.75,0,3,1,3774
3,6,1,1,1,1.0,0.8,1.0,0.4,1.0,5,4,0,4,0.5,0.8,0,3,1,3775
1,1,0,1,0,0.2,0.0,0.0,0.0,0.0,0,0,0,0,0.0,0.0,1,3,0,3776
1,7,1,1,1,0.4,1.0,1.0,0.0,0.0,1,1,0,1,0.0,1.0,1,3,0,3777
2,1,0,1,1,0.6,1.0,1.0,0.5,1.0,2,2,0,2,0.5,1.0,1,3,1,3778
2,6,1,1,1,0.8,1.0,1.0,0.6666666666666666,1.0,3,3,0,3,0.5,1.0,1,3,1,3779
3,7,1,1,1,1.0,1.0,1.0,0.75,1.0,4,4,0,4,0.5,1.0,1,3,1,3780
1,1,0,1,0,0.2,0.0,0.0,0.0,0.0,0,0,0,0,0.0,0.0,2,4,0,3781
1,7,1,1,1,0.4,1.0,1.0,0.0,0.0,1,1,0,1,0.0,1.0,2,4,0,3782
2,1,0,1,1,0.6,1.0,1.0,0.5,1.0,2,2,0,2,0.5,1.0,2,4,1,3783
2,6,1,1,1,0.8,1.0,1.0,0.6666666666666666,1.0,3,3,0,3,0.5,1.0,2,4,1,3784
3,7,1,1,1,1.0,1.0,1.0,0.75,1.0,4,4,0,4,0.5,1.0,2,4,1,3785
1,0,0,0,0,0.1429,0.0,0.0,0.0,0.0,0,0,0,0,0.0,0.0,0,2,0,3786
1,1,0,0,0,0.2857,0.0,0.0,0.0,0.0,1,0,0,0,0.0,0.0,0,2,0,3787
1,1,0,1,0,0.4286,0.0,0.0,0.0,0.0,2,0,0,0,0.0,0.0,0,2,0,3788
1,1,0,1,0,0.5714,0.3333333333333333,1.0,0.0,0.0,3,1,0,1,0.0,0.3333333333333333,0,2,0,3789
2,7,1,1,1,0.7143,0.5,1.0,0.0,0.0,4,2,0,2,0.0,0.5,0,2,0,3790
2,7,1,1,1,0.8571,0.6,1.0,0.2,1.0,5,3,0,3,0.5,0.6,0,2,1,3791
3,2,3,1,1,1.0,0.6666666666666666,1.0,0.3333333333333333,1.0,6,4,0,4,0.5,0.6666666666666666,0,2,1,3792
1,1,0,1,0,0.2,0.0,0.0,0.0,0.0,0,0,0,0,0.0,0.0,0,3,0,3793
1,7,1,1,1,0.4,1.0,1.0,0.0,0.0,1,1,0,1,0.0,1.0,0,3,0,3794
2,1,0,1,1,0.6,1.0,1.0,0.5,1.0,2,2,0,2,0.5,1.0,0,3,1,3795
2,6,1,1,1,0.8,1.0,1.0,0.6666666666666666,1.0,3,3,0,3,0.5,1.0,0,3,1,3796
3,7,1,1,1,1.0,1.0,1.0,0.75,1.0,4,4,0,4,0.5,1.0,0,3,1,3797
1,0,0,0,0,0.1429,0.0,0.0,0.0,0.0,0,0,0,0,0.0,0.0,0,3,0,3798
1,1,0,0,0,0.2857,0.0,0.0,0.0,0.0,1,0,0,0,0.0,0.0,0,3,0,3799
1,1,0,1,0,0.4286,0.0,0.0,0.0,0.0,2,0,0,0,0.0,0.0,0,3,0,3800
1,1,0,1,0,0.5714,0.3333333333333333,1.0,0.0,0.0,3,1,0,1,0.0,0.3333333333333333,0,3,0,3801
2,7,1,1,1,0.7143,0.5,1.0,0.0,0.0,4,2,0,2,0.0,0.5,0,3,0,3802
2,7,1,1,1,0.8571,0.6,1.0,0.2,1.0,5,3,0,3,0.5,0.6,0,3,1,3803
3,2,3,1,1,1.0,0.6666666666666666,1.0,0.3333333333333333,1.0,6,4,0,4,0.5,0.6666666666666666,0,3,1,3804
1,1,0,1,0,0.2,0.0,0.0,0.0,0.0,0,0,0,0,0.0,0.0,0,3,0,3805
1,7,1,1,1,0.4,1.0,1.0,0.0,0.0,1,1,0,1,0.0,1.0,0,3,0,3806
2,1,0,1,1,0.6,1.0,1.0,0.5,1.0,2,2,0,2,0.5,1.0,0,3,1,3807
2,6,1,1,1,0.8,1.0,1.0,0.6666666666666666,1.0,3,3,0,3,0.5,1.0,0,3,1,3808
3,7,1,1,1,1.0,1.0,1.0,0.75,1.0,4,4,0,4,0.5,1.0,0,3,1,3809
1,2,3,0,0,0.1667,0.0,0.0,0.0,0.0,0,0,0,0,0.0,0.0,0,4,0,3810
1,1,0,1,0,0.3333,0.0,0.0,0.0,0.0,1,0,0,0,0.0,0.0,0,4,0,3811
1,1,0,1,0,0.5,0.5,1.0,0.0,0.0,2,1,0,1,0.0,0.5,0,4,0,3812
2,7,1,1,1,0.6667,0.6666666666666666,1.0,0.0,0.0,3,2,0,2,0.0,0.6666666666666666,0,4,0,3813
2,7,1,1,1,0.8333,0.75,1.0,0.25,1.0,4,3,0,3,0.5,0.75,0,4,1,3814
3,6,1,1,1,1.0,0.8,1.0,0.4,1.0,5,4,0,4,0.5,0.8,0,4,1,3815
1,2,3,0,0,0.1667,0.0,0.0,0.0,0.0,0,0,0,0,0.0,0.0,2,3,0,3816
1,1,0,1,0,0.3333,0.0,0.0,0.0,0.0,1,0,0,0,0.0,0.0,2,3,0,3817
1,1,0,1,0,0.5,0.5,1.0,0.0,0.0,2,1,0,1,0.0,0.5,2,3,0,3818
2,7,1,1,1,0.6667,0.6666666666666666,1.0,0.0,0.0,3,2,0,2,0.0,0.6666666666666666,2,3,0,3819
2,7,1,1,1,0.8333,0.75,1.0,0.25,1.0,4,3,0,3,0.5,0.75,2,3,1,3820
3,6,1,1,1,1.0,0.8,1.0,0.4,1.0,5,4,0,4,0.5,0.8,2,3,1,3821
1,0,0,0,0,0.1429,0.0,0.0,0.0,0.0,0,0,0,0,0.0,0.0,0,3,0,3822
1,1,0,0,0,0.2857,0.0,0.0,0.0,0.0,1,0,0,0,0.0,0.0,0,3,0,3823
1,1,0,1,0,0.4286,0.0,0.0,0.0,0.0,2,0,0,0,0.0,0.0,0,3,0,3824
1,1,0,1,0,0.5714,0.3333333333333333,1.0,0.0,0.0,3,1,0,1,0.0,0.3333333333333333,0,3,0,3825
2,7,1,1,1,0.7143,0.5,1.0,0.0,0.0,4,2,0,2,0.0,0.5,0,3,0,3826
2,7,1,1,1,0.8571,0.6,1.0,0.2,1.0,5,3,0,3,0.5,0.6,0,3,1,3827
3,2,3,1,1,1.0,0.6666666666666666,1.0,0.3333333333333333,1.0,6,4,0,4,0.5,0.6666666666666666,0,3,1,3828
1,1,0,1,0,0.2,0.0,0.0,0.0,0.0,0,0,0,0,0.0,0.0,2,2,0,3829
1,7,1,1,1,0.4,1.0,1.0,0.0,0.0,1,1,0,1,0.0,1.0,2,2,0,3830
2,1,0,1,1,0.6,1.0,1.0,0.5,1.0,2,2,0,2,0.5,1.0,2,2,1,3831
2,6,1,1,1,0.8,1.0,1.0,0.6666666666666666,1.0,3,3,0,3,0.5,1.0,2,2,1,3832
3,7,1,1,1,1.0,1.0,1.0,0.75,1.0,4,4,0,4,0.5,1.0,2,2,1,3833
1,0,0,0,0,0.1429,0.0,0.0,0.0,0.0,0,0,0,0,0.0,0.0,2,2,0,3834
1,1,0,0,0,0.2857,0.0,0.0,0.0,0.0,1,0,0,0,0.0,0.0,2,2,0,3835
1,1,0,1,0,0.4286,0.0,0.0,0.0,0.0,2,0,0,0,0.0,0.0,2,2,0,3836
1,1,0,1,0,0.5714,0.3333333333333333,1.0,0.0,0.0,3,1,0,1,0.0,0.3333333333333333,2,2,0,3837
2,7,1,1,1,0.7143,0.5,1.0,0.0,0.0,4,2,0,2,0.0,0.5,2,2,0,3838
2,7,1,1,1,0.8571,0.6,1.0,0.2,1.0,5,3,0,3,0.5,0.6,2,2,1,3839
3,2,3,1,1,1.0,0.6666666666666666,1.0,0.3333333333333333,1.0,6,4,0,4,0.5,0.6666666666666666,2,2,1,3840
1,1,0,1,0,0.2,0.0,0.0,0.0,0.0,0,0,0,0,0.0,0.0,0,4,0,3841
1,7,1,1,1,0.4,1.0,1.0,0.0,0.0,1,1,0,1,0.0,1.0,0,4,0,3842
2,1,0,1,1,0.6,1.0,1.0,0.5,1.0,2,2,0,2,0.5,1.0,0,4,1,3843
2,6,1,1,1,0.8,1.0,1.0,0.6666666666666666,1.0,3,3,0,3,0.5,1.0,0,4,1,3844
3,7,1,1,1,1.0,1.0,1.0,0.75,1.0,4,4,0,4,0.5,1.0,0,4,1,3845
1,0,0,0,0,0.1429,0.0,0.0,0.0,0.0,0,0,0,0,0.0,0.0,2,2,0,3846
1,1,0,0,0,0.2857,0.0,0.0,0.0,0.0,1,0,0,0,0.0,0.0,2,2,0,3847
1,1,0,1,0,0.4286,0.0,0.0,0.0,0.0,2,0,0,0,0.0,0.0,2,2,0,3848
1,1,0,1,0,0.5714,0.3333333333333333,1.0,0.0,0.0,3,1,0,1,0.0,0.3333333333333333,2,2,0,3849
2,7,1,1,1,0.7143,0.5,1.0,0.0,0.0,4,2,0,2,0.0,0.5,2,2,0,3850
2,7,1,1,1,0.8571,0.6,1.0,0.2,1.0,5,3,0,3,0.5,0.6,2,2,1,3851
3,2,3,1,1,1.0,0.6666666666666666,1.0,0.3333333333333333,1.0,6,4,0,4,0.5,0.6666666666666666,2,2,1,3852
1,2,3,0,0,0.1667,0.0,0.0,0.0,0.0,0,0,0,0,0.0,0.0,0,4,0,3853
1,1,0,1,0,0.3333,0.0,0.0,0.0,0.0,1,0,0,0,0.0,0.0,0,4,0,3854
1,1,0,1,0,0.5,0.5,1.0,0.0,0.0,2,1,0,1,0.0,0.5,0,4,0,3855
2,7,1,1,1,0.6667,0.6666666666666666,1.0,0.0,0.0,3,2,0,2,0.0,0.6666666666666666,0,4,0,3856
2,7,1,1,1,0.8333,0.75,1.0,0.25,1.0,4,3,0,3,0.5,0.75,0,4,1,3857
3,6,1,1,1,1.0,0.8,1.0,0.4,1.0,5,4,0,4,0.5,0.8,0,4,1,3858
1,1,0,1,0,0.2,0.0,0.0,0.0,0.0,0,0,0,0,0.0,0.0,0,4,0,3859
1,7,1,1,1,0.4,1.0,1.0,0.0,0.0,1,1,0,1,0.0,1.0,0,4,0,3860
2,1,0,1,1,0.6,1.0,1.0,0.5,1.0,2,2,0,2,0.5,1.0,0,4,1,3861
2,6,1,1,1,0.8,1.0,1.0,0.6666666666666666,1.0,3,3,0,3,0.5,1.0,0,4,1,3862
3,7,1,1,1,1.0,1.0,1.0,0.75,1.0,4,4,0,4,0.5,1.0,0,4,1,3863
1,2,3,0,0,0.1667,0.0,0.0,0.0,0.0,0,0,0,0,0.0,0.0,0,4,0,3864
1,1,0,1,0,0.3333,0.0,0.0,0.0,0.0,1,0,0,0,0.0,0.0,0,4,0,3865
1,1,0,1,0,0.5,0.5,1.0,0.0,0.0,2,1,0,1,0.0,0.5,0,4,0,3866
2,7,1,1,1,0.6667,0.6666666666666666,1.0,0.0,0.0,3,2,0,2,0.0,0.6666666666666666,0,4,0,3867
2,7,1,1,1,0.8333,0.75,1.0,0.25,1.0,4,3,0,3,0.5,0.75,0,4,1,3868
3,6,1,1,1,1.0,0.8,1.0,0.4,1.0,5,4,0,4,0.5,0.8,0,4,1,3869
1,0,0,0,0,0.1429,0.0,0.0,0.0,0.0,0,0,0,0,0.0,0.0,1,4,0,3870
1,1,0,0,0,0.2857,0.0,0.0,0.0,0.0,1,0,0,0,0.0,0.0,1,4,0,3871
1,1,0,1,0,0.4286,0.0,0.0,0.0,0.0,2,0,0,0,0.0,0.0,1,4,0,3872
1,1,0,1,0,0.5714,0.3333333333333333,1.0,0.0,0.0,3,1,0,1,0.0,0.3333333333333333,1,4,0,3873
2,7,1,1,1,0.7143,0.5,1.0,0.0,0.0,4,2,0,2,0.0,0.5,1,4,0,3874
2,7,1,1,1,0.8571,0.6,1.0,0.2,1.0,5,3,0,3,0.5,0.6,1,4,1,3875
3,2,3,1,1,1.0,0.6666666666666666,1.0,0.3333333333333333,1.0,6,4,0,4,0.5,0.6666666666666666,1,4,1,3876
1,0,0,0,0,0.1429,0.0,0.0,0.0,0.0,0,0,0,0,0.0,0.0,2,2,0,3877
1,1,0,0,0,0.2857,0.0,0.0,0.0,0.0,1,0,0,0,0.0,0.0,2,2,0,3878
1,1,0,1,0,0.4286,0.0,0.0,0.0,0.0,2,0,0,0,0.0,0.0,2,2,0,3879
1,1,0,1,0,0.5714,0.3333333333333333,1.0,0.0,0.0,3,1,0,1,0.0,0.3333333333333333,2,2,0,3880
2,7,1,1,1,0.7143,0.5,1.0,0.0,0.0,4,2,0,2,0.0,0.5,2,2,0,3881
2,7,1,1,1,0.8571,0.6,1.0,0.2,1.0,5,3,0,3,0.5,0.6,2,2,1,3882
3,2,3,1,1,1.0,0.6666666666666666,1.0,0.3333333333333333,1.0,6,4,0,4,0.5,0.6666666666666666,2,2,1,3883
1,1,0,1,0,0.2,0.0,0.0,0.0,0.0,0,0,0,0,0.0,0.0,3,3,0,3884
1,7,1,1,1,0.4,1.0,1.0,0.0,0.0,1,1,0,1,0.0,1.0,3,3,0,3885
2,1,0,1,1,0.6,1.0,1.0,0.5,1.0,2,2,0,2,0.5,1.0,3,3,1,3886
2,6,1,1,1,0.8,1.0,1.0,0.6666666666666666,1.0,3,3,0,3,0.5,1.0,3,3,1,3887
3,7,1,1,1,1.0,1.0,1.0,0.75,1.0,4,4,0,4,0.5,1.0,3,3,1,3888
1,1,0,1,0,0.2,0.0,0.0,0.0,0.0,0,0,0,0,0.0,0.0,2,3,0,3889
1,7,1,1,1,0.4,1.0,1.0,0.0,0.0,1,1,0,1,0.0,1.0,2,3,0,3890
2,1,0,1,1,0.6,1.0,1.0,0.5,1.0,2,2,0,2,0.5,1.0,2,3,1,3891
2,6,1,1,1,0.8,1.0,1.0,0.6666666666666666,1.0,3,3,0,3,0.5,1.0,2,3,1,3892
3,7,1,1,1,1.0,1.0,1.0,0.75,1.0,4,4,0,4,0.5,1.0,2,3,1,3893
1,0,0,0,0,0.1429,0.0,0.0,0.0,0.0,0,0,0,0,0.0,0.0,3,4,0,3894
1,1,0,0,0,0.2857,0.0,0.0,0.0,0.0,1,0,0,0,0.0,0.0,3,4,0,3895
1,1,0,1,0,0.4286,0.0,0.0,0.0,0.0,2,0,0,0,0.0,0.0,3,4,0,3896
1,1,0,1,0,0.5714,0.3333333333333333,1.0,0.0,0.0,3,1,0,1,0.0,0.3333333333333333,3,4,0,3897
2,7,1,1,1,0.7143,0.5,1.0,0.0,0.0,4,2,0,2,0.0,0.5,3,4,0,3898
2,7,1,1,1,0.8571,0.6,1.0,0.2,1.0,5,3,0,3,0.5,0.6,3,4,1,3899
3,2,3,1,1,1.0,0.6666666666666666,1.0,0.3333333333333333,1.0,6,4,0,4,0.5,0.6666666666666666,3,4,1,3900
1,1,0,1,0,0.2,0.0,0.0,0.0,0.0,0,0,0,0,0.0,0.0,3,4,0,3901
1,7,1,1,1,0.4,1.0,1.0,0.0,0.0,1,1,0,1,0.0,1.0,3,4,0,3902
2,1,0,1,1,0.6,1.0,1.0,0.5,1.0,2,2,0,2,0.5,1.0,3,4,1,3903
2,6,1,1,1,0.8,1.0,1.0,0.6666666666666666,1.0,3,3,0,3,0.5,1.0,3,4,1,3904
3,7,1,1,1,1.0,1.0,1.0,0.75,1.0,4,4,0,4,0.5,1.0,3,4,1,3905
1,1,0,1,0,0.2,0.0,0.0,0.0,0.0,0,0,0,0,0.0,0.0,2,3,0,3906
1,7,1,1,1,0.4,1.0,1.0,0.0,0.0,1,1,0,1,0.0,1.0,2,3,0,3907
2,1,0,1,1,0.6,1.0,1.0,0.5,1.0,2,2,0,2,0.5,1.0,2,3,1,3908
2,6,1,1,1,0.8,1.0,1.0,0.6666666666666666,1.0,3,3,0,3,0.5,1.0,2,3,1,3909
3,7,1,1,1,1.0,1.0,1.0,0.75,1.0,4,4,0,4,0.5,1.0,2,3,1,3910
1,2,3,0,0,0.1667,0.0,0.0,0.0,0.0,0,0,0,0,0.0,0.0,1,2,0,3911
1,1,0,1,0,0.3333,0.0,0.0,0.0,0.0,1,0,0,0,0.0,0.0,1,2,0,3912
1,1,0,1,0,0.5,0.5,1.0,0.0,0.0,2,1,0,1,0.0,0.5,1,2,0,3913
2,7,1,1,1,0.6667,0.6666666666666666,1.0,0.0,0.0,3,2,0,2,0.0,0.6666666666666666,1,2,0,3914
2,7,1,1,1,0.8333,0.75,1.0,0.25,1.0,4,3,0,3,0.5,0.75,1,2,1,3915
3,6,1,1,1,1.0,0.8,1.0,0.4,1.0,5,4,0,4,0.5,0.8,1,2,1,3916
1,1,0,1,0,0.2,0.0,0.0,0.0,0.0,0,0,0,0,0.0,0.0,1,4,0,3917
1,7,1,1,1,0.4,1.0,1.0,0.0,0.0,1,1,0,1,0.0,1.0,1,4,0,3918
2,1,0,1,1,0.6,1.0,1.0,0.5,1.0,2,2,0,2,0.5,1.0,1,4,1,3919
2,6,1,1,1,0.8,1.0,1.0,0.6666666666666666,1.0,3,3,0,3,0.5,1.0,1,4,1,3920
3,7,1,1,1,1.0,1.0,1.0,0.75,1.0,4,4,0,4,0.5,1.0,1,4,1,3921
1,0,0,0,0,0.1429,0.0,0.0,0.0,0.0,0,0,0,0,0.0,0.0,3,4,0,3922
1,1,0,0,0,0.2857,0.0,0.0,0.0,0.0,1,0,0,0,0.0,0.0,3,4,0,3923
1,1,0,1,0,0.4286,0.0,0.0,0.0,0.0,2,0,0,0,0.0,0.0,3,4,0,3924
1,1,0,1,0,0.5714,0.3333333333333333,1.0,0.0,0.0,3,1,0,1,0.0,0.3333333333333333,3,4,0,3925
2,7,1,1,1,0.7143,0.5,1.0,0.0,0.0,4,2,0,2,0.0,0.5,3,4,0,3926
2,7,1,1,1,0.8571,0.6,1.0,0.2,1.0,5,3,0,3,0.5,0.6,3,4,1,3927
3,2,3,1,1,1.0,0.6666666666666666,1.0,0.3333333333333333,1.0,6,4,0,4,0.5,0.6666666666666666,3,4,1,3928
1,1,0,1,0,0.2,0.0,0.0,0.0,0.0,0,0,0,0,0.0,0.0,2,2,0,3929
1,7,1,1,1,0.4,1.0,1.0,0.0,0.0,1,1,0,1,0.0,1.0,2,2,0,3930
2,1,0,1,1,0.6,1.0,1.0,0.5,1.0,2,2,0,2,0.5,1.0,2,2,1,3931
2,6,1,1,1,0.8,1.0,1.0,0.6666666666666666,1.0,3,3,0,3,0.5,1.0,2,2,1,3932
3,7,1,1,1,1.0,1.0,1.0,0.75,1.0,4,4,0,4,0.5,1.0,2,2,1,3933
1,0,0,0,0,0.1429,0.0,0.0,0.0,0.0,0,0,0,0,0.0,0.0,3,4,0,3934
1,1,0,0,0,0.2857,0.0,0.0,0.0,0.0,1,0,0,0,0.0,0.0,3,4,0,3935
1,1,0,1,0,0.4286,0.0,0.0,0.0,0.0,2,0,0,0,0.0,0.0,3,4,0,3936
1,1,0,1,0,0.5714,0.3333333333333333,1.0,0.0,0.0,3,1,0,1,0.0,0.3333333333333333,3,4,0,3937
2,7,1,1,1,0.7143,0.5,1.0,0.0,0.0,4,2,0,2,0.0,0.5,3,4,0,3938
2,7,1,1,1,0.8571,0.6,1.0,0.2,1.0,5,3,0,3,0.5,0.6,3,4,1,3939
3,2,3,1,1,1.0,0.6666666666666666,1.0,0.3333333333333333,1.0,6,4,0,4,0.5,0.6666666666666666,3,4,1,3940
1,2,3,0,0,0.1667,0.0,0.0,0.0,0.0,0,0,0,0,0.0,0.0,1,2,0,3941
1,1,0,1,0,0.3333,0.0,0.0,0.0,0.0,1,0,0,0,0.0,0.0,1,2,0,3942
1,1,0,1,0,0.5,0.5,1.0,0.0,0.0,2,1,0,1,0.0,0.5,1,2,0,3943
2,7,1,1,1,0.6667,0.6666666666666666,1.0,0.0,0.0,3,2,0,2,0.0,0.6666666666666666,1,2,0,3944
2,7,1,1,1,0.8333,0.75,1.0,0.25,1.0,4,3,0,3,0.5,0.75,1,2,1,3945
3,6,1,1,1,1.0,0.8,1.0,0.4,1.0,5,4,0,4,0.5,0.8,1,2,1,3946
1,2,3,0,0,0.1667,0.0,0.0,0.0,0.0,0,0,0,0,0.0,0.0,3,2,0,3947
1,1,0,1,0,0.3333,0.0,0.0,0.0,0.0,1,0,0,0,0.0,0.0,3,2,0,3948
1,1,0,1,0,0.5,0.5,1.0,0.0,0.0,2,1,0,1,0.0,0.5,3,2,0,3949
2,7,1,1,1,0.6667,0.6666666666666666,1.0,0.0,0.0,3,2,0,2,0.0,0.6666666666666666,3,2,0,3950
2,7,1,1,1,0.8333,0.75,1.0,0.25,1.0,4,3,0,3,0.5,0.75,3,2,1,3951
3,6,1,1,1,1.0,0.8,1.0,0.4,1.0,5,4,0,4,0.5,0.8,3,2,1,3952
1,0,0,0,0,0.1429,0.0,0.0,0.0,0.0,0,0,0,0,0.0,0.0,3,2,0,3953
1,1,0,0,0,0.2857,0.0,0.0,0.0,0.0,1,0,0,0,0.0,0.0,3,2,0,3954
1,1,0,1,0,0.4286,0.0,0.0,0.0,0.0,2,0,0,0,0.0,0.0,3,2,0,3955
1,1,0,1,0,0.5714,0.3333333333333333,1.0,0.0,0.0,3,1,0,1,0.0,0.3333333333333333,3,2,0,3956
2,7,1,1,1,0.7143,0.5,1.0,0.0,0.0,4,2,0,2,0.0,0.5,3,2,0,3957
2,7,1,1,1,0.8571,0.6,1.0,0.2,1.0,5,3,0,3,0.5,0.6,3,2,1,3958
3,2,3,1,1,1.0,0.6666666666666666,1.0,0.3333333333333333,1.0,6,4,0,4,0.5,0.6666666666666666,3,2,1,3959
1,2,3,0,0,0.1667,0.0,0.0,0.0,0.0,0,0,0,0,0.0,0.0,2,2,0,3960
1,1,0,1,0,0.3333,0.0,0.0,0.0,0.0,1,0,0,0,0.0,0.0,2,2,0,3961
1,1,0,1,0,0.5,0.5,1.0,0.0,0.0,2,1,0,1,0.0,0.5,2,2,0,3962
2,7,1,1,1,0.6667,0.6666666666666666,1.0,0.0,0.0,3,2,0,2,0.0,0.6666666666666666,2,2,0,3963
2,7,1,1,1,0.8333,0.75,1.0,0.25,1.0,4,3,0,3,0.5,0.75,2,2,1,3964
3,6,1,1,1,1.0,0.8,1.0,0.4,1.0,5,4,0,4,0.5,0.8,2,2,1,3965
1,2,3,0,0,0.1667,0.0,0.0,0.0,0.0,0,0,0,0,0.0,0.0,1,4,0,3966
1,1,0,1,0,0.3333,0.0,0.0,0.0,0.0,1,0,0,0,0.0,0.0,1,4,0,3967
1,1,0,1,0,0.5,0.5,1.0,0.0,0.0,2,1,0,1,0.0,0.5,1,4,0,3968
2,7,1,1,1,0.6667,0.6666666666666666,1.0,0.0,0.0,3,2,0,2,0.0,0.6666666666666666,1,4,0,3969
2,7,1,1,1,0.8333,0.75,1.0,0.25,1.0,4,3,0,3,0.5,0.75,1,4,1,3970
3,6,1,1,1,1.0,0.8,1.0,0.4,1.0,5,4,0,4,0.5,0.8,1,4,1,3971
1,1,0,1,0,0.2,0.0,0.0,0.0,0.0,0,0,0,0,0.0,0.0,1,4,0,3972
1,7,1,1,1,0.4,1.0,1.0,0.0,0.0,1,1,0,1,0.0,1.0,1,4,0,3973
2,1,0,1,1,0.6,1.0,1.0,0.5,1.0,2,2,0,2,0.5,1.0,1,4,1,3974
2,6,1,1,1,0.8,1.0,1.0,0.6666666666666666,1.0,3,3,0,3,0.5,1.0,1,4,1,3975
3,7,1,1,1,1.0,1.0,1.0,0.75,1.0,4,4,0,4,0.5,1.0,1,4,1,3976
1,0,0,0,0,0.1429,0.0,0.0,0.0,0.0,0,0,0,0,0.0,0.0,2,4,0,3977
1,1,0,0,0,0.2857,0.0,0.0,0.0,0.0,1,0,0,0,0.0,0.0,2,4,0,3978
1,1,0,1,0,0.4286,0.0,0.0,0.0,0.0,2,0,0,0,0.0,0.0,2,4,0,3979
1,1,0,1,0,0.5714,0.3333333333333333,1.0,0.0,0.0,3,1,0,1,0.0,0.3333333333333333,2,4,0,3980
2,7,1,1,1,0.7143,0.5,1.0,0.0,0.0,4,2,0,2,0.0,0.5,2,4,0,3981
2,7,1,1,1,0.8571,0.6,1.0,0.2,1.0,5,3,0,3,0.5,0.6,2,4,1,3982
3,2,3,1,1,1.0,0.6666666666666666,1.0,0.3333333333333333,1.0,6,4,0,4,0.5,0.6666666666666666,2,4,1,3983
1,0,0,0,0,0.1429,0.0,0.0,0.0,0.0,0,0,0,0,0.0,0.0,3,2,0,3984
1,1,0,0,0,0.2857,0.0,0.0,0.0,0.0,1,0,0,0,0.0,0.0,3,2,0,3985
1,1,0,1,0,0.4286,0.0,0.0,0.0,0.0,2,0,0,0,0.0,0.0,3,2,0,3986
1,1,0,1,0,0.5714,0.3333333333333333,1.0,0.0,0.0,3,1,0,1,0.0,0.3333333333333333,3,2,0,3987
2,7,1,1,1,0.7143,0.5,1.0,0.0,0.0,4,2,0,2,0.0,0.5,3,2,0,3988
2,7,1,1,1,0.8571,0.6,1.0,0.2,1.0,5,3,0,3,0.5,0.6,3,2,1,3989
3,2,3,1,1,1.0,0.6666666666666666,1.0,0.3333333333333333,1.0,6,4,0,4,0.5,0.6666666666666666,3,2,1,3990
1,2,3,0,0,0.1667,0.0,0.0,0.0,0.0,0,0,0,0,0.0,0.0,0,4,0,3991
1,1,0,1,0,0.3333,0.0,0.0,0.0,0.0,1,0,0,0,0.0,0.0,0,4,0,3992
1,1,0,1,0,0.5,0.5,1.0,0.0,0.0,2,1,0,1,0.0,0.5,0,4,0,3993
2,7,1,1,1,0.6667,0.6666666666666666,1.0,0.0,0.0,3,2,0,2,0.0,0.6666666666666666,0,4,0,3994
2,7,1,1,1,0.8333,0.75,1.0,0.25,1.0,4,3,0,3,0.5,0.75,0,4,1,3995
3,6,1,1,1,1.0,0.8,1.0,0.4,1.0,5,4,0,4,0.5,0.8,0,4,1,3996
1,2,3,0,0,0.1667,0.0,0.0,0.0,0.0,0,0,0,0,0.0,0.0,3,2,0,3997
1,1,0,1,0,0.3333,0.0,0.0,0.0,0.0,1,0,0,0,0.0,0.0,3,2,0,3998
1,1,0,1,0,0.5,0.5,1.0,0.0,0.0,2,1,0,1,0.0,0.5,3,2,0,3999
2,7,1,1,1,0.6667,0.6666666666666666,1.0,0.0,0.0,3,2,0,2,0.0,0.6666666666666666,3,2,0,4000
2,7,1,1,1,0.8333,0.75,1.0,0.25,1.0,4,3,0,3,0.5,0.75,3,2,1,4001
3,6,1,1,1,1.0,0.8,1.0,0.4,1.0,5,4,0,4,0.5,0.8,3,2,1,4002
1,1,0,1,0,0.2,0.0,0.0,0.0,0.0,0,0,0,0,0.0,0.0,1,4,0,4003
1,7,1,1,1,0.4,1.0,1.0,0.0,0.0,1,1,0,1,0.0,1.0,1,4,0,4004
2,1,0,1,1,0.6,1.0,1.0,0.5,1.0,2,2,0,2,0.5,1.0,1,4,1,4005
2,6,1,1,1,0.8,1.0,1.0,0.6666666666666666,1.0,3,3,0,3,0.5,1.0,1,4,1,4006
3,7,1,1,1,1.0,1.0,1.0,0.75,1.0,4,4,0,4,0.5,1.0,1,4,1,4007
1,2,3,0,0,0.1667,0.0,0.0,0.0,0.0,0,0,0,0,0.0,0.0,2,3,0,4008
1,1,0,1,0,0.3333,0.0,0.0,0.0,0.0,1,0,0,0,0.0,0.0,2,3,0,4009
1,1,0,1,0,0.5,0.5,1.0,0.0,0.0,2,1,0,1,0.0,0.5,2,3,0,4010
2,7,1,1,1,0.6667,0.6666666666666666,1.0,0.0,0.0,3,2,0,2,0.0,0.6666666666666666,2,3,0,4011
2,7,1,1,1,0.8333,0.75,1.0,0.25,1.0,4,3,0,3,0.5,0.75,2,3,1,4012
3,6,1,1,1,1.0,0.8,1.0,0.4,1.0,5,4,0,4,0.5,0.8,2,3,1,4013
1,1,0,1,0,0.2,0.0,0.0,0.0,0.0,0,0,0,0,0.0,0.0,3,4,0,4014
1,7,1,1,1,0.4,1.0,1.0,0.0,0.0,1,1,0,1,0.0,1.0,3,4,0,4015
2,1,0,1,1,0.6,1.0,1.0,0.5,1.0,2,2,0,2,0.5,1.0,3,4,1,4016
2,6,1,1,1,0.8,1.0,1.0,0.6666666666666666,1.0,3,3,0,3,0.5,1.0,3,4,1,4017
3,7,1,1,1,1.0,1.0,1.0,0.75,1.0,4,4,0,4,0.5,1.0,3,4,1,4018
1,1,0,1,0,0.2,0.0,0.0,0.0,0.0,0,0,0,0,0.0,0.0,2,3,0,4019
1,7,1,1,1,0.4,1.0,1.0,0.0,0.0,1,1,0,1,0.0,1.0,2,3,0,4020
2,1,0,1,1,0.6,1.0,1.0,0.5,1.0,2,2,0,2,0.5,1.0,2,3,1,4021
2,6,1,1,1,0.8,1.0,1.0,0.6666666666666666,1.0,3,3,0,3,0.5,1.0,2,3,1,4022
3,7,1,1,1,1.0,1.0,1.0,0.75,1.0,4,4,0,4,0.5,1.0,2,3,1,4023
1,0,0,0,0,0.1429,0.0,0.0,0.0,0.0,0,0,0,0,0.0,0.0,1,4,0,4024
1,1,0,0,0,0.2857,0.0,0.0,0.0,0.0,1,0,0,0,0.0,0.0,1,4,0,4025
1,1,0,1,0,0.4286,0.0,0.0,0.0,0.0,2,0,0,0,0.0,0.0,1,4,0,4026
1,1,0,1,0,0.5714,0.3333333333333333,1.0,0.0,0.0,3,1,0,1,0.0,0.3333333333333333,1,4,0,4027
2,7,1,1,1,0.7143,0.5,1.0,0.0,0.0,4,2,0,2,0.0,0.5,1,4,0,4028
2,7,1,1,1,0.8571,0.6,1.0,0.2,1.0,5,3,0,3,0.5,0.6,1,4,1,4029
3,2,3,1,1,1.0,0.6666666666666666,1.0,0.3333333333333333,1.0,6,4,0,4,0.5,0.6666666666666666,1,4,1,4030
1,1,0,1,0,0.2,0.0,0.0,0.0,0.0,0,0,0,0,0.0,0.0,0,3,0,4031
1,7,1,1,1,0.4,1.0,1.0,0.0,0.0,1,1,0,1,0.0,1.0,0,3,0,4032
2,1,0,1,1,0.6,1.0,1.0,0.5,1.0,2,2,0,2,0.5,1.0,0,3,1,4033
2,6,1,1,1,0.8,1.0,1.0,0.6666666666666666,1.0,3,3,0,3,0.5,1.0,0,3,1,4034
3,7,1,1,1,1.0,1.0,1.0,0.75,1.0,4,4,0,4,0.5,1.0,0,3,1,4035
1,1,0,1,0,0.2,0.0,0.0,0.0,0.0,0,0,0,0,0.0,0.0,3,3,0,4036
1,7,1,1,1,0.4,1.0,1.0,0.0,0.0,1,1,0,1,0.0,1.0,3,3,0,4037
2,1,0,1,1,0.6,1.0,1.0,0.5,1.0,2,2,0,2,0.5,1.0,3,3,1,4038
2,6,1,1,1,0.8,1.0,1.0,0.6666666666666666,1.0,3,3,0,3,0.5,1.0,3,3,1,4039
3,7,1,1,1,1.0,1.0,1.0,0.75,1.0,4,4,0,4,0.5,1.0,3,3,1,4040
1,0,0,0,0,0.1429,0.0,0.0,0.0,0.0,0,0,0,0,0.0,0.0,2,3,0,4041
1,1,0,0,0,0.2857,0.0,0.0,0.0,0.0,1,0,0,0,0.0,0.0,2,3,0,4042
1,1,0,1,0,0.4286,0.0,0.0,0.0,0.0,2,0,0,0,0.0,0.0,2,3,0,4043
1,1,0,1,0,0.5714,0.3333333333333333,1.0,0.0,0.0,3,1,0,1,0.0,0.3333333333333333,2,3,0,4044
2,7,1,1,1,0.7143,0.5,1.0,0.0,0.0,4,2,0,2,0.0,0.5,2,3,0,4045
2,7,1,1,1,0.8571,0.6,1.0,0.2,1.0,5,3,0,3,0.5,0.6,2,3,1,4046
3,2,3,1,1,1.0,0.6666666666666666,1.0,0.3333333333333333,1.0,6,4,0,4,0.5,0.6666666666666666,2,3,1,4047
1,1,0,1,0,0.2,0.0,0.0,0.0,0.0,0,0,0,0,0.0,0.0,1,3,0,4048
1,7,1,1,1,0.4,1.0,1.0,0.0,0.0,1,1,0,1,0.0,1.0,1,3,0,4049
2,1,0,1,1,0.6,1.0,1.0,0.5,1.0,2,2,0,2,0.5,1.0,1,3,1,4050
2,6,1,1,1,0.8,1.0,1.0,0.6666666666666666,1.0,3,3,0,3,0.5,1.0,1,3,1,4051
3,7,1,1,1,1.0,1.0,1.0,0.75,1.0,4,4,0,4,0.5,1.0,1,3,1,4052
1,2,3,0,0,0.1667,0.0,0.0,0.0,0.0,0,0,0,0,0.0,0.0,1,4,0,4053
1,1,0,1,0,0.3333,0.0,0.0,0.0,0.0,1,0,0,0,0.0,0.0,1,4,0,4054
1,1,0,1,0,0.5,0.5,1.0,0.0,0.0,2,1,0,1,0.0,0.5,1,4,0,4055
2,7,1,1,1,0.6667,0.6666666666666666,1.0,0.0,0.0,3,2,0,2,0.0,0.6666666666666666,1,4,0,4056
2,7,1,1,1,0.8333,0.75,1.0,0.25,1.0,4,3,0,3,0.5,0.75,1,4,1,4057
3,6,1,1,1,1.0,0.8,1.0,0.4,1.0,5,4,0,4,0.5,0.8,1,4,1,4058
1,1,0,1,0,0.2,0.0,0.0,0.0,0.0,0,0,0,0,0.0,0.0,1,2,0,4059
1,7,1,1,1,0.4,1.0,1.0,0.0,0.0,1,1,0,1,0.0,1.0,1,2,0,4060
2,1,0,1,1,0.6,1.0,1.0,0.5,1.0,2,2,0,2,0.5,1.0,1,2,1,4061
2,6,1,1,1,0.8,1.0,1.0,0.6666666666666666,1.0,3,3,0,3,0.5,1.0,1,2,1,4062
3,7,1,1,1,1.0,1.0,1.0,0.75,1.0,4,4,0,4,0.5,1.0,1,2,1,4063
1,1,0,1,0,0.2,0.0,0.0,0.0,0.0,0,0,0,0,0.0,0.0,0,4,0,4064
1,7,1,1,1,0.4,1.0,1.0,0.0,0.0,1,1,0,1,0.0,1.0,0,4,0,4065
2,1,0,1,1,0.6,1.0,1.0,0.5,1.0,2,2,0,2,0.5,1.0,0,4,1,4066
2,6,1,1,1,0.8,1.0,1.0,0.6666666666666666,1.0,3,3,0,3,0.5,1.0,0,4,1,4067
3,7,1,1,1,1.0,1.0,1.0,0.75,1.0,4,4,0,4,0.5,1.0,0,4,1,4068
1,0,0,0,0,0.1429,0.0,0.0,0.0,0.0,0,0,0,0,0.0,0.0,1,4,0,4069
1,1,0,0,0,0.2857,0.0,0.0,0.0,0.0,1,0,0,0,0.0,0.0,1,4,0,4070
1,1,0,1,0,0.4286,0.0,0.0,0.0,0.0,2,0,0,0,0.0,0.0,1,4,0,4071
1,1,0,1,0,0.5714,0.3333333333333333,1.0,0.0,0.0,3,1,0,1,0.0,0.3333333333333333,1,4,0,4072
2,7,1,1,1,0.7143,0.5,1.0,0.0,0.0,4,2,0,2,0.0,0.5,1,4,0,4073
2,7,1,1,1,0.8571,0.6,1.0,0.2,1.0,5,3,0,3,0.5,0.6,1,4,1,4074
3,2,3,1,1,1.0,0.6666666666666666,1.0,0.3333333333333333,1.0,6,4,0,4,0.5,0.6666666666666666,1,4,1,4075
1,2,3,0,0,0.1667,0.0,0.0,0.0,0.0,0,0,0,0,0.0,0.0,2,4,0,4076
1,1,0,1,0,0.3333,0.0,0.0,0.0,0.0,1,0,0,0,0.0,0.0,2,4,0,4077
1,1,0,1,0,0.5,0.5,1.0,0.0,0.0,2,1,0,1,0.0,0.5,2,4,0,4078
2,7,1,1,1,0.6667,0.6666666666666666,1.0,0.0,0.0,3,2,0,2,0.0,0.6666666666666666,2,4,0,4079
2,7,1,1,1,0.8333,0.75,1.0,0.25,1.0,4,3,0,3,0.5,0.75,2,4,1,4080
3,6,1,1,1,1.0,0.8,1.0,0.4,1.0,5,4,0,4,0.5,0.8,2,4,1,4081
1,0,0,0,0,0.1429,0.0,0.0,0.0,0.0,0,0,0,0,0.0,0.0,2,4,0,4082
1,1,0,0,0,0.2857,0.0,0.0,0.0,0.0,1,0,0,0,0.0,0.0,2,4,0,4083
1,1,0,1,0,0.4286,0.0,0.0,0.0,0.0,2,0,0,0,0.0,0.0,2,4,0,4084
1,1,0,1,0,0.5714,0.3333333333333333,1.0,0.0,0.0,3,1,0,1,0.0,0.3333333333333333,2,4,0,4085
2,7,1,1,1,0.7143,0.5,1.0,0.0,0.0,4,2,0,2,0.0,0.5,2,4,0,4086
2,7,1,1,1,0.8571,0.6,1.0,0.2,1.0,5,3,0,3,0.5,0.6,2,4,1,4087
3,2,3,1,1,1.0,0.6666666666666666,1.0,0.3333333333333333,1.0,6,4,0,4,0.5,0.6666666666666666,2,4,1,4088
1,1,0,1,0,0.2,0.0,0.0,0.0,0.0,0,0,0,0,0.0,0.0,1,4,0,4089
1,7,1,1,1,0.4,1.0,1.0,0.0,0.0,1,1,0,1,0.0,1.0,1,4,0,4090
2,1,0,1,1,0.6,1.0,1.0,0.5,1.0,2,2,0,2,0.5,1.0,1,4,1,4091
2,6,1,1,1,0.8,1.0,1.0,0.6666666666666666,1.0,3,3,0,3,0.5,1.0,1,4,1,4092
3,7,1,1,1,1.0,1.0,1.0,0.75,1.0,4,4,0,4,0.5,1.0,1,4,1,4093
1,1,0,1,0,0.2,0.0,0.0,0.0,0.0,0,0,0,0,0.0,0.0,2,4,0,4094
1,7,1,1,1,0.4,1.0,1.0,0.0,0.0,1,1,0,1,0.0,1.0,2,4,0,4095
2,1,0,1,1,0.6,1.0,1.0,0.5,1.0,2,2,0,2,0.5,1.0,2,4,1,4096
2,6,1,1,1,0.8,1.0,1.0,0.6666666666666666,1.0,3,3,0,3,0.5,1.0,2,4,1,4097
3,7,1,1,1,1.0,1.0,1.0,0.75,1.0,4,4,0,4,0.5,1.0,2,4,1,4098
1,2,3,0,0,0.1667,0.0,0.0,0.0,0.0,0,0,0,0,0.0,0.0,2,2,0,4099
1,1,0,1,0,0.3333,0.0,0.0,0.0,0.0,1,0,0,0,0.0,0.0,2,2,0,4100
1,1,0,1,0,0.5,0.5,1.0,0.0,0.0,2,1,0,1,0.0,0.5,2,2,0,4101
2,7,1,1,1,0.6667,0.6666666666666666,1.0,0.0,0.0,3,2,0,2,0.0,0.6666666666666666,2,2,0,4102
2,7,1,1,1,0.8333,0.75,1.0,0.25,1.0,4,3,0,3,0.5,0.75,2,2,1,4103
3,6,1,1,1,1.0,0.8,1.0,0.4,1.0,5,4,0,4,0.5,0.8,2,2,1,4104
1,1,0,1,0,0.2,0.0,0.0,0.0,0.0,0,0,0,0,0.0,0.0,3,2,0,4105
1,7,1,1,1,0.4,1.0,1.0,0.0,0.0,1,1,0,1,0.0,1.0,3,2,0,4106
2,1,0,1,1,0.6,1.0,1.0,0.5,1.0,2,2,0,2,0.5,1.0,3,2,1,4107
2,6,1,1,1,0.8,1.0,1.0,0.6666666666666666,1.0,3,3,0,3,0.5,1.0,3,2,1,4108
3,7,1,1,1,1.0,1.0,1.0,0.75,1.0,4,4,0,4,0.5,1.0,3,2,1,4109
1,0,0,0,0,0.1429,0.0,0.0,0.0,0.0,0,0,0,0,0.0,0.0,1,2,0,4110
1,1,0,0,0,0.2857,0.0,0.0,0.0,0.0,1,0,0,0,0.0,0.0,1,2,0,4111
1,1,0,1,0,0.4286,0.0,0.0,0.0,0.0,2,0,0,0,0.0,0.0,1,2,0,4112
1,1,0,1,0,0.5714,0.3333333333333333,1.0,0.0,0.0,3,1,0,1,0.0,0.3333333333333333,1,2,0,4113
2,7,1,1,1,0.7143,0.5,1.0,0.0,0.0,4,2,0,2,0.0,0.5,1,2,0,4114
2,7,1,1,1,0.8571,0.6,1.0,0.2,1.0,5,3,0,3,0.5,0.6,1,2,1,4115
3,2,3,1,1,1.0,0.6666666666666666,1.0,0.3333333333333333,1.0,6,4,0,4,0.5,0.6666666666666666,1,2,1,4116
1,1,0,1,0,0.2,0.0,0.0,0.0,0.0,0,0,0,0,0.0,0.0,1,4,0,4117
1,7,1,1,1,0.4,1.0,1.0,0.0,0.0,1,1,0,1,0.0,1.0,1,4,0,4118
2,1,0,1,1,0.6,1.0,1.0,0.5,1.0,2,2,0,2,0.5,1.0,1,4,1,4119
2,6,1,1,1,0.8,1.0,1.0,0.6666666666666666,1.0,3,3,0,3,0.5,1.0,1,4,1,4120
3,7,1,1,1,1.0,1.0,1.0,0.75,1.0,4,4,0,4,0.5,1.0,1,4,1,4121
1,2,3,0,0,0.1667,0.0,0.0,0.0,0.0,0,0,0,0,0.0,0.0,1,4,0,4122
1,1,0,1,0,0.3333,0.0,0.0,0.0,0.0,1,0,0,0,0.0,0.0,1,4,0,4123
1,1,0,1,0,0.5,0.5,1.0,0.0,0.0,2,1,0,1,0.0,0.5,1,4,0,4124
2,7,1,1,1,0.6667,0.6666666666666666,1.0,0.0,0.0,3,2,0,2,0.0,0.6666666666666666,1,4,0,4125
2,7,1,1,1,0.8333,0.75,1.0,0.25,1.0,4,3,0,3,0.5,0.75,1,4,1,4126
3,6,1,1,1,1.0,0.8,1.0,0.4,1.0,5,4,0,4,0.5,0.8,1,4,1,4127
1,2,3,0,0,0.1667,0.0,0.0,0.0,0.0,0,0,0,0,0.0,0.0,0,4,0,4128
1,1,0,1,0,0.3333,0.0,0.0,0.0,0.0,1,0,0,0,0.0,0.0,0,4,0,4129
1,1,0,1,0,0.5,0.5,1.0,0.0,0.0,2,1,0,1,0.0,0.5,0,4,0,4130
2,7,1,1,1,0.6667,0.6666666666666666,1.0,0.0,0.0,3,2,0,2,0.0,0.6666666666666666,0,4,0,4131
2,7,1,1,1,0.8333,0.75,1.0,0.25,1.0,4,3,0,3,0.5,0.75,0,4,1,4132
3,6,1,1,1,1.0,0.8,1.0,0.4,1.0,5,4,0,4,0.5,0.8,0,4,1,4133
1,2,3,0,0,0.1667,0.0,0.0,0.0,0.0,0,0,0,0,0.0,0.0,0,4,0,4134
1,1,0,1,0,0.3333,0.0,0.0,0.0,0.0,1,0,0,0,0.0,0.0,0,4,0,4135
1,1,0,1,0,0.5,0.5,1.0,0.0,0.0,2,1,0,1,0.0,0.5,0,4,0,4136
2,7,1,1,1,0.6667,0.6666666666666666,1.0,0.0,0.0,3,2,0,2,0.0,0.6666666666666666,0,4,0,4137
2,7,1,1,1,0.8333,0.75,1.0,0.25,1.0,4,3,0,3,0.5,0.75,0,4,1,4138
3,6,1,1,1,1.0,0.8,1.0,0.4,1.0,5,4,0,4,0.5,0.8,0,4,1,4139
1,2,3,0,0,0.1667,0.0,0.0,0.0,0.0,0,0,0,0,0.0,0.0,2,3,0,4140
1,1,0,1,0,0.3333,0.0,0.0,0.0,0.0,1,0,0,0,0.0,0.0,2,3,0,4141
1,1,0,1,0,0.5,0.5,1.0,0.0,0.0,2,1,0,1,0.0,0.5,2,3,0,4142
2,7,1,1,1,0.6667,0.6666666666666666,1.0,0.0,0.0,3,2,0,2,0.0,0.6666666666666666,2,3,0,4143
2,7,1,1,1,0.8333,0.75,1.0,0.25,1.0,4,3,0,3,0.5,0.75,2,3,1,4144
3,6,1,1,1,1.0,0.8,1.0,0.4,1.0,5,4,0,4,0.5,0.8,2,3,1,4145
1,2,3,0,0,0.1667,0.0,0.0,0.0,0.0,0,0,0,0,0.0,0.0,1,4,0,4146
1,1,0,1,0,0.3333,0.0,0.0,0.0,0.0,1,0,0,0,0.0,0.0,1,4,0,4147
1,1,0,1,0,0.5,0.5,1.0,0.0,0.0,2,1,0,1,0.0,0.5,1,4,0,4148
2,7,1,1,1,0.6667,0.6666666666666666,1.0,0.0,0.0,3,2,0,2,0.0,0.6666666666666666,1,4,0,4149
2,7,1,1,1,0.8333,0.75,1.0,0.25,1.0,4,3,0,3,0.5,0.75,1,4,1,4150
3,6,1,1,1,1.0,0.8,1.0,0.4,1.0,5,4,0,4,0.5,0.8,1,4,1,4151
1,2,3,0,0,0.1667,0.0,0.0,0.0,0.0,0,0,0,0,0.0,0.0,2,2,0,4152
1,1,0,1,0,0.3333,0.0,0.0,0.0,0.0,1,0,0,0,0.0,0.0,2,2,0,4153
1,1,0,1,0,0.5,0.5,1.0,0.0,0.0,2,1,0,1,0.0,0.5,2,2,0,4154
2,7,1,1,1,0.6667,0.6666666666666666,1.0,0.0,0.0,3,2,0,2,0.0,0.6666666666666666,2,2,0,4155
2,7,1,1,1,0.8333,0.75,1.0,0.25,1.0,4,3,0,3,0.5,0.75,2,2,1,4156
3,6,1,1,1,1.0,0.8,1.0,0.4,1.0,5,4,0,4,0.5,0.8,2,2,1,4157
1,2,3,0,0,0.1667,0.0,0.0,0.0,0.0,0,0,0,0,0.0,0.0,2,2,0,4158
1,1,0,1,0,0.3333,0.0,0.0,0.0,0.0,1,0,0,0,0.0,0.0,2,2,0,4159
1,1,0,1,0,0.5,0.5,1.0,0.0,0.0,2,1,0,1,0.0,0.5,2,2,0,4160
2,7,1,1,1,0.6667,0.6666666666666666,1.0,0.0,0.0,3,2,0,2,0.0,0.6666666666666666,2,2,0,4161
2,7,1,1,1,0.8333,0.75,1.0,0.25,1.0,4,3,0,3,0.5,0.75,2,2,1,4162
3,6,1,1,1,1.0,0.8,1.0,0.4,1.0,5,4,0,4,0.5,0.8,2,2,1,4163
1,1,0,1,0,0.2,0.0,0.0,0.0,0.0,0,0,0,0,0.0,0.0,0,3,0,4164
1,7,1,1,1,0.4,1.0,1.0,0.0,0.0,1,1,0,1,0.0,1.0,0,3,0,4165
2,1,0,1,1,0.6,1.0,1.0,0.5,1.0,2,2,0,2,0.5,1.0,0,3,1,4166
2,6,1,1,1,0.8,1.0,1.0,0.6666666666666666,1.0,3,3,0,3,0.5,1.0,0,3,1,4167
3,7,1,1,1,1.0,1.0,1.0,0.75,1.0,4,4,0,4,0.5,1.0,0,3,1,4168
1,0,0,0,0,0.1429,0.0,0.0,0.0,0.0,0,0,0,0,0.0,0.0,1,2,0,4169
1,1,0,0,0,0.2857,0.0,0.0,0.0,0.0,1,0,0,0,0.0,0.0,1,2,0,4170
1,1,0,1,0,0.4286,0.0,0.0,0.0,0.0,2,0,0,0,0.0,0.0,1,2,0,4171
1,1,0,1,0,0.5714,0.3333333333333333,1.0,0.0,0.0,3,1,0,1,0.0,0.3333333333333333,1,2,0,4172
2,7,1,1,1,0.7143,0.5,1.0,0.0,0.0,4,2,0,2,0.0,0.5,1,2,0,4173
2,7,1,1,1,0.8571,0.6,1.0,0.2,1.0,5,3,0,3,0.5,0.6,1,2,1,4174
3,2,3,1,1,1.0,0.6666666666666666,1.0,0.3333333333333333,1.0,6,4,0,4,0.5,0.6666666666666666,1,2,1,4175
1,1,0,1,0,0.2,0.0,0.0,0.0,0.0,0,0,0,0,0.0,0.0,1,3,0,4176
1,7,1,1,1,0.4,1.0,1.0,0.0,0.0,1,1,0,1,0.0,1.0,1,3,0,4177
2,1,0,1,1,0.6,1.0,1.0,0.5,1.0,2,2,0,2,0.5,1.0,1,3,1,4178
2,6,1,1,1,0.8,1.0,1.0,0.6666666666666666,1.0,3,3,0,3,0.5,1.0,1,3,1,4179
3,7,1,1,1,1.0,1.0,1.0,0.75,1.0,4,4,0,4,0.5,1.0,1,3,1,4180
1,0,0,0,0,0.1429,0.0,0.0,0.0,0.0,0,0,0,0,0.0,0.0,0,4,0,4181
1,1,0,0,0,0.2857,0.0,0.0,0.0,0.0,1,0,0,0,0.0,0.0,0,4,0,4182
1,1,0,1,0,0.4286,0.0,0.0,0.0,0.0,2,0,0,0,0.0,0.0,0,4,0,4183
1,1,0,1,0,0.5714,0.3333333333333333,1.0,0.0,0.0,3,1,0,1,0.0,0.3333333333333333,0,4,0,4184
2,7,1,1,1,0.7143,0.5,1.0,0.0,0.0,4,2,0,2,0.0,0.5,0,4,0,4185
2,7,1,1,1,0.8571,0.6,1.0,0.2,1.0,5,3,0,3,0.5,0.6,0,4,1,4186
3,2,3,1,1,1.0,0.6666666666666666,1.0,0.3333333333333333,1.0,6,4,0,4,0.5,0.6666666666666666,0,4,1,4187
1,1,0,1,0,0.2,0.0,0.0,0.0,0.0,0,0,0,0,0.0,0.0,0,2,0,4188
1,7,1,1,1,0.4,1.0,1.0,0.0,0.0,1,1,0,1,0.0,1.0,0,2,0,4189
2,1,0,1,1,0.6,1.0,1.0,0.5,1.0,2,2,0,2,0.5,1.0,0,2,1,4190
2,6,1,1,1,0.8,1.0,1.0,0.6666666666666666,1.0,3,3,0,3,0.5,1.0,0,2,1,4191
3,7,1,1,1,1.0,1.0,1.0,0.75,1.0,4,4,0,4,0.5,1.0,0,2,1,4192
1,2,3,0,0,0.1667,0.0,0.0,0.0,0.0,0,0,0,0,0.0,0.0,3,3,0,4193
1,1,0,1,0,0.3333,0.0,0.0,0.0,0.0,1,0,0,0,0.0,0.0,3,3,0,4194
1,1,0,1,0,0.5,0.5,1.0,0.0,0.0,2,1,0,1,0.0,0.5,3,3,0,4195
2,7,1,1,1,0.6667,0.6666666666666666,1.0,0.0,0.0,3,2,0,2,0.0,0.6666666666666666,3,3,0,4196
2,7,1,1,1,0.8333,0.75,1.0,0.25,1.0,4,3,0,3,0.5,0.75,3,3,1,4197
3,6,1,1,1,1.0,0.8,1.0,0.4,1.0,5,4,0,4,0.5,0.8,3,3,1,4198
1,2,3,0,0,0.1667,0.0,0.0,0.0,0.0,0,0,0,0,0.0,0.0,2,3,0,4199
1,1,0,1,0,0.3333,0.0,0.0,0.0,0.0,1,0,0,0,0.0,0.0,2,3,0,4200
1,1,0,1,0,0.5,0.5,1.0,0.0,0.0,2,1,0,1,0.0,0.5,2,3,0,4201
2,7,1,1,1,0.6667,0.6666666666666666,1.0,0.0,0.0,3,2,0,2,0.0,0.6666666666666666,2,3,0,4202
2,7,1,1,1,0.8333,0.75,1.0,0.25,1.0,4,3,0,3,0.5,0.75,2,3,1,4203
3,6,1,1,1,1.0,0.8,1.0,0.4,1.0,5,4,0,4,0.5,0.8,2,3,1,4204
1,0,0,0,0,0.1429,0.0,0.0,0.0,0.0,0,0,0,0,0.0,0.0,2,3,0,4205
1,1,0,0,0,0.2857,0.0,0.0,0.0,0.0,1,0,0,0,0.0,0.0,2,3,0,4206
1,1,0,1,0,0.4286,0.0,0.0,0.0,0.0,2,0,0,0,0.0,0.0,2,3,0,4207
1,1,0,1,0,0.5714,0.3333333333333333,1.0,0.0,0.0,3,1,0,1,0.0,0.3333333333333333,2,3,0,4208
2,7,1,1,1,0.7143,0.5,1.0,0.0,0.0,4,2,0,2,0.0,0.5,2,3,0,4209
2,7,1,1,1,0.8571,0.6,1.0,0.2,1.0,5,3,0,3,0.5,0.6,2,3,1,4210
3,2,3,1,1,1.0,0.6666666666666666,1.0,0.3333333333333333,1.0,6,4,0,4,0.5,0.6666666666666666,2,3,1,4211
1,2,3,0,0,0.1667,0.0,0.0,0.0,0.0,0,0,0,0,0.0,0.0,3,2,0,4212
1,1,0,1,0,0.3333,0.0,0.0,0.0,0.0,1,0,0,0,0.0,0.0,3,2,0,4213
1,1,0,1,0,0.5,0.5,1.0,0.0,0.0,2,1,0,1,0.0,0.5,3,2,0,4214
2,7,1,1,1,0.6667,0.6666666666666666,1.0,0.0,0.0,3,2,0,2,0.0,0.6666666666666666,3,2,0,4215
2,7,1,1,1,0.8333,0.75,1.0,0.25,1.0,4,3,0,3,0.5,0.75,3,2,1,4216
3,6,1,1,1,1.0,0.8,1.0,0.4,1.0,5,4,0,4,0.5,0.8,3,2,1,4217
1,0,0,0,0,0.1429,0.0,0.0,0.0,0.0,0,0,0,0,0.0,0.0,3,4,0,4218
1,1,0,0,0,0.2857,0.0,0.0,0.0,0.0,1,0,0,0,0.0,0.0,3,4,0,4219
1,1,0,1,0,0.4286,0.0,0.0,0.0,0.0,2,0,0,0,0.0,0.0,3,4,0,4220
1,1,0,1,0,0.5714,0.3333333333333333,1.0,0.0,0.0,3,1,0,1,0.0,0.3333333333333333,3,4,0,4221
2,7,1,1,1,0.7143,0.5,1.0,0.0,0.0,4,2,0,2,0.0,0.5,3,4,0,4222
2,7,1,1,1,0.8571,0.6,1.0,0.2,1.0,5,3,0,3,0.5,0.6,3,4,1,4223
3,2,3,1,1,1.0,0.6666666666666666,1.0,0.3333333333333333,1.0,6,4,0,4,0.5,0.6666666666666666,3,4,1,4224
1,1,0,1,0,0.2,0.0,0.0,0.0,0.0,0,0,0,0,0.0,0.0,3,2,0,4225
1,7,1,1,1,0.4,1.0,1.0,0.0,0.0,1,1,0,1,0.0,1.0,3,2,0,4226
2,1,0,1,1,0.6,1.0,1.0,0.5,1.0,2,2,0,2,0.5,1.0,3,2,1,4227
2,6,1,1,1,0.8,1.0,1.0,0.6666666666666666,1.0,3,3,0,3,0.5,1.0,3,2,1,4228
3,7,1,1,1,1.0,1.0,1.0,0.75,1.0,4,4,0,4,0.5,1.0,3,2,1,4229
1,1,0,1,0,0.2,0.0,0.0,0.0,0.0,0,0,0,0,0.0,0.0,0,3,0,4230
1,7,1,1,1,0.4,1.0,1.0,0.0,0.0,1,1,0,1,0.0,1.0,0,3,0,4231
2,1,0,1,1,0.6,1.0,1.0,0.5,1.0,2,2,0,2,0.5,1.0,0,3,1,4232
2,6,1,1,1,0.8,1.0,1.0,0.6666666666666666,1.0,3,3,0,3,0.5,1.0,0,3,1,4233
3,7,1,1,1,1.0,1.0,1.0,0.75,1.0,4,4,0,4,0.5,1.0,0,3,1,4234
1,2,3,0,0,0.1667,0.0,0.0,0.0,0.0,0,0,0,0,0.0,0.0,3,3,0,4235
1,1,0,1,0,0.3333,0.0,0.0,0.0,0.0,1,0,0,0,0.0,0.0,3,3,0,4236
1,1,0,1,0,0.5,0.5,1.0,0.0,0.0,2,1,0,1,0.0,0.5,3,3,0,4237
2,7,1,1,1,0.6667,0.6666666666666666,1.0,0.0,0.0,3,2,0,2,0.0,0.6666666666666666,3,3,0,4238
2,7,1,1,1,0.8333,0.75,1.0,0.25,1.0,4,3,0,3,0.5,0.75,3,3,1,4239
3,6,1,1,1,1.0,0.8,1.0,0.4,1.0,5,4,0,4,0.5,0.8,3,3,1,4240
1,1,0,1,0,0.2,0.0,0.0,0.0,0.0,0,0,0,0,0.0,0.0,1,4,0,4241
1,7,1,1,1,0.4,1.0,1.0,0.0,0.0,1,1,0,1,0.0,1.0,1,4,0,4242
2,1,0,1,1,0.6,1.0,1.0,0.5,1.0,2,2,0,2,0.5,1.0,1,4,1,4243
2,6,1,1,1,0.8,1.0,1.0,0.6666666666666666,1.0,3,3,0,3,0.5,1.0,1,4,1,4244
3,7,1,1,1,1.0,1.0,1.0,0.75,1.0,4,4,0,4,0.5,1.0,1,4,1,4245
1,2,3,0,0,0.1667,0.0,0.0,0.0,0.0,0,0,0,0,0.0,0.0,0,3,0,4246
1,1,0,1,0,0.3333,0.0,0.0,0.0,0.0,1,0,0,0,0.0,0.0,0,3,0,4247
1,1,0,1,0,0.5,0.5,1.0,0.0,0.0,2,1,0,1,0.0,0.5,0,3,0,4248
2,7,1,1,1,0.6667,0.6666666666666666,1.0,0.0,0.0,3,2,0,2,0.0,0.6666666666666666,0,3,0,4249
2,7,1,1,1,0.8333,0.75,1.0,0.25,1.0,4,3,0,3,0.5,0.75,0,3,1,4250
3,6,1,1,1,1.0,0.8,1.0,0.4,1.0,5,4,0,4,0.5,0.8,0,3,1,4251
1,1,0,1,0,0.2,0.0,0.0,0.0,0.0,0,0,0,0,0.0,0.0,2,2,0,4252
1,7,1,1,1,0.4,1.0,1.0,0.0,0.0,1,1,0,1,0.0,1.0,2,2,0,4253
2,1,0,1,1,0.6,1.0,1.0,0.5,1.0,2,2,0,2,0.5,1.0,2,2,1,4254
2,6,1,1,1,0.8,1.0,1.0,0.6666666666666666,1.0,3,3,0,3,0.5,1.0,2,2,1,4255
3,7,1,1,1,1.0,1.0,1.0,0.75,1.0,4,4,0,4,0.5,1.0,2,2,1,4256
1,1,0,1,0,0.2,0.0,0.0,0.0,0.0,0,0,0,0,0.0,0.0,3,4,0,4257
1,7,1,1,1,0.4,1.0,1.0,0.0,0.0,1,1,0,1,0.0,1.0,3,4,0,4258
2,1,0,1,1,0.6,1.0,1.0,0.5,1.0,2,2,0,2,0.5,1.0,3,4,1,4259
2,6,1,1,1,0.8,1.0,1.0,0.6666666666666666,1.0,3,3,0,3,0.5,1.0,3,4,1,4260
3,7,1,1,1,1.0,1.0,1.0,0.75,1.0,4,4,0,4,0.5,1.0,3,4,1,4261
1,1,0,1,0,0.2,0.0,0.0,0.0,0.0,0,0,0,0,0.0,0.0,0,4,0,4262
1,7,1,1,1,0.4,1.0,1.0,0.0,0.0,1,1,0,1,0.0,1.0,0,4,0,4263
2,1,0,1,1,0.6,1.0,1.0,0.5,1.0,2,2,0,2,0.5,1.0,0,4,1,4264
2,6,1,1,1,0.8,1.0,1.0,0.6666666666666666,1.0,3,3,0,3,0.5,1.0,0,4,1,4265
3,7,1,1,1,1.0,1.0,1.0,0.75,1.0,4,4,0,4,0.5,1.0,0,4,1,4266
1,1,0,1,0,0.2,0.0,0.0,0.0,0.0,0,0,0,0,0.0,0.0,2,4,0,4267
1,7,1,1,1,0.4,1.0,1.0,0.0,0.0,1,1,0,1,0.0,1.0,2,4,0,4268
2,1,0,1,1,0.6,1.0,1.0,0.5,1.0,2,2,0,2,0.5,1.0,2,4,1,4269
2,6,1,1,1,0.8,1.0,1.0,0.6666666666666666,1.0,3,3,0,3,0.5,1.0,2,4,1,4270
3,7,1,1,1,1.0,1.0,1.0,0.75,1.0,4,4,0,4,0.5,1.0,2,4,1,4271
1,2,3,0,0,0.1667,0.0,0.0,0.0,0.0,0,0,0,0,0.0,0.0,1,2,0,4272
1,1,0,1,0,0.3333,0.0,0.0,0.0,0.0,1,0,0,0,0.0,0.0,1,2,0,4273
1,1,0,1,0,0.5,0.5,1.0,0.0,0.0,2,1,0,1,0.0,0.5,1,2,0,4274
2,7,1,1,1,0.6667,0.6666666666666666,1.0,0.0,0.0,3,2,0,2,0.0,0.6666666666666666,1,2,0,4275
2,7,1,1,1,0.8333,0.75,1.0,0.25,1.0,4,3,0,3,0.5,0.75,1,2,1,4276
3,6,1,1,1,1.0,0.8,1.0,0.4,1.0,5,4,0,4,0.5,0.8,1,2,1,4277
1,1,0,1,0,0.2,0.0,0.0,0.0,0.0,0,0,0,0,0.0,0.0,2,2,0,4278
1,7,1,1,1,0.4,1.0,1.0,0.0,0.0,1,1,0,1,0.0,1.0,2,2,0,4279
2,1,0,1,1,0.6,1.0,1.0,0.5,1.0,2,2,0,2,0.5,1.0,2,2,1,4280
2,6,1,1,1,0.8,1.0,1.0,0.6666666666666666,1.0,3,3,0,3,0.5,1.0,2,2,1,4281
3,7,1,1,1,1.0,1.0,1.0,0.75,1.0,4,4,0,4,0.5,1.0,2,2,1,4282
1,2,3,0,0,0.1667,0.0,0.0,0.0,0.0,0,0,0,0,0.0,0.0,2,3,0,4283
1,1,0,1,0,0.3333,0.0,0.0,0.0,0.0,1,0,0,0,0.0,0.0,2,3,0,4284
1,1,0,1,0,0.5,0.5,1.0,0.0,0.0,2,1,0,1,0.0,0.5,2,3,0,4285
2,7,1,1,1,0.6667,0.6666666666666666,1.0,0.0,0.0,3,2,0,2,0.0,0.6666666666666666,2,3,0,4286
2,7,1,1,1,0.8333,0.75,1.0,0.25,1.0,4,3,0,3,0.5,0.75,2,3,1,4287
3,6,1,1,1,1.0,0.8,1.0,0.4,1.0,5,4,0,4,0.5,0.8,2,3,1,4288
1,1,0,1,0,0.2,0.0,0.0,0.0,0.0,0,0,0,0,0.0,0.0,3,4,0,4289
1,7,1,1,1,0.4,1.0,1.0,0.0,0.0,1,1,0,1,0.0,1.0,3,4,0,4290
2,1,0,1,1,0.6,1.0,1.0,0.5,1.0,2,2,0,2,0.5,1.0,3,4,1,4291
2,6,1,1,1,0.8,1.0,1.0,0.6666666666666666,1.0,3,3,0,3,0.5,1.0,3,4,1,4292
3,7,1,1,1,1.0,1.0,1.0,0.75,1.0,4,4,0,4,0.5,1.0,3,4,1,4293
1,2,3,0,0,0.1667,0.0,0.0,0.0,0.0,0,0,0,0,0.0,0.0,2,4,0,4294
1,1,0,1,0,0.3333,0.0,0.0,0.0,0.0,1,0,0,0,0.0,0.0,2,4,0,4295
1,1,0,1,0,0.5,0.5,1.0,0.0,0.0,2,1,0,1,0.0,0.5,2,4,0,4296
2,7,1,1,1,0.6667,0.6666666666666666,1.0,0.0,0.0,3,2,0,2,0.0,0.6666666666666666,2,4,0,4297
2,7,1,1,1,0.8333,0.75,1.0,0.25,1.0,4,3,0,3,0.5,0.75,2,4,1,4298
3,6,1,1,1,1.0,0.8,1.0,0.4,1.0,5,4,0,4,0.5,0.8,2,4,1,4299
1,2,3,0,0,0.1667,0.0,0.0,0.0,0.0,0,0,0,0,0.0,0.0,2,4,0,4300
1,1,0,1,0,0.3333,0.0,0.0,0.0,0.0,1,0,0,0,0.0,0.0,2,4,0,4301
1,1,0,1,0,0.5,0.5,1.0,0.0,0.0,2,1,0,1,0.0,0.5,2,4,0,4302
2,7,1,1,1,0.6667,0.6666666666666666,1.0,0.0,0.0,3,2,0,2,0.0,0.6666666666666666,2,4,0,4303
2,7,1,1,1,0.8333,0.75,1.0,0.25,1.0,4,3,0,3,0.5,0.75,2,4,1,4304
3,6,1,1,1,1.0,0.8,1.0,0.4,1.0,5,4,0,4,0.5,0.8,2,4,1,4305
1,0,0,0,0,0.1429,0.0,0.0,0.0,0.0,0,0,0,0,0.0,0.0,3,2,0,4306
1,1,0,0,0,0.2857,0.0,0.0,0.0,0.0,1,0,0,0,0.0,0.0,3,2,0,4307
1,1,0,1,0,0.4286,0.0,0.0,0.0,0.0,2,0,0,0,0.0,0.0,3,2,0,4308
1,1,0,1,0,0.5714,0.3333333333333333,1.0,0.0,0.0,3,1,0,1,0.0,0.3333333333333333,3,2,0,4309
2,7,1,1,1,0.7143,0.5,1.0,0.0,0.0,4,2,0,2,0.0,0.5,3,2,0,4310
2,7,1,1,1,0.8571,0.6,1.0,0.2,1.0,5,3,0,3,0.5,0.6,3,2,1,4311
3,2,3,1,1,1.0,0.6666666666666666,1.0,0.3333333333333333,1.0,6,4,0,4,0.5,0.6666666666666666,3,2,1,4312
1,0,0,0,0,0.1429,0.0,0.0,0.0,0.0,0,0,0,0,0.0,0.0,1,3,0,4313
1,1,0,0,0,0.2857,0.0,0.0,0.0,0.0,1,0,0,0,0.0,0.0,1,3,0,4314
1,1,0,1,0,0.4286,0.0,0.0,0.0,0.0,2,0,0,0,0.0,0.0,1,3,0,4315
1,1,0,1,0,0.5714,0.3333333333333333,1.0,0.0,0.0,3,1,0,1,0.0,0.3333333333333333,1,3,0,4316
2,7,1,1,1,0.7143,0.5,1.0,0.0,0.0,4,2,0,2,0.0,0.5,1,3,0,4317
2,7,1,1,1,0.8571,0.6,1.0,0.2,1.0,5,3,0,3,0.5,0.6,1,3,1,4318
3,2,3,1,1,1.0,0.6666666666666666,1.0,0.3333333333333333,1.0,6,4,0,4,0.5,0.6666666666666666,1,3,1,4319
1,2,3,0,0,0.1667,0.0,0.0,0.0,0.0,0,0,0,0,0.0,0.0,0,3,0,4320
1,1,0,1,0,0.3333,0.0,0.0,0.0,0.0,1,0,0,0,0.0,0.0,0,3,0,4321
1,1,0,1,0,0.5,0.5,1.0,0.0,0.0,2,1,0,1,0.0,0.5,0,3,0,4322
2,7,1,1,1,0.6667,0.6666666666666666,1.0,0.0,0.0,3,2,0,2,0.0,0.6666666666666666,0,3,0,4323
2,7,1,1,1,0.8333,0.75,1.0,0.25,1.0,4,3,0,3,0.5,0.75,0,3,1,4324
3,6,1,1,1,1.0,0.8,1.0,0.4,1.0,5,4,0,4,0.5,0.8,0,3,1,4325
1,2,3,0,0,0.1667,0.0,0.0,0.0,0.0,0,0,0,0,0.0,0.0,1,4,0,4326
1,1,0,1,0,0.3333,0.0,0.0,0.0,0.0,1,0,0,0,0.0,0.0,1,4,0,4327
1,1,0,1,0,0.5,0.5,1.0,0.0,0.0,2,1,0,1,0.0,0.5,1,4,0,4328
2,7,1,1,1,0.6667,0.6666666666666666,1.0,0.0,0.0,3,2,0,2,0.0,0.6666666666666666,1,4,0,4329
2,7,1,1,1,0.8333,0.75,1.0,0.25,1.0,4,3,0,3,0.5,0.75,1,4,1,4330
3,6,1,1,1,1.0,0.8,1.0,0.4,1.0,5,4,0,4,0.5,0.8,1,4,1,4331
1,0,0,0,0,0.1429,0.0,0.0,0.0,0.0,0,0,0,0,0.0,0.0,0,2,0,4332
1,1,0,0,0,0.2857,0.0,0.0,0.0,0.0,1,0,0,0,0.0,0.0,0,2,0,4333
1,1,0,1,0,0.4286,0.0,0.0,0.0,0.0,2,0,0,0,0.0,0.0,0,2,0,4334
1,1,0,1,0,0.5714,0.3333333333333333,1.0,0.0,0.0,3,1,0,1,0.0,0.3333333333333333,0,2,0,4335
2,7,1,1,1,0.7143,0.5,1.0,0.0,0.0,4,2,0,2,0.0,0.5,0,2,0,4336
2,7,1,1,1,0.8571,0.6,1.0,0.2,1.0,5,3,0,3,0.5,0.6,0,2,1,4337
3,2,3,1,1,1.0,0.6666666666666666,1.0,0.3333333333333333,1.0,6,4,0,4,0.5,0.6666666666666666,0,2,1,4338
1,1,0,1,0,0.2,0.0,0.0,0.0,0.0,0,0,0,0,0.0,0.0,1,2,0,4339
1,7,1,1,1,0.4,1.0,1.0,0.0,0.0,1,1,0,1,0.0,1.0,1,2,0,4340
2,1,0,1,1,0.6,1.0,1.0,0.5,1.0,2,2,0,2,0.5,1.0,1,2,1,4341
2,6,1,1,1,0.8,1.0,1.0,0.6666666666666666,1.0,3,3,0,3,0.5,1.0,1,2,1,4342
3,7,1,1,1,1.0,1.0,1.0,0.75,1.0,4,4,0,4,0.5,1.0,1,2,1,4343
1,0,0,0,0,0.1429,0.0,0.0,0.0,0.0,0,0,0,0,0.0,0.0,3,3,0,4344
1,1,0,0,0,0.2857,0.0,0.0,0.0,0.0,1,0,0,0,0.0,0.0,3,3,0,4345
1,1,0,1,0,0.4286,0.0,0.0,0.0,0.0,2,0,0,0,0.0,0.0,3,3,0,4346
1,1,0,1,0,0.5714,0.3333333333333333,1.0,0.0,0.0,3,1,0,1,0.0,0.3333333333333333,3,3,0,4347
2,7,1,1,1,0.7143,0.5,1.0,0.0,0.0,4,2,0,2,0.0,0.5,3,3,0,4348
2,7,1,1,1,0.8571,0.6,1.0,0.2,1.0,5,3,0,3,0.5,0.6,3,3,1,4349
3,2,3,1,1,1.0,0.6666666666666666,1.0,0.3333333333333333,1.0,6,4,0,4,0.5,0.6666666666666666,3,3,1,4350
1,2,3,0,0,0.1667,0.0,0.0,0.0,0.0,0,0,0,0,0.0,0.0,3,3,0,4351
1,1,0,1,0,0.3333,0.0,0.0,0.0,0.0,1,0,0,0,0.0,0.0,3,3,0,4352
1,1,0,1,0,0.5,0.5,1.0,0.0,0.0,2,1,0,1,0.0,0.5,3,3,0,4353
2,7,1,1,1,0.6667,0.6666666666666666,1.0,0.0,0.0,3,2,0,2,0.0,0.6666666666666666,3,3,0,4354
2,7,1,1,1,0.8333,0.75,1.0,0.25,1.0,4,3,0,3,0.5,0.75,3,3,1,4355
3,6,1,1,1,1.0,0.8,1.0,0.4,1.0,5,4,0,4,0.5,0.8,3,3,1,4356
1,2,3,0,0,0.1667,0.0,0.0,0.0,0.0,0,0,0,0,0.0,0.0,3,3,0,4357
1,1,0,1,0,0.3333,0.0,0.0,0.0,0.0,1,0,0,0,0.0,0.0,3,3,0,4358
1,1,0,1,0,0.5,0.5,1.0,0.0,0.0,2,1,0,1,0.0,0.5,3,3,0,4359
2,7,1,1,1,0.6667,0.6666666666666666,1.0,0.0,0.0,3,2,0,2,0.0,0.6666666666666666,3,3,0,4360
2,7,1,1,1,0.8333,0.75,1.0,0.25,1.0,4,3,0,3,0.5,0.75,3,3,1,4361
3,6,1,1,1,1.0,0.8,1.0,0.4,1.0,5,4,0,4,0.5,0.8,3,3,1,4362
1,1,0,1,0,0.2,0.0,0.0,0.0,0.0,0,0,0,0,0.0,0.0,2,3,0,4363
1,7,1,1,1,0.4,1.0,1.0,0.0,0.0,1,1,0,1,0.0,1.0,2,3,0,4364
2,1,0,1,1,0.6,1.0,1.0,0.5,1.0,2,2,0,2,0.5,1.0,2,3,1,4365
2,6,1,1,1,0.8,1.0,1.0,0.6666666666666666,1.0,3,3,0,3,0.5,1.0,2,3,1,4366
3,7,1,1,1,1.0,1.0,1.0,0.75,1.0,4,4,0,4,0.5,1.0,2,3,1,4367
1,1,0,1,0,0.2,0.0,0.0,0.0,0.0,0,0,0,0,0.0,0.0,2,3,0,4368
1,7,1,1,1,0.4,1.0,1.0,0.0,0.0,1,1,0,1,0.0,1.0,2,3,0,4369
2,1,0,1,1,0.6,1.0,1.0,0.5,1.0,2,2,0,2,0.5,1.0,2,3,1,4370
2,6,1,1,1,0.8,1.0,1.0,0.6666666666666666,1.0,3,3,0,3,0.5,1.0,2,3,1,4371
3,7,1,1,1,1.0,1.0,1.0,0.75,1.0,4,4,0,4,0.5,1.0,2,3,1,4372
1,1,0,1,0,0.2,0.0,0.0,0.0,0.0,0,0,0,0,0.0,0.0,2,2,0,4373
1,7,1,1,1,0.4,1.0,1.0,0.0,0.0,1,1,0,1,0.0,1.0,2,2,0,4374
2,1,0,1,1,0.6,1.0,1.0,0.5,1.0,2,2,0,2,0.5,1.0,2,2,1,4375
2,6,1,1,1,0.8,1.0,1.0,0.6666666666666666,1.0,3,3,0,3,0.5,1.0,2,2,1,4376
3,7,1,1,1,1.0,1.0,1.0,0.75,1.0,4,4,0,4,0.5,1.0,2,2,1,4377
1,1,0,1,0,0.2,0.0,0.0,0.0,0.0,0,0,0,0,0.0,0.0,1,2,0,4378
1,7,1,1,1,0.4,1.0,1.0,0.0,0.0,1,1,0,1,0.0,1.0,1,2,0,4379
2,1,0,1,1,0.6,1.0,1.0,0.5,1.0,2,2,0,2,0.5,1.0,1,2,1,4380
2,6,1,1,1,0.8,1.0,1.0,0.6666666666666666,1.0,3,3,0,3,0.5,1.0,1,2,1,4381
3,7,1,1,1,1.0,1.0,1.0,0.75,1.0,4,4,0,4,0.5,1.0,1,2,1,4382
1,2,3,0,0,0.1667,0.0,0.0,0.0,0.0,0,0,0,0,0.0,0.0,3,3,0,4383
1,1,0,1,0,0.3333,0.0,0.0,0.0,0.0,1,0,0,0,0.0,0.0,3,3,0,4384
1,1,0,1,0,0.5,0.5,1.0,0.0,0.0,2,1,0,1,0.0,0.5,3,3,0,4385
2,7,1,1,1,0.6667,0.6666666666666666,1.0,0.0,0.0,3,2,0,2,0.0,0.6666666666666666,3,3,0,4386
2,7,1,1,1,0.8333,0.75,1.0,0.25,1.0,4,3,0,3,0.5,0.75,3,3,1,4387
3,6,1,1,1,1.0,0.8,1.0,0.4,1.0,5,4,0,4,0.5,0.8,3,3,1,4388
1,1,0,1,0,0.2,0.0,0.0,0.0,0.0,0,0,0,0,0.0,0.0,3,4,0,4389
1,7,1,1,1,0.4,1.0,1.0,0.0,0.0,1,1,0,1,0.0,1.0,3,4,0,4390
2,1,0,1,1,0.6,1.0,1.0,0.5,1.0,2,2,0,2,0.5,1.0,3,4,1,4391
2,6,1,1,1,0.8,1.0,1.0,0.6666666666666666,1.0,3,3,0,3,0.5,1.0,3,4,1,4392
3,7,1,1,1,1.0,1.0,1.0,0.75,1.0,4,4,0,4,0.5,1.0,3,4,1,4393
1,2,3,0,0,0.1667,0.0,0.0,0.0,0.0,0,0,0,0,0.0,0.0,2,2,0,4394
1,1,0,1,0,0.3333,0.0,0.0,0.0,0.0,1,0,0,0,0.0,0.0,2,2,0,4395
1,1,0,1,0,0.5,0.5,1.0,0.0,0.0,2,1,0,1,0.0,0.5,2,2,0,4396
2,7,1,1,1,0.6667,0.6666666666666666,1.0,0.0,0.0,3,2,0,2,0.0,0.6666666666666666,2,2,0,4397
2,7,1,1,1,0.8333,0.75,1.0,0.25,1.0,4,3,0,3,0.5,0.75,2,2,1,4398
3,6,1,1,1,1.0,0.8,1.0,0.4,1.0,5,4,0,4,0.5,0.8,2,2,1,4399
1,1,0,1,0,0.2,0.0,0.0,0.0,0.0,0,0,0,0,0.0,0.0,0,2,0,4400
1,7,1,1,1,0.4,1.0,1.0,0.0,0.0,1,1,0,1,0.0,1.0,0,2,0,4401
2,1,0,1,1,0.6,1.0,1.0,0.5,1.0,2,2,0,2,0.5,1.0,0,2,1,4402
2,6,1,1,1,0.8,1.0,1.0,0.6666666666666666,1.0,3,3,0,3,0.5,1.0,0,2,1,4403
3,7,1,1,1,1.0,1.0,1.0,0.75,1.0,4,4,0,4,0.5,1.0,0,2,1,4404
1,2,3,0,0,0.1667,0.0,0.0,0.0,0.0,0,0,0,0,0.0,0.0,3,3,0,4405
1,1,0,1,0,0.3333,0.0,0.0,0.0,0.0,1,0,0,0,0.0,0.0,3,3,0,4406
1,1,0,1,0,0.5,0.5,1.0,0.0,0.0,2,1,0,1,0.0,0.5,3,3,0,4407
2,7,1,1,1,0.6667,0.6666666666666666,1.0,0.0,0.0,3,2,0,2,0.0,0.6666666666666666,3,3,0,4408
2,7,1,1,1,0.8333,0.75,1.0,0.25,1.0,4,3,0,3,0.5,0.75,3,3,1,4409
3,6,1,1,1,1.0,0.8,1.0,0.4,1.0,5,4,0,4,0.5,0.8,3,3,1,4410
1,0,0,0,0,0.1429,0.0,0.0,0.0,0.0,0,0,0,0,0.0,0.0,0,3,0,4411
1,1,0,0,0,0.2857,0.0,0.0,0.0,0.0,1,0,0,0,0.0,0.0,0,3,0,4412
1,1,0,1,0,0.4286,0.0,0.0,0.0,0.0,2,0,0,0,0.0,0.0,0,3,0,4413
1,1,0,1,0,0.5714,0.3333333333333333,1.0,0.0,0.0,3,1,0,1,0.0,0.3333333333333333,0,3,0,4414
2,7,1,1,1,0.7143,0.5,1.0,0.0,0.0,4,2,0,2,0.0,0.5,0,3,0,4415
2,7,1,1,1,0.8571,0.6,1.0,0.2,1.0,5,3,0,3,0.5,0.6,0,3,1,4416
3,2,3,1,1,1.0,0.6666666666666666,1.0,0.3333333333333333,1.0,6,4,0,4,0.5,0.6666666666666666,0,3,1,4417
1,2,3,0,0,0.1667,0.0,0.0,0.0,0.0,0,0,0,0,0.0,0.0,1,2,0,4418
1,1,0,1,0,0.3333,0.0,0.0,0.0,0.0,1,0,0,0,0.0,0.0,1,2,0,4419
1,1,0,1,0,0.5,0.5,1.0,0.0,0.0,2,1,0,1,0.0,0.5,1,2,0,4420
2,7,1,1,1,0.6667,0.6666666666666666,1.0,0.0,0.0,3,2,0,2,0.0,0.6666666666666666,1,2,0,4421
2,7,1,1,1,0.8333,0.75,1.0,0.25,1.0,4,3,0,3,0.5,0.75,1,2,1,4422
3,6,1,1,1,1.0,0.8,1.0,0.4,1.0,5,4,0,4,0.5,0.8,1,2,1,4423
1,0,0,0,0,0.1429,0.0,0.0,0.0,0.0,0,0,0,0,0.0,0.0,1,3,0,4424
1,1,0,0,0,0.2857,0.0,0.0,0.0,0.0,1,0,0,0,0.0,0.0,1,3,0,4425
1,1,0,1,0,0.4286,0.0,0.0,0.0,0.0,2,0,0,0,0.0,0.0,1,3,0,4426
1,1,0,1,0,0.5714,0.3333333333333333,1.0,0.0,0.0,3,1,0,1,0.0,0.3333333333333333,1,3,0,4427
2,7,1,1,1,0.7143,0.5,1.0,0.0,0.0,4,2,0,2,0.0,0.5,1,3,0,4428
2,7,1,1,1,0.8571,0.6,1.0,0.2,1.0,5,3,0,3,0.5,0.6,1,3,1,4429
3,2,3,1,1,1.0,0.6666666666666666,1.0,0.3333333333333333,1.0,6,4,0,4,0.5,0.6666666666666666,1,3,1,4430
1,2,3,0,0,0.1667,0.0,0.0,0.0,0.0,0,0,0,0,0.0,0.0,2,2,0,4431
1,1,0,1,0,0.3333,0.0,0.0,0.0,0.0,1,0,0,0,0.0,0.0,2,2,0,4432
1,1,0,1,0,0.5,0.5,1.0,0.0,0.0,2,1,0,1,0.0,0.5,2,2,0,4433
2,7,1,1,1,0.6667,0.6666666666666666,1.0,0.0,0.0,3,2,0,2,0.0,0.6666666666666666,2,2,0,4434
2,7,1,1,1,0.8333,0.75,1.0,0.25,1.0,4,3,0,3,0.5,0.75,2,2,1,4435
3,6,1,1,1,1.0,0.8,1.0,0.4,1.0,5,4,0,4,0.5,0.8,2,2,1,4436
1,1,0,1,0,0.2,0.0,0.0,0.0,0.0,0,0,0,0,0.0,0.0,0,4,0,4437
1,7,1,1,1,0.4,1.0,1.0,0.0,0.0,1,1,0,1,0.0,1.0,0,4,0,4438
2,1,0,1,1,0.6,1.0,1.0,0.5,1.0,2,2,0,2,0.5,1.0,0,4,1,4439
2,6,1,1,1,0.8,1.0,1.0,0.6666666666666666,1.0,3,3,0,3,0.5,1.0,0,4,1,4440
3,7,1,1,1,1.0,1.0,1.0,0.75,1.0,4,4,0,4,0.5,1.0,0,4,1,4441
1,0,0,0,0,0.1429,0.0,0.0,0.0,0.0,0,0,0,0,0.0,0.0,2,4,0,4442
1,1,0,0,0,0.2857,0.0,0.0,0.0,0.0,1,0,0,0,0.0,0.0,2,4,0,4443
1,1,0,1,0,0.4286,0.0,0.0,0.0,0.0,2,0,0,0,0.0,0.0,2,4,0,4444
1,1,0,1,0,0.5714,0.3333333333333333,1.0,0.0,0.0,3,1,0,1,0.0,0.3333333333333333,2,4,0,4445
2,7,1,1,1,0.7143,0.5,1.0,0.0,0.0,4,2,0,2,0.0,0.5,2,4,0,4446
2,7,1,1,1,0.8571,0.6,1.0,0.2,1.0,5,3,0,3,0.5,0.6,2,4,1,4447
3,2,3,1,1,1.0,0.6666666666666666,1.0,0.3333333333333333,1.0,6,4,0,4,0.5,0.6666666666666666,2,4,1,4448
1,1,0,1,0,0.2,0.0,0.0,0.0,0.0,0,0,0,0,0.0,0.0,2,4,0,4449
1,7,1,1,1,0.4,1.0,1.0,0.0,0.0,1,1,0,1,0.0,1.0,2,4,0,4450
2,1,0,1,1,0.6,1.0,1.0,0.5,1.0,2,2,0,2,0.5,1.0,2,4,1,4451
2,6,1,1,1,0.8,1.0,1.0,0.6666666666666666,1.0,3,3,0,3,0.5,1.0,2,4,1,4452
3,7,1,1,1,1.0,1.0,1.0,0.75,1.0,4,4,0,4,0.5,1.0,2,4,1,4453
1,1,0,1,0,0.2,0.0,0.0,0.0,0.0,0,0,0,0,0.0,0.0,3,3,0,4454
1,7,1,1,1,0.4,1.0,1.0,0.0,0.0,1,1,0,1,0.0,1.0,3,3,0,4455
2,1,0,1,1,0.6,1.0,1.0,0.5,1.0,2,2,0,2,0.5,1.0,3,3,1,4456
2,6,1,1,1,0.8,1.0,1.0,0.6666666666666666,1.0,3,3,0,3,0.5,1.0,3,3,1,4457
3,7,1,1,1,1.0,1.0,1.0,0.75,1.0,4,4,0,4,0.5,1.0,3,3,1,4458
1,0,0,0,0,0.1429,0.0,0.0,0.0,0.0,0,0,0,0,0.0,0.0,1,4,0,4459
1,1,0,0,0,0.2857,0.0,0.0,0.0,0.0,1,0,0,0,0.0,0.0,1,4,0,4460
1,1,0,1,0,0.4286,0.0,0.0,0.0,0.0,2,0,0,0,0.0,0.0,1,4,0,4461
1,1,0,1,0,0.5714,0.3333333333333333,1.0,0.0,0.0,3,1,0,1,0.0,0.3333333333333333,1,4,0,4462
2,7,1,1,1,0.7143,0.5,1.0,0.0,0.0,4,2,0,2,0.0,0.5,1,4,0,4463
2,7,1,1,1,0.8571,0.6,1.0,0.2,1.0,5,3,0,3,0.5,0.6,1,4,1,4464
3,2,3,1,1,1.0,0.6666666666666666,1.0,0.3333333333333333,1.0,6,4,0,4,0.5,0.6666666666666666,1,4,1,4465
1,0,0,0,0,0.1429,0.0,0.0,0.0,0.0,0,0,0,0,0.0,0.0,2,3,0,4466
1,1,0,0,0,0.2857,0.0,0.0,0.0,0.0,1,0,0,0,0.0,0.0,2,3,0,4467
1,1,0,1,0,0.4286,0.0,0.0,0.0,0.0,2,0,0,0,0.0,0.0,2,3,0,4468
1,1,0,1,0,0.5714,0.3333333333333333,1.0,0.0,0.0,3,1,0,1,0.0,0.3333333333333333,2,3,0,4469
2,7,1,1,1,0.7143,0.5,1.0,0.0,0.0,4,2,0,2,0.0,0.5,2,3,0,4470
2,7,1,1,1,0.8571,0.6,1.0,0.2,1.0,5,3,0,3,0.5,0.6,2,3,1,4471
3,2,3,1,1,1.0,0.6666666666666666,1.0,0.3333333333333333,1.0,6,4,0,4,0.5,0.6666666666666666,2,3,1,4472
1,0,0,0,0,0.1429,0.0,0.0,0.0,0.0,0,0,0,0,0.0,0.0,0,2,0,4473
1,1,0,0,0,0.2857,0.0,0.0,0.0,0.0,1,0,0,0,0.0,0.0,0,2,0,4474
1,1,0,1,0,0.4286,0.0,0.0,0.0,0.0,2,0,0,0,0.0,0.0,0,2,0,4475
1,1,0,1,0,0.5714,0.3333333333333333,1.0,0.0,0.0,3,1,0,1,0.0,0.3333333333333333,0,2,0,4476
2,7,1,1,1,0.7143,0.5,1.0,0.0,0.0,4,2,0,2,0.0,0.5,0,2,0,4477
2,7,1,1,1,0.8571,0.6,1.0,0.2,1.0,5,3,0,3,0.5,0.6,0,2,1,4478
3,2,3,1,1,1.0,0.6666666666666666,1.0,0.3333333333333333,1.0,6,4,0,4,0.5,0.6666666666666666,0,2,1,4479
1,1,0,1,0,0.2,0.0,0.0,0.0,0.0,0,0,0,0,0.0,0.0,2,2,0,4480
1,7,1,1,1,0.4,1.0,1.0,0.0,0.0,1,1,0,1,0.0,1.0,2,2,0,4481
2,1,0,1,1,0.6,1.0,1.0,0.5,1.0,2,2,0,2,0.5,1.0,2,2,1,4482
2,6,1,1,1,0.8,1.0,1.0,0.6666666666666666,1.0,3,3,0,3,0.5,1.0,2,2,1,4483
3,7,1,1,1,1.0,1.0,1.0,0.75,1.0,4,4,0,4,0.5,1.0,2,2,1,4484
1,0,0,0,0,0.1429,0.0,0.0,0.0,0.0,0,0,0,0,0.0,0.0,0,3,0,4485
1,1,0,0,0,0.2857,0.0,0.0,0.0,0.0,1,0,0,0,0.0,0.0,0,3,0,4486
1,1,0,1,0,0.4286,0.0,0.0,0.0,0.0,2,0,0,0,0.0,0.0,0,3,0,4487
1,1,0,1,0,0.5714,0.3333333333333333,1.0,0.0,0.0,3,1,0,1,0.0,0.3333333333333333,0,3,0,4488
2,7,1,1,1,0.7143,0.5,1.0,0.0,0.0,4,2,0,2,0.0,0.5,0,3,0,4489
2,7,1,1,1,0.8571,0.6,1.0,0.2,1.0,5,3,0,3,0.5,0.6,0,3,1,4490
3,2,3,1,1,1.0,0.6666666666666666,1.0,0.3333333333333333,1.0,6,4,0,4,0.5,0.6666666666666666,0,3,1,4491
1,2,3,0,0,0.1667,0.0,0.0,0.0,0.0,0,0,0,0,0.0,0.0,2,4,0,4492
1,1,0,1,0,0.3333,0.0,0.0,0.0,0.0,1,0,0,0,0.0,0.0,2,4,0,4493
1,1,0,1,0,0.5,0.5,1.0,0.0,0.0,2,1,0,1,0.0,0.5,2,4,0,4494
2,7,1,1,1,0.6667,0.6666666666666666,1.0,0.0,0.0,3,2,0,2,0.0,0.6666666666666666,2,4,0,4495
2,7,1,1,1,0.8333,0.75,1.0,0.25,1.0,4,3,0,3,0.5,0.75,2,4,1,4496
3,6,1,1,1,1.0,0.8,1.0,0.4,1.0,5,4,0,4,0.5,0.8,2,4,1,4497
1,1,0,1,0,0.2,0.0,0.0,0.0,0.0,0,0,0,0,0.0,0.0,0,3,0,4498
1,7,1,1,1,0.4,1.0,1.0,0.0,0.0,1,1,0,1,0.0,1.0,0,3,0,4499
2,1,0,1,1,0.6,1.0,1.0,0.5,1.0,2,2,0,2,0.5,1.0,0,3,1,4500
2,6,1,1,1,0.8,1.0,1.0,0.6666666666666666,1.0,3,3,0,3,0.5,1.0,0,3,1,4501
3,7,1,1,1,1.0,1.0,1.0,0.75,1.0,4,4,0,4,0.5,1.0,0,3,1,4502
1,1,0,1,0,0.2,0.0,0.0,0.0,0.0,0,0,0,0,0.0,0.0,3,2,0,4503
1,7,1,1,1,0.4,1.0,1.0,0.0,0.0,1,1,0,1,0.0,1.0,3,2,0,4504
2,1,0,1,1,0.6,1.0,1.0,0.5,1.0,2,2,0,2,0.5,1.0,3,2,1,4505
2,6,1,1,1,0.8,1.0,1.0,0.6666666666666666,1.0,3,3,0,3,0.5,1.0,3,2,1,4506
3,7,1,1,1,1.0,1.0,1.0,0.75,1.0,4,4,0,4,0.5,1.0,3,2,1,4507
1,1,0,1,0,0.2,0.0,0.0,0.0,0.0,0,0,0,0,0.0,0.0,0,4,0,4508
1,7,1,1,1,0.4,1.0,1.0,0.0,0.0,1,1,0,1,0.0,1.0,0,4,0,4509
2,1,0,1,1,0.6,1.0,1.0,0.5,1.0,2,2,0,2,0.5,1.0,0,4,1,4510
2,6,1,1,1,0.8,1.0,1.0,0.6666666666666666,1.0,3,3,0,3,0.5,1.0,0,4,1,4511
3,7,1,1,1,1.0,1.0,1.0,0.75,1.0,4,4,0,4,0.5,1.0,0,4,1,4512
1,0,0,0,0,0.1429,0.0,0.0,0.0,0.0,0,0,0,0,0.0,0.0,3,4,0,4513
1,1,0,0,0,0.2857,0.0,0.0,0.0,0.0,1,0,0,0,0.0,0.0,3,4,0,4514
1,1,0,1,0,0.4286,0.0,0.0,0.0,0.0,2,0,0,0,0.0,0.0,3,4,0,4515
1,1,0,1,0,0.5714,0.3333333333333333,1.0,0.0,0.0,3,1,0,1,0.0,0.3333333333333333,3,4,0,4516
2,7,1,1,1,0.7143,0.5,1.0,0.0,0.0,4,2,0,2,0.0,0.5,3,4,0,4517
2,7,1,1,1,0.8571,0.6,1.0,0.2,1.0,5,3,0,3,0.5,0.6,3,4,1,4518
3,2,3,1,1,1.0,0.6666666666666666,1.0,0.3333333333333333,1.0,6,4,0,4,0.5,0.6666666666666666,3,4,1,4519
1,0,0,0,0,0.1429,0.0,0.0,0.0,0.0,0,0,0,0,0.0,0.0,0,4,0,4520
1,1,0,0,0,0.2857,0.0,0.0,0.0,0.0,1,0,0,0,0.0,0.0,0,4,0,4521
1,1,0,1,0,0.4286,0.0,0.0,0.0,0.0,2,0,0,0,0.0,0.0,0,4,0,4522
1,1,0,1,0,0.5714,0.3333333333333333,1.0,0.0,0.0,3,1,0,1,0.0,0.3333333333333333,0,4,0,4523
2,7,1,1,1,0.7143,0.5,1.0,0.0,0.0,4,2,0,2,0.0,0.5,0,4,0,4524
2,7,1,1,1,0.8571,0.6,1.0,0.2,1.0,5,3,0,3,0.5,0.6,0,4,1,4525
3,2,3,1,1,1.0,0.6666666666666666,1.0,0.3333333333333333,1.0,6,4,0,4,0.5,0.6666666666666666,0,4,1,4526
1,2,3,0,0,0.1667,0.0,0.0,0.0,0.0,0,0,0,0,0.0,0.0,0,3,0,4527
1,1,0,1,0,0.3333,0.0,0.0,0.0,0.0,1,0,0,0,0.0,0.0,0,3,0,4528
1,1,0,1,0,0.5,0.5,1.0,0.0,0.0,2,1,0,1,0.0,0.5,0,3,0,4529
2,7,1,1,1,0.6667,0.6666666666666666,1.0,0.0,0.0,3,2,0,2,0.0,0.6666666666666666,0,3,0,4530
2,7,1,1,1,0.8333,0.75,1.0,0.25,1.0,4,3,0,3,0.5,0.75,0,3,1,4531
3,6,1,1,1,1.0,0.8,1.0,0.4,1.0,5,4,0,4,0.5,0.8,0,3,1,4532
1,0,0,0,0,0.1429,0.0,0.0,0.0,0.0,0,0,0,0,0.0,0.0,3,4,0,4533
1,1,0,0,0,0.2857,0.0,0.0,0.0,0.0,1,0,0,0,0.0,0.0,3,4,0,4534
1,1,0,1,0,0.4286,0.0,0.0,0.0,0.0,2,0,0,0,0.0,0.0,3,4,0,4535
1,1,0,1,0,0.5714,0.3333333333333333,1.0,0.0,0.0,3,1,0,1,0.0,0.3333333333333333,3,4,0,4536
2,7,1,1,1,0.7143,0.5,1.0,0.0,0.0,4,2,0,2,0.0,0.5,3,4,0,4537
2,7,1,1,1,0.8571,0.6,1.0,0.2,1.0,5,3,0,3,0.5,0.6,3,4,1,4538
3,2,3,1,1,1.0,0.6666666666666666,1.0,0.3333333333333333,1.0,6,4,0,4,0.5,0.6666666666666666,3,4,1,4539
1,1,0,1,0,0.2,0.0,0.0,0.0,0.0,0,0,0,0,0.0,0.0,2,4,0,4540
1,7,1,1,1,0.4,1.0,1.0,0.0,0.0,1,1,0,1,0.0,1.0,2,4,0,4541
2,1,0,1,1,0.6,1.0,1.0,0.5,1.0,2,2,0,2,0.5,1.0,2,4,1,4542
2,6,1,1,1,0.8,1.0,1.0,0.6666666666666666,1.0,3,3,0,3,0.5,1.0,2,4,1,4543
3,7,1,1,1,1.0,1.0,1.0,0.75,1.0,4,4,0,4,0.5,1.0,2,4,1,4544
1,2,3,0,0,0.1667,0.0,0.0,0.0,0.0,0,0,0,0,0.0,0.0,2,4,0,4545
1,1,0,1,0,0.3333,0.0,0.0,0.0,0.0,1,0,0,0,0.0,0.0,2,4,0,4546
1,1,0,1,0,0.5,0.5,1.0,0.0,0.0,2,1,0,1,0.0,0.5,2,4,0,4547
2,7,1,1,1,0.6667,0.6666666666666666,1.0,0.0,0.0,3,2,0,2,0.0,0.6666666666666666,2,4,0,4548
2,7,1,1,1,0.8333,0.75,1.0,0.25,1.0,4,3,0,3,0.5,0.75,2,4,1,4549
3,6,1,1,1,1.0,0.8,1.0,0.4,1.0,5,4,0,4,0.5,0.8,2,4,1,4550
1,0,0,0,0,0.1429,0.0,0.0,0.0,0.0,0,0,0,0,0.0,0.0,0,3,0,4551
1,1,0,0,0,0.2857,0.0,0.0,0.0,0.0,1,0,0,0,0.0,0.0,0,3,0,4552
1,1,0,1,0,0.4286,0.0,0.0,0.0,0.0,2,0,0,0,0.0,0.0,0,3,0,4553
1,1,0,1,0,0.5714,0.3333333333333333,1.0,0.0,0.0,3,1,0,1,0.0,0.3333333333333333,0,3,0,4554
2,7,1,1,1,0.7143,0.5,1.0,0.0,0.0,4,2,0,2,0.0,0.5,0,3,0,4555
2,7,1,1,1,0.8571,0.6,1.0,0.2,1.0,5,3,0,3,0.5,0.6,0,3,1,4556
3,2,3,1,1,1.0,0.6666666666666666,1.0,0.3333333333333333,1.0,6,4,0,4,0.5,0.6666666666666666,0,3,1,4557
1,2,3,0,0,0.1667,0.0,0.0,0.0,0.0,0,0,0,0,0.0,0.0,2,4,0,4558
1,1,0,1,0,0.3333,0.0,0.0,0.0,0.0,1,0,0,0,0.0,0.0,2,4,0,4559
1,1,0,1,0,0.5,0.5,1.0,0.0,0.0,2,1,0,1,0.0,0.5,2,4,0,4560
2,7,1,1,1,0.6667,0.6666666666666666,1.0,0.0,0.0,3,2,0,2,0.0,0.6666666666666666,2,4,0,4561
2,7,1,1,1,0.8333,0.75,1.0,0.25,1.0,4,3,0,3,0.5,0.75,2,4,1,4562
3,6,1,1,1,1.0,0.8,1.0,0.4,1.0,5,4,0,4,0.5,0.8,2,4,1,4563
1,2,3,0,0,0.1667,0.0,0.0,0.0,0.0,0,0,0,0,0.0,0.0,3,3,0,4564
1,1,0,1,0,0.3333,0.0,0.0,0.0,0.0,1,0,0,0,0.0,0.0,3,3,0,4565
1,1,0,1,0,0.5,0.5,1.0,0.0,0.0,2,1,0,1,0.0,0.5,3,3,0,4566
2,7,1,1,1,0.6667,0.6666666666666666,1.0,0.0,0.0,3,2,0,2,0.0,0.6666666666666666,3,3,0,4567
2,7,1,1,1,0.8333,0.75,1.0,0.25,1.0,4,3,0,3,0.5,0.75,3,3,1,4568
3,6,1,1,1,1.0,0.8,1.0,0.4,1.0,5,4,0,4,0.5,0.8,3,3,1,4569
1,1,0,1,0,0.2,0.0,0.0,0.0,0.0,0,0,0,0,0.0,0.0,1,4,0,4570
1,7,1,1,1,0.4,1.0,1.0,0.0,0.0,1,1,0,1,0.0,1.0,1,4,0,4571
2,1,0,1,1,0.6,1.0,1.0,0.5,1.0,2,2,0,2,0.5,1.0,1,4,1,4572
2,6,1,1,1,0.8,1.0,1.0,0.6666666666666666,1.0,3,3,0,3,0.5,1.0,1,4,1,4573
3,7,1,1,1,1.0,1.0,1.0,0.75,1.0,4,4,0,4,0.5,1.0,1,4,1,4574
1,1,0,1,0,0.2,0.0,0.0,0.0,0.0,0,0,0,0,0.0,0.0,1,4,0,4575
1,7,1,1,1,0.4,1.0,1.0,0.0,0.0,1,1,0,1,0.0,1.0,1,4,0,4576
2,1,0,1,1,0.6,1.0,1.0,0.5,1.0,2,2,0,2,0.5,1.0,1,4,1,4577
2,6,1,1,1,0.8,1.0,1.0,0.6666666666666666,1.0,3,3,0,3,0.5,1.0,1,4,1,4578
3,7,1,1,1,1.0,1.0,1.0,0.75,1.0,4,4,0,4,0.5,1.0,1,4,1,4579
1,2,3,0,0,0.1667,0.0,0.0,0.0,0.0,0,0,0,0,0.0,0.0,0,3,0,4580
1,1,0,1,0,0.3333,0.0,0.0,0.0,0.0,1,0,0,0,0.0,0.0,0,3,0,4581
1,1,0,1,0,0.5,0.5,1.0,0.0,0.0,2,1,0,1,0.0,0.5,0,3,0,4582
2,7,1,1,1,0.6667,0.6666666666666666,1.0,0.0,0.0,3,2,0,2,0.0,0.6666666666666666,0,3,0,4583
2,7,1,1,1,0.8333,0.75,1.0,0.25,1.0,4,3,0,3,0.5,0.75,0,3,1,4584
3,6,1,1,1,1.0,0.8,1.0,0.4,1.0,5,4,0,4,0.5,0.8,0,3,1,4585
1,2,3,0,0,0.1667,0.0,0.0,0.0,0.0,0,0,0,0,0.0,0.0,2,3,0,4586
1,1,0,1,0,0.3333,0.0,0.0,0.0,0.0,1,0,0,0,0.0,0.0,2,3,0,4587
1,1,0,1,0,0.5,0.5,1.0,0.0,0.0,2,1,0,1,0.0,0.5,2,3,0,4588
2,7,1,1,1,0.6667,0.6666666666666666,1.0,0.0,0.0,3,2,0,2,0.0,0.6666666666666666,2,3,0,4589
2,7,1,1,1,0.8333,0.75,1.0,0.25,1.0,4,3,0,3,0.5,0.75,2,3,1,4590
3,6,1,1,1,1.0,0.8,1.0,0.4,1.0,5,4,0,4,0.5,0.8,2,3,1,4591
1,0,0,0,0,0.1429,0.0,0.0,0.0,0.0,0,0,0,0,0.0,0.0,0,3,0,4592
1,1,0,0,0,0.2857,0.0,0.0,0.0,0.0,1,0,0,0,0.0,0.0,0,3,0,4593
1,1,0,1,0,0.4286,0.0,0.0,0.0,0.0,2,0,0,0,0.0,0.0,0,3,0,4594
1,1,0,1,0,0.5714,0.3333333333333333,1.0,0.0,0.0,3,1,0,1,0.0,0.3333333333333333,0,3,0,4595
2,7,1,1,1,0.7143,0.5,1.0,0.0,0.0,4,2,0,2,0.0,0.5,0,3,0,4596
2,7,1,1,1,0.8571,0.6,1.0,0.2,1.0,5,3,0,3,0.5,0.6,0,3,1,4597
3,2,3,1,1,1.0,0.6666666666666666,1.0,0.3333333333333333,1.0,6,4,0,4,0.5,0.6666666666666666,0,3,1,4598
1,1,0,1,0,0.2,0.0,0.0,0.0,0.0,0,0,0,0,0.0,0.0,0,4,0,4599
1,7,1,1,1,0.4,1.0,1.0,0.0,0.0,1,1,0,1,0.0,1.0,0,4,0,4600
2,1,0,1,1,0.6,1.0,1.0,0.5,1.0,2,2,0,2,0.5,1.0,0,4,1,4601
2,6,1,1,1,0.8,1.0,1.0,0.6666666666666666,1.0,3,3,0,3,0.5,1.0,0,4,1,4602
3,7,1,1,1,1.0,1.0,1.0,0.75,1.0,4,4,0,4,0.5,1.0,0,4,1,4603
1,1,0,1,0,0.2,0.0,0.0,0.0,0.0,0,0,0,0,0.0,0.0,2,4,0,4604
1,7,1,1,1,0.4,1.0,1.0,0.0,0.0,1,1,0,1,0.0,1.0,2,4,0,4605
2,1,0,1,1,0.6,1.0,1.0,0.5,1.0,2,2,0,2,0.5,1.0,2,4,1,4606
2,6,1,1,1,0.8,1.0,1.0,0.6666666666666666,1.0,3,3,0,3,0.5,1.0,2,4,1,4607
3,7,1,1,1,1.0,1.0,1.0,0.75,1.0,4,4,0,4,0.5,1.0,2,4,1,4608
1,0,0,0,0,0.1429,0.0,0.0,0.0,0.0,0,0,0,0,0.0,0.0,3,2,0,4609
1,1,0,0,0,0.2857,0.0,0.0,0.0,0.0,1,0,0,0,0.0,0.0,3,2,0,4610
1,1,0,1,0,0.4286,0.0,0.0,0.0,0.0,2,0,0,0,0.0,0.0,3,2,0,4611
1,1,0,1,0,0.5714,0.3333333333333333,1.0,0.0,0.0,3,1,0,1,0.0,0.3333333333333333,3,2,0,4612
2,7,1,1,1,0.7143,0.5,1.0,0.0,0.0,4,2,0,2,0.0,0.5,3,2,0,4613
2,7,1,1,1,0.8571,0.6,1.0,0.2,1.0,5,3,0,3,0.5,0.6,3,2,1,4614
3,2,3,1,1,1.0,0.6666666666666666,1.0,0.3333333333333333,1.0,6,4,0,4,0.5,0.6666666666666666,3,2,1,4615
1,0,0,0,0,0.1429,0.0,0.0,0.0,0.0,0,0,0,0,0.0,0.0,0,2,0,4616
1,1,0,0,0,0.2857,0.0,0.0,0.0,0.0,1,0,0,0,0.0,0.0,0,2,0,4617
1,1,0,1,0,0.4286,0.0,0.0,0.0,0.0,2,0,0,0,0.0,0.0,0,2,0,4618
1,1,0,1,0,0.5714,0.3333333333333333,1.0,0.0,0.0,3,1,0,1,0.0,0.3333333333333333,0,2,0,4619
2,7,1,1,1,0.7143,0.5,1.0,0.0,0.0,4,2,0,2,0.0,0.5,0,2,0,4620
2,7,1,1,1,0.8571,0.6,1.0,0.2,1.0,5,3,0,3,0.5,0.6,0,2,1,4621
3,2,3,1,1,1.0,0.6666666666666666,1.0,0.3333333333333333,1.0,6,4,0,4,0.5,0.6666666666666666,0,2,1,4622
1,0,0,0,0,0.1429,0.0,0.0,0.0,0.0,0,0,0,0,0.0,0.0,1,4,0,4623
1,1,0,0,0,0.2857,0.0,0.0,0.0,0.0,1,0,0,0,0.0,0.0,1,4,0,4624
1,1,0,1,0,0.4286,0.0,0.0,0.0,0.0,2,0,0,0,0.0,0.0,1,4,0,4625
1,1,0,1,0,0.5714,0.3333333333333333,1.0,0.0,0.0,3,1,0,1,0.0,0.3333333333333333,1,4,0,4626
2,7,1,1,1,0.7143,0.5,1.0,0.0,0.0,4,2,0,2,0.0,0.5,1,4,0,4627
2,7,1,1,1,0.8571,0.6,1.0,0.2,1.0,5,3,0,3,0.5,0.6,1,4,1,4628
3,2,3,1,1,1.0,0.6666666666666666,1.0,0.3333333333333333,1.0,6,4,0,4,0.5,0.6666666666666666,1,4,1,4629
1,2,3,0,0,0.1667,0.0,0.0,0.0,0.0,0,0,0,0,0.0,0.0,3,4,0,4630
1,1,0,1,0,0.3333,0.0,0.0,0.0,0.0,1,0,0,0,0.0,0.0,3,4,0,4631
1,1,0,1,0,0.5,0.5,1.0,0.0,0.0,2,1,0,1,0.0,0.5,3,4,0,4632
2,7,1,1,1,0.6667,0.6666666666666666,1.0,0.0,0.0,3,2,0,2,0.0,0.6666666666666666,3,4,0,4633
2,7,1,1,1,0.8333,0.75,1.0,0.25,1.0,4,3,0,3,0.5,0.75,3,4,1,4634
3,6,1,1,1,1.0,0.8,1.0,0.4,1.0,5,4,0,4,0.5,0.8,3,4,1,4635
1,2,3,0,0,0.1667,0.0,0.0,0.0,0.0,0,0,0,0,0.0,0.0,2,2,0,4636
1,1,0,1,0,0.3333,0.0,0.0,0.0,0.0,1,0,0,0,0.0,0.0,2,2,0,4637
1,1,0,1,0,0.5,0.5,1.0,0.0,0.0,2,1,0,1,0.0,0.5,2,2,0,4638
2,7,1,1,1,0.6667,0.6666666666666666,1.0,0.0,0.0,3,2,0,2,0.0,0.6666666666666666,2,2,0,4639
2,7,1,1,1,0.8333,0.75,1.0,0.25,1.0,4,3,0,3,0.5,0.75,2,2,1,4640
3,6,1,1,1,1.0,0.8,1.0,0.4,1.0,5,4,0,4,0.5,0.8,2,2,1,4641
1,0,0,0,0,0.1429,0.0,0.0,0.0,0.0,0,0,0,0,0.0,0.0,1,3,0,4642
1,1,0,0,0,0.2857,0.0,0.0,0.0,0.0,1,0,0,0,0.0,0.0,1,3,0,4643
1,1,0,1,0,0.4286,0.0,0.0,0.0,0.0,2,0,0,0,0.0,0.0,1,3,0,4644
1,1,0,1,0,0.5714,0.3333333333333333,1.0,0.0,0.0,3,1,0,1,0.0,0.3333333333333333,1,3,0,4645
2,7,1,1,1,0.7143,0.5,1.0,0.0,0.0,4,2,0,2,0.0,0.5,1,3,0,4646
2,7,1,1,1,0.8571,0.6,1.0,0.2,1.0,5,3,0,3,0.5,0.6,1,3,1,4647
3,2,3,1,1,1.0,0.6666666666666666,1.0,0.3333333333333333,1.0,6,4,0,4,0.5,0.6666666666666666,1,3,1,4648
1,1,0,1,0,0.2,0.0,0.0,0.0,0.0,0,0,0,0,0.0,0.0,3,4,0,4649
1,7,1,1,1,0.4,1.0,1.0,0.0,0.0,1,1,0,1,0.0,1.0,3,4,0,4650
2,1,0,1,1,0.6,1.0,1.0,0.5,1.0,2,2,0,2,0.5,1.0,3,4,1,4651
2,6,1,1,1,0.8,1.0,1.0,0.6666666666666666,1.0,3,3,0,3,0.5,1.0,3,4,1,4652
3,7,1,1,1,1.0,1.0,1.0,0.75,1.0,4,4,0,4,0.5,1.0,3,4,1,4653
1,1,0,1,0,0.2,0.0,0.0,0.0,0.0,0,0,0,0,0.0,0.0,3,2,0,4654
1,7,1,1,1,0.4,1.0,1.0,0.0,0.0,1,1,0,1,0.0,1.0,3,2,0,4655
2,1,0,1,1,0.6,1.0,1.0,0.5,1.0,2,2,0,2,0.5,1.0,3,2,1,4656
2,6,1,1,1,0.8,1.0,1.0,0.6666666666666666,1.0,3,3,0,3,0.5,1.0,3,2,1,4657
3,7,1,1,1,1.0,1.0,1.0,0.75,1.0,4,4,0,4,0.5,1.0,3,2,1,4658
1,0,0,0,0,0.1429,0.0,0.0,0.0,0.0,0,0,0,0,0.0,0.0,0,2,0,4659
1,1,0,0,0,0.2857,0.0,0.0,0.0,0.0,1,0,0,0,0.0,0.0,0,2,0,4660
1,1,0,1,0,0.4286,0.0,0.0,0.0,0.0,2,0,0,0,0.0,0.0,0,2,0,4661
1,1,0,1,0,0.5714,0.3333333333333333,1.0,0.0,0.0,3,1,0,1,0.0,0.3333333333333333,0,2,0,4662
2,7,1,1,1,0.7143,0.5,1.0,0.0,0.0,4,2,0,2,0.0,0.5,0,2,0,4663
2,7,1,1,1,0.8571,0.6,1.0,0.2,1.0,5,3,0,3,0.5,0.6,0,2,1,4664
3,2,3,1,1,1.0,0.6666666666666666,1.0,0.3333333333333333,1.0,6,4,0,4,0.5,0.6666666666666666,0,2,1,4665
1,0,0,0,0,0.1429,0.0,0.0,0.0,0.0,0,0,0,0,0.0,0.0,1,4,0,4666
1,1,0,0,0,0.2857,0.0,0.0,0.0,0.0,1,0,0,0,0.0,0.0,1,4,0,4667
1,1,0,1,0,0.4286,0.0,0.0,0.0,0.0,2,0,0,0,0.0,0.0,1,4,0,4668
1,1,0,1,0,0.5714,0.3333333333333333,1.0,0.0,0.0,3,1,0,1,0.0,0.3333333333333333,1,4,0,4669
2,7,1,1,1,0.7143,0.5,1.0,0.0,0.0,4,2,0,2,0.0,0.5,1,4,0,4670
2,7,1,1,1,0.8571,0.6,1.0,0.2,1.0,5,3,0,3,0.5,0.6,1,4,1,4671
3,2,3,1,1,1.0,0.6666666666666666,1.0,0.3333333333333333,1.0,6,4,0,4,0.5,0.6666666666666666,1,4,1,4672
1,1,0,1,0,0.2,0.0,0.0,0.0,0.0,0,0,0,0,0.0,0.0,1,3,0,4673
1,7,1,1,1,0.4,1.0,1.0,0.0,0.0,1,1,0,1,0.0,1.0,1,3,0,4674
2,1,0,1,1,0.6,1.0,1.0,0.5,1.0,2,2,0,2,0.5,1.0,1,3,1,4675
2,6,1,1,1,0.8,1.0,1.0,0.6666666666666666,1.0,3,3,0,3,0.5,1.0,1,3,1,4676
3,7,1,1,1,1.0,1.0,1.0,0.75,1.0,4,4,0,4,0.5,1.0,1,3,1,4677
1,2,3,0,0,0.1667,0.0,0.0,0.0,0.0,0,0,0,0,0.0,0.0,1,4,0,4678
1,1,0,1,0,0.3333,0.0,0.0,0.0,0.0,1,0,0,0,0.0,0.0,1,4,0,4679
1,1,0,1,0,0.5,0.5,1.0,0.0,0.0,2,1,0,1,0.0,0.5,1,4,0,4680
2,7,1,1,1,0.6667,0.6666666666666666,1.0,0.0,0.0,3,2,0,2,0.0,0.6666666666666666,1,4,0,4681
2,7,1,1,1,0.8333,0.75,1.0,0.25,1.0,4,3,0,3,0.5,0.75,1,4,1,4682
3,6,1,1,1,1.0,0.8,1.0,0.4,1.0,5,4,0,4,0.5,0.8,1,4,1,4683
1,2,3,0,0,0.1667,0.0,0.0,0.0,0.0,0,0,0,0,0.0,0.0,1,2,0,4684
1,1,0,1,0,0.3333,0.0,0.0,0.0,0.0,1,0,0,0,0.0,0.0,1,2,0,4685
1,1,0,1,0,0.5,0.5,1.0,0.0,0.0,2,1,0,1,0.0,0.5,1,2,0,4686
2,7,1,1,1,0.6667,0.6666666666666666,1.0,0.0,0.0,3,2,0,2,0.0,0.6666666666666666,1,2,0,4687
2,7,1,1,1,0.8333,0.75,1.0,0.25,1.0,4,3,0,3,0.5,0.75,1,2,1,4688
3,6,1,1,1,1.0,0.8,1.0,0.4,1.0,5,4,0,4,0.5,0.8,1,2,1,4689
1,0,0,0,0,0.1429,0.0,0.0,0.0,0.0,0,0,0,0,0.0,0.0,1,4,0,4690
1,1,0,0,0,0.2857,0.0,0.0,0.0,0.0,1,0,0,0,0.0,0.0,1,4,0,4691
1,1,0,1,0,0.4286,0.0,0.0,0.0,0.0,2,0,0,0,0.0,0.0,1,4,0,4692
1,1,0,1,0,0.5714,0.3333333333333333,1.0,0.0,0.0,3,1,0,1,0.0,0.3333333333333333,1,4,0,4693
2,7,1,1,1,0.7143,0.5,1.0,0.0,0.0,4,2,0,2,0.0,0.5,1,4,0,4694
2,7,1,1,1,0.8571,0.6,1.0,0.2,1.0,5,3,0,3,0.5,0.6,1,4,1,4695
3,2,3,1,1,1.0,0.6666666666666666,1.0,0.3333333333333333,1.0,6,4,0,4,0.5,0.6666666666666666,1,4,1,4696
1,1,0,1,0,0.2,0.0,0.0,0.0,0.0,0,0,0,0,0.0,0.0,2,3,0,4697
1,7,1,1,1,0.4,1.0,1.0,0.0,0.0,1,1,0,1,0.0,1.0,2,3,0,4698
2,1,0,1,1,0.6,1.0,1.0,0.5,1.0,2,2,0,2,0.5,1.0,2,3,1,4699
2,6,1,1,1,0.8,1.0,1.0,0.6666666666666666,1.0,3,3,0,3,0.5,1.0,2,3,1,4700
3,7,1,1,1,1.0,1.0,1.0,0.75,1.0,4,4,0,4,0.5,1.0,2,3,1,4701
1,2,3,0,0,0.1667,0.0,0.0,0.0,0.0,0,0,0,0,0.0,0.0,1,3,0,4702
1,1,0,1,0,0.3333,0.0,0.0,0.0,0.0,1,0,0,0,0.0,0.0,1,3,0,4703
1,1,0,1,0,0.5,0.5,1.0,0.0,0.0,2,1,0,1,0.0,0.5,1,3,0,4704
2,7,1,1,1,0.6667,0.6666666666666666,1.0,0.0,0.0,3,2,0,2,0.0,0.6666666666666666,1,3,0,4705
2,7,1,1,1,0.8333,0.75,1.0,0.25,1.0,4,3,0,3,0.5,0.75,1,3,1,4706
3,6,1,1,1,1.0,0.8,1.0,0.4,1.0,5,4,0,4,0.5,0.8,1,3,1,4707
1,1,0,1,0,0.2,0.0,0.0,0.0,0.0,0,0,0,0,0.0,0.0,0,2,0,4708
1,7,1,1,1,0.4,1.0,1.0,0.0,0.0,1,1,0,1,0.0,1.0,0,2,0,4709
2,1,0,1,1,0.6,1.0,1.0,0.5,1.0,2,2,0,2,0.5,1.0,0,2,1,4710
2,6,1,1,1,0.8,1.0,1.0,0.6666666666666666,1.0,3,3,0,3,0.5,1.0,0,2,1,4711
3,7,1,1,1,1.0,1.0,1.0,0.75,1.0,4,4,0,4,0.5,1.0,0,2,1,4712
1,2,3,0,0,0.1667,0.0,0.0,0.0,0.0,0,0,0,0,0.0,0.0,3,3,0,4713
1,1,0,1,0,0.3333,0.0,0.0,0.0,0.0,1,0,0,0,0.0,0.0,3,3,0,4714
1,1,0,1,0,0.5,0.5,1.0,0.0,0.0,2,1,0,1,0.0,0.5,3,3,0,4715
2,7,1,1,1,0.6667,0.6666666666666666,1.0,0.0,0.0,3,2,0,2,0.0,0.6666666666666666,3,3,0,4716
2,7,1,1,1,0.8333,0.75,1.0,0.25,1.0,4,3,0,3,0.5,0.75,3,3,1,4717
3,6,1,1,1,1.0,0.8,1.0,0.4,1.0,5,4,0,4,0.5,0.8,3,3,1,4718
1,0,0,0,0,0.1429,0.0,0.0,0.0,0.0,0,0,0,0,0.0,0.0,1,2,0,4719
1,1,0,0,0,0.2857,0.0,0.0,0.0,0.0,1,0,0,0,0.0,0.0,1,2,0,4720
1,1,0,1,0,0.4286,0.0,0.0,0.0,0.0,2,0,0,0,0.0,0.0,1,2,0,4721
1,1,0,1,0,0.5714,0.3333333333333333,1.0,0.0,0.0,3,1,0,1,0.0,0.3333333333333333,1,2,0,4722
2,7,1,1,1,0.7143,0.5,1.0,0.0,0.0,4,2,0,2,0.0,0.5,1,2,0,4723
2,7,1,1,1,0.8571,0.6,1.0,0.2,1.0,5,3,0,3,0.5,0.6,1,2,1,4724
3,2,3,1,1,1.0,0.6666666666666666,1.0,0.3333333333333333,1.0,6,4,0,4,0.5,0.6666666666666666,1,2,1,4725
1,1,0,1,0,0.2,0.0,0.0,0.0,0.0,0,0,0,0,0.0,0.0,0,3,0,4726
1,7,1,1,1,0.4,1.0,1.0,0.0,0.0,1,1,0,1,0.0,1.0,0,3,0,4727
2,1,0,1,1,0.6,1.0,1.0,0.5,1.0,2,2,0,2,0.5,1.0,0,3,1,4728
2,6,1,1,1,0.8,1.0,1.0,0.6666666666666666,1.0,3,3,0,3,0.5,1.0,0,3,1,4729
3,7,1,1,1,1.0,1.0,1.0,0.75,1.0,4,4,0,4,0.5,1.0,0,3,1,4730
1,2,3,0,0,0.1667,0.0,0.0,0.0,0.0,0,0,0,0,0.0,0.0,1,3,0,4731
1,1,0,1,0,0.3333,0.0,0.0,0.0,0.0,1,0,0,0,0.0,0.0,1,3,0,4732
1,1,0,1,0,0.5,0.5,1.0,0.0,0.0,2,1,0,1,0.0,0.5,1,3,0,4733
2,7,1,1,1,0.6667,0.6666666666666666,1.0,0.0,0.0,3,2,0,2,0.0,0.6666666666666666,1,3,0,4734
2,7,1,1,1,0.8333,0.75,1.0,0.25,1.0,4,3,0,3,0.5,0.75,1,3,1,4735
3,6,1,1,1,1.0,0.8,1.0,0.4,1.0,5,4,0,4,0.5,0.8,1,3,1,4736
1,0,0,0,0,0.1429,0.0,0.0,0.0,0.0,0,0,0,0,0.0,0.0,2,4,0,4737
1,1,0,0,0,0.2857,0.0,0.0,0.0,0.0,1,0,0,0,0.0,0.0,2,4,0,4738
1,1,0,1,0,0.4286,0.0,0.0,0.0,0.0,2,0,0,0,0.0,0.0,2,4,0,4739
1,1,0,1,0,0.5714,0.3333333333333333,1.0,0.0,0.0,3,1,0,1,0.0,0.3333333333333333,2,4,0,4740
2,7,1,1,1,0.7143,0.5,1.0,0.0,0.0,4,2,0,2,0.0,0.5,2,4,0,4741
2,7,1,1,1,0.8571,0.6,1.0,0.2,1.0,5,3,0,3,0.5,0.6,2,4,1,4742
3,2,3,1,1,1.0,0.6666666666666666,1.0,0.3333333333333333,1.0,6,4,0,4,0.5,0.6666666666666666,2,4,1,4743
1,0,0,0,0,0.1429,0.0,0.0,0.0,0.0,0,0,0,0,0.0,0.0,1,2,0,4744
1,1,0,0,0,0.2857,0.0,0.0,0.0,0.0,1,0,0,0,0.0,0.0,1,2,0,4745
1,1,0,1,0,0.4286,0.0,0.0,0.0,0.0,2,0,0,0,0.0,0.0,1,2,0,4746
1,1,0,1,0,0.5714,0.3333333333333333,1.0,0.0,0.0,3,1,0,1,0.0,0.3333333333333333,1,2,0,4747
2,7,1,1,1,0.7143,0.5,1.0,0.0,0.0,4,2,0,2,0.0,0.5,1,2,0,4748
2,7,1,1,1,0.8571,0.6,1.0,0.2,1.0,5,3,0,3,0.5,0.6,1,2,1,4749
3,2,3,1,1,1.0,0.6666666666666666,1.0,0.3333333333333333,1.0,6,4,0,4,0.5,0.6666666666666666,1,2,1,4750
1,2,3,0,0,0.1667,0.0,0.0,0.0,0.0,0,0,0,0,0.0,0.0,3,4,0,4751
1,1,0,1,0,0.3333,0.0,0.0,0.0,0.0,1,0,0,0,0.0,0.0,3,4,0,4752
1,1,0,1,0,0.5,0.5,1.0,0.0,0.0,2,1,0,1,0.0,0.5,3,4,0,4753
2,7,1,1,1,0.6667,0.6666666666666666,1.0,0.0,0.0,3,2,0,2,0.0,0.6666666666666666,3,4,0,4754
2,7,1,1,1,0.8333,0.75,1.0,0.25,1.0,4,3,0,3,0.5,0.75,3,4,1,4755
3,6,1,1,1,1.0,0.8,1.0,0.4,1.0,5,4,0,4,0.5,0.8,3,4,1,4756
1,2,3,0,0,0.1667,0.0,0.0,0.0,0.0,0,0,0,0,0.0,0.0,1,2,0,4757
1,1,0,1,0,0.3333,0.0,0.0,0.0,0.0,1,0,0,0,0.0,0.0,1,2,0,4758
1,1,0,1,0,0.5,0.5,1.0,0.0,0.0,2,1,0,1,0.0,0.5,1,2,0,4759
2,7,1,1,1,0.6667,0.6666666666666666,1.0,0.0,0.0,3,2,0,2,0.0,0.6666666666666666,1,2,0,4760
2,7,1,1,1,0.8333,0.75,1.0,0.25,1.0,4,3,0,3,0.5,0.75,1,2,1,4761
3,6,1,1,1,1.0,0.8,1.0,0.4,1.0,5,4,0,4,0.5,0.8,1,2,1,4762
1,1,0,1,0,0.2,0.0,0.0,0.0,0.0,0,0,0,0,0.0,0.0,1,2,0,4763
1,7,1,1,1,0.4,1.0,1.0,0.0,0.0,1,1,0,1,0.0,1.0,1,2,0,4764
2,1,0,1,1,0.6,1.0,1.0,0.5,1.0,2,2,0,2,0.5,1.0,1,2,1,4765
2,6,1,1,1,0.8,1.0,1.0,0.6666666666666666,1.0,3,3,0,3,0.5,1.0,1,2,1,4766
3,7,1,1,1,1.0,1.0,1.0,0.75,1.0,4,4,0,4,0.5,1.0,1,2,1,4767
1,2,3,0,0,0.1667,0.0,0.0,0.0,0.0,0,0,0,0,0.0,0.0,1,3,0,4768
1,1,0,1,0,0.3333,0.0,0.0,0.0,0.0,1,0,0,0,0.0,0.0,1,3,0,4769
1,1,0,1,0,0.5,0.5,1.0,0.0,0.0,2,1,0,1,0.0,0.5,1,3,0,4770
2,7,1,1,1,0.6667,0.6666666666666666,1.0,0.0,0.0,3,2,0,2,0.0,0.6666666666666666,1,3,0,4771
2,7,1,1,1,0.8333,0.75,1.0,0.25,1.0,4,3,0,3,0.5,0.75,1,3,1,4772
3,6,1,1,1,1.0,0.8,1.0,0.4,1.0,5,4,0,4,0.5,0.8,1,3,1,4773
1,0,0,0,0,0.1429,0.0,0.0,0.0,0.0,0,0,0,0,0.0,0.0,0,2,0,4774
1,1,0,0,0,0.2857,0.0,0.0,0.0,0.0,1,0,0,0,0.0,0.0,0,2,0,4775
1,1,0,1,0,0.4286,0.0,0.0,0.0,0.0,2,0,0,0,0.0,0.0,0,2,0,4776
1,1,0,1,0,0.5714,0.3333333333333333,1.0,0.0,0.0,3,1,0,1,0.0,0.3333333333333333,0,2,0,4777
2,7,1,1,1,0.7143,0.5,1.0,0.0,0.0,4,2,0,2,0.0,0.5,0,2,0,4778
2,7,1,1,1,0.8571,0.6,1.0,0.2,1.0,5,3,0,3,0.5,0.6,0,2,1,4779
3,2,3,1,1,1.0,0.6666666666666666,1.0,0.3333333333333333,1.0,6,4,0,4,0.5,0.6666666666666666,0,2,1,4780
1,0,0,0,0,0.1429,0.0,0.0,0.0,0.0,0,0,0,0,0.0,0.0,1,3,0,4781
1,1,0,0,0,0.2857,0.0,0.0,0.0,0.0,1,0,0,0,0.0,0.0,1,3,0,4782
1,1,0,1,0,0.4286,0.0,0.0,0.0,0.0,2,0,0,0,0.0,0.0,1,3,0,4783
1,1,0,1,0,0.5714,0.3333333333333333,1.0,0.0,0.0,3,1,0,1,0.0,0.3333333333333333,1,3,0,4784
2,7,1,1,1,0.7143,0.5,1.0,0.0,0.0,4,2,0,2,0.0,0.5,1,3,0,4785
2,7,1,1,1,0.8571,0.6,1.0,0.2,1.0,5,3,0,3,0.5,0.6,1,3,1,4786
3,2,3,1,1,1.0,0.6666666666666666,1.0,0.3333333333333333,1.0,6,4,0,4,0.5,0.6666666666666666,1,3,1,4787
1,0,0,0,0,0.1429,0.0,0.0,0.0,0.0,0,0,0,0,0.0,0.0,3,3,0,4788
1,1,0,0,0,0.2857,0.0,0.0,0.0,0.0,1,0,0,0,0.0,0.0,3,3,0,4789
1,1,0,1,0,0.4286,0.0,0.0,0.0,0.0,2,0,0,0,0.0,0.0,3,3,0,4790
1,1,0,1,0,0.5714,0.3333333333333333,1.0,0.0,0.0,3,1,0,1,0.0,0.3333333333333333,3,3,0,4791
2,7,1,1,1,0.7143,0.5,1.0,0.0,0.0,4,2,0,2,0.0,0.5,3,3,0,4792
2,7,1,1,1,0.8571,0.6,1.0,0.2,1.0,5,3,0,3,0.5,0.6,3,3,1,4793
3,2,3,1,1,1.0,0.6666666666666666,1.0,0.3333333333333333,1.0,6,4,0,4,0.5,0.6666666666666666,3,3,1,4794
1,2,3,0,0,0.1667,0.0,0.0,0.0,0.0,0,0,0,0,0.0,0.0,3,4,0,4795
1,1,0,1,0,0.3333,0.0,0.0,0.0,0.0,1,0,0,0,0.0,0.0,3,4,0,4796
1,1,0,1,0,0.5,0.5,1.0,0.0,0.0,2,1,0,1,0.0,0.5,3,4,0,4797
2,7,1,1,1,0.6667,0.6666666666666666,1.0,0.0,0.0,3,2,0,2,0.0,0.6666666666666666,3,4,0,4798
2,7,1,1,1,0.8333,0.75,1.0,0.25,1.0,4,3,0,3,0.5,0.75,3,4,1,4799
3,6,1,1,1,1.0,0.8,1.0,0.4,1.0,5,4,0,4,0.5,0.8,3,4,1,4800
1,2,3,0,0,0.1667,0.0,0.0,0.0,0.0,0,0,0,0,0.0,0.0,3,2,0,4801
1,1,0,1,0,0.3333,0.0,0.0,0.0,0.0,1,0,0,0,0.0,0.0,3,2,0,4802
1,1,0,1,0,0.5,0.5,1.0,0.0,0.0,2,1,0,1,0.0,0.5,3,2,0,4803
2,7,1,1,1,0.6667,0.6666666666666666,1.0,0.0,0.0,3,2,0,2,0.0,0.6666666666666666,3,2,0,4804
2,7,1,1,1,0.8333,0.75,1.0,0.25,1.0,4,3,0,3,0.5,0.75,3,2,1,4805
3,6,1,1,1,1.0,0.8,1.0,0.4,1.0,5,4,0,4,0.5,0.8,3,2,1,4806
1,2,3,0,0,0.1667,0.0,0.0,0.0,0.0,0,0,0,0,0.0,0.0,0,3,0,4807
1,1,0,1,0,0.3333,0.0,0.0,0.0,0.0,1,0,0,0,0.0,0.0,0,3,0,4808
1,1,0,1,0,0.5,0.5,1.0,0.0,0.0,2,1,0,1,0.0,0.5,0,3,0,4809
2,7,1,1,1,0.6667,0.6666666666666666,1.0,0.0,0.0,3,2,0,2,0.0,0.6666666666666666,0,3,0,4810
2,7,1,1,1,0.8333,0.75,1.0,0.25,1.0,4,3,0,3,0.5,0.75,0,3,1,4811
3,6,1,1,1,1.0,0.8,1.0,0.4,1.0,5,4,0,4,0.5,0.8,0,3,1,4812
1,0,0,0,0,0.1429,0.0,0.0,0.0,0.0,0,0,0,0,0.0,0.0,2,2,0,4813
1,1,0,0,0,0.2857,0.0,0.0,0.0,0.0,1,0,0,0,0.0,0.0,2,2,0,4814
1,1,0,1,0,0.4286,0.0,0.0,0.0,0.0,2,0,0,0,0.0,0.0,2,2,0,4815
1,1,0,1,0,0.5714,0.3333333333333333,1.0,0.0,0.0,3,1,0,1,0.0,0.3333333333333333,2,2,0,4816
2,7,1,1,1,0.7143,0.5,1.0,0.0,0.0,4,2,0,2,0.0,0.5,2,2,0,4817
2,7,1,1,1,0.8571,0.6,1.0,0.2,1.0,5,3,0,3,0.5,0.6,2,2,1,4818
3,2,3,1,1,1.0,0.6666666666666666,1.0,0.3333333333333333,1.0,6,4,0,4,0.5,0.6666666666666666,2,2,1,4819
1,1,0,1,0,0.2,0.0,0.0,0.0,0.0,0,0,0,0,0.0,0.0,3,4,0,4820
1,7,1,1,1,0.4,1.0,1.0,0.0,0.0,1,1,0,1,0.0,1.0,3,4,0,4821
2,1,0,1,1,0.6,1.0,1.0,0.5,1.0,2,2,0,2,0.5,1.0,3,4,1,4822
2,6,1,1,1,0.8,1.0,1.0,0.6666666666666666,1.0,3,3,0,3,0.5,1.0,3,4,1,4823
3,7,1,1,1,1.0,1.0,1.0,0.75,1.0,4,4,0,4,0.5,1.0,3,4,1,4824
1,0,0,0,0,0.1429,0.0,0.0,0.0,0.0,0,0,0,0,0.0,0.0,2,2,0,4825
1,1,0,0,0,0.2857,0.0,0.0,0.0,0.0,1,0,0,0,0.0,0.0,2,2,0,4826
1,1,0,1,0,0.4286,0.0,0.0,0.0,0.0,2,0,0,0,0.0,0.0,2,2,0,4827
1,1,0,1,0,0.5714,0.3333333333333333,1.0,0.0,0.0,3,1,0,1,0.0,0.3333333333333333,2,2,0,4828
2,7,1,1,1,0.7143,0.5,1.0,0.0,0.0,4,2,0,2,0.0,0.5,2,2,0,4829
2,7,1,1,1,0.8571,0.6,1.0,0.2,1.0,5,3,0,3,0.5,0.6,2,2,1,4830
3,2,3,1,1,1.0,0.6666666666666666,1.0,0.3333333333333333,1.0,6,4,0,4,0.5,0.6666666666666666,2,2,1,4831
1,1,0,1,0,0.2,0.0,0.0,0.0,0.0,0,0,0,0,0.0,0.0,2,4,0,4832
1,7,1,1,1,0.4,1.0,1.0,0.0,0.0,1,1,0,1,0.0,1.0,2,4,0,4833
2,1,0,1,1,0.6,1.0,1.0,0.5,1.0,2,2,0,2,0.5,1.0,2,4,1,4834
2,6,1,1,1,0.8,1.0,1.0,0.6666666666666666,1.0,3,3,0,3,0.5,1.0,2,4,1,4835
3,7,1,1,1,1.0,1.0,1.0,0.75,1.0,4,4,0,4,0.5,1.0,2,4,1,4836
1,2,3,0,0,0.1667,0.0,0.0,0.0,0.0,0,0,0,0,0.0,0.0,2,3,0,4837
1,1,0,1,0,0.3333,0.0,0.0,0.0,0.0,1,0,0,0,0.0,0.0,2,3,0,4838
1,1,0,1,0,0.5,0.5,1.0,0.0,0.0,2,1,0,1,0.0,0.5,2,3,0,4839
2,7,1,1,1,0.6667,0.6666666666666666,1.0,0.0,0.0,3,2,0,2,0.0,0.6666666666666666,2,3,0,4840
2,7,1,1,1,0.8333,0.75,1.0,0.25,1.0,4,3,0,3,0.5,0.75,2,3,1,4841
3,6,1,1,1,1.0,0.8,1.0,0.4,1.0,5,4,0,4,0.5,0.8,2,3,1,4842
1,1,0,1,0,0.2,0.0,0.0,0.0,0.0,0,0,0,0,0.0,0.0,3,2,0,4843
1,7,1,1,1,0.4,1.0,1.0,0.0,0.0,1,1,0,1,0.0,1.0,3,2,0,4844
2,1,0,1,1,0.6,1.0,1.0,0.5,1.0,2,2,0,2,0.5,1.0,3,2,1,4845
2,6,1,1,1,0.8,1.0,1.0,0.6666666666666666,1.0,3,3,0,3,0.5,1.0,3,2,1,4846
3,7,1,1,1,1.0,1.0,1.0,0.75,1.0,4,4,0,4,0.5,1.0,3,2,1,4847
1,1,0,1,0,0.2,0.0,0.0,0.0,0.0,0,0,0,0,0.0,0.0,1,2,0,4848
1,7,1,1,1,0.4,1.0,1.0,0.0,0.0,1,1,0,1,0.0,1.0,1,2,0,4849
2,1,0,1,1,0.6,1.0,1.0,0.5,1.0,2,2,0,2,0.5,1.0,1,2,1,4850
2,6,1,1,1,0.8,1.0,1.0,0.6666666666666666,1.0,3,3,0,3,0.5,1.0,1,2,1,4851
3,7,1,1,1,1.0,1.0,1.0,0.75,1.0,4,4,0,4,0.5,1.0,1,2,1,4852
1,1,0,1,0,0.2,0.0,0.0,0.0,0.0,0,0,0,0,0.0,0.0,1,2,0,4853
1,7,1,1,1,0.4,1.0,1.0,0.0,0.0,1,1,0,1,0.0,1.0,1,2,0,4854
2,1,0,1,1,0.6,1.0,1.0,0.5,1.0,2,2,0,2,0.5,1.0,1,2,1,4855
2,6,1,1,1,0.8,1.0,1.0,0.6666666666666666,1.0,3,3,0,3,0.5,1.0,1,2,1,4856
3,7,1,1,1,1.0,1.0,1.0,0.75,1.0,4,4,0,4,0.5,1.0,1,2,1,4857
1,2,3,0,0,0.1667,0.0,0.0,0.0,0.0,0,0,0,0,0.0,0.0,1,3,0,4858
1,1,0,1,0,0.3333,0.0,0.0,0.0,0.0,1,0,0,0,0.0,0.0,1,3,0,4859
1,1,0,1,0,0.5,0.5,1.0,0.0,0.0,2,1,0,1,0.0,0.5,1,3,0,4860
2,7,1,1,1,0.6667,0.6666666666666666,1.0,0.0,0.0,3,2,0,2,0.0,0.6666666666666666,1,3,0,4861
2,7,1,1,1,0.8333,0.75,1.0,0.25,1.0,4,3,0,3,0.5,0.75,1,3,1,4862
3,6,1,1,1,1.0,0.8,1.0,0.4,1.0,5,4,0,4,0.5,0.8,1,3,1,4863
1,2,3,0,0,0.1667,0.0,0.0,0.0,0.0,0,0,0,0,0.0,0.0,1,3,0,4864
1,1,0,1,0,0.3333,0.0,0.0,0.0,0.0,1,0,0,0,0.0,0.0,1,3,0,4865
1,1,0,1,0,0.5,0.5,1.0,0.0,0.0,2,1,0,1,0.0,0.5,1,3,0,4866
2,7,1,1,1,0.6667,0.6666666666666666,1.0,0.0,0.0,3,2,0,2,0.0,0.6666666666666666,1,3,0,4867
2,7,1,1,1,0.8333,0.75,1.0,0.25,1.0,4,3,0,3,0.5,0.75,1,3,1,4868
3,6,1,1,1,1.0,0.8,1.0,0.4,1.0,5,4,0,4,0.5,0.8,1,3,1,4869
1,1,0,1,0,0.2,0.0,0.0,0.0,0.0,0,0,0,0,0.0,0.0,2,4,0,4870
1,7,1,1,1,0.4,1.0,1.0,0.0,0.0,1,1,0,1,0.0,1.0,2,4,0,4871
2,1,0,1,1,0.6,1.0,1.0,0.5,1.0,2,2,0,2,0.5,1.0,2,4,1,4872
2,6,1,1,1,0.8,1.0,1.0,0.6666666666666666,1.0,3,3,0,3,0.5,1.0,2,4,1,4873
3,7,1,1,1,1.0,1.0,1.0,0.75,1.0,4,4,0,4,0.5,1.0,2,4,1,4874
1,2,3,0,0,0.1667,0.0,0.0,0.0,0.0,0,0,0,0,0.0,0.0,2,3,0,4875
1,1,0,1,0,0.3333,0.0,0.0,0.0,0.0,1,0,0,0,0.0,0.0,2,3,0,4876
1,1,0,1,0,0.5,0.5,1.0,0.0,0.0,2,1,0,1,0.0,0.5,2,3,0,4877
2,7,1,1,1,0.6667,0.6666666666666666,1.0,0.0,0.0,3,2,0,2,0.0,0.6666666666666666,2,3,0,4878
2,7,1,1,1,0.8333,0.75,1.0,0.25,1.0,4,3,0,3,0.5,0.75,2,3,1,4879
3,6,1,1,1,1.0,0.8,1.0,0.4,1.0,5,4,0,4,0.5,0.8,2,3,1,4880
1,1,0,1,0,0.2,0.0,0.0,0.0,0.0,0,0,0,0,0.0,0.0,0,2,0,4881
1,7,1,1,1,0.4,1.0,1.0,0.0,0.0,1,1,0,1,0.0,1.0,0,2,0,4882
2,1,0,1,1,0.6,1.0,1.0,0.5,1.0,2,2,0,2,0.5,1.0,0,2,1,4883
2,6,1,1,1,0.8,1.0,1.0,0.6666666666666666,1.0,3,3,0,3,0.5,1.0,0,2,1,4884
3,7,1,1,1,1.0,1.0,1.0,0.75,1.0,4,4,0,4,0.5,1.0,0,2,1,4885
1,1,0,1,0,0.2,0.0,0.0,0.0,0.0,0,0,0,0,0.0,0.0,3,3,0,4886
1,7,1,1,1,0.4,1.0,1.0,0.0,0.0,1,1,0,1,0.0,1.0,3,3,0,4887
2,1,0,1,1,0.6,1.0,1.0,0.5,1.0,2,2,0,2,0.5,1.0,3,3,1,4888
2,6,1,1,1,0.8,1.0,1.0,0.6666666666666666,1.0,3,3,0,3,0.5,1.0,3,3,1,4889
3,7,1,1,1,1.0,1.0,1.0,0.75,1.0,4,4,0,4,0.5,1.0,3,3,1,4890
1,2,3,0,0,0.1667,0.0,0.0,0.0,0.0,0,0,0,0,0.0,0.0,3,3,0,4891
1,1,0,1,0,0.3333,0.0,0.0,0.0,0.0,1,0,0,0,0.0,0.0,3,3,0,4892
1,1,0,1,0,0.5,0.5,1.0,0.0,0.0,2,1,0,1,0.0,0.5,3,3,0,4893
2,7,1,1,1,0.6667,0.6666666666666666,1.0,0.0,0.0,3,2,0,2,0.0,0.6666666666666666,3,3,0,4894
2,7,1,1,1,0.8333,0.75,1.0,0.25,1.0,4,3,0,3,0.5,0.75,3,3,1,4895
3,6,1,1,1,1.0,0.8,1.0,0.4,1.0,5,4,0,4,0.5,0.8,3,3,1,4896
1,0,0,0,0,0.1429,0.0,0.0,0.0,0.0,0,0,0,0,0.0,0.0,2,3,0,4897
1,1,0,0,0,0.2857,0.0,0.0,0.0,0.0,1,0,0,0,0.0,0.0,2,3,0,4898
1,1,0,1,0,0.4286,0.0,0.0,0.0,0.0,2,0,0,0,0.0,0.0,2,3,0,4899
1,1,0,1,0,0.5714,0.3333333333333333,1.0,0.0,0.0,3,1,0,1,0.0,0.3333333333333333,2,3,0,4900
2,7,1,1,1,0.7143,0.5,1.0,0.0,0.0,4,2,0,2,0.0,0.5,2,3,0,4901
2,7,1,1,1,0.8571,0.6,1.0,0.2,1.0,5,3,0,3,0.5,0.6,2,3,1,4902
3,2,3,1,1,1.0,0.6666666666666666,1.0,0.3333333333333333,1.0,6,4,0,4,0.5,0.6666666666666666,2,3,1,4903
1,0,0,0,0,0.1429,0.0,0.0,0.0,0.0,0,0,0,0,0.0,0.0,1,4,0,4904
1,1,0,0,0,0.2857,0.0,0.0,0.0,0.0,1,0,0,0,0.0,0.0,1,4,0,4905
1,1,0,1,0,0.4286,0.0,0.0,0.0,0.0,2,0,0,0,0.0,0.0,1,4,0,4906
1,1,0,1,0,0.5714,0.3333333333333333,1.0,0.0,0.0,3,1,0,1,0.0,0.3333333333333333,1,4,0,4907
2,7,1,1,1,0.7143,0.5,1.0,0.0,0.0,4,2,0,2,0.0,0.5,1,4,0,4908
2,7,1,1,1,0.8571,0.6,1.0,0.2,1.0,5,3,0,3,0.5,0.6,1,4,1,4909
3,2,3,1,1,1.0,0.6666666666666666,1.0,0.3333333333333333,1.0,6,4,0,4,0.5,0.6666666666666666,1,4,1,4910
1,2,3,0,0,0.1667,0.0,0.0,0.0,0.0,0,0,0,0,0.0,0.0,1,3,0,4911
1,1,0,1,0,0.3333,0.0,0.0,0.0,0.0,1,0,0,0,0.0,0.0,1,3,0,4912
1,1,0,1,0,0.5,0.5,1.0,0.0,0.0,2,1,0,1,0.0,0.5,1,3,0,4913
2,7,1,1,1,0.6667,0.6666666666666666,1.0,0.0,0.0,3,2,0,2,0.0,0.6666666666666666,1,3,0,4914
2,7,1,1,1,0.8333,0.75,1.0,0.25,1.0,4,3,0,3,0.5,0.75,1,3,1,4915
3,6,1,1,1,1.0,0.8,1.0,0.4,1.0,5,4,0,4,0.5,0.8,1,3,1,4916
1,2,3,0,0,0.1667,0.0,0.0,0.0,0.0,0,0,0,0,0.0,0.0,2,4,0,4917
1,1,0,1,0,0.3333,0.0,0.0,0.0,0.0,1,0,0,0,0.0,0.0,2,4,0,4918
1,1,0,1,0,0.5,0.5,1.0,0.0,0.0,2,1,0,1,0.0,0.5,2,4,0,4919
2,7,1,1,1,0.6667,0.6666666666666666,1.0,0.0,0.0,3,2,0,2,0.0,0.6666666666666666,2,4,0,4920
2,7,1,1,1,0.8333,0.75,1.0,0.25,1.0,4,3,0,3,0.5,0.75,2,4,1,4921
3,6,1,1,1,1.0,0.8,1.0,0.4,1.0,5,4,0,4,0.5,0.8,2,4,1,4922
1,2,3,0,0,0.1667,0.0,0.0,0.0,0.0,0,0,0,0,0.0,0.0,0,3,0,4923
1,1,0,1,0,0.3333,0.0,0.0,0.0,0.0,1,0,0,0,0.0,0.0,0,3,0,4924
1,1,0,1,0,0.5,0.5,1.0,0.0,0.0,2,1,0,1,0.0,0.5,0,3,0,4925
2,7,1,1,1,0.6667,0.6666666666666666,1.0,0.0,0.0,3,2,0,2,0.0,0.6666666666666666,0,3,0,4926
2,7,1,1,1,0.8333,0.75,1.0,0.25,1.0,4,3,0,3,0.5,0.75,0,3,1,4927
3,6,1,1,1,1.0,0.8,1.0,0.4,1.0,5,4,0,4,0.5,0.8,0,3,1,4928
1,1,0,1,0,0.2,0.0,0.0,0.0,0.0,0,0,0,0,0.0,0.0,1,3,0,4929
1,7,1,1,1,0.4,1.0,1.0,0.0,0.0,1,1,0,1,0.0,1.0,1,3,0,4930
2,1,0,1,1,0.6,1.0,1.0,0.5,1.0,2,2,0,2,0.5,1.0,1,3,1,4931
2,6,1,1,1,0.8,1.0,1.0,0.6666666666666666,1.0,3,3,0,3,0.5,1.0,1,3,1,4932
3,7,1,1,1,1.0,1.0,1.0,0.75,1.0,4,4,0,4,0.5,1.0,1,3,1,4933
1,2,3,0,0,0.1667,0.0,0.0,0.0,0.0,0,0,0,0,0.0,0.0,3,2,0,4934
1,1,0,1,0,0.3333,0.0,0.0,0.0,0.0,1,0,0,0,0.0,0.0,3,2,0,4935
1,1,0,1,0,0.5,0.5,1.0,0.0,0.0,2,1,0,1,0.0,0.5,3,2,0,4936
2,7,1,1,1,0.6667,0.6666666666666666,1.0,0.0,0.0,3,2,0,2,0.0,0.6666666666666666,3,2,0,4937
2,7,1,1,1,0.8333,0.75,1.0,0.25,1.0,4,3,0,3,0.5,0.75,3,2,1,4938
3,6,1,1,1,1.0,0.8,1.0,0.4,1.0,5,4,0,4,0.5,0.8,3,2,1,4939
1,0,0,0,0,0.1429,0.0,0.0,0.0,0.0,0,0,0,0,0.0,0.0,2,4,0,4940
1,1,0,0,0,0.2857,0.0,0.0,0.0,0.0,1,0,0,0,0.0,0.0,2,4,0,4941
1,1,0,1,0,0.4286,0.0,0.0,0.0,0.0,2,0,0,0,0.0,0.0,2,4,0,4942
1,1,0,1,0,0.5714,0.3333333333333333,1.0,0.0,0.0,3,1,0,1,0.0,0.3333333333333333,2,4,0,4943
2,7,1,1,1,0.7143,0.5,1.0,0.0,0.0,4,2,0,2,0.0,0.5,2,4,0,4944
2,7,1,1,1,0.8571,0.6,1.0,0.2,1.0,5,3,0,3,0.5,0.6,2,4,1,4945
3,2,3,1,1,1.0,0.6666666666666666,1.0,0.3333333333333333,1.0,6,4,0,4,0.5,0.6666666666666666,2,4,1,4946
1,0,0,0,0,0.1429,0.0,0.0,0.0,0.0,0,0,0,0,0.0,0.0,0,3,0,4947
1,1,0,0,0,0.2857,0.0,0.0,0.0,0.0,1,0,0,0,0.0,0.0,0,3,0,4948
1,1,0,1,0,0.4286,0.0,0.0,0.0,0.0,2,0,0,0,0.0,0.0,0,3,0,4949
1,1,0,1,0,0.5714,0.3333333333333333,1.0,0.0,0.0,3,1,0,1,0.0,0.3333333333333333,0,3,0,4950
2,7,1,1,1,0.7143,0.5,1.0,0.0,0.0,4,2,0,2,0.0,0.5,0,3,0,4951
2,7,1,1,1,0.8571,0.6,1.0,0.2,1.0,5,3,0,3,0.5,0.6,0,3,1,4952
3,2,3,1,1,1.0,0.6666666666666666,1.0,0.3333333333333333,1.0,6,4,0,4,0.5,0.6666666666666666,0,3,1,4953
1,2,3,0,0,0.1667,0.0,0.0,0.0,0.0,0,0,0,0,0.0,0.0,3,2,0,4954
1,1,0,1,0,0.3333,0.0,0.0,0.0,0.0,1,0,0,0,0.0,0.0,3,2,0,4955
1,1,0,1,0,0.5,0.5,1.0,0.0,0.0,2,1,0,1,0.0,0.5,3,2,0,4956
2,7,1,1,1,0.6667,0.6666666666666666,1.0,0.0,0.0,3,2,0,2,0.0,0.6666666666666666,3,2,0,4957
2,7,1,1,1,0.8333,0.75,1.0,0.25,1.0,4,3,0,3,0.5,0.75,3,2,1,4958
3,6,1,1,1,1.0,0.8,1.0,0.4,1.0,5,4,0,4,0.5,0.8,3,2,1,4959
1,0,0,0,0,0.1429,0.0,0.0,0.0,0.0,0,0,0,0,0.0,0.0,0,2,0,4960
1,1,0,0,0,0.2857,0.0,0.0,0.0,0.0,1,0,0,0,0.0,0.0,0,2,0,4961
1,1,0,1,0,0.4286,0.0,0.0,0.0,0.0,2,0,0,0,0.0,0.0,0,2,0,4962
1,1,0,1,0,0.5714,0.3333333333333333,1.0,0.0,0.0,3,1,0,1,0.0,0.3333333333333333,0,2,0,4963
2,7,1,1,1,0.7143,0.5,1.0,0.0,0.0,4,2,0,2,0.0,0.5,0,2,0,4964
2,7,1,1,1,0.8571,0.6,1.0,0.2,1.0,5,3,0,3,0.5,0.6,0,2,1,4965
3,2,3,1,1,1.0,0.6666666666666666,1.0,0.3333333333333333,1.0,6,4,0,4,0.5,0.6666666666666666,0,2,1,4966
1,0,0,0,0,0.1429,0.0,0.0,0.0,0.0,0,0,0,0,0.0,0.0,1,4,0,4967
1,1,0,0,0,0.2857,0.0,0.0,0.0,0.0,1,0,0,0,0.0,0.0,1,4,0,4968
1,1,0,1,0,0.4286,0.0,0.0,0.0,0.0,2,0,0,0,0.0,0.0,1,4,0,4969
1,1,0,1,0,0.5714,0.3333333333333333,1.0,0.0,0.0,3,1,0,1,0.0,0.3333333333333333,1,4,0,4970
2,7,1,1,1,0.7143,0.5,1.0,0.0,0.0,4,2,0,2,0.0,0.5,1,4,0,4971
2,7,1,1,1,0.8571,0.6,1.0,0.2,1.0,5,3,0,3,0.5,0.6,1,4,1,4972
3,2,3,1,1,1.0,0.6666666666666666,1.0,0.3333333333333333,1.0,6,4,0,4,0.5,0.6666666666666666,1,4,1,4973
1,1,0,1,0,0.2,0.0,0.0,0.0,0.0,0,0,0,0,0.0,0.0,2,2,0,4974
1,7,1,1,1,0.4,1.0,1.0,0.0,0.0,1,1,0,1,0.0,1.0,2,2,0,4975
2,1,0,1,1,0.6,1.0,1.0,0.5,1.0,2,2,0,2,0.5,1.0,2,2,1,4976
2,6,1,1,1,0.8,1.0,1.0,0.6666666666666666,1.0,3,3,0,3,0.5,1.0,2,2,1,4977
3,7,1,1,1,1.0,1.0,1.0,0.75,1.0,4,4,0,4,0.5,1.0,2,2,1,4978
1,0,0,0,0,0.1429,0.0,0.0,0.0,0.0,0,0,0,0,0.0,0.0,0,2,0,4979
1,1,0,0,0,0.2857,0.0,0.0,0.0,0.0,1,0,0,0,0.0,0.0,0,2,0,4980
1,1,0,1,0,0.4286,0.0,0.0,0.0,0.0,2,0,0,0,0.0,0.0,0,2,0,4981
1,1,0,1,0,0.5714,0.3333333333333333,1.0,0.0,0.0,3,1,0,1,0.0,0.3333333333333333,0,2,0,4982
2,7,1,1,1,0.7143,0.5,1.0,0.0,0.0,4,2,0,2,0.0,0.5,0,2,0,4983
2,7,1,1,1,0.8571,0.6,1.0,0.2,1.0,5,3,0,3,0.5,0.6,0,2,1,4984
3,2,3,1,1,1.0,0.6666666666666666,1.0,0.3333333333333333,1.0,6,4,0,4,0.5,0.6666666666666666,0,2,1,4985
1,0,0,0,0,0.1429,0.0,0.0,0.0,0.0,0,0,0,0,0.0,0.0,0,3,0,4986
1,1,0,0,0,0.2857,0.0,0.0,0.0,0.0,1,0,0,0,0.0,0.0,0,3,0,4987
1,1,0,1,0,0.4286,0.0,0.0,0.0,0.0,2,0,0,0,0.0,0.0,0,3,0,4988
1,1,0,1,0,0.5714,0.3333333333333333,1.0,0.0,0.0,3,1,0,1,0.0,0.3333333333333333,0,3,0,4989
2,7,1,1,1,0.7143,0.5,1.0,0.0,0.0,4,2,0,2,0.0,0.5,0,3,0,4990
2,7,1,1,1,0.8571,0.6,1.0,0.2,1.0,5,3,0,3,0.5,0.6,0,3,1,4991
3,2,3,1,1,1.0,0.6666666666666666,1.0,0.3333333333333333,1.0,6,4,0,4,0.5,0.6666666666666666,0,3,1,4992
1,2,3,0,0,0.1667,0.0,0.0,0.0,0.0,0,0,0,0,0.0,0.0,3,3,0,4993
1,1,0,1,0,0.3333,0.0,0.0,0.0,0.0,1,0,0,0,0.0,0.0,3,3,0,4994
1,1,0,1,0,0.5,0.5,1.0,0.0,0.0,2,1,0,1,0.0,0.5,3,3,0,4995
2,7,1,1,1,0.6667,0.6666666666666666,1.0,0.0,0.0,3,2,0,2,0.0,0.6666666666666666,3,3,0,4996
2,7,1,1,1,0.8333,0.75,1.0,0.25,1.0,4,3,0,3,0.5,0.75,3,3,1,4997
3,6,1,1,1,1.0,0.8,1.0,0.4,1.0,5,4,0,4,0.5,0.8,3,3,1,4998
1,1,0,1,0,0.2,0.0,0.0,0.0,0.0,0,0,0,0,0.0,0.0,1,2,0,4999
1,7,1,1,1,0.4,1.0,1.0,0.0,0.0,1,1,0,1,0.0,1.0,1,2,0,5000
2,1,0,1,1,0.6,1.0,1.0,0.5,1.0,2,2,0,2,0.5,1.0,1,2,1,5001
2,6,1,1,1,0.8,1.0,1.0,0.6666666666666666,1.0,3,3,0,3,0.5,1.0,1,2,1,5002
3,7,1,1,1,1.0,1.0,1.0,0.75,1.0,4,4,0,4,0.5,1.0,1,2,1,5003
1,2,3,0,0,0.1667,0.0,0.0,0.0,0.0,0,0,0,0,0.0,0.0,0,3,0,5004
1,1,0,1,0,0.3333,0.0,0.0,0.0,0.0,1,0,0,0,0.0,0.0,0,3,0,5005
1,1,0,1,0,0.5,0.5,1.0,0.0,0.0,2,1,0,1,0.0,0.5,0,3,0,5006
2,7,1,1,1,0.6667,0.6666666666666666,1.0,0.0,0.0,3,2,0,2,0.0,0.6666666666666666,0,3,0,5007
2,7,1,1,1,0.8333,0.75,1.0,0.25,1.0,4,3,0,3,0.5,0.75,0,3,1,5008
3,6,1,1,1,1.0,0.8,1.0,0.4,1.0,5,4,0,4,0.5,0.8,0,3,1,5009
1,0,0,0,0,0.1429,0.0,0.0,0.0,0.0,0,0,0,0,0.0,0.0,0,3,0,5010
1,1,0,0,0,0.2857,0.0,0.0,0.0,0.0,1,0,0,0,0.0,0.0,0,3,0,5011
1,1,0,1,0,0.4286,0.0,0.0,0.0,0.0,2,0,0,0,0.0,0.0,0,3,0,5012
1,1,0,1,0,0.5714,0.3333333333333333,1.0,0.0,0.0,3,1,0,1,0.0,0.3333333333333333,0,3,0,5013
2,7,1,1,1,0.7143,0.5,1.0,0.0,0.0,4,2,0,2,0.0,0.5,0,3,0,5014
2,7,1,1,1,0.8571,0.6,1.0,0.2,1.0,5,3,0,3,0.5,0.6,0,3,1,5015
3,2,3,1,1,1.0,0.6666666666666666,1.0,0.3333333333333333,1.0,6,4,0,4,0.5,0.6666666666666666,0,3,1,5016
1,0,0,0,0,0.1429,0.0,0.0,0.0,0.0,0,0,0,0,0.0,0.0,3,2,0,5017
1,1,0,0,0,0.2857,0.0,0.0,0.0,0.0,1,0,0,0,0.0,0.0,3,2,0,5018
1,1,0,1,0,0.4286,0.0,0.0,0.0,0.0,2,0,0,0,0.0,0.0,3,2,0,5019
1,1,0,1,0,0.5714,0.3333333333333333,1.0,0.0,0.0,3,1,0,1,0.0,0.3333333333333333,3,2,0,5020
2,7,1,1,1,0.7143,0.5,1.0,0.0,0.0,4,2,0,2,0.0,0.5,3,2,0,5021
2,7,1,1,1,0.8571,0.6,1.0,0.2,1.0,5,3,0,3,0.5,0.6,3,2,1,5022
3,2,3,1,1,1.0,0.6666666666666666,1.0,0.3333333333333333,1.0,6,4,0,4,0.5,0.6666666666666666,3,2,1,5023
1,1,0,1,0,0.2,0.0,0.0,0.0,0.0,0,0,0,0,0.0,0.0,1,3,0,5024
1,7,1,1,1,0.4,1.0,1.0,0.0,0.0,1,1,0,1,0.0,1.0,1,3,0,5025
2,1,0,1,1,0.6,1.0,1.0,0.5,1.0,2,2,0,2,0.5,1.0,1,3,1,5026
2,6,1,1,1,0.8,1.0,1.0,0.6666666666666666,1.0,3,3,0,3,0.5,1.0,1,3,1,5027
3,7,1,1,1,1.0,1.0,1.0,0.75,1.0,4,4,0,4,0.5,1.0,1,3,1,5028
1,2,3,0,0,0.1667,0.0,0.0,0.0,0.0,0,0,0,0,0.0,0.0,2,4,0,5029
1,1,0,1,0,0.3333,0.0,0.0,0.0,0.0,1,0,0,0,0.0,0.0,2,4,0,5030
1,1,0,1,0,0.5,0.5,1.0,0.0,0.0,2,1,0,1,0.0,0.5,2,4,0,5031
2,7,1,1,1,0.6667,0.6666666666666666,1.0,0.0,0.0,3,2,0,2,0.0,0.6666666666666666,2,4,0,5032
2,7,1,1,1,0.8333,0.75,1.0,0.25,1.0,4,3,0,3,0.5,0.75,2,4,1,5033
3,6,1,1,1,1.0,0.8,1.0,0.4,1.0,5,4,0,4,0.5,0.8,2,4,1,5034
1,0,0,0,0,0.1429,0.0,0.0,0.0,0.0,0,0,0,0,0.0,0.0,0,4,0,5035
1,1,0,0,0,0.2857,0.0,0.0,0.0,0.0,1,0,0,0,0.0,0.0,0,4,0,5036
1,1,0,1,0,0.4286,0.0,0.0,0.0,0.0,2,0,0,0,0.0,0.0,0,4,0,5037
1,1,0,1,0,0.5714,0.3333333333333333,1.0,0.0,0.0,3,1,0,1,0.0,0.3333333333333333,0,4,0,5038
2,7,1,1,1,0.7143,0.5,1.0,0.0,0.0,4,2,0,2,0.0,0.5,0,4,0,5039
2,7,1,1,1,0.8571,0.6,1.0,0.2,1.0,5,3,0,3,0.5,0.6,0,4,1,5040
3,2,3,1,1,1.0,0.6666666666666666,1.0,0.3333333333333333,1.0,6,4,0,4,0.5,0.6666666666666666,0,4,1,5041
1,2,3,0,0,0.1667,0.0,0.0,0.0,0.0,0,0,0,0,0.0,0.0,1,3,0,5042
1,1,0,1,0,0.3333,0.0,0.0,0.0,0.0,1,0,0,0,0.0,0.0,1,3,0,5043
1,1,0,1,0,0.5,0.5,1.0,0.0,0.0,2,1,0,1,0.0,0.5,1,3,0,5044
2,7,1,1,1,0.6667,0.6666666666666666,1.0,0.0,0.0,3,2,0,2,0.0,0.6666666666666666,1,3,0,5045
2,7,1,1,1,0.8333,0.75,1.0,0.25,1.0,4,3,0,3,0.5,0.75,1,3,1,5046
3,6,1,1,1,1.0,0.8,1.0,0.4,1.0,5,4,0,4,0.5,0.8,1,3,1,5047
1,2,3,0,0,0.1667,0.0,0.0,0.0,0.0,0,0,0,0,0.0,0.0,0,4,0,5048
1,1,0,1,0,0.3333,0.0,0.0,0.0,0.0,1,0,0,0,0.0,0.0,0,4,0,5049
1,1,0,1,0,0.5,0.5,1.0,0.0,0.0,2,1,0,1,0.0,0.5,0,4,0,5050
2,7,1,1,1,0.6667,0.6666666666666666,1.0,0.0,0.0,3,2,0,2,0.0,0.6666666666666666,0,4,0,5051
2,7,1,1,1,0.8333,0.75,1.0,0.25,1.0,4,3,0,3,0.5,0.75,0,4,1,5052
3,6,1,1,1,1.0,0.8,1.0,0.4,1.0,5,4,0,4,0.5,0.8,0,4,1,5053
1,2,3,0,0,0.1667,0.0,0.0,0.0,0.0,0,0,0,0,0.0,0.0,2,2,0,5054
1,1,0,1,0,0.3333,0.0,0.0,0.0,0.0,1,0,0,0,0.0,0.0,2,2,0,5055
1,1,0,1,0,0.5,0.5,1.0,0.0,0.0,2,1,0,1,0.0,0.5,2,2,0,5056
2,7,1,1,1,0.6667,0.6666666666666666,1.0,0.0,0.0,3,2,0,2,0.0,0.6666666666666666,2,2,0,5057
2,7,1,1,1,0.8333,0.75,1.0,0.25,1.0,4,3,0,3,0.5,0.75,2,2,1,5058
3,6,1,1,1,1.0,0.8,1.0,0.4,1.0,5,4,0,4,0.5,0.8,2,2,1,5059
1,0,0,0,0,0.1429,0.0,0.0,0.0,0.0,0,0,0,0,0.0,0.0,2,3,0,5060
1,1,0,0,0,0.2857,0.0,0.0,0.0,0.0,1,0,0,0,0.0,0.0,2,3,0,5061
1,1,0,1,0,0.4286,0.0,0.0,0.0,0.0,2,0,0,0,0.0,0.0,2,3,0,5062
1,1,0,1,0,0.5714,0.3333333333333333,1.0,0.0,0.0,3,1,0,1,0.0,0.3333333333333333,2,3,0,5063
2,7,1,1,1,0.7143,0.5,1.0,0.0,0.0,4,2,0,2,0.0,0.5,2,3,0,5064
2,7,1,1,1,0.8571,0.6,1.0,0.2,1.0,5,3,0,3,0.5,0.6,2,3,1,5065
3,2,3,1,1,1.0,0.6666666666666666,1.0,0.3333333333333333,1.0,6,4,0,4,0.5,0.6666666666666666,2,3,1,5066
1,2,3,0,0,0.1667,0.0,0.0,0.0,0.0,0,0,0,0,0.0,0.0,3,2,0,5067
1,1,0,1,0,0.3333,0.0,0.0,0.0,0.0,1,0,0,0,0.0,0.0,3,2,0,5068
1,1,0,1,0,0.5,0.5,1.0,0.0,0.0,2,1,0,1,0.0,0.5,3,2,0,5069
2,7,1,1,1,0.6667,0.6666666666666666,1.0,0.0,0.0,3,2,0,2,0.0,0.6666666666666666,3,2,0,5070
2,7,1,1,1,0.8333,0.75,1.0,0.25,1.0,4,3,0,3,0.5,0.75,3,2,1,5071
3,6,1,1,1,1.0,0.8,1.0,0.4,1.0,5,4,0,4,0.5,0.8,3,2,1,5072
1,1,0,1,0,0.2,0.0,0.0,0.0,0.0,0,0,0,0,0.0,0.0,0,2,0,5073
1,7,1,1,1,0.4,1.0,1.0,0.0,0.0,1,1,0,1,0.0,1.0,0,2,0,5074
2,1,0,1,1,0.6,1.0,1.0,0.5,1.0,2,2,0,2,0.5,1.0,0,2,1,5075
2,6,1,1,1,0.8,1.0,1.0,0.6666666666666666,1.0,3,3,0,3,0.5,1.0,0,2,1,5076
3,7,1,1,1,1.0,1.0,1.0,0.75,1.0,4,4,0,4,0.5,1.0,0,2,1,5077
1,1,0,1,0,0.2,0.0,0.0,0.0,0.0,0,0,0,0,0.0,0.0,2,2,0,5078
1,7,1,1,1,0.4,1.0,1.0,0.0,0.0,1,1,0,1,0.0,1.0,2,2,0,5079
2,1,0,1,1,0.6,1.0,1.0,0.5,1.0,2,2,0,2,0.5,1.0,2,2,1,5080
2,6,1,1,1,0.8,1.0,1.0,0.6666666666666666,1.0,3,3,0,3,0.5,1.0,2,2,1,5081
3,7,1,1,1,1.0,1.0,1.0,0.75,1.0,4,4,0,4,0.5,1.0,2,2,1,5082
1,2,3,0,0,0.1667,0.0,0.0,0.0,0.0,0,0,0,0,0.0,0.0,3,3,0,5083
1,1,0,1,0,0.3333,0.0,0.0,0.0,0.0,1,0,0,0,0.0,0.0,3,3,0,5084
1,1,0,1,0,0.5,0.5,1.0,0.0,0.0,2,1,0,1,0.0,0.5,3,3,0,5085
2,7,1,1,1,0.6667,0.6666666666666666,1.0,0.0,0.0,3,2,0,2,0.0,0.6666666666666666,3,3,0,5086
2,7,1,1,1,0.8333,0.75,1.0,0.25,1.0,4,3,0,3,0.5,0.75,3,3,1,5087
3,6,1,1,1,1.0,0.8,1.0,0.4,1.0,5,4,0,4,0.5,0.8,3,3,1,5088
1,0,0,0,0,0.1429,0.0,0.0,0.0,0.0,0,0,0,0,0.0,0.0,1,3,0,5089
1,1,0,0,0,0.2857,0.0,0.0,0.0,0.0,1,0,0,0,0.0,0.0,1,3,0,5090
1,1,0,1,0,0.4286,0.0,0.0,0.0,0.0,2,0,0,0,0.0,0.0,1,3,0,5091
1,1,0,1,0,0.5714,0.3333333333333333,1.0,0.0,0.0,3,1,0,1,0.0,0.3333333333333333,1,3,0,5092
2,7,1,1,1,0.7143,0.5,1.0,0.0,0.0,4,2,0,2,0.0,0.5,1,3,0,5093
2,7,1,1,1,0.8571,0.6,1.0,0.2,1.0,5,3,0,3,0.5,0.6,1,3,1,5094
3,2,3,1,1,1.0,0.6666666666666666,1.0,0.3333333333333333,1.0,6,4,0,4,0.5,0.6666666666666666,1,3,1,5095
1,1,0,1,0,0.2,0.0,0.0,0.0,0.0,0,0,0,0,0.0,0.0,2,2,0,5096
1,7,1,1,1,0.4,1.0,1.0,0.0,0.0,1,1,0,1,0.0,1.0,2,2,0,5097
2,1,0,1,1,0.6,1.0,1.0,0.5,1.0,2,2,0,2,0.5,1.0,2,2,1,5098
2,6,1,1,1,0.8,1.0,1.0,0.6666666666666666,1.0,3,3,0,3,0.5,1.0,2,2,1,5099
3,7,1,1,1,1.0,1.0,1.0,0.75,1.0,4,4,0,4,0.5,1.0,2,2,1,5100
1,2,3,0,0,0.1667,0.0,0.0,0.0,0.0,0,0,0,0,0.0,0.0,0,4,0,5101
1,1,0,1,0,0.3333,0.0,0.0,0.0,0.0,1,0,0,0,0.0,0.0,0,4,0,5102
1,1,0,1,0,0.5,0.5,1.0,0.0,0.0,2,1,0,1,0.0,0.5,0,4,0,5103
2,7,1,1,1,0.6667,0.6666666666666666,1.0,0.0,0.0,3,2,0,2,0.0,0.6666666666666666,0,4,0,5104
2,7,1,1,1,0.8333,0.75,1.0,0.25,1.0,4,3,0,3,0.5,0.75,0,4,1,5105
3,6,1,1,1,1.0,0.8,1.0,0.4,1.0,5,4,0,4,0.5,0.8,0,4,1,5106
1,2,3,0,0,0.1667,0.0,0.0,0.0,0.0,0,0,0,0,0.0,0.0,3,3,0,5107
1,1,0,1,0,0.3333,0.0,0.0,0.0,0.0,1,0,0,0,0.0,0.0,3,3,0,5108
1,1,0,1,0,0.5,0.5,1.0,0.0,0.0,2,1,0,1,0.0,0.5,3,3,0,5109
2,7,1,1,1,0.6667,0.6666666666666666,1.0,0.0,0.0,3,2,0,2,0.0,0.6666666666666666,3,3,0,5110
2,7,1,1,1,0.8333,0.75,1.0,0.25,1.0,4,3,0,3,0.5,0.75,3,3,1,5111
3,6,1,1,1,1.0,0.8,1.0,0.4,1.0,5,4,0,4,0.5,0.8,3,3,1,5112
1,2,3,0,0,0.1667,0.0,0.0,0.0,0.0,0,0,0,0,0.0,0.0,2,4,0,5113
1,1,0,1,0,0.3333,0.0,0.0,0.0,0.0,1,0,0,0,0.0,0.0,2,4,0,5114
1,1,0,1,0,0.5,0.5,1.0,0.0,0.0,2,1,0,1,0.0,0.5,2,4,0,5115
2,7,1,1,1,0.6667,0.6666666666666666,1.0,0.0,0.0,3,2,0,2,0.0,0.6666666666666666,2,4,0,5116
2,7,1,1,1,0.8333,0.75,1.0,0.25,1.0,4,3,0,3,0.5,0.75,2,4,1,5117
3,6,1,1,1,1.0,0.8,1.0,0.4,1.0,5,4,0,4,0.5,0.8,2,4,1,5118
1,0,0,0,0,0.1429,0.0,0.0,0.0,0.0,0,0,0,0,0.0,0.0,2,2,0,5119
1,1,0,0,0,0.2857,0.0,0.0,0.0,0.0,1,0,0,0,0.0,0.0,2,2,0,5120
1,1,0,1,0,0.4286,0.0,0.0,0.0,0.0,2,0,0,0,0.0,0.0,2,2,0,5121
1,1,0,1,0,0.5714,0.3333333333333333,1.0,0.0,0.0,3,1,0,1,0.0,0.3333333333333333,2,2,0,5122
2,7,1,1,1,0.7143,0.5,1.0,0.0,0.0,4,2,0,2,0.0,0.5,2,2,0,5123
2,7,1,1,1,0.8571,0.6,1.0,0.2,1.0,5,3,0,3,0.5,0.6,2,2,1,5124
3,2,3,1,1,1.0,0.6666666666666666,1.0,0.3333333333333333,1.0,6,4,0,4,0.5,0.6666666666666666,2,2,1,5125
1,2,3,0,0,0.1667,0.0,0.0,0.0,0.0,0,0,0,0,0.0,0.0,0,2,0,5126
1,1,0,1,0,0.3333,0.0,0.0,0.0,0.0,1,0,0,0,0.0,0.0,0,2,0,5127
1,1,0,1,0,0.5,0.5,1.0,0.0,0.0,2,1,0,1,0.0,0.5,0,2,0,5128
2,7,1,1,1,0.6667,0.6666666666666666,1.0,0.0,0.0,3,2,0,2,0.0,0.6666666666666666,0,2,0,5129
2,7,1,1,1,0.8333,0.75,1.0,0.25,1.0,4,3,0,3,0.5,0.75,0,2,1,5130
3,6,1,1,1,1.0,0.8,1.0,0.4,1.0,5,4,0,4,0.5,0.8,0,2,1,5131
1,0,0,0,0,0.1429,0.0,0.0,0.0,0.0,0,0,0,0,0.0,0.0,0,3,0,5132
1,1,0,0,0,0.2857,0.0,0.0,0.0,0.0,1,0,0,0,0.0,0.0,0,3,0,5133
1,1,0,1,0,0.4286,0.0,0.0,0.0,0.0,2,0,0,0,0.0,0.0,0,3,0,5134
1,1,0,1,0,0.5714,0.3333333333333333,1.0,0.0,0.0,3,1,0,1,0.0,0.3333333333333333,0,3,0,5135
2,7,1,1,1,0.7143,0.5,1.0,0.0,0.0,4,2,0,2,0.0,0.5,0,3,0,5136
2,7,1,1,1,0.8571,0.6,1.0,0.2,1.0,5,3,0,3,0.5,0.6,0,3,1,5137
3,2,3,1,1,1.0,0.6666666666666666,1.0,0.3333333333333333,1.0,6,4,0,4,0.5,0.6666666666666666,0,3,1,5138
1,0,0,0,0,0.1429,0.0,0.0,0.0,0.0,0,0,0,0,0.0,0.0,1,3,0,5139
1,1,0,0,0,0.2857,0.0,0.0,0.0,0.0,1,0,0,0,0.0,0.0,1,3,0,5140
1,1,0,1,0,0.4286,0.0,0.0,0.0,0.0,2,0,0,0,0.0,0.0,1,3,0,5141
1,1,0,1,0,0.5714,0.3333333333333333,1.0,0.0,0.0,3,1,0,1,0.0,0.3333333333333333,1,3,0,5142
2,7,1,1,1,0.7143,0.5,1.0,0.0,0.0,4,2,0,2,0.0,0.5,1,3,0,5143
2,7,1,1,1,0.8571,0.6,1.0,0.2,1.0,5,3,0,3,0.5,0.6,1,3,1,5144
3,2,3,1,1,1.0,0.6666666666666666,1.0,0.3333333333333333,1.0,6,4,0,4,0.5,0.6666666666666666,1,3,1,5145
1,1,0,1,0,0.2,0.0,0.0,0.0,0.0,0,0,0,0,0.0,0.0,0,3,0,5146
1,7,1,1,1,0.4,1.0,1.0,0.0,0.0,1,1,0,1,0.0,1.0,0,3,0,5147
2,1,0,1,1,0.6,1.0,1.0,0.5,1.0,2,2,0,2,0.5,1.0,0,3,1,5148
2,6,1,1,1,0.8,1.0,1.0,0.6666666666666666,1.0,3,3,0,3,0.5,1.0,0,3,1,5149
3,7,1,1,1,1.0,1.0,1.0,0.75,1.0,4,4,0,4,0.5,1.0,0,3,1,5150
1,2,3,0,0,0.1667,0.0,0.0,0.0,0.0,0,0,0,0,0.0,0.0,2,3,0,5151
1,1,0,1,0,0.3333,0.0,0.0,0.0,0.0,1,0,0,0,0.0,0.0,2,3,0,5152
1,1,0,1,0,0.5,0.5,1.0,0.0,0.0,2,1,0,1,0.0,0.5,2,3,0,5153
2,7,1,1,1,0.6667,0.6666666666666666,1.0,0.0,0.0,3,2,0,2,0.0,0.6666666666666666,2,3,0,5154
2,7,1,1,1,0.8333,0.75,1.0,0.25,1.0,4,3,0,3,0.5,0.75,2,3,1,5155
3,6,1,1,1,1.0,0.8,1.0,0.4,1.0,5,4,0,4,0.5,0.8,2,3,1,5156
1,0,0,0,0,0.1429,0.0,0.0,0.0,0.0,0,0,0,0,0.0,0.0,2,3,0,5157
1,1,0,0,0,0.2857,0.0,0.0,0.0,0.0,1,0,0,0,0.0,0.0,2,3,0,5158
1,1,0,1,0,0.4286,0.0,0.0,0.0,0.0,2,0,0,0,0.0,0.0,2,3,0,5159
1,1,0,1,0,0.5714,0.3333333333333333,1.0,0.0,0.0,3,1,0,1,0.0,0.3333333333333333,2,3,0,5160
2,7,1,1,1,0.7143,0.5,1.0,0.0,0.0,4,2,0,2,0.0,0.5,2,3,0,5161
2,7,1,1,1,0.8571,0.6,1.0,0.2,1.0,5,3,0,3,0.5,0.6,2,3,1,5162
3,2,3,1,1,1.0,0.6666666666666666,1.0,0.3333333333333333,1.0,6,4,0,4,0.5,0.6666666666666666,2,3,1,5163
1,2,3,0,0,0.1667,0.0,0.0,0.0,0.0,0,0,0,0,0.0,0.0,0,2,0,5164
1,1,0,1,0,0.3333,0.0,0.0,0.0,0.0,1,0,0,0,0.0,0.0,0,2,0,5165
1,1,0,1,0,0.5,0.5,1.0,0.0,0.0,2,1,0,1,0.0,0.5,0,2,0,5166
2,7,1,1,1,0.6667,0.6666666666666666,1.0,0.0,0.0,3,2,0,2,0.0,0.6666666666666666,0,2,0,5167
2,7,1,1,1,0.8333,0.75,1.0,0.25,1.0,4,3,0,3,0.5,0.75,0,2,1,5168
3,6,1,1,1,1.0,0.8,1.0,0.4,1.0,5,4,0,4,0.5,0.8,0,2,1,5169
1,2,3,0,0,0.1667,0.0,0.0,0.0,0.0,0,0,0,0,0.0,0.0,2,4,0,5170
1,1,0,1,0,0.3333,0.0,0.0,0.0,0.0,1,0,0,0,0.0,0.0,2,4,0,5171
1,1,0,1,0,0.5,0.5,1.0,0.0,0.0,2,1,0,1,0.0,0.5,2,4,0,5172
2,7,1,1,1,0.6667,0.6666666666666666,1.0,0.0,0.0,3,2,0,2,0.0,0.6666666666666666,2,4,0,5173
2,7,1,1,1,0.8333,0.75,1.0,0.25,1.0,4,3,0,3,0.5,0.75,2,4,1,5174
3,6,1,1,1,1.0,0.8,1.0,0.4,1.0,5,4,0,4,0.5,0.8,2,4,1,5175
1,0,0,0,0,0.1429,0.0,0.0,0.0,0.0,0,0,0,0,0.0,0.0,0,3,0,5176
1,1,0,0,0,0.2857,0.0,0.0,0.0,0.0,1,0,0,0,0.0,0.0,0,3,0,5177
1,1,0,1,0,0.4286,0.0,0.0,0.0,0.0,2,0,0,0,0.0,0.0,0,3,0,5178
1,1,0,1,0,0.5714,0.3333333333333333,1.0,0.0,0.0,3,1,0,1,0.0,0.3333333333333333,0,3,0,5179
2,7,1,1,1,0.7143,0.5,1.0,0.0,0.0,4,2,0,2,0.0,0.5,0,3,0,5180
2,7,1,1,1,0.8571,0.6,1.0,0.2,1.0,5,3,0,3,0.5,0.6,0,3,1,5181
3,2,3,1,1,1.0,0.6666666666666666,1.0,0.3333333333333333,1.0,6,4,0,4,0.5,0.6666666666666666,0,3,1,5182
1,2,3,0,0,0.1667,0.0,0.0,0.0,0.0,0,0,0,0,0.0,0.0,2,2,0,5183
1,1,0,1,0,0.3333,0.0,0.0,0.0,0.0,1,0,0,0,0.0,0.0,2,2,0,5184
1,1,0,1,0,0.5,0.5,1.0,0.0,0.0,2,1,0,1,0.0,0.5,2,2,0,5185
2,7,1,1,1,0.6667,0.6666666666666666,1.0,0.0,0.0,3,2,0,2,0.0,0.6666666666666666,2,2,0,5186
2,7,1,1,1,0.8333,0.75,1.0,0.25,1.0,4,3,0,3,0.5,0.75,2,2,1,5187
3,6,1,1,1,1.0,0.8,1.0,0.4,1.0,5,4,0,4,0.5,0.8,2,2,1,5188
1,0,0,0,0,0.1429,0.0,0.0,0.0,0.0,0,0,0,0,0.0,0.0,0,3,0,5189
1,1,0,0,0,0.2857,0.0,0.0,0.0,0.0,1,0,0,0,0.0,0.0,0,3,0,5190
1,1,0,1,0,0.4286,0.0,0.0,0.0,0.0,2,0,0,0,0.0,0.0,0,3,0,5191
1,1,0,1,0,0.5714,0.3333333333333333,1.0,0.0,0.0,3,1,0,1,0.0,0.3333333333333333,0,3,0,5192
2,7,1,1,1,0.7143,0.5,1.0,0.0,0.0,4,2,0,2,0.0,0.5,0,3,0,5193
2,7,1,1,1,0.8571,0.6,1.0,0.2,1.0,5,3,0,3,0.5,0.6,0,3,1,5194
3,2,3,1,1,1.0,0.6666666666666666,1.0,0.3333333333333333,1.0,6,4,0,4,0.5,0.6666666666666666,0,3,1,5195
1,0,0,0,0,0.1429,0.0,0.0,0.0,0.0,0,0,0,0,0.0,0.0,1,3,0,5196
1,1,0,0,0,0.2857,0.0,0.0,0.0,0.0,1,0,0,0,0.0,0.0,1,3,0,5197
1,1,0,1,0,0.4286,0.0,0.0,0.0,0.0,2,0,0,0,0.0,0.0,1,3,0,5198
1,1,0,1,0,0.5714,0.3333333333333333,1.0,0.0,0.0,3,1,0,1,0.0,0.3333333333333333,1,3,0,5199
2,7,1,1,1,0.7143,0.5,1.0,0.0,0.0,4,2,0,2,0.0,0.5,1,3,0,5200
2,7,1,1,1,0.8571,0.6,1.0,0.2,1.0,5,3,0,3,0.5,0.6,1,3,1,5201
3,2,3,1,1,1.0,0.6666666666666666,1.0,0.3333333333333333,1.0,6,4,0,4,0.5,0.6666666666666666,1,3,1,5202
1,0,0,0,0,0.1429,0.0,0.0,0.0,0.0,0,0,0,0,0.0,0.0,0,2,0,5203
1,1,0,0,0,0.2857,0.0,0.0,0.0,0.0,1,0,0,0,0.0,0.0,0,2,0,5204
1,1,0,1,0,0.4286,0.0,0.0,0.0,0.0,2,0,0,0,0.0,0.0,0,2,0,5205
1,1,0,1,0,0.5714,0.3333333333333333,1.0,0.0,0.0,3,1,0,1,0.0,0.3333333333333333,0,2,0,5206
2,7,1,1,1,0.7143,0.5,1.0,0.0,0.0,4,2,0,2,0.0,0.5,0,2,0,5207
2,7,1,1,1,0.8571,0.6,1.0,0.2,1.0,5,3,0,3,0.5,0.6,0,2,1,5208
3,2,3,1,1,1.0,0.6666666666666666,1.0,0.3333333333333333,1.0,6,4,0,4,0.5,0.6666666666666666,0,2,1,5209
1,1,0,1,0,0.2,0.0,0.0,0.0,0.0,0,0,0,0,0.0,0.0,0,4,0,5210
1,7,1,1,1,0.4,1.0,1.0,0.0,0.0,1,1,0,1,0.0,1.0,0,4,0,5211
2,1,0,1,1,0.6,1.0,1.0,0.5,1.0,2,2,0,2,0.5,1.0,0,4,1,5212
2,6,1,1,1,0.8,1.0,1.0,0.6666666666666666,1.0,3,3,0,3,0.5,1.0,0,4,1,5213
3,7,1,1,1,1.0,1.0,1.0,0.75,1.0,4,4,0,4,0.5,1.0,0,4,1,5214
1,2,3,0,0,0.1667,0.0,0.0,0.0,0.0,0,0,0,0,0.0,0.0,0,2,0,5215
1,1,0,1,0,0.3333,0.0,0.0,0.0,0.0,1,0,0,0,0.0,0.0,0,2,0,5216
1,1,0,1,0,0.5,0.5,1.0,0.0,0.0,2,1,0,1,0.0,0.5,0,2,0,5217
2,7,1,1,1,0.6667,0.6666666666666666,1.0,0.0,0.0,3,2,0,2,0.0,0.6666666666666666,0,2,0,5218
2,7,1,1,1,0.8333,0.75,1.0,0.25,1.0,4,3,0,3,0.5,0.75,0,2,1,5219
3,6,1,1,1,1.0,0.8,1.0,0.4,1.0,5,4,0,4,0.5,0.8,0,2,1,5220
1,0,0,0,0,0.1429,0.0,0.0,0.0,0.0,0,0,0,0,0.0,0.0,2,3,0,5221
1,1,0,0,0,0.2857,0.0,0.0,0.0,0.0,1,0,0,0,0.0,0.0,2,3,0,5222
1,1,0,1,0,0.4286,0.0,0.0,0.0,0.0,2,0,0,0,0.0,0.0,2,3,0,5223
1,1,0,1,0,0.5714,0.3333333333333333,1.0,0.0,0.0,3,1,0,1,0.0,0.3333333333333333,2,3,0,5224
2,7,1,1,1,0.7143,0.5,1.0,0.0,0.0,4,2,0,2,0.0,0.5,2,3,0,5225
2,7,1,1,1,0.8571,0.6,1.0,0.2,1.0,5,3,0,3,0.5,0.6,2,3,1,5226
3,2,3,1,1,1.0,0.6666666666666666,1.0,0.3333333333333333,1.0,6,4,0,4,0.5,0.6666666666666666,2,3,1,5227
1,2,3,0,0,0.1667,0.0,0.0,0.0,0.0,0,0,0,0,0.0,0.0,2,4,0,5228
1,1,0,1,0,0.3333,0.0,0.0,0.0,0.0,1,0,0,0,0.0,0.0,2,4,0,5229
1,1,0,1,0,0.5,0.5,1.0,0.0,0.0,2,1,0,1,0.0,0.5,2,4,0,5230
2,7,1,1,1,0.6667,0.6666666666666666,1.0,0.0,0.0,3,2,0,2,0.0,0.6666666666666666,2,4,0,5231
2,7,1,1,1,0.8333,0.75,1.0,0.25,1.0,4,3,0,3,0.5,0.75,2,4,1,5232
3,6,1,1,1,1.0,0.8,1.0,0.4,1.0,5,4,0,4,0.5,0.8,2,4,1,5233
1,1,0,1,0,0.2,0.0,0.0,0.0,0.0,0,0,0,0,0.0,0.0,1,2,0,5234
1,7,1,1,1,0.4,1.0,1.0,0.0,0.0,1,1,0,1,0.0,1.0,1,2,0,5235
2,1,0,1,1,0.6,1.0,1.0,0.5,1.0,2,2,0,2,0.5,1.0,1,2,1,5236
2,6,1,1,1,0.8,1.0,1.0,0.6666666666666666,1.0,3,3,0,3,0.5,1.0,1,2,1,5237
3,7,1,1,1,1.0,1.0,1.0,0.75,1.0,4,4,0,4,0.5,1.0,1,2,1,5238
1,1,0,1,0,0.2,0.0,0.0,0.0,0.0,0,0,0,0,0.0,0.0,3,4,0,5239
1,7,1,1,1,0.4,1.0,1.0,0.0,0.0,1,1,0,1,0.0,1.0,3,4,0,5240
2,1,0,1,1,0.6,1.0,1.0,0.5,1.0,2,2,0,2,0.5,1.0,3,4,1,5241
2,6,1,1,1,0.8,1.0,1.0,0.6666666666666666,1.0,3,3,0,3,0.5,1.0,3,4,1,5242
3,7,1,1,1,1.0,1.0,1.0,0.75,1.0,4,4,0,4,0.5,1.0,3,4,1,5243
1,0,0,0,0,0.1429,0.0,0.0,0.0,0.0,0,0,0,0,0.0,0.0,3,4,0,5244
1,1,0,0,0,0.2857,0.0,0.0,0.0,0.0,1,0,0,0,0.0,0.0,3,4,0,5245
1,1,0,1,0,0.4286,0.0,0.0,0.0,0.0,2,0,0,0,0.0,0.0,3,4,0,5246
1,1,0,1,0,0.5714,0.3333333333333333,1.0,0.0,0.0,3,1,0,1,0.0,0.3333333333333333,3,4,0,5247
2,7,1,1,1,0.7143,0.5,1.0,0.0,0.0,4,2,0,2,0.0,0.5,3,4,0,5248
2,7,1,1,1,0.8571,0.6,1.0,0.2,1.0,5,3,0,3,0.5,0.6,3,4,1,5249
3,2,3,1,1,1.0,0.6666666666666666,1.0,0.3333333333333333,1.0,6,4,0,4,0.5,0.6666666666666666,3,4,1,5250
1,0,0,0,0,0.1429,0.0,0.0,0.0,0.0,0,0,0,0,0.0,0.0,2,2,0,5251
1,1,0,0,0,0.2857,0.0,0.0,0.0,0.0,1,0,0,0,0.0,0.0,2,2,0,5252
1,1,0,1,0,0.4286,0.0,0.0,0.0,0.0,2,0,0,0,0.0,0.0,2,2,0,5253
1,1,0,1,0,0.5714,0.3333333333333333,1.0,0.0,0.0,3,1,0,1,0.0,0.3333333333333333,2,2,0,5254
2,7,1,1,1,0.7143,0.5,1.0,0.0,0.0,4,2,0,2,0.0,0.5,2,2,0,5255
2,7,1,1,1,0.8571,0.6,1.0,0.2,1.0,5,3,0,3,0.5,0.6,2,2,1,5256
3,2,3,1,1,1.0,0.6666666666666666,1.0,0.3333333333333333,1.0,6,4,0,4,0.5,0.6666666666666666,2,2,1,5257
