agent_role,tool_name,action_type,data_sensitivity,destination_category,timestamp_norm,mean_sensitivity,max_sensitivity,mean_destination,max_destination,prev_tool_count,prev_sensitive_reads,prev_external_transmits,prev_risky_actions,max_prev_risk,cumulative_risk,task_type,agent_count,label,trajectory_id
1,6,1,0,0,0.125,0.0,0.0,0.0,0.0,0,0,0,0,0.0,0.0,0,3,0,0
2,0,0,1,0,0.25,0.0,0.0,0.0,0.0,1,0,0,0,0.0,0.0,0,3,0,1
2,7,1,0,0,0.375,0.5,1.0,0.0,0.0,2,1,0,1,0.0,0.5,0,3,0,2
1,7,1,0,0,0.5,0.3333333333333333,1.0,0.0,0.0,3,1,0,1,0.0,0.3333333333333333,0,3,0,3
2,1,0,0,1,0.625,0.25,1.0,0.0,0.0,4,1,0,1,0.0,0.25,0,3,0,4
1,2,0,1,1,0.75,0.2,1.0,0.2,1.0,5,1,0,1,0.5,0.2,0,3,0,5
1,7,1,0,0,0.875,0.3333333333333333,1.0,0.3333333333333333,1.0,6,2,0,2,0.5,0.3333333333333333,0,3,0,6
1,1,0,0,0,1.0,0.2857142857142857,1.0,0.2857142857142857,1.0,7,2,0,2,0.5,0.2857142857142857,0,3,0,7
1,7,1,1,1,0.1667,0.0,0.0,0.0,0.0,0,0,0,0,0.0,0.0,1,4,0,8
1,6,1,0,0,0.3333,1.0,1.0,1.0,1.0,1,1,0,1,0.5,1.0,1,4,0,9
2,1,0,0,1,0.5,0.5,1.0,0.5,1.0,2,1,0,1,0.5,0.5,1,4,0,10
2,0,0,0,0,0.6667,0.3333333333333333,1.0,0.6666666666666666,1.0,3,1,0,1,0.5,0.3333333333333333,1,4,0,11
3,6,1,0,0,0.8333,0.25,1.0,0.5,1.0,4,1,0,1,0.5,0.25,1,4,0,12
2,0,0,1,0,1.0,0.2,1.0,0.4,1.0,5,1,0,1,0.5,0.2,1,4,0,13
1,7,1,0,0,0.25,0.0,0.0,0.0,0.0,0,0,0,0,0.0,0.0,0,3,0,14
2,1,0,0,0,0.5,0.0,0.0,0.0,0.0,1,0,0,0,0.0,0.0,0,3,0,15
1,0,0,0,1,0.75,0.0,0.0,0.0,0.0,2,0,0,0,0.0,0.0,0,3,0,16
2,6,1,0,1,1.0,0.0,0.0,0.3333333333333333,1.0,3,0,0,0,0.5,0.0,0,3,0,17
3,7,1,0,0,0.1667,0.0,0.0,0.0,0.0,0,0,0,0,0.0,0.0,2,3,0,18
1,6,1,0,0,0.3333,0.0,0.0,0.0,0.0,1,0,0,0,0.0,0.0,2,3,0,19
1,0,0,1,1,0.5,0.0,0.0,0.0,0.0,2,0,0,0,0.0,0.0,2,3,0,20
3,0,0,0,0,0.6667,0.3333333333333333,1.0,0.3333333333333333,1.0,3,1,0,1,0.5,0.3333333333333333,2,3,0,21
1,1,0,0,0,0.8333,0.25,1.0,0.25,1.0,4,1,0,1,0.5,0.25,2,3,0,22
2,0,0,0,0,1.0,0.2,1.0,0.2,1.0,5,1,0,1,0.5,0.2,2,3,0,23
1,1,0,0,0,0.1111,0.0,0.0,0.0,0.0,0,0,0,0,0.0,0.0,1,4,0,24
2,2,0,0,0,0.2222,0.0,0.0,0.0,0.0,1,0,0,0,0.0,0.0,1,4,0,25
1,6,1,0,0,0.3333,0.0,0.0,0.0,0.0,2,0,0,0,0.0,0.0,1,4,0,26
1,7,1,0,0,0.4444,0.0,0.0,0.0,0.0,3,0,0,0,0.0,0.0,1,4,0,27
1,6,1,0,0,0.5556,0.0,0.0,0.0,0.0,4,0,0,0,0.0,0.0,1,4,0,28
2,7,1,0,0,0.6667,0.0,0.0,0.0,0.0,5,0,0,0,0.0,0.0,1,4,0,29
3,7,1,0,1,0.7778,0.0,0.0,0.0,0.0,6,0,0,0,0.0,0.0,1,4,0,30
3,7,1,0,0,0.8889,0.0,0.0,0.14285714285714285,1.0,7,0,0,0,0.5,0.0,1,4,0,31
1,2,0,0,1,1.0,0.0,0.0,0.125,1.0,8,0,0,0,0.5,0.0,1,4,0,32
3,6,1,0,1,0.1111,0.0,0.0,0.0,0.0,0,0,0,0,0.0,0.0,0,4,0,33
2,0,0,0,0,0.2222,0.0,0.0,1.0,1.0,1,0,0,0,0.5,0.0,0,4,0,34
2,0,0,0,0,0.3333,0.0,0.0,0.5,1.0,2,0,0,0,0.5,0.0,0,4,0,35
1,1,0,0,0,0.4444,0.0,0.0,0.3333333333333333,1.0,3,0,0,0,0.5,0.0,0,4,0,36
3,2,0,0,0,0.5556,0.0,0.0,0.25,1.0,4,0,0,0,0.5,0.0,0,4,0,37
3,1,0,0,0,0.6667,0.0,0.0,0.2,1.0,5,0,0,0,0.5,0.0,0,4,0,38
3,6,1,0,0,0.7778,0.0,0.0,0.16666666666666666,1.0,6,0,0,0,0.5,0.0,0,4,0,39
2,6,1,0,1,0.8889,0.0,0.0,0.14285714285714285,1.0,7,0,0,0,0.5,0.0,0,4,0,40
2,7,1,1,0,1.0,0.0,0.0,0.25,1.0,8,0,0,0,0.5,0.0,0,4,0,41
3,1,0,0,0,0.1429,0.0,0.0,0.0,0.0,0,0,0,0,0.0,0.0,1,4,0,42
1,1,0,0,0,0.2857,0.0,0.0,0.0,0.0,1,0,0,0,0.0,0.0,1,4,0,43
2,0,0,0,0,0.4286,0.0,0.0,0.0,0.0,2,0,0,0,0.0,0.0,1,4,0,44
2,0,0,0,0,0.5714,0.0,0.0,0.0,0.0,3,0,0,0,0.0,0.0,1,4,0,45
3,1,0,0,0,0.7143,0.0,0.0,0.0,0.0,4,0,0,0,0.0,0.0,1,4,0,46
3,6,1,0,0,0.8571,0.0,0.0,0.0,0.0,5,0,0,0,0.0,0.0,1,4,0,47
1,0,0,0,0,1.0,0.0,0.0,0.0,0.0,6,0,0,0,0.0,0.0,1,4,0,48
2,6,1,0,0,0.1,0.0,0.0,0.0,0.0,0,0,0,0,0.0,0.0,1,4,0,49
3,2,0,0,0,0.2,0.0,0.0,0.0,0.0,1,0,0,0,0.0,0.0,1,4,0,50
3,0,0,0,1,0.3,0.0,0.0,0.0,0.0,2,0,0,0,0.0,0.0,1,4,0,51
2,7,1,0,1,0.4,0.0,0.0,0.3333333333333333,1.0,3,0,0,0,0.5,0.0,1,4,0,52
2,1,0,0,1,0.5,0.0,0.0,0.5,1.0,4,0,0,0,0.5,0.0,1,4,0,53
3,6,1,0,0,0.6,0.0,0.0,0.6,1.0,5,0,0,0,0.5,0.0,1,4,0,54
2,1,0,0,0,0.7,0.0,0.0,0.5,1.0,6,0,0,0,0.5,0.0,1,4,0,55
1,2,0,0,1,0.8,0.0,0.0,0.42857142857142855,1.0,7,0,0,0,0.5,0.0,1,4,0,56
1,1,0,0,0,0.9,0.0,0.0,0.5,1.0,8,0,0,0,0.5,0.0,1,4,0,57
1,0,0,0,1,1.0,0.0,0.0,0.4444444444444444,1.0,9,0,0,0,0.5,0.0,1,4,0,58
2,6,1,1,0,0.1429,0.0,0.0,0.0,0.0,0,0,0,0,0.0,0.0,3,4,0,59
1,6,1,0,0,0.2857,1.0,1.0,0.0,0.0,1,1,0,1,0.0,1.0,3,4,0,60
2,0,0,0,0,0.4286,0.5,1.0,0.0,0.0,2,1,0,1,0.0,0.5,3,4,0,61
3,6,1,0,1,0.5714,0.3333333333333333,1.0,0.0,0.0,3,1,0,1,0.0,0.3333333333333333,3,4,0,62
2,7,1,1,1,0.7143,0.25,1.0,0.25,1.0,4,1,0,1,0.5,0.25,3,4,0,63
3,7,1,0,0,0.8571,0.4,1.0,0.4,1.0,5,2,0,2,0.5,0.4,3,4,0,64
3,0,0,0,1,1.0,0.3333333333333333,1.0,0.3333333333333333,1.0,6,2,0,2,0.5,0.3333333333333333,3,4,0,65
3,6,1,0,0,0.25,0.0,0.0,0.0,0.0,0,0,0,0,0.0,0.0,1,2,0,66
2,7,1,0,0,0.5,0.0,0.0,0.0,0.0,1,0,0,0,0.0,0.0,1,2,0,67
1,0,0,0,0,0.75,0.0,0.0,0.0,0.0,2,0,0,0,0.0,0.0,1,2,0,68
3,7,1,0,0,1.0,0.0,0.0,0.0,0.0,3,0,0,0,0.0,0.0,1,2,0,69
1,7,1,0,0,0.1667,0.0,0.0,0.0,0.0,0,0,0,0,0.0,0.0,0,2,0,70
3,6,1,0,0,0.3333,0.0,0.0,0.0,0.0,1,0,0,0,0.0,0.0,0,2,0,71
2,7,1,0,0,0.5,0.0,0.0,0.0,0.0,2,0,0,0,0.0,0.0,0,2,0,72
3,2,0,1,0,0.6667,0.0,0.0,0.0,0.0,3,0,0,0,0.0,0.0,0,2,0,73
1,7,1,0,1,0.8333,0.25,1.0,0.0,0.0,4,1,0,1,0.0,0.25,0,2,0,74
2,0,0,0,0,1.0,0.2,1.0,0.2,1.0,5,1,0,1,0.5,0.2,0,2,0,75
2,1,0,0,0,0.1429,0.0,0.0,0.0,0.0,0,0,0,0,0.0,0.0,0,2,0,76
3,6,1,0,0,0.2857,0.0,0.0,0.0,0.0,1,0,0,0,0.0,0.0,0,2,0,77
2,7,1,0,0,0.4286,0.0,0.0,0.0,0.0,2,0,0,0,0.0,0.0,0,2,0,78
1,7,1,0,0,0.5714,0.0,0.0,0.0,0.0,3,0,0,0,0.0,0.0,0,2,0,79
1,1,0,0,1,0.7143,0.0,0.0,0.0,0.0,4,0,0,0,0.0,0.0,0,2,0,80
2,2,0,0,0,0.8571,0.0,0.0,0.2,1.0,5,0,0,0,0.5,0.0,0,2,0,81
1,7,1,0,0,1.0,0.0,0.0,0.16666666666666666,1.0,6,0,0,0,0.5,0.0,0,2,0,82
1,2,0,0,0,0.1111,0.0,0.0,0.0,0.0,0,0,0,0,0.0,0.0,2,2,0,83
1,6,1,0,0,0.2222,0.0,0.0,0.0,0.0,1,0,0,0,0.0,0.0,2,2,0,84
2,6,1,0,1,0.3333,0.0,0.0,0.0,0.0,2,0,0,0,0.0,0.0,2,2,0,85
3,1,0,0,1,0.4444,0.0,0.0,0.3333333333333333,1.0,3,0,0,0,0.5,0.0,2,2,0,86
3,2,0,0,0,0.5556,0.0,0.0,0.5,1.0,4,0,0,0,0.5,0.0,2,2,0,87
2,2,0,0,0,0.6667,0.0,0.0,0.4,1.0,5,0,0,0,0.5,0.0,2,2,0,88
1,0,0,0,0,0.7778,0.0,0.0,0.3333333333333333,1.0,6,0,0,0,0.5,0.0,2,2,0,89
2,2,0,0,0,0.8889,0.0,0.0,0.2857142857142857,1.0,7,0,0,0,0.5,0.0,2,2,0,90
2,1,0,0,0,1.0,0.0,0.0,0.25,1.0,8,0,0,0,0.5,0.0,2,2,0,91
2,6,1,0,0,0.1,0.0,0.0,0.0,0.0,0,0,0,0,0.0,0.0,3,4,0,92
2,1,0,0,0,0.2,0.0,0.0,0.0,0.0,1,0,0,0,0.0,0.0,3,4,0,93
3,7,1,0,0,0.3,0.0,0.0,0.0,0.0,2,0,0,0,0.0,0.0,3,4,0,94
1,1,0,0,0,0.4,0.0,0.0,0.0,0.0,3,0,0,0,0.0,0.0,3,4,0,95
1,7,1,0,1,0.5,0.0,0.0,0.0,0.0,4,0,0,0,0.0,0.0,3,4,0,96
1,1,0,1,0,0.6,0.0,0.0,0.2,1.0,5,0,0,0,0.5,0.0,3,4,0,97
1,1,0,0,0,0.7,0.16666666666666666,1.0,0.16666666666666666,1.0,6,1,0,1,0.5,0.16666666666666666,3,4,0,98
3,6,1,0,0,0.8,0.14285714285714285,1.0,0.14285714285714285,1.0,7,1,0,1,0.5,0.14285714285714285,3,4,0,99
1,1,0,0,0,0.9,0.125,1.0,0.125,1.0,8,1,0,1,0.5,0.125,3,4,0,100
2,1,0,0,0,1.0,0.1111111111111111,1.0,0.1111111111111111,1.0,9,1,0,1,0.5,0.1111111111111111,3,4,0,101
3,0,0,0,0,0.1111,0.0,0.0,0.0,0.0,0,0,0,0,0.0,0.0,3,4,0,102
3,7,1,0,0,0.2222,0.0,0.0,0.0,0.0,1,0,0,0,0.0,0.0,3,4,0,103
1,0,0,0,0,0.3333,0.0,0.0,0.0,0.0,2,0,0,0,0.0,0.0,3,4,0,104
2,1,0,0,0,0.4444,0.0,0.0,0.0,0.0,3,0,0,0,0.0,0.0,3,4,0,105
1,2,0,0,0,0.5556,0.0,0.0,0.0,0.0,4,0,0,0,0.0,0.0,3,4,0,106
3,0,0,0,0,0.6667,0.0,0.0,0.0,0.0,5,0,0,0,0.0,0.0,3,4,0,107
1,6,1,0,0,0.7778,0.0,0.0,0.0,0.0,6,0,0,0,0.0,0.0,3,4,0,108
3,0,0,0,0,0.8889,0.0,0.0,0.0,0.0,7,0,0,0,0.0,0.0,3,4,0,109
3,0,0,0,0,1.0,0.0,0.0,0.0,0.0,8,0,0,0,0.0,0.0,3,4,0,110
3,0,0,0,0,0.1111,0.0,0.0,0.0,0.0,0,0,0,0,0.0,0.0,1,4,0,111
2,6,1,1,0,0.2222,0.0,0.0,0.0,0.0,1,0,0,0,0.0,0.0,1,4,0,112
2,2,0,0,1,0.3333,0.5,1.0,0.0,0.0,2,1,0,1,0.0,0.5,1,4,0,113
1,1,0,0,0,0.4444,0.3333333333333333,1.0,0.3333333333333333,1.0,3,1,0,1,0.5,0.3333333333333333,1,4,0,114
1,2,0,1,1,0.5556,0.25,1.0,0.25,1.0,4,1,0,1,0.5,0.25,1,4,0,115
3,2,0,0,1,0.6667,0.4,1.0,0.4,1.0,5,2,0,2,0.5,0.4,1,4,0,116
1,7,1,0,0,0.7778,0.3333333333333333,1.0,0.5,1.0,6,2,0,2,0.5,0.3333333333333333,1,4,0,117
3,0,0,0,0,0.8889,0.2857142857142857,1.0,0.42857142857142855,1.0,7,2,0,2,0.5,0.2857142857142857,1,4,0,118
3,6,1,0,0,1.0,0.25,1.0,0.375,1.0,8,2,0,2,0.5,0.25,1,4,0,119
2,1,0,0,0,0.1,0.0,0.0,0.0,0.0,0,0,0,0,0.0,0.0,3,3,0,120
2,7,1,1,1,0.2,0.0,0.0,0.0,0.0,1,0,0,0,0.0,0.0,3,3,0,121
1,0,0,1,0,0.3,0.5,1.0,0.5,1.0,2,1,0,1,0.5,0.5,3,3,0,122
3,6,1,0,0,0.4,0.6666666666666666,1.0,0.3333333333333333,1.0,3,2,0,2,0.5,0.6666666666666666,3,3,0,123
2,7,1,1,0,0.5,0.5,1.0,0.25,1.0,4,2,0,2,0.5,0.5,3,3,0,124
3,0,0,0,0,0.6,0.6,1.0,0.2,1.0,5,3,0,3,0.5,0.6,3,3,0,125
2,0,0,0,0,0.7,0.5,1.0,0.16666666666666666,1.0,6,3,0,3,0.5,0.5,3,3,0,126
2,1,0,0,1,0.8,0.42857142857142855,1.0,0.14285714285714285,1.0,7,3,0,3,0.5,0.42857142857142855,3,3,0,127
2,6,1,0,1,0.9,0.375,1.0,0.25,1.0,8,3,0,3,0.5,0.375,3,3,0,128
1,7,1,0,1,1.0,0.3333333333333333,1.0,0.3333333333333333,1.0,9,3,0,3,0.5,0.3333333333333333,3,3,0,129
1,0,0,0,0,0.1429,0.0,0.0,0.0,0.0,0,0,0,0,0.0,0.0,2,4,0,130
2,2,0,0,0,0.2857,0.0,0.0,0.0,0.0,1,0,0,0,0.0,0.0,2,4,0,131
3,1,0,0,0,0.4286,0.0,0.0,0.0,0.0,2,0,0,0,0.0,0.0,2,4,0,132
3,0,0,1,0,0.5714,0.0,0.0,0.0,0.0,3,0,0,0,0.0,0.0,2,4,0,133
3,2,0,0,0,0.7143,0.25,1.0,0.0,0.0,4,1,0,1,0.0,0.25,2,4,0,134
3,6,1,0,0,0.8571,0.2,1.0,0.0,0.0,5,1,0,1,0.0,0.2,2,4,0,135
1,2,0,1,0,1.0,0.16666666666666666,1.0,0.0,0.0,6,1,0,1,0.0,0.16666666666666666,2,4,0,136
3,0,0,1,0,0.1,0.0,0.0,0.0,0.0,0,0,0,0,0.0,0.0,2,2,0,137
3,0,0,0,1,0.2,1.0,1.0,0.0,0.0,1,1,0,1,0.0,1.0,2,2,0,138
1,1,0,0,0,0.3,0.5,1.0,0.5,1.0,2,1,0,1,0.5,0.5,2,2,0,139
2,1,0,0,0,0.4,0.3333333333333333,1.0,0.3333333333333333,1.0,3,1,0,1,0.5,0.3333333333333333,2,2,0,140
1,1,0,0,1,0.5,0.25,1.0,0.25,1.0,4,1,0,1,0.5,0.25,2,2,0,141
2,7,1,0,0,0.6,0.2,1.0,0.4,1.0,5,1,0,1,0.5,0.2,2,2,0,142
3,1,0,0,1,0.7,0.16666666666666666,1.0,0.3333333333333333,1.0,6,1,0,1,0.5,0.16666666666666666,2,2,0,143
2,0,0,1,0,0.8,0.14285714285714285,1.0,0.42857142857142855,1.0,7,1,0,1,0.5,0.14285714285714285,2,2,0,144
2,7,1,0,0,0.9,0.25,1.0,0.375,1.0,8,2,0,2,0.5,0.25,2,2,0,145
2,2,0,0,1,1.0,0.2222222222222222,1.0,0.3333333333333333,1.0,9,2,0,2,0.5,0.2222222222222222,2,2,0,146
2,2,0,0,0,0.2,0.0,0.0,0.0,0.0,0,0,0,0,0.0,0.0,3,2,0,147
1,0,0,0,0,0.4,0.0,0.0,0.0,0.0,1,0,0,0,0.0,0.0,3,2,0,148
2,1,0,0,1,0.6,0.0,0.0,0.0,0.0,2,0,0,0,0.0,0.0,3,2,0,149
1,0,0,0,1,0.8,0.0,0.0,0.3333333333333333,1.0,3,0,0,0,0.5,0.0,3,2,0,150
2,1,0,0,1,1.0,0.0,0.0,0.5,1.0,4,0,0,0,0.5,0.0,3,2,0,151
1,1,0,0,0,0.2,0.0,0.0,0.0,0.0,0,0,0,0,0.0,0.0,3,3,0,152
1,1,0,0,0,0.4,0.0,0.0,0.0,0.0,1,0,0,0,0.0,0.0,3,3,0,153
3,0,0,1,0,0.6,0.0,0.0,0.0,0.0,2,0,0,0,0.0,0.0,3,3,0,154
3,0,0,0,0,0.8,0.3333333333333333,1.0,0.0,0.0,3,1,0,1,0.0,0.3333333333333333,3,3,0,155
1,6,1,0,1,1.0,0.25,1.0,0.0,0.0,4,1,0,1,0.0,0.25,3,3,0,156
3,7,1,0,0,0.1429,0.0,0.0,0.0,0.0,0,0,0,0,0.0,0.0,1,2,0,157
3,0,0,0,0,0.2857,0.0,0.0,0.0,0.0,1,0,0,0,0.0,0.0,1,2,0,158
2,1,0,0,0,0.4286,0.0,0.0,0.0,0.0,2,0,0,0,0.0,0.0,1,2,0,159
3,1,0,0,0,0.5714,0.0,0.0,0.0,0.0,3,0,0,0,0.0,0.0,1,2,0,160
2,7,1,0,0,0.7143,0.0,0.0,0.0,0.0,4,0,0,0,0.0,0.0,1,2,0,161
1,6,1,1,0,0.8571,0.0,0.0,0.0,0.0,5,0,0,0,0.0,0.0,1,2,0,162
2,6,1,0,1,1.0,0.16666666666666666,1.0,0.0,0.0,6,1,0,1,0.0,0.16666666666666666,1,2,0,163
2,1,0,0,0,0.1429,0.0,0.0,0.0,0.0,0,0,0,0,0.0,0.0,0,4,0,164
3,2,0,0,0,0.2857,0.0,0.0,0.0,0.0,1,0,0,0,0.0,0.0,0,4,0,165
2,2,0,0,0,0.4286,0.0,0.0,0.0,0.0,2,0,0,0,0.0,0.0,0,4,0,166
2,0,0,0,0,0.5714,0.0,0.0,0.0,0.0,3,0,0,0,0.0,0.0,0,4,0,167
1,7,1,0,0,0.7143,0.0,0.0,0.0,0.0,4,0,0,0,0.0,0.0,0,4,0,168
2,1,0,0,1,0.8571,0.0,0.0,0.0,0.0,5,0,0,0,0.0,0.0,0,4,0,169
3,0,0,0,0,1.0,0.0,0.0,0.16666666666666666,1.0,6,0,0,0,0.5,0.0,0,4,0,170
1,6,1,0,1,0.1,0.0,0.0,0.0,0.0,0,0,0,0,0.0,0.0,3,2,0,171
1,6,1,0,0,0.2,0.0,0.0,1.0,1.0,1,0,0,0,0.5,0.0,3,2,0,172
2,7,1,0,0,0.3,0.0,0.0,0.5,1.0,2,0,0,0,0.5,0.0,3,2,0,173
2,2,0,0,0,0.4,0.0,0.0,0.3333333333333333,1.0,3,0,0,0,0.5,0.0,3,2,0,174
3,1,0,0,0,0.5,0.0,0.0,0.25,1.0,4,0,0,0,0.5,0.0,3,2,0,175
3,7,1,0,0,0.6,0.0,0.0,0.2,1.0,5,0,0,0,0.5,0.0,3,2,0,176
1,6,1,0,0,0.7,0.0,0.0,0.16666666666666666,1.0,6,0,0,0,0.5,0.0,3,2,0,177
3,1,0,1,0,0.8,0.0,0.0,0.14285714285714285,1.0,7,0,0,0,0.5,0.0,3,2,0,178
1,6,1,0,1,0.9,0.125,1.0,0.125,1.0,8,1,0,1,0.5,0.125,3,2,0,179
3,0,0,0,1,1.0,0.1111111111111111,1.0,0.2222222222222222,1.0,9,1,0,1,0.5,0.1111111111111111,3,2,0,180
1,6,1,0,1,0.125,0.0,0.0,0.0,0.0,0,0,0,0,0.0,0.0,1,4,0,181
3,0,0,0,1,0.25,0.0,0.0,1.0,1.0,1,0,0,0,0.5,0.0,1,4,0,182
3,7,1,0,0,0.375,0.0,0.0,1.0,1.0,2,0,0,0,0.5,0.0,1,4,0,183
3,7,1,0,0,0.5,0.0,0.0,0.6666666666666666,1.0,3,0,0,0,0.5,0.0,1,4,0,184
1,1,0,0,1,0.625,0.0,0.0,0.5,1.0,4,0,0,0,0.5,0.0,1,4,0,185
3,2,0,0,1,0.75,0.0,0.0,0.6,1.0,5,0,0,0,0.5,0.0,1,4,0,186
3,7,1,0,0,0.875,0.0,0.0,0.6666666666666666,1.0,6,0,0,0,0.5,0.0,1,4,0,187
2,6,1,0,0,1.0,0.0,0.0,0.5714285714285714,1.0,7,0,0,0,0.5,0.0,1,4,0,188
2,7,1,0,1,0.1111,0.0,0.0,0.0,0.0,0,0,0,0,0.0,0.0,1,4,0,189
1,7,1,0,0,0.2222,0.0,0.0,1.0,1.0,1,0,0,0,0.5,0.0,1,4,0,190
1,2,0,0,0,0.3333,0.0,0.0,0.5,1.0,2,0,0,0,0.5,0.0,1,4,0,191
3,1,0,0,1,0.4444,0.0,0.0,0.3333333333333333,1.0,3,0,0,0,0.5,0.0,1,4,0,192
3,2,0,0,0,0.5556,0.0,0.0,0.5,1.0,4,0,0,0,0.5,0.0,1,4,0,193
3,6,1,1,1,0.6667,0.0,0.0,0.4,1.0,5,0,0,0,0.5,0.0,1,4,0,194
3,0,0,1,1,0.7778,0.16666666666666666,1.0,0.5,1.0,6,1,0,1,0.5,0.16666666666666666,1,4,0,195
1,0,0,0,1,0.8889,0.2857142857142857,1.0,0.5714285714285714,1.0,7,2,0,2,0.5,0.2857142857142857,1,4,0,196
1,2,0,0,0,1.0,0.25,1.0,0.625,1.0,8,2,0,2,0.5,0.25,1,4,0,197
1,1,0,0,1,0.1429,0.0,0.0,0.0,0.0,0,0,0,0,0.0,0.0,3,3,0,198
1,1,0,0,0,0.2857,0.0,0.0,1.0,1.0,1,0,0,0,0.5,0.0,3,3,0,199
2,0,0,0,0,0.4286,0.0,0.0,0.5,1.0,2,0,0,0,0.5,0.0,3,3,0,200
1,1,0,0,0,0.5714,0.0,0.0,0.3333333333333333,1.0,3,0,0,0,0.5,0.0,3,3,0,201
2,2,0,0,0,0.7143,0.0,0.0,0.25,1.0,4,0,0,0,0.5,0.0,3,3,0,202
1,2,0,1,0,0.8571,0.0,0.0,0.2,1.0,5,0,0,0,0.5,0.0,3,3,0,203
1,7,1,1,0,1.0,0.16666666666666666,1.0,0.16666666666666666,1.0,6,1,0,1,0.5,0.16666666666666666,3,3,0,204
1,0,0,0,0,0.1,0.0,0.0,0.0,0.0,0,0,0,0,0.0,0.0,3,3,0,205
3,0,0,0,1,0.2,0.0,0.0,0.0,0.0,1,0,0,0,0.0,0.0,3,3,0,206
3,7,1,0,0,0.3,0.0,0.0,0.5,1.0,2,0,0,0,0.5,0.0,3,3,0,207
1,6,1,0,0,0.4,0.0,0.0,0.3333333333333333,1.0,3,0,0,0,0.5,0.0,3,3,0,208
3,1,0,0,0,0.5,0.0,0.0,0.25,1.0,4,0,0,0,0.5,0.0,3,3,0,209
1,0,0,0,0,0.6,0.0,0.0,0.2,1.0,5,0,0,0,0.5,0.0,3,3,0,210
2,1,0,1,1,0.7,0.0,0.0,0.16666666666666666,1.0,6,0,0,0,0.5,0.0,3,3,0,211
2,7,1,0,0,0.8,0.14285714285714285,1.0,0.2857142857142857,1.0,7,1,0,1,0.5,0.14285714285714285,3,3,0,212
3,0,0,0,1,0.9,0.125,1.0,0.25,1.0,8,1,0,1,0.5,0.125,3,3,0,213
1,0,0,0,0,1.0,0.1111111111111111,1.0,0.3333333333333333,1.0,9,1,0,1,0.5,0.1111111111111111,3,3,0,214
2,2,0,0,1,0.125,0.0,0.0,0.0,0.0,0,0,0,0,0.0,0.0,0,4,0,215
1,0,0,0,0,0.25,0.0,0.0,1.0,1.0,1,0,0,0,0.5,0.0,0,4,0,216
2,0,0,0,0,0.375,0.0,0.0,0.5,1.0,2,0,0,0,0.5,0.0,0,4,0,217
2,0,0,0,1,0.5,0.0,0.0,0.3333333333333333,1.0,3,0,0,0,0.5,0.0,0,4,0,218
2,2,0,0,1,0.625,0.0,0.0,0.5,1.0,4,0,0,0,0.5,0.0,0,4,0,219
1,1,0,0,0,0.75,0.0,0.0,0.6,1.0,5,0,0,0,0.5,0.0,0,4,0,220
3,1,0,0,0,0.875,0.0,0.0,0.5,1.0,6,0,0,0,0.5,0.0,0,4,0,221
3,2,0,0,1,1.0,0.0,0.0,0.42857142857142855,1.0,7,0,0,0,0.5,0.0,0,4,0,222
1,0,0,0,1,0.25,0.0,0.0,0.0,0.0,0,0,0,0,0.0,0.0,3,3,0,223
3,6,1,0,1,0.5,0.0,0.0,1.0,1.0,1,0,0,0,0.5,0.0,3,3,0,224
1,7,1,0,0,0.75,0.0,0.0,1.0,1.0,2,0,0,0,0.5,0.0,3,3,0,225
1,2,0,0,0,1.0,0.0,0.0,0.6666666666666666,1.0,3,0,0,0,0.5,0.0,3,3,0,226
1,7,1,1,1,0.1429,0.0,0.0,0.0,0.0,0,0,0,0,0.0,0.0,0,2,0,227
1,7,1,0,1,0.2857,1.0,1.0,1.0,1.0,1,1,0,1,0.5,1.0,0,2,0,228
2,6,1,0,0,0.4286,0.5,1.0,1.0,1.0,2,1,0,1,0.5,0.5,0,2,0,229
2,1,0,0,0,0.5714,0.3333333333333333,1.0,0.6666666666666666,1.0,3,1,0,1,0.5,0.3333333333333333,0,2,0,230
3,2,0,0,0,0.7143,0.25,1.0,0.5,1.0,4,1,0,1,0.5,0.25,0,2,0,231
2,6,1,0,0,0.8571,0.2,1.0,0.4,1.0,5,1,0,1,0.5,0.2,0,2,0,232
1,1,0,0,1,1.0,0.16666666666666666,1.0,0.3333333333333333,1.0,6,1,0,1,0.5,0.16666666666666666,0,2,0,233
1,6,1,0,1,0.25,0.0,0.0,0.0,0.0,0,0,0,0,0.0,0.0,2,3,0,234
3,2,0,1,1,0.5,0.0,0.0,1.0,1.0,1,0,0,0,0.5,0.0,2,3,0,235
2,1,0,0,0,0.75,0.5,1.0,1.0,1.0,2,1,0,1,0.5,0.5,2,3,0,236
1,0,0,1,0,1.0,0.3333333333333333,1.0,0.6666666666666666,1.0,3,1,0,1,0.5,0.3333333333333333,2,3,0,237
1,2,0,0,0,0.1111,0.0,0.0,0.0,0.0,0,0,0,0,0.0,0.0,2,3,0,238
1,2,0,0,0,0.2222,0.0,0.0,0.0,0.0,1,0,0,0,0.0,0.0,2,3,0,239
2,7,1,0,0,0.3333,0.0,0.0,0.0,0.0,2,0,0,0,0.0,0.0,2,3,0,240
1,1,0,0,1,0.4444,0.0,0.0,0.0,0.0,3,0,0,0,0.0,0.0,2,3,0,241
2,0,0,0,0,0.5556,0.0,0.0,0.25,1.0,4,0,0,0,0.5,0.0,2,3,0,242
3,1,0,0,0,0.6667,0.0,0.0,0.2,1.0,5,0,0,0,0.5,0.0,2,3,0,243
3,0,0,0,0,0.7778,0.0,0.0,0.16666666666666666,1.0,6,0,0,0,0.5,0.0,2,3,0,244
1,7,1,0,0,0.8889,0.0,0.0,0.14285714285714285,1.0,7,0,0,0,0.5,0.0,2,3,0,245
1,7,1,0,1,1.0,0.0,0.0,0.125,1.0,8,0,0,0,0.5,0.0,2,3,0,246
1,2,0,0,0,0.2,0.0,0.0,0.0,0.0,0,0,0,0,0.0,0.0,1,2,0,247
3,0,0,1,0,0.4,0.0,0.0,0.0,0.0,1,0,0,0,0.0,0.0,1,2,0,248
1,1,0,0,0,0.6,0.5,1.0,0.0,0.0,2,1,0,1,0.0,0.5,1,2,0,249
2,7,1,1,1,0.8,0.3333333333333333,1.0,0.0,0.0,3,1,0,1,0.0,0.3333333333333333,1,2,0,250
2,0,0,1,0,1.0,0.5,1.0,0.25,1.0,4,2,0,2,0.5,0.5,1,2,0,251
3,7,1,0,0,0.1429,0.0,0.0,0.0,0.0,0,0,0,0,0.0,0.0,0,2,0,252
1,1,0,0,1,0.2857,0.0,0.0,0.0,0.0,1,0,0,0,0.0,0.0,0,2,0,253
1,0,0,0,0,0.4286,0.0,0.0,0.5,1.0,2,0,0,0,0.5,0.0,0,2,0,254
1,6,1,1,0,0.5714,0.0,0.0,0.3333333333333333,1.0,3,0,0,0,0.5,0.0,0,2,0,255
1,6,1,0,0,0.7143,0.25,1.0,0.25,1.0,4,1,0,1,0.5,0.25,0,2,0,256
1,7,1,0,0,0.8571,0.2,1.0,0.2,1.0,5,1,0,1,0.5,0.2,0,2,0,257
1,7,1,0,1,1.0,0.16666666666666666,1.0,0.16666666666666666,1.0,6,1,0,1,0.5,0.16666666666666666,0,2,0,258
3,7,1,0,0,0.2,0.0,0.0,0.0,0.0,0,0,0,0,0.0,0.0,2,2,0,259
2,1,0,0,1,0.4,0.0,0.0,0.0,0.0,1,0,0,0,0.0,0.0,2,2,0,260
2,6,1,0,0,0.6,0.0,0.0,0.5,1.0,2,0,0,0,0.5,0.0,2,2,0,261
1,1,0,0,0,0.8,0.0,0.0,0.3333333333333333,1.0,3,0,0,0,0.5,0.0,2,2,0,262
2,6,1,0,1,1.0,0.0,0.0,0.25,1.0,4,0,0,0,0.5,0.0,2,2,0,263
2,1,0,1,0,0.2,0.0,0.0,0.0,0.0,0,0,0,0,0.0,0.0,0,2,0,264
1,0,0,0,0,0.4,1.0,1.0,0.0,0.0,1,1,0,1,0.0,1.0,0,2,0,265
2,2,0,0,1,0.6,0.5,1.0,0.0,0.0,2,1,0,1,0.0,0.5,0,2,0,266
2,0,0,0,1,0.8,0.3333333333333333,1.0,0.3333333333333333,1.0,3,1,0,1,0.5,0.3333333333333333,0,2,0,267
2,6,1,0,1,1.0,0.25,1.0,0.5,1.0,4,1,0,1,0.5,0.25,0,2,0,268
1,6,1,0,1,0.1,0.0,0.0,0.0,0.0,0,0,0,0,0.0,0.0,3,3,0,269
2,6,1,0,0,0.2,0.0,0.0,1.0,1.0,1,0,0,0,0.5,0.0,3,3,0,270
3,7,1,0,0,0.3,0.0,0.0,0.5,1.0,2,0,0,0,0.5,0.0,3,3,0,271
2,0,0,0,1,0.4,0.0,0.0,0.3333333333333333,1.0,3,0,0,0,0.5,0.0,3,3,0,272
1,0,0,0,0,0.5,0.0,0.0,0.5,1.0,4,0,0,0,0.5,0.0,3,3,0,273
3,1,0,0,0,0.6,0.0,0.0,0.4,1.0,5,0,0,0,0.5,0.0,3,3,0,274
2,0,0,0,0,0.7,0.0,0.0,0.3333333333333333,1.0,6,0,0,0,0.5,0.0,3,3,0,275
2,6,1,0,0,0.8,0.0,0.0,0.2857142857142857,1.0,7,0,0,0,0.5,0.0,3,3,0,276
3,0,0,0,1,0.9,0.0,0.0,0.25,1.0,8,0,0,0,0.5,0.0,3,3,0,277
1,2,0,0,0,1.0,0.0,0.0,0.3333333333333333,1.0,9,0,0,0,0.5,0.0,3,3,0,278
3,7,1,0,1,0.1,0.0,0.0,0.0,0.0,0,0,0,0,0.0,0.0,0,3,0,279
2,6,1,0,1,0.2,0.0,0.0,1.0,1.0,1,0,0,0,0.5,0.0,0,3,0,280
3,2,0,0,1,0.3,0.0,0.0,1.0,1.0,2,0,0,0,0.5,0.0,0,3,0,281
1,6,1,0,1,0.4,0.0,0.0,1.0,1.0,3,0,0,0,0.5,0.0,0,3,0,282
1,0,0,0,1,0.5,0.0,0.0,1.0,1.0,4,0,0,0,0.5,0.0,0,3,0,283
2,0,0,0,0,0.6,0.0,0.0,1.0,1.0,5,0,0,0,0.5,0.0,0,3,0,284
3,1,0,0,0,0.7,0.0,0.0,0.8333333333333334,1.0,6,0,0,0,0.5,0.0,0,3,0,285
2,2,0,0,0,0.8,0.0,0.0,0.7142857142857143,1.0,7,0,0,0,0.5,0.0,0,3,0,286
2,0,0,0,0,0.9,0.0,0.0,0.625,1.0,8,0,0,0,0.5,0.0,0,3,0,287
1,1,0,0,0,1.0,0.0,0.0,0.5555555555555556,1.0,9,0,0,0,0.5,0.0,0,3,0,288
3,7,1,0,0,0.1429,0.0,0.0,0.0,0.0,0,0,0,0,0.0,0.0,1,3,0,289
2,0,0,0,1,0.2857,0.0,0.0,0.0,0.0,1,0,0,0,0.0,0.0,1,3,0,290
3,0,0,0,0,0.4286,0.0,0.0,0.5,1.0,2,0,0,0,0.5,0.0,1,3,0,291
1,0,0,1,0,0.5714,0.0,0.0,0.3333333333333333,1.0,3,0,0,0,0.5,0.0,1,3,0,292
3,7,1,0,0,0.7143,0.25,1.0,0.25,1.0,4,1,0,1,0.5,0.25,1,3,0,293
3,6,1,0,0,0.8571,0.2,1.0,0.2,1.0,5,1,0,1,0.5,0.2,1,3,0,294
2,7,1,0,0,1.0,0.16666666666666666,1.0,0.16666666666666666,1.0,6,1,0,1,0.5,0.16666666666666666,1,3,0,295
3,6,1,1,0,0.1429,0.0,0.0,0.0,0.0,0,0,0,0,0.0,0.0,1,4,0,296
3,2,0,0,1,0.2857,1.0,1.0,0.0,0.0,1,1,0,1,0.0,1.0,1,4,0,297
1,1,0,0,0,0.4286,0.5,1.0,0.5,1.0,2,1,0,1,0.5,0.5,1,4,0,298
3,0,0,0,0,0.5714,0.3333333333333333,1.0,0.3333333333333333,1.0,3,1,0,1,0.5,0.3333333333333333,1,4,0,299
1,7,1,1,1,0.7143,0.25,1.0,0.25,1.0,4,1,0,1,0.5,0.25,1,4,0,300
1,0,0,1,0,0.8571,0.4,1.0,0.4,1.0,5,2,0,2,0.5,0.4,1,4,0,301
3,6,1,1,1,1.0,0.5,1.0,0.3333333333333333,1.0,6,3,0,3,0.5,0.5,1,4,0,302
3,7,1,0,0,0.1667,0.0,0.0,0.0,0.0,0,0,0,0,0.0,0.0,0,4,0,303
1,6,1,1,0,0.3333,0.0,0.0,0.0,0.0,1,0,0,0,0.0,0.0,0,4,0,304
2,0,0,0,0,0.5,0.5,1.0,0.0,0.0,2,1,0,1,0.0,0.5,0,4,0,305
1,0,0,0,1,0.6667,0.3333333333333333,1.0,0.0,0.0,3,1,0,1,0.0,0.3333333333333333,0,4,0,306
2,1,0,0,1,0.8333,0.25,1.0,0.25,1.0,4,1,0,1,0.5,0.25,0,4,0,307
2,0,0,0,0,1.0,0.2,1.0,0.4,1.0,5,1,0,1,0.5,0.2,0,4,0,308
3,7,1,0,0,0.2,0.0,0.0,0.0,0.0,0,0,0,0,0.0,0.0,3,2,0,309
1,1,0,1,1,0.4,0.0,0.0,0.0,0.0,1,0,0,0,0.0,0.0,3,2,0,310
3,1,0,0,0,0.6,0.5,1.0,0.5,1.0,2,1,0,1,0.5,0.5,3,2,0,311
1,6,1,0,0,0.8,0.3333333333333333,1.0,0.3333333333333333,1.0,3,1,0,1,0.5,0.3333333333333333,3,2,0,312
2,6,1,0,1,1.0,0.25,1.0,0.25,1.0,4,1,0,1,0.5,0.25,3,2,0,313
2,0,0,1,0,0.125,0.0,0.0,0.0,0.0,0,0,0,0,0.0,0.0,2,4,0,314
3,2,0,0,1,0.25,1.0,1.0,0.0,0.0,1,1,0,1,0.0,1.0,2,4,0,315
1,1,0,0,1,0.375,0.5,1.0,0.5,1.0,2,1,0,1,0.5,0.5,2,4,0,316
1,6,1,0,0,0.5,0.3333333333333333,1.0,0.6666666666666666,1.0,3,1,0,1,0.5,0.3333333333333333,2,4,0,317
2,2,0,0,0,0.625,0.25,1.0,0.5,1.0,4,1,0,1,0.5,0.25,2,4,0,318
3,2,0,0,0,0.75,0.2,1.0,0.4,1.0,5,1,0,1,0.5,0.2,2,4,0,319
1,7,1,0,0,0.875,0.16666666666666666,1.0,0.3333333333333333,1.0,6,1,0,1,0.5,0.16666666666666666,2,4,0,320
3,1,0,0,1,1.0,0.14285714285714285,1.0,0.2857142857142857,1.0,7,1,0,1,0.5,0.14285714285714285,2,4,0,321
1,6,1,0,0,0.1111,0.0,0.0,0.0,0.0,0,0,0,0,0.0,0.0,3,2,0,322
2,1,0,0,1,0.2222,0.0,0.0,0.0,0.0,1,0,0,0,0.0,0.0,3,2,0,323
3,0,0,0,0,0.3333,0.0,0.0,0.5,1.0,2,0,0,0,0.5,0.0,3,2,0,324
2,6,1,0,0,0.4444,0.0,0.0,0.3333333333333333,1.0,3,0,0,0,0.5,0.0,3,2,0,325
3,6,1,0,0,0.5556,0.0,0.0,0.25,1.0,4,0,0,0,0.5,0.0,3,2,0,326
2,1,0,0,0,0.6667,0.0,0.0,0.2,1.0,5,0,0,0,0.5,0.0,3,2,0,327
1,2,0,0,0,0.7778,0.0,0.0,0.16666666666666666,1.0,6,0,0,0,0.5,0.0,3,2,0,328
3,2,0,1,0,0.8889,0.0,0.0,0.14285714285714285,1.0,7,0,0,0,0.5,0.0,3,2,0,329
1,0,0,1,0,1.0,0.125,1.0,0.125,1.0,8,1,0,1,0.5,0.125,3,2,0,330
3,1,0,0,0,0.125,0.0,0.0,0.0,0.0,0,0,0,0,0.0,0.0,2,3,0,331
3,1,0,0,1,0.25,0.0,0.0,0.0,0.0,1,0,0,0,0.0,0.0,2,3,0,332
3,6,1,0,1,0.375,0.0,0.0,0.5,1.0,2,0,0,0,0.5,0.0,2,3,0,333
1,1,0,0,0,0.5,0.0,0.0,0.6666666666666666,1.0,3,0,0,0,0.5,0.0,2,3,0,334
2,7,1,0,0,0.625,0.0,0.0,0.5,1.0,4,0,0,0,0.5,0.0,2,3,0,335
1,0,0,0,0,0.75,0.0,0.0,0.4,1.0,5,0,0,0,0.5,0.0,2,3,0,336
3,0,0,0,0,0.875,0.0,0.0,0.3333333333333333,1.0,6,0,0,0,0.5,0.0,2,3,0,337
1,1,0,0,1,1.0,0.0,0.0,0.2857142857142857,1.0,7,0,0,0,0.5,0.0,2,3,0,338
1,1,0,0,0,0.1,0.0,0.0,0.0,0.0,0,0,0,0,0.0,0.0,3,3,0,339
3,7,1,0,0,0.2,0.0,0.0,0.0,0.0,1,0,0,0,0.0,0.0,3,3,0,340
2,6,1,0,1,0.3,0.0,0.0,0.0,0.0,2,0,0,0,0.0,0.0,3,3,0,341
2,7,1,0,0,0.4,0.0,0.0,0.3333333333333333,1.0,3,0,0,0,0.5,0.0,3,3,0,342
1,7,1,0,0,0.5,0.0,0.0,0.25,1.0,4,0,0,0,0.5,0.0,3,3,0,343
2,0,0,0,0,0.6,0.0,0.0,0.2,1.0,5,0,0,0,0.5,0.0,3,3,0,344
2,6,1,0,1,0.7,0.0,0.0,0.16666666666666666,1.0,6,0,0,0,0.5,0.0,3,3,0,345
2,0,0,0,0,0.8,0.0,0.0,0.2857142857142857,1.0,7,0,0,0,0.5,0.0,3,3,0,346
3,7,1,0,1,0.9,0.0,0.0,0.25,1.0,8,0,0,0,0.5,0.0,3,3,0,347
3,7,1,0,0,1.0,0.0,0.0,0.3333333333333333,1.0,9,0,0,0,0.5,0.0,3,3,0,348
2,0,0,0,0,0.1,0.0,0.0,0.0,0.0,0,0,0,0,0.0,0.0,3,4,0,349
2,6,1,1,0,0.2,0.0,0.0,0.0,0.0,1,0,0,0,0.0,0.0,3,4,0,350
1,0,0,0,0,0.3,0.5,1.0,0.0,0.0,2,1,0,1,0.0,0.5,3,4,0,351
3,0,0,0,0,0.4,0.3333333333333333,1.0,0.0,0.0,3,1,0,1,0.0,0.3333333333333333,3,4,0,352
2,2,0,0,0,0.5,0.25,1.0,0.0,0.0,4,1,0,1,0.0,0.25,3,4,0,353
3,0,0,0,0,0.6,0.2,1.0,0.0,0.0,5,1,0,1,0.0,0.2,3,4,0,354
1,1,0,0,0,0.7,0.16666666666666666,1.0,0.0,0.0,6,1,0,1,0.0,0.16666666666666666,3,4,0,355
2,2,0,0,0,0.8,0.14285714285714285,1.0,0.0,0.0,7,1,0,1,0.0,0.14285714285714285,3,4,0,356
2,6,1,0,0,0.9,0.125,1.0,0.0,0.0,8,1,0,1,0.0,0.125,3,4,0,357
1,7,1,0,0,1.0,0.1111111111111111,1.0,0.0,0.0,9,1,0,1,0.0,0.1111111111111111,3,4,0,358
1,1,0,0,1,0.1429,0.0,0.0,0.0,0.0,0,0,0,0,0.0,0.0,3,2,0,359
3,1,0,0,0,0.2857,0.0,0.0,1.0,1.0,1,0,0,0,0.5,0.0,3,2,0,360
2,6,1,0,1,0.4286,0.0,0.0,0.5,1.0,2,0,0,0,0.5,0.0,3,2,0,361
3,1,0,0,0,0.5714,0.0,0.0,0.6666666666666666,1.0,3,0,0,0,0.5,0.0,3,2,0,362
3,1,0,0,1,0.7143,0.0,0.0,0.5,1.0,4,0,0,0,0.5,0.0,3,2,0,363
2,7,1,0,0,0.8571,0.0,0.0,0.6,1.0,5,0,0,0,0.5,0.0,3,2,0,364
3,6,1,0,0,1.0,0.0,0.0,0.5,1.0,6,0,0,0,0.5,0.0,3,2,0,365
1,6,1,0,0,0.1667,0.0,0.0,0.0,0.0,0,0,0,0,0.0,0.0,2,3,0,366
2,2,0,0,0,0.3333,0.0,0.0,0.0,0.0,1,0,0,0,0.0,0.0,2,3,0,367
2,6,1,0,0,0.5,0.0,0.0,0.0,0.0,2,0,0,0,0.0,0.0,2,3,0,368
3,7,1,0,0,0.6667,0.0,0.0,0.0,0.0,3,0,0,0,0.0,0.0,2,3,0,369
1,1,0,0,0,0.8333,0.0,0.0,0.0,0.0,4,0,0,0,0.0,0.0,2,3,0,370
2,7,1,0,0,1.0,0.0,0.0,0.0,0.0,5,0,0,0,0.0,0.0,2,3,0,371
3,2,0,1,0,0.25,0.0,0.0,0.0,0.0,0,0,0,0,0.0,0.0,0,4,0,372
3,0,0,0,0,0.5,1.0,1.0,0.0,0.0,1,1,0,1,0.0,1.0,0,4,0,373
3,1,0,1,1,0.75,0.5,1.0,0.0,0.0,2,1,0,1,0.0,0.5,0,4,0,374
1,6,1,0,1,1.0,0.6666666666666666,1.0,0.3333333333333333,1.0,3,2,0,2,0.5,0.6666666666666666,0,4,0,375
1,0,0,0,0,0.1,0.0,0.0,0.0,0.0,0,0,0,0,0.0,0.0,3,4,0,376
2,1,0,0,1,0.2,0.0,0.0,0.0,0.0,1,0,0,0,0.0,0.0,3,4,0,377
2,0,0,0,0,0.3,0.0,0.0,0.5,1.0,2,0,0,0,0.5,0.0,3,4,0,378
1,6,1,0,1,0.4,0.0,0.0,0.3333333333333333,1.0,3,0,0,0,0.5,0.0,3,4,0,379
1,2,0,0,0,0.5,0.0,0.0,0.5,1.0,4,0,0,0,0.5,0.0,3,4,0,380
1,7,1,0,0,0.6,0.0,0.0,0.4,1.0,5,0,0,0,0.5,0.0,3,4,0,381
2,7,1,1,1,0.7,0.0,0.0,0.3333333333333333,1.0,6,0,0,0,0.5,0.0,3,4,0,382
3,1,0,0,0,0.8,0.14285714285714285,1.0,0.42857142857142855,1.0,7,1,0,1,0.5,0.14285714285714285,3,4,0,383
2,6,1,0,1,0.9,0.125,1.0,0.375,1.0,8,1,0,1,0.5,0.125,3,4,0,384
2,1,0,0,0,1.0,0.1111111111111111,1.0,0.4444444444444444,1.0,9,1,0,1,0.5,0.1111111111111111,3,4,0,385
3,2,0,1,1,0.2,0.0,0.0,0.0,0.0,0,0,0,0,0.0,0.0,2,4,0,386
3,0,0,0,0,0.4,1.0,1.0,1.0,1.0,1,1,0,1,0.5,1.0,2,4,0,387
3,1,0,0,0,0.6,0.5,1.0,0.5,1.0,2,1,0,1,0.5,0.5,2,4,0,388
2,1,0,1,0,0.8,0.3333333333333333,1.0,0.3333333333333333,1.0,3,1,0,1,0.5,0.3333333333333333,2,4,0,389
2,7,1,1,0,1.0,0.5,1.0,0.25,1.0,4,2,0,2,0.5,0.5,2,4,0,390
3,2,0,1,1,0.1,0.0,0.0,0.0,0.0,0,0,0,0,0.0,0.0,0,3,0,391
2,2,0,0,0,0.2,1.0,1.0,1.0,1.0,1,1,0,1,0.5,1.0,0,3,0,392
2,0,0,0,0,0.3,0.5,1.0,0.5,1.0,2,1,0,1,0.5,0.5,0,3,0,393
1,0,0,1,0,0.4,0.3333333333333333,1.0,0.3333333333333333,1.0,3,1,0,1,0.5,0.3333333333333333,0,3,0,394
2,6,1,1,0,0.5,0.5,1.0,0.25,1.0,4,2,0,2,0.5,0.5,0,3,0,395
2,1,0,0,0,0.6,0.6,1.0,0.2,1.0,5,3,0,3,0.5,0.6,0,3,0,396
2,2,0,0,0,0.7,0.5,1.0,0.16666666666666666,1.0,6,3,0,3,0.5,0.5,0,3,0,397
1,6,1,1,1,0.8,0.42857142857142855,1.0,0.14285714285714285,1.0,7,3,0,3,0.5,0.42857142857142855,0,3,0,398
2,1,0,0,1,0.9,0.5,1.0,0.25,1.0,8,4,0,4,0.5,0.5,0,3,0,399
1,6,1,0,1,1.0,0.4444444444444444,1.0,0.3333333333333333,1.0,9,4,0,4,0.5,0.4444444444444444,0,3,0,400
3,0,0,0,1,0.1,0.0,0.0,0.0,0.0,0,0,0,0,0.0,0.0,3,2,0,401
1,1,0,0,1,0.2,0.0,0.0,1.0,1.0,1,0,0,0,0.5,0.0,3,2,0,402
2,2,0,0,0,0.3,0.0,0.0,1.0,1.0,2,0,0,0,0.5,0.0,3,2,0,403
2,2,0,1,0,0.4,0.0,0.0,0.6666666666666666,1.0,3,0,0,0,0.5,0.0,3,2,0,404
3,2,0,1,1,0.5,0.25,1.0,0.5,1.0,4,1,0,1,0.5,0.25,3,2,0,405
2,0,0,0,0,0.6,0.4,1.0,0.6,1.0,5,2,0,2,0.5,0.4,3,2,0,406
2,7,1,0,0,0.7,0.3333333333333333,1.0,0.5,1.0,6,2,0,2,0.5,0.3333333333333333,3,2,0,407
3,2,0,0,1,0.8,0.2857142857142857,1.0,0.42857142857142855,1.0,7,2,0,2,0.5,0.2857142857142857,3,2,0,408
2,6,1,0,0,0.9,0.25,1.0,0.5,1.0,8,2,0,2,0.5,0.25,3,2,0,409
3,0,0,0,0,1.0,0.2222222222222222,1.0,0.4444444444444444,1.0,9,2,0,2,0.5,0.2222222222222222,3,2,0,410
3,1,0,0,0,0.1429,0.0,0.0,0.0,0.0,0,0,0,0,0.0,0.0,2,2,0,411
3,6,1,0,0,0.2857,0.0,0.0,0.0,0.0,1,0,0,0,0.0,0.0,2,2,0,412
1,6,1,0,1,0.4286,0.0,0.0,0.0,0.0,2,0,0,0,0.0,0.0,2,2,0,413
1,7,1,0,0,0.5714,0.0,0.0,0.3333333333333333,1.0,3,0,0,0,0.5,0.0,2,2,0,414
3,1,0,0,1,0.7143,0.0,0.0,0.25,1.0,4,0,0,0,0.5,0.0,2,2,0,415
3,1,0,0,0,0.8571,0.0,0.0,0.4,1.0,5,0,0,0,0.5,0.0,2,2,0,416
3,7,1,0,0,1.0,0.0,0.0,0.3333333333333333,1.0,6,0,0,0,0.5,0.0,2,2,0,417
2,1,0,0,1,0.25,0.0,0.0,0.0,0.0,0,0,0,0,0.0,0.0,3,4,0,418
1,7,1,0,1,0.5,0.0,0.0,1.0,1.0,1,0,0,0,0.5,0.0,3,4,0,419
2,1,0,0,0,0.75,0.0,0.0,1.0,1.0,2,0,0,0,0.5,0.0,3,4,0,420
1,0,0,0,0,1.0,0.0,0.0,0.6666666666666666,1.0,3,0,0,0,0.5,0.0,3,4,0,421
3,2,0,0,1,0.1,0.0,0.0,0.0,0.0,0,0,0,0,0.0,0.0,2,3,0,422
1,6,1,0,0,0.2,0.0,0.0,1.0,1.0,1,0,0,0,0.5,0.0,2,3,0,423
3,0,0,0,1,0.3,0.0,0.0,0.5,1.0,2,0,0,0,0.5,0.0,2,3,0,424
2,2,0,1,1,0.4,0.0,0.0,0.6666666666666666,1.0,3,0,0,0,0.5,0.0,2,3,0,425
3,6,1,1,0,0.5,0.25,1.0,0.75,1.0,4,1,0,1,0.5,0.25,2,3,0,426
2,7,1,0,0,0.6,0.4,1.0,0.6,1.0,5,2,0,2,0.5,0.4,2,3,0,427
3,6,1,1,0,0.7,0.3333333333333333,1.0,0.5,1.0,6,2,0,2,0.5,0.3333333333333333,2,3,0,428
1,1,0,0,1,0.8,0.42857142857142855,1.0,0.42857142857142855,1.0,7,3,0,3,0.5,0.42857142857142855,2,3,0,429
3,7,1,0,0,0.9,0.375,1.0,0.5,1.0,8,3,0,3,0.5,0.375,2,3,0,430
2,6,1,0,0,1.0,0.3333333333333333,1.0,0.4444444444444444,1.0,9,3,0,3,0.5,0.3333333333333333,2,3,0,431
2,0,0,0,0,0.25,0.0,0.0,0.0,0.0,0,0,0,0,0.0,0.0,2,3,0,432
1,0,0,0,0,0.5,0.0,0.0,0.0,0.0,1,0,0,0,0.0,0.0,2,3,0,433
3,6,1,1,0,0.75,0.0,0.0,0.0,0.0,2,0,0,0,0.0,0.0,2,3,0,434
1,6,1,0,1,1.0,0.3333333333333333,1.0,0.0,0.0,3,1,0,1,0.0,0.3333333333333333,2,3,0,435
1,0,0,0,1,0.1111,0.0,0.0,0.0,0.0,0,0,0,0,0.0,0.0,3,2,0,436
1,0,0,0,0,0.2222,0.0,0.0,1.0,1.0,1,0,0,0,0.5,0.0,3,2,0,437
2,2,0,0,0,0.3333,0.0,0.0,0.5,1.0,2,0,0,0,0.5,0.0,3,2,0,438
2,7,1,0,1,0.4444,0.0,0.0,0.3333333333333333,1.0,3,0,0,0,0.5,0.0,3,2,0,439
1,7,1,0,0,0.5556,0.0,0.0,0.5,1.0,4,0,0,0,0.5,0.0,3,2,0,440
2,6,1,1,0,0.6667,0.0,0.0,0.4,1.0,5,0,0,0,0.5,0.0,3,2,0,441
1,1,0,0,0,0.7778,0.16666666666666666,1.0,0.3333333333333333,1.0,6,1,0,1,0.5,0.16666666666666666,3,2,0,442
1,7,1,0,0,0.8889,0.14285714285714285,1.0,0.2857142857142857,1.0,7,1,0,1,0.5,0.14285714285714285,3,2,0,443
2,1,0,0,1,1.0,0.125,1.0,0.25,1.0,8,1,0,1,0.5,0.125,3,2,0,444
1,0,0,0,0,0.1111,0.0,0.0,0.0,0.0,0,0,0,0,0.0,0.0,2,2,0,445
3,1,0,0,1,0.2222,0.0,0.0,0.0,0.0,1,0,0,0,0.0,0.0,2,2,0,446
2,1,0,0,0,0.3333,0.0,0.0,0.5,1.0,2,0,0,0,0.5,0.0,2,2,0,447
3,6,1,0,0,0.4444,0.0,0.0,0.3333333333333333,1.0,3,0,0,0,0.5,0.0,2,2,0,448
1,1,0,0,0,0.5556,0.0,0.0,0.25,1.0,4,0,0,0,0.5,0.0,2,2,0,449
3,0,0,1,1,0.6667,0.0,0.0,0.2,1.0,5,0,0,0,0.5,0.0,2,2,0,450
3,6,1,1,0,0.7778,0.16666666666666666,1.0,0.3333333333333333,1.0,6,1,0,1,0.5,0.16666666666666666,2,2,0,451
2,2,0,0,0,0.8889,0.2857142857142857,1.0,0.2857142857142857,1.0,7,2,0,2,0.5,0.2857142857142857,2,2,0,452
1,6,1,0,1,1.0,0.25,1.0,0.25,1.0,8,2,0,2,0.5,0.25,2,2,0,453
3,2,0,1,0,0.1429,0.0,0.0,0.0,0.0,0,0,0,0,0.0,0.0,1,4,0,454
1,0,0,1,0,0.2857,1.0,1.0,0.0,0.0,1,1,0,1,0.0,1.0,1,4,0,455
1,1,0,0,0,0.4286,1.0,1.0,0.0,0.0,2,2,0,2,0.0,1.0,1,4,0,456
1,6,1,0,0,0.5714,0.6666666666666666,1.0,0.0,0.0,3,2,0,2,0.0,0.6666666666666666,1,4,0,457
2,1,0,0,1,0.7143,0.5,1.0,0.0,0.0,4,2,0,2,0.0,0.5,1,4,0,458
1,0,0,0,0,0.8571,0.4,1.0,0.2,1.0,5,2,0,2,0.5,0.4,1,4,0,459
3,2,0,1,1,1.0,0.3333333333333333,1.0,0.16666666666666666,1.0,6,2,0,2,0.5,0.3333333333333333,1,4,0,460
3,6,1,0,1,0.2,0.0,0.0,0.0,0.0,0,0,0,0,0.0,0.0,2,3,0,461
2,6,1,0,0,0.4,0.0,0.0,1.0,1.0,1,0,0,0,0.5,0.0,2,3,0,462
3,2,0,0,0,0.6,0.0,0.0,0.5,1.0,2,0,0,0,0.5,0.0,2,3,0,463
3,0,0,0,0,0.8,0.0,0.0,0.3333333333333333,1.0,3,0,0,0,0.5,0.0,2,3,0,464
3,0,0,0,1,1.0,0.0,0.0,0.25,1.0,4,0,0,0,0.5,0.0,2,3,0,465
1,6,1,0,1,0.1,0.0,0.0,0.0,0.0,0,0,0,0,0.0,0.0,3,3,0,466
2,2,0,1,1,0.2,0.0,0.0,1.0,1.0,1,0,0,0,0.5,0.0,3,3,0,467
2,1,0,0,0,0.3,0.5,1.0,1.0,1.0,2,1,0,1,0.5,0.5,3,3,0,468
1,6,1,0,1,0.4,0.3333333333333333,1.0,0.6666666666666666,1.0,3,1,0,1,0.5,0.3333333333333333,3,3,0,469
3,7,1,0,0,0.5,0.25,1.0,0.75,1.0,4,1,0,1,0.5,0.25,3,3,0,470
2,2,0,1,0,0.6,0.2,1.0,0.6,1.0,5,1,0,1,0.5,0.2,3,3,0,471
3,1,0,0,0,0.7,0.3333333333333333,1.0,0.5,1.0,6,2,0,2,0.5,0.3333333333333333,3,3,0,472
1,7,1,0,0,0.8,0.2857142857142857,1.0,0.42857142857142855,1.0,7,2,0,2,0.5,0.2857142857142857,3,3,0,473
2,0,0,0,0,0.9,0.25,1.0,0.375,1.0,8,2,0,2,0.5,0.25,3,3,0,474
2,6,1,0,0,1.0,0.2222222222222222,1.0,0.3333333333333333,1.0,9,2,0,2,0.5,0.2222222222222222,3,3,0,475
3,7,1,0,0,0.1,0.0,0.0,0.0,0.0,0,0,0,0,0.0,0.0,3,3,0,476
2,7,1,0,0,0.2,0.0,0.0,0.0,0.0,1,0,0,0,0.0,0.0,3,3,0,477
3,2,0,0,0,0.3,0.0,0.0,0.0,0.0,2,0,0,0,0.0,0.0,3,3,0,478
3,7,1,0,0,0.4,0.0,0.0,0.0,0.0,3,0,0,0,0.0,0.0,3,3,0,479
3,7,1,0,1,0.5,0.0,0.0,0.0,0.0,4,0,0,0,0.0,0.0,3,3,0,480
1,1,0,0,0,0.6,0.0,0.0,0.2,1.0,5,0,0,0,0.5,0.0,3,3,0,481
2,2,0,0,0,0.7,0.0,0.0,0.16666666666666666,1.0,6,0,0,0,0.5,0.0,3,3,0,482
2,2,0,1,1,0.8,0.0,0.0,0.14285714285714285,1.0,7,0,0,0,0.5,0.0,3,3,0,483
3,7,1,0,1,0.9,0.125,1.0,0.25,1.0,8,1,0,1,0.5,0.125,3,3,0,484
3,0,0,1,1,1.0,0.1111111111111111,1.0,0.3333333333333333,1.0,9,1,0,1,0.5,0.1111111111111111,3,3,0,485
2,6,1,0,0,0.2,0.0,0.0,0.0,0.0,0,0,0,0,0.0,0.0,1,2,0,486
1,7,1,1,1,0.4,0.0,0.0,0.0,0.0,1,0,0,0,0.0,0.0,1,2,0,487
1,6,1,0,0,0.6,0.5,1.0,0.5,1.0,2,1,0,1,0.5,0.5,1,2,0,488
3,6,1,1,1,0.8,0.3333333333333333,1.0,0.3333333333333333,1.0,3,1,0,1,0.5,0.3333333333333333,1,2,0,489
2,2,0,0,1,1.0,0.5,1.0,0.5,1.0,4,2,0,2,0.5,0.5,1,2,0,490
3,2,0,0,0,0.1111,0.0,0.0,0.0,0.0,0,0,0,0,0.0,0.0,1,3,0,491
1,1,0,0,0,0.2222,0.0,0.0,0.0,0.0,1,0,0,0,0.0,0.0,1,3,0,492
2,1,0,0,1,0.3333,0.0,0.0,0.0,0.0,2,0,0,0,0.0,0.0,1,3,0,493
3,2,0,0,1,0.4444,0.0,0.0,0.3333333333333333,1.0,3,0,0,0,0.5,0.0,1,3,0,494
3,2,0,0,0,0.5556,0.0,0.0,0.5,1.0,4,0,0,0,0.5,0.0,1,3,0,495
2,2,0,1,0,0.6667,0.0,0.0,0.4,1.0,5,0,0,0,0.5,0.0,1,3,0,496
1,6,1,0,0,0.7778,0.16666666666666666,1.0,0.3333333333333333,1.0,6,1,0,1,0.5,0.16666666666666666,1,3,0,497
2,1,0,0,0,0.8889,0.14285714285714285,1.0,0.2857142857142857,1.0,7,1,0,1,0.5,0.14285714285714285,1,3,0,498
3,7,1,0,1,1.0,0.125,1.0,0.25,1.0,8,1,0,1,0.5,0.125,1,3,0,499
2,6,1,1,0,0.25,0.0,0.0,0.0,0.0,0,0,0,0,0.0,0.0,1,4,0,500
1,2,0,0,0,0.5,1.0,1.0,0.0,0.0,1,1,0,1,0.0,1.0,1,4,0,501
3,0,0,0,1,0.75,0.5,1.0,0.0,0.0,2,1,0,1,0.0,0.5,1,4,0,502
3,6,1,0,0,1.0,0.3333333333333333,1.0,0.3333333333333333,1.0,3,1,0,1,0.5,0.3333333333333333,1,4,0,503
3,7,1,0,0,0.125,0.0,0.0,0.0,0.0,0,0,0,0,0.0,0.0,0,2,0,504
3,2,0,1,0,0.25,0.0,0.0,0.0,0.0,1,0,0,0,0.0,0.0,0,2,0,505
1,6,1,0,0,0.375,0.5,1.0,0.0,0.0,2,1,0,1,0.0,0.5,0,2,0,506
3,0,0,0,0,0.5,0.3333333333333333,1.0,0.0,0.0,3,1,0,1,0.0,0.3333333333333333,0,2,0,507
2,0,0,0,0,0.625,0.25,1.0,0.0,0.0,4,1,0,1,0.0,0.25,0,2,0,508
2,0,0,0,1,0.75,0.2,1.0,0.0,0.0,5,1,0,1,0.0,0.2,0,2,0,509
3,0,0,0,1,0.875,0.16666666666666666,1.0,0.16666666666666666,1.0,6,1,0,1,0.5,0.16666666666666666,0,2,0,510
3,1,0,1,0,1.0,0.14285714285714285,1.0,0.2857142857142857,1.0,7,1,0,1,0.5,0.14285714285714285,0,2,0,511
1,0,0,0,1,0.1,0.0,0.0,0.0,0.0,0,0,0,0,0.0,0.0,2,2,0,512
2,7,1,0,0,0.2,0.0,0.0,1.0,1.0,1,0,0,0,0.5,0.0,2,2,0,513
2,0,0,0,0,0.3,0.0,0.0,0.5,1.0,2,0,0,0,0.5,0.0,2,2,0,514
1,2,0,0,0,0.4,0.0,0.0,0.3333333333333333,1.0,3,0,0,0,0.5,0.0,2,2,0,515
1,7,1,0,0,0.5,0.0,0.0,0.25,1.0,4,0,0,0,0.5,0.0,2,2,0,516
2,2,0,1,1,0.6,0.0,0.0,0.2,1.0,5,0,0,0,0.5,0.0,2,2,0,517
3,7,1,0,1,0.7,0.16666666666666666,1.0,0.3333333333333333,1.0,6,1,0,1,0.5,0.16666666666666666,2,2,0,518
1,1,0,0,0,0.8,0.14285714285714285,1.0,0.42857142857142855,1.0,7,1,0,1,0.5,0.14285714285714285,2,2,0,519
1,2,0,1,1,0.9,0.125,1.0,0.375,1.0,8,1,0,1,0.5,0.125,2,2,0,520
2,6,1,0,1,1.0,0.2222222222222222,1.0,0.4444444444444444,1.0,9,2,0,2,0.5,0.2222222222222222,2,2,0,521
2,6,1,1,0,0.1667,0.0,0.0,0.0,0.0,0,0,0,0,0.0,0.0,0,2,0,522
3,1,0,0,0,0.3333,1.0,1.0,0.0,0.0,1,1,0,1,0.0,1.0,0,2,0,523
1,0,0,1,1,0.5,0.5,1.0,0.0,0.0,2,1,0,1,0.0,0.5,0,2,0,524
3,0,0,0,0,0.6667,0.6666666666666666,1.0,0.3333333333333333,1.0,3,2,0,2,0.5,0.6666666666666666,0,2,0,525
1,6,1,1,0,0.8333,0.5,1.0,0.25,1.0,4,2,0,2,0.5,0.5,0,2,0,526
3,0,0,0,0,1.0,0.6,1.0,0.2,1.0,5,3,0,3,0.5,0.6,0,2,0,527
1,2,0,0,0,0.1667,0.0,0.0,0.0,0.0,0,0,0,0,0.0,0.0,1,4,0,528
2,2,0,0,0,0.3333,0.0,0.0,0.0,0.0,1,0,0,0,0.0,0.0,1,4,0,529
2,6,1,0,0,0.5,0.0,0.0,0.0,0.0,2,0,0,0,0.0,0.0,1,4,0,530
1,6,1,0,0,0.6667,0.0,0.0,0.0,0.0,3,0,0,0,0.0,0.0,1,4,0,531
3,1,0,1,0,0.8333,0.0,0.0,0.0,0.0,4,0,0,0,0.0,0.0,1,4,0,532
1,6,1,0,1,1.0,0.2,1.0,0.0,0.0,5,1,0,1,0.0,0.2,1,4,0,533
3,0,0,1,1,0.125,0.0,0.0,0.0,0.0,0,0,0,0,0.0,0.0,2,4,0,534
2,1,0,0,1,0.25,1.0,1.0,1.0,1.0,1,1,0,1,0.5,1.0,2,4,0,535
3,0,0,0,0,0.375,0.5,1.0,1.0,1.0,2,1,0,1,0.5,0.5,2,4,0,536
2,0,0,0,0,0.5,0.3333333333333333,1.0,0.6666666666666666,1.0,3,1,0,1,0.5,0.3333333333333333,2,4,0,537
1,0,0,1,0,0.625,0.25,1.0,0.5,1.0,4,1,0,1,0.5,0.25,2,4,0,538
2,0,0,1,1,0.75,0.4,1.0,0.4,1.0,5,2,0,2,0.5,0.4,2,4,0,539
3,0,0,0,0,0.875,0.5,1.0,0.5,1.0,6,3,0,3,0.5,0.5,2,4,0,540
2,0,0,0,0,1.0,0.42857142857142855,1.0,0.42857142857142855,1.0,7,3,0,3,0.5,0.42857142857142855,2,4,0,541
3,0,0,0,0,0.2,0.0,0.0,0.0,0.0,0,0,0,0,0.0,0.0,1,3,0,542
3,0,0,0,0,0.4,0.0,0.0,0.0,0.0,1,0,0,0,0.0,0.0,1,3,0,543
3,0,0,1,1,0.6,0.0,0.0,0.0,0.0,2,0,0,0,0.0,0.0,1,3,0,544
3,6,1,0,0,0.8,0.3333333333333333,1.0,0.3333333333333333,1.0,3,1,0,1,0.5,0.3333333333333333,1,3,0,545
2,1,0,0,0,1.0,0.25,1.0,0.25,1.0,4,1,0,1,0.5,0.25,1,3,0,546
3,0,0,0,0,0.1,0.0,0.0,0.0,0.0,0,0,0,0,0.0,0.0,2,4,0,547
2,2,0,0,0,0.2,0.0,0.0,0.0,0.0,1,0,0,0,0.0,0.0,2,4,0,548
2,2,0,0,1,0.3,0.0,0.0,0.0,0.0,2,0,0,0,0.0,0.0,2,4,0,549
3,6,1,0,0,0.4,0.0,0.0,0.3333333333333333,1.0,3,0,0,0,0.5,0.0,2,4,0,550
1,2,0,1,0,0.5,0.0,0.0,0.25,1.0,4,0,0,0,0.5,0.0,2,4,0,551
3,1,0,0,0,0.6,0.2,1.0,0.2,1.0,5,1,0,1,0.5,0.2,2,4,0,552
1,2,0,0,0,0.7,0.16666666666666666,1.0,0.16666666666666666,1.0,6,1,0,1,0.5,0.16666666666666666,2,4,0,553
3,6,1,0,1,0.8,0.14285714285714285,1.0,0.14285714285714285,1.0,7,1,0,1,0.5,0.14285714285714285,2,4,0,554
2,0,0,0,0,0.9,0.125,1.0,0.25,1.0,8,1,0,1,0.5,0.125,2,4,0,555
1,7,1,0,0,1.0,0.1111111111111111,1.0,0.2222222222222222,1.0,9,1,0,1,0.5,0.1111111111111111,2,4,0,556
2,2,0,1,1,0.2,0.0,0.0,0.0,0.0,0,0,0,0,0.0,0.0,2,4,0,557
2,0,0,0,1,0.4,1.0,1.0,1.0,1.0,1,1,0,1,0.5,1.0,2,4,0,558
1,2,0,0,1,0.6,0.5,1.0,1.0,1.0,2,1,0,1,0.5,0.5,2,4,0,559
2,7,1,0,1,0.8,0.3333333333333333,1.0,1.0,1.0,3,1,0,1,0.5,0.3333333333333333,2,4,0,560
3,2,0,0,1,1.0,0.25,1.0,1.0,1.0,4,1,0,1,0.5,0.25,2,4,0,561
3,7,1,0,0,0.1429,0.0,0.0,0.0,0.0,0,0,0,0,0.0,0.0,2,3,0,562
1,2,0,0,0,0.2857,0.0,0.0,0.0,0.0,1,0,0,0,0.0,0.0,2,3,0,563
2,6,1,0,1,0.4286,0.0,0.0,0.0,0.0,2,0,0,0,0.0,0.0,2,3,0,564
1,0,0,0,0,0.5714,0.0,0.0,0.3333333333333333,1.0,3,0,0,0,0.5,0.0,2,3,0,565
1,0,0,0,0,0.7143,0.0,0.0,0.25,1.0,4,0,0,0,0.5,0.0,2,3,0,566
2,2,0,0,0,0.8571,0.0,0.0,0.2,1.0,5,0,0,0,0.5,0.0,2,3,0,567
3,6,1,0,0,1.0,0.0,0.0,0.16666666666666666,1.0,6,0,0,0,0.5,0.0,2,3,0,568
3,0,0,1,0,0.1429,0.0,0.0,0.0,0.0,0,0,0,0,0.0,0.0,0,4,0,569
1,2,0,0,0,0.2857,1.0,1.0,0.0,0.0,1,1,0,1,0.0,1.0,0,4,0,570
3,1,0,0,0,0.4286,0.5,1.0,0.0,0.0,2,1,0,1,0.0,0.5,0,4,0,571
3,6,1,0,0,0.5714,0.3333333333333333,1.0,0.0,0.0,3,1,0,1,0.0,0.3333333333333333,0,4,0,572
1,1,0,0,0,0.7143,0.25,1.0,0.0,0.0,4,1,0,1,0.0,0.25,0,4,0,573
2,7,1,0,0,0.8571,0.2,1.0,0.0,0.0,5,1,0,1,0.0,0.2,0,4,0,574
3,1,0,0,1,1.0,0.16666666666666666,1.0,0.0,0.0,6,1,0,1,0.0,0.16666666666666666,0,4,0,575
2,0,0,0,1,0.1667,0.0,0.0,0.0,0.0,0,0,0,0,0.0,0.0,2,3,0,576
3,1,0,0,1,0.3333,0.0,0.0,1.0,1.0,1,0,0,0,0.5,0.0,2,3,0,577
3,0,0,0,0,0.5,0.0,0.0,1.0,1.0,2,0,0,0,0.5,0.0,2,3,0,578
3,6,1,0,0,0.6667,0.0,0.0,0.6666666666666666,1.0,3,0,0,0,0.5,0.0,2,3,0,579
1,1,0,0,0,0.8333,0.0,0.0,0.5,1.0,4,0,0,0,0.5,0.0,2,3,0,580
1,0,0,0,0,1.0,0.0,0.0,0.4,1.0,5,0,0,0,0.5,0.0,2,3,0,581
3,7,1,1,0,0.1667,0.0,0.0,0.0,0.0,0,0,0,0,0.0,0.0,2,4,0,582
1,6,1,0,0,0.3333,1.0,1.0,0.0,0.0,1,1,0,1,0.0,1.0,2,4,0,583
3,7,1,0,1,0.5,0.5,1.0,0.0,0.0,2,1,0,1,0.0,0.5,2,4,0,584
3,7,1,1,0,0.6667,0.3333333333333333,1.0,0.3333333333333333,1.0,3,1,0,1,0.5,0.3333333333333333,2,4,0,585
1,7,1,0,0,0.8333,0.5,1.0,0.25,1.0,4,2,0,2,0.5,0.5,2,4,0,586
3,2,0,1,0,1.0,0.4,1.0,0.2,1.0,5,2,0,2,0.5,0.4,2,4,0,587
3,0,0,0,1,0.125,0.0,0.0,0.0,0.0,0,0,0,0,0.0,0.0,3,4,0,588
1,7,1,0,0,0.25,0.0,0.0,1.0,1.0,1,0,0,0,0.5,0.0,3,4,0,589
2,7,1,0,0,0.375,0.0,0.0,0.5,1.0,2,0,0,0,0.5,0.0,3,4,0,590
3,1,0,0,1,0.5,0.0,0.0,0.3333333333333333,1.0,3,0,0,0,0.5,0.0,3,4,0,591
1,0,0,0,0,0.625,0.0,0.0,0.5,1.0,4,0,0,0,0.5,0.0,3,4,0,592
2,7,1,1,1,0.75,0.0,0.0,0.4,1.0,5,0,0,0,0.5,0.0,3,4,0,593
1,7,1,0,0,0.875,0.16666666666666666,1.0,0.5,1.0,6,1,0,1,0.5,0.16666666666666666,3,4,0,594
3,7,1,1,1,1.0,0.14285714285714285,1.0,0.42857142857142855,1.0,7,1,0,1,0.5,0.14285714285714285,3,4,0,595
2,2,0,0,0,0.1111,0.0,0.0,0.0,0.0,0,0,0,0,0.0,0.0,2,4,0,596
3,7,1,0,1,0.2222,0.0,0.0,0.0,0.0,1,0,0,0,0.0,0.0,2,4,0,597
3,7,1,0,0,0.3333,0.0,0.0,0.5,1.0,2,0,0,0,0.5,0.0,2,4,0,598
2,6,1,1,0,0.4444,0.0,0.0,0.3333333333333333,1.0,3,0,0,0,0.5,0.0,2,4,0,599
1,7,1,0,0,0.5556,0.25,1.0,0.25,1.0,4,1,0,1,0.5,0.25,2,4,0,600
3,1,0,0,1,0.6667,0.2,1.0,0.2,1.0,5,1,0,1,0.5,0.2,2,4,0,601
3,6,1,0,0,0.7778,0.16666666666666666,1.0,0.3333333333333333,1.0,6,1,0,1,0.5,0.16666666666666666,2,4,0,602
1,6,1,1,0,0.8889,0.14285714285714285,1.0,0.2857142857142857,1.0,7,1,0,1,0.5,0.14285714285714285,2,4,0,603
3,6,1,0,0,1.0,0.25,1.0,0.25,1.0,8,2,0,2,0.5,0.25,2,4,0,604
1,6,1,0,0,0.1,0.0,0.0,0.0,0.0,0,0,0,0,0.0,0.0,0,2,0,605
2,2,0,0,0,0.2,0.0,0.0,0.0,0.0,1,0,0,0,0.0,0.0,0,2,0,606
2,2,0,1,0,0.3,0.0,0.0,0.0,0.0,2,0,0,0,0.0,0.0,0,2,0,607
3,1,0,0,1,0.4,0.3333333333333333,1.0,0.0,0.0,3,1,0,1,0.0,0.3333333333333333,0,2,0,608
1,2,0,1,0,0.5,0.25,1.0,0.25,1.0,4,1,0,1,0.5,0.25,0,2,0,609
3,6,1,0,0,0.6,0.4,1.0,0.2,1.0,5,2,0,2,0.5,0.4,0,2,0,610
2,2,0,0,1,0.7,0.3333333333333333,1.0,0.16666666666666666,1.0,6,2,0,2,0.5,0.3333333333333333,0,2,0,611
3,7,1,1,0,0.8,0.2857142857142857,1.0,0.2857142857142857,1.0,7,2,0,2,0.5,0.2857142857142857,0,2,0,612
2,7,1,0,1,0.9,0.375,1.0,0.25,1.0,8,3,0,3,0.5,0.375,0,2,0,613
1,7,1,0,0,1.0,0.3333333333333333,1.0,0.3333333333333333,1.0,9,3,0,3,0.5,0.3333333333333333,0,2,0,614
2,1,0,0,1,0.1111,0.0,0.0,0.0,0.0,0,0,0,0,0.0,0.0,1,4,0,615
3,7,1,0,0,0.2222,0.0,0.0,1.0,1.0,1,0,0,0,0.5,0.0,1,4,0,616
3,6,1,1,0,0.3333,0.0,0.0,0.5,1.0,2,0,0,0,0.5,0.0,1,4,0,617
2,6,1,0,0,0.4444,0.3333333333333333,1.0,0.3333333333333333,1.0,3,1,0,1,0.5,0.3333333333333333,1,4,0,618
1,0,0,0,0,0.5556,0.25,1.0,0.25,1.0,4,1,0,1,0.5,0.25,1,4,0,619
1,6,1,0,1,0.6667,0.2,1.0,0.2,1.0,5,1,0,1,0.5,0.2,1,4,0,620
1,7,1,0,1,0.7778,0.16666666666666666,1.0,0.3333333333333333,1.0,6,1,0,1,0.5,0.16666666666666666,1,4,0,621
2,1,0,0,1,0.8889,0.14285714285714285,1.0,0.42857142857142855,1.0,7,1,0,1,0.5,0.14285714285714285,1,4,0,622
3,1,0,0,0,1.0,0.125,1.0,0.5,1.0,8,1,0,1,0.5,0.125,1,4,0,623
1,0,0,0,0,0.1667,0.0,0.0,0.0,0.0,0,0,0,0,0.0,0.0,3,4,0,624
2,6,1,0,0,0.3333,0.0,0.0,0.0,0.0,1,0,0,0,0.0,0.0,3,4,0,625
2,1,0,1,1,0.5,0.0,0.0,0.0,0.0,2,0,0,0,0.0,0.0,3,4,0,626
3,6,1,1,0,0.6667,0.3333333333333333,1.0,0.3333333333333333,1.0,3,1,0,1,0.5,0.3333333333333333,3,4,0,627
1,6,1,0,0,0.8333,0.5,1.0,0.25,1.0,4,2,0,2,0.5,0.5,3,4,0,628
2,6,1,0,0,1.0,0.4,1.0,0.2,1.0,5,2,0,2,0.5,0.4,3,4,0,629
1,0,0,0,1,0.2,0.0,0.0,0.0,0.0,0,0,0,0,0.0,0.0,3,2,0,630
1,7,1,1,1,0.4,0.0,0.0,1.0,1.0,1,0,0,0,0.5,0.0,3,2,0,631
3,2,0,0,1,0.6,0.5,1.0,1.0,1.0,2,1,0,1,0.5,0.5,3,2,0,632
1,2,0,0,0,0.8,0.3333333333333333,1.0,1.0,1.0,3,1,0,1,0.5,0.3333333333333333,3,2,0,633
1,2,0,1,0,1.0,0.25,1.0,0.75,1.0,4,1,0,1,0.5,0.25,3,2,0,634
1,6,1,0,1,0.1429,0.0,0.0,0.0,0.0,0,0,0,0,0.0,0.0,3,3,0,635
2,1,0,0,0,0.2857,0.0,0.0,1.0,1.0,1,0,0,0,0.5,0.0,3,3,0,636
2,0,0,1,0,0.4286,0.0,0.0,0.5,1.0,2,0,0,0,0.5,0.0,3,3,0,637
3,0,0,0,0,0.5714,0.3333333333333333,1.0,0.3333333333333333,1.0,3,1,0,1,0.5,0.3333333333333333,3,3,0,638
2,1,0,0,0,0.7143,0.25,1.0,0.25,1.0,4,1,0,1,0.5,0.25,3,3,0,639
3,6,1,0,0,0.8571,0.2,1.0,0.2,1.0,5,1,0,1,0.5,0.2,3,3,0,640
3,7,1,0,0,1.0,0.16666666666666666,1.0,0.16666666666666666,1.0,6,1,0,1,0.5,0.16666666666666666,3,3,0,641
1,7,1,0,1,0.25,0.0,0.0,0.0,0.0,0,0,0,0,0.0,0.0,1,2,0,642
1,0,0,0,0,0.5,0.0,0.0,1.0,1.0,1,0,0,0,0.5,0.0,1,2,0,643
3,1,0,0,0,0.75,0.0,0.0,0.5,1.0,2,0,0,0,0.5,0.0,1,2,0,644
1,7,1,0,0,1.0,0.0,0.0,0.3333333333333333,1.0,3,0,0,0,0.5,0.0,1,2,0,645
3,1,0,1,0,0.1429,0.0,0.0,0.0,0.0,0,0,0,0,0.0,0.0,3,2,0,646
3,0,0,0,0,0.2857,1.0,1.0,0.0,0.0,1,1,0,1,0.0,1.0,3,2,0,647
2,7,1,0,0,0.4286,0.5,1.0,0.0,0.0,2,1,0,1,0.0,0.5,3,2,0,648
2,2,0,0,0,0.5714,0.3333333333333333,1.0,0.0,0.0,3,1,0,1,0.0,0.3333333333333333,3,2,0,649
1,2,0,1,0,0.7143,0.25,1.0,0.0,0.0,4,1,0,1,0.0,0.25,3,2,0,650
1,0,0,0,1,0.8571,0.4,1.0,0.0,0.0,5,2,0,2,0.0,0.4,3,2,0,651
1,7,1,0,0,1.0,0.3333333333333333,1.0,0.16666666666666666,1.0,6,2,0,2,0.5,0.3333333333333333,3,2,0,652
1,2,0,0,0,0.1429,0.0,0.0,0.0,0.0,0,0,0,0,0.0,0.0,3,3,0,653
1,0,0,1,0,0.2857,0.0,0.0,0.0,0.0,1,0,0,0,0.0,0.0,3,3,0,654
3,0,0,1,0,0.4286,0.5,1.0,0.0,0.0,2,1,0,1,0.0,0.5,3,3,0,655
1,7,1,1,0,0.5714,0.6666666666666666,1.0,0.0,0.0,3,2,0,2,0.0,0.6666666666666666,3,3,0,656
1,6,1,0,0,0.7143,0.75,1.0,0.0,0.0,4,3,0,3,0.0,0.75,3,3,0,657
2,7,1,0,1,0.8571,0.6,1.0,0.0,0.0,5,3,0,3,0.0,0.6,3,3,0,658
1,2,0,0,1,1.0,0.5,1.0,0.16666666666666666,1.0,6,3,0,3,0.5,0.5,3,3,0,659
1,2,0,0,0,0.1429,0.0,0.0,0.0,0.0,0,0,0,0,0.0,0.0,2,4,0,660
3,0,0,1,1,0.2857,0.0,0.0,0.0,0.0,1,0,0,0,0.0,0.0,2,4,0,661
2,1,0,0,1,0.4286,0.5,1.0,0.5,1.0,2,1,0,1,0.5,0.5,2,4,0,662
1,1,0,0,0,0.5714,0.3333333333333333,1.0,0.6666666666666666,1.0,3,1,0,1,0.5,0.3333333333333333,2,4,0,663
3,7,1,0,1,0.7143,0.25,1.0,0.5,1.0,4,1,0,1,0.5,0.25,2,4,0,664
2,0,0,0,1,0.8571,0.2,1.0,0.6,1.0,5,1,0,1,0.5,0.2,2,4,0,665
1,1,0,0,0,1.0,0.16666666666666666,1.0,0.6666666666666666,1.0,6,1,0,1,0.5,0.16666666666666666,2,4,0,666
2,6,1,0,1,0.1429,0.0,0.0,0.0,0.0,0,0,0,0,0.0,0.0,0,3,0,667
3,0,0,0,1,0.2857,0.0,0.0,1.0,1.0,1,0,0,0,0.5,0.0,0,3,0,668
2,2,0,0,1,0.4286,0.0,0.0,1.0,1.0,2,0,0,0,0.5,0.0,0,3,0,669
1,7,1,0,0,0.5714,0.0,0.0,1.0,1.0,3,0,0,0,0.5,0.0,0,3,0,670
1,6,1,0,0,0.7143,0.0,0.0,0.75,1.0,4,0,0,0,0.5,0.0,0,3,0,671
1,0,0,1,0,0.8571,0.0,0.0,0.6,1.0,5,0,0,0,0.5,0.0,0,3,0,672
2,7,1,0,0,1.0,0.16666666666666666,1.0,0.5,1.0,6,1,0,1,0.5,0.16666666666666666,0,3,0,673
2,1,0,0,0,0.1667,0.0,0.0,0.0,0.0,0,0,0,0,0.0,0.0,2,3,0,674
2,6,1,0,0,0.3333,0.0,0.0,0.0,0.0,1,0,0,0,0.0,0.0,2,3,0,675
1,2,0,1,0,0.5,0.0,0.0,0.0,0.0,2,0,0,0,0.0,0.0,2,3,0,676
3,0,0,1,0,0.6667,0.3333333333333333,1.0,0.0,0.0,3,1,0,1,0.0,0.3333333333333333,2,3,0,677
2,6,1,0,0,0.8333,0.5,1.0,0.0,0.0,4,2,0,2,0.0,0.5,2,3,0,678
2,2,0,0,0,1.0,0.4,1.0,0.0,0.0,5,2,0,2,0.0,0.4,2,3,0,679
3,6,1,0,0,0.125,0.0,0.0,0.0,0.0,0,0,0,0,0.0,0.0,2,4,0,680
2,2,0,0,1,0.25,0.0,0.0,0.0,0.0,1,0,0,0,0.0,0.0,2,4,0,681
2,0,0,0,1,0.375,0.0,0.0,0.5,1.0,2,0,0,0,0.5,0.0,2,4,0,682
1,0,0,0,0,0.5,0.0,0.0,0.6666666666666666,1.0,3,0,0,0,0.5,0.0,2,4,0,683
3,6,1,1,0,0.625,0.0,0.0,0.5,1.0,4,0,0,0,0.5,0.0,2,4,0,684
1,6,1,0,1,0.75,0.2,1.0,0.4,1.0,5,1,0,1,0.5,0.2,2,4,0,685
1,6,1,0,1,0.875,0.16666666666666666,1.0,0.5,1.0,6,1,0,1,0.5,0.16666666666666666,2,4,0,686
2,6,1,0,0,1.0,0.14285714285714285,1.0,0.5714285714285714,1.0,7,1,0,1,0.5,0.14285714285714285,2,4,0,687
1,6,1,0,0,0.1667,0.0,0.0,0.0,0.0,0,0,0,0,0.0,0.0,3,4,0,688
1,2,0,0,0,0.3333,0.0,0.0,0.0,0.0,1,0,0,0,0.0,0.0,3,4,0,689
2,2,0,0,1,0.5,0.0,0.0,0.0,0.0,2,0,0,0,0.0,0.0,3,4,0,690
3,7,1,0,1,0.6667,0.0,0.0,0.3333333333333333,1.0,3,0,0,0,0.5,0.0,3,4,0,691
1,6,1,0,0,0.8333,0.0,0.0,0.5,1.0,4,0,0,0,0.5,0.0,3,4,0,692
1,0,0,1,0,1.0,0.0,0.0,0.4,1.0,5,0,0,0,0.5,0.0,3,4,0,693
2,7,1,0,0,0.1667,0.0,0.0,0.0,0.0,0,0,0,0,0.0,0.0,1,4,0,694
1,0,0,0,1,0.3333,0.0,0.0,0.0,0.0,1,0,0,0,0.0,0.0,1,4,0,695
1,7,1,0,0,0.5,0.0,0.0,0.5,1.0,2,0,0,0,0.5,0.0,1,4,0,696
1,1,0,0,0,0.6667,0.0,0.0,0.3333333333333333,1.0,3,0,0,0,0.5,0.0,1,4,0,697
2,2,0,0,1,0.8333,0.0,0.0,0.25,1.0,4,0,0,0,0.5,0.0,1,4,0,698
3,6,1,0,1,1.0,0.0,0.0,0.4,1.0,5,0,0,0,0.5,0.0,1,4,0,699
3,2,0,1,1,0.1,0.0,0.0,0.0,0.0,0,0,0,0,0.0,0.0,2,3,0,700
3,1,0,0,0,0.2,1.0,1.0,1.0,1.0,1,1,0,1,0.5,1.0,2,3,0,701
1,7,1,0,0,0.3,0.5,1.0,0.5,1.0,2,1,0,1,0.5,0.5,2,3,0,702
1,7,1,0,0,0.4,0.3333333333333333,1.0,0.3333333333333333,1.0,3,1,0,1,0.5,0.3333333333333333,2,3,0,703
3,6,1,0,0,0.5,0.25,1.0,0.25,1.0,4,1,0,1,0.5,0.25,2,3,0,704
1,6,1,0,1,0.6,0.2,1.0,0.2,1.0,5,1,0,1,0.5,0.2,2,3,0,705
2,7,1,0,1,0.7,0.16666666666666666,1.0,0.3333333333333333,1.0,6,1,0,1,0.5,0.16666666666666666,2,3,0,706
3,1,0,0,0,0.8,0.14285714285714285,1.0,0.42857142857142855,1.0,7,1,0,1,0.5,0.14285714285714285,2,3,0,707
3,1,0,0,0,0.9,0.125,1.0,0.375,1.0,8,1,0,1,0.5,0.125,2,3,0,708
2,0,0,1,0,1.0,0.1111111111111111,1.0,0.3333333333333333,1.0,9,1,0,1,0.5,0.1111111111111111,2,3,0,709
1,0,0,0,1,0.1,0.0,0.0,0.0,0.0,0,0,0,0,0.0,0.0,0,3,0,710
1,6,1,0,0,0.2,0.0,0.0,1.0,1.0,1,0,0,0,0.5,0.0,0,3,0,711
3,7,1,0,0,0.3,0.0,0.0,0.5,1.0,2,0,0,0,0.5,0.0,0,3,0,712
2,2,0,0,0,0.4,0.0,0.0,0.3333333333333333,1.0,3,0,0,0,0.5,0.0,0,3,0,713
3,7,1,1,0,0.5,0.0,0.0,0.25,1.0,4,0,0,0,0.5,0.0,0,3,0,714
3,2,0,0,0,0.6,0.2,1.0,0.2,1.0,5,1,0,1,0.5,0.2,0,3,0,715
1,1,0,0,0,0.7,0.16666666666666666,1.0,0.16666666666666666,1.0,6,1,0,1,0.5,0.16666666666666666,0,3,0,716
2,0,0,0,0,0.8,0.14285714285714285,1.0,0.14285714285714285,1.0,7,1,0,1,0.5,0.14285714285714285,0,3,0,717
1,7,1,0,0,0.9,0.125,1.0,0.125,1.0,8,1,0,1,0.5,0.125,0,3,0,718
1,2,0,0,0,1.0,0.1111111111111111,1.0,0.1111111111111111,1.0,9,1,0,1,0.5,0.1111111111111111,0,3,0,719
3,6,1,0,0,0.1667,0.0,0.0,0.0,0.0,0,0,0,0,0.0,0.0,2,3,0,720
3,0,0,0,1,0.3333,0.0,0.0,0.0,0.0,1,0,0,0,0.0,0.0,2,3,0,721
3,7,1,0,0,0.5,0.0,0.0,0.5,1.0,2,0,0,0,0.5,0.0,2,3,0,722
2,0,0,1,0,0.6667,0.0,0.0,0.3333333333333333,1.0,3,0,0,0,0.5,0.0,2,3,0,723
2,2,0,0,0,0.8333,0.25,1.0,0.25,1.0,4,1,0,1,0.5,0.25,2,3,0,724
3,1,0,0,0,1.0,0.2,1.0,0.2,1.0,5,1,0,1,0.5,0.2,2,3,0,725
2,0,0,1,1,0.2,0.0,0.0,0.0,0.0,0,0,0,0,0.0,0.0,1,3,0,726
3,2,0,0,0,0.4,1.0,1.0,1.0,1.0,1,1,0,1,0.5,1.0,1,3,0,727
3,1,0,0,0,0.6,0.5,1.0,0.5,1.0,2,1,0,1,0.5,0.5,1,3,0,728
3,7,1,0,0,0.8,0.3333333333333333,1.0,0.3333333333333333,1.0,3,1,0,1,0.5,0.3333333333333333,1,3,0,729
1,1,0,1,1,1.0,0.25,1.0,0.25,1.0,4,1,0,1,0.5,0.25,1,3,0,730
1,2,0,0,0,0.2,0.0,0.0,0.0,0.0,0,0,0,0,0.0,0.0,0,2,0,731
3,7,1,0,0,0.4,0.0,0.0,0.0,0.0,1,0,0,0,0.0,0.0,0,2,0,732
2,0,0,0,1,0.6,0.0,0.0,0.0,0.0,2,0,0,0,0.0,0.0,0,2,0,733
1,6,1,0,0,0.8,0.0,0.0,0.3333333333333333,1.0,3,0,0,0,0.5,0.0,0,2,0,734
2,2,0,0,0,1.0,0.0,0.0,0.25,1.0,4,0,0,0,0.5,0.0,0,2,0,735
2,2,0,0,0,0.125,0.0,0.0,0.0,0.0,0,0,0,0,0.0,0.0,3,4,0,736
2,2,0,0,0,0.25,0.0,0.0,0.0,0.0,1,0,0,0,0.0,0.0,3,4,0,737
2,2,0,0,0,0.375,0.0,0.0,0.0,0.0,2,0,0,0,0.0,0.0,3,4,0,738
3,2,0,0,0,0.5,0.0,0.0,0.0,0.0,3,0,0,0,0.0,0.0,3,4,0,739
2,2,0,0,0,0.625,0.0,0.0,0.0,0.0,4,0,0,0,0.0,0.0,3,4,0,740
3,6,1,0,0,0.75,0.0,0.0,0.0,0.0,5,0,0,0,0.0,0.0,3,4,0,741
2,7,1,1,1,0.875,0.0,0.0,0.0,0.0,6,0,0,0,0.0,0.0,3,4,0,742
2,1,0,0,0,1.0,0.14285714285714285,1.0,0.14285714285714285,1.0,7,1,0,1,0.5,0.14285714285714285,3,4,0,743
3,2,0,0,0,0.1667,0.0,0.0,0.0,0.0,0,0,0,0,0.0,0.0,0,4,0,744
3,1,0,0,0,0.3333,0.0,0.0,0.0,0.0,1,0,0,0,0.0,0.0,0,4,0,745
1,1,0,0,0,0.5,0.0,0.0,0.0,0.0,2,0,0,0,0.0,0.0,0,4,0,746
1,0,0,0,0,0.6667,0.0,0.0,0.0,0.0,3,0,0,0,0.0,0.0,0,4,0,747
2,2,0,0,0,0.8333,0.0,0.0,0.0,0.0,4,0,0,0,0.0,0.0,0,4,0,748
1,6,1,0,0,1.0,0.0,0.0,0.0,0.0,5,0,0,0,0.0,0.0,0,4,0,749
2,1,0,0,0,0.25,0.0,0.0,0.0,0.0,0,0,0,0,0.0,0.0,1,2,0,750
1,2,0,1,1,0.5,0.0,0.0,0.0,0.0,1,0,0,0,0.0,0.0,1,2,0,751
1,2,0,0,0,0.75,0.5,1.0,0.5,1.0,2,1,0,1,0.5,0.5,1,2,0,752
2,2,0,1,0,1.0,0.3333333333333333,1.0,0.3333333333333333,1.0,3,1,0,1,0.5,0.3333333333333333,1,2,0,753
3,0,0,0,1,0.125,0.0,0.0,0.0,0.0,0,0,0,0,0.0,0.0,1,3,0,754
1,2,0,0,1,0.25,0.0,0.0,1.0,1.0,1,0,0,0,0.5,0.0,1,3,0,755
3,0,0,0,0,0.375,0.0,0.0,1.0,1.0,2,0,0,0,0.5,0.0,1,3,0,756
3,0,0,1,0,0.5,0.0,0.0,0.6666666666666666,1.0,3,0,0,0,0.5,0.0,1,3,0,757
1,2,0,0,0,0.625,0.25,1.0,0.5,1.0,4,1,0,1,0.5,0.25,1,3,0,758
2,7,1,0,1,0.75,0.2,1.0,0.4,1.0,5,1,0,1,0.5,0.2,1,3,0,759
1,7,1,0,0,0.875,0.16666666666666666,1.0,0.5,1.0,6,1,0,1,0.5,0.16666666666666666,1,3,0,760
3,0,0,0,1,1.0,0.14285714285714285,1.0,0.42857142857142855,1.0,7,1,0,1,0.5,0.14285714285714285,1,3,0,761
3,1,0,0,0,0.25,0.0,0.0,0.0,0.0,0,0,0,0,0.0,0.0,1,4,0,762
1,1,0,0,0,0.5,0.0,0.0,0.0,0.0,1,0,0,0,0.0,0.0,1,4,0,763
2,2,0,0,1,0.75,0.0,0.0,0.0,0.0,2,0,0,0,0.0,0.0,1,4,0,764
1,0,0,0,0,1.0,0.0,0.0,0.3333333333333333,1.0,3,0,0,0,0.5,0.0,1,4,0,765
2,6,1,0,0,0.1667,0.0,0.0,0.0,0.0,0,0,0,0,0.0,0.0,3,3,0,766
3,6,1,0,1,0.3333,0.0,0.0,0.0,0.0,1,0,0,0,0.0,0.0,3,3,0,767
2,6,1,1,1,0.5,0.0,0.0,0.5,1.0,2,0,0,0,0.5,0.0,3,3,0,768
1,0,0,0,0,0.6667,0.3333333333333333,1.0,0.6666666666666666,1.0,3,1,0,1,0.5,0.3333333333333333,3,3,0,769
1,7,1,0,1,0.8333,0.25,1.0,0.5,1.0,4,1,0,1,0.5,0.25,3,3,0,770
3,7,1,0,0,1.0,0.2,1.0,0.6,1.0,5,1,0,1,0.5,0.2,3,3,0,771
3,0,0,1,0,0.1111,0.0,0.0,0.0,0.0,0,0,0,0,0.0,0.0,2,3,0,772
3,6,1,1,0,0.2222,1.0,1.0,0.0,0.0,1,1,0,1,0.0,1.0,2,3,0,773
2,1,0,1,1,0.3333,1.0,1.0,0.0,0.0,2,2,0,2,0.0,1.0,2,3,0,774
2,7,1,0,1,0.4444,1.0,1.0,0.3333333333333333,1.0,3,3,0,3,0.5,1.0,2,3,0,775
3,2,0,0,1,0.5556,0.75,1.0,0.5,1.0,4,3,0,3,0.5,0.75,2,3,0,776
3,2,0,0,0,0.6667,0.6,1.0,0.6,1.0,5,3,0,3,0.5,0.6,2,3,0,777
2,0,0,0,0,0.7778,0.5,1.0,0.5,1.0,6,3,0,3,0.5,0.5,2,3,0,778
3,2,0,1,0,0.8889,0.42857142857142855,1.0,0.42857142857142855,1.0,7,3,0,3,0.5,0.42857142857142855,2,3,0,779
1,0,0,0,1,1.0,0.5,1.0,0.375,1.0,8,4,0,4,0.5,0.5,2,3,0,780
2,6,1,0,0,0.2,0.0,0.0,0.0,0.0,0,0,0,0,0.0,0.0,0,4,0,781
1,2,0,1,0,0.4,0.0,0.0,0.0,0.0,1,0,0,0,0.0,0.0,0,4,0,782
1,1,0,0,1,0.6,0.5,1.0,0.0,0.0,2,1,0,1,0.0,0.5,0,4,0,783
2,6,1,0,0,0.8,0.3333333333333333,1.0,0.3333333333333333,1.0,3,1,0,1,0.5,0.3333333333333333,0,4,0,784
3,0,0,0,0,1.0,0.25,1.0,0.25,1.0,4,1,0,1,0.5,0.25,0,4,0,785
3,0,0,0,1,0.1,0.0,0.0,0.0,0.0,0,0,0,0,0.0,0.0,2,3,0,786
3,2,0,0,0,0.2,0.0,0.0,1.0,1.0,1,0,0,0,0.5,0.0,2,3,0,787
2,1,0,0,0,0.3,0.0,0.0,0.5,1.0,2,0,0,0,0.5,0.0,2,3,0,788
2,7,1,1,0,0.4,0.0,0.0,0.3333333333333333,1.0,3,0,0,0,0.5,0.0,2,3,0,789
2,1,0,0,1,0.5,0.25,1.0,0.25,1.0,4,1,0,1,0.5,0.25,2,3,0,790
3,2,0,0,1,0.6,0.2,1.0,0.4,1.0,5,1,0,1,0.5,0.2,2,3,0,791
2,0,0,1,1,0.7,0.16666666666666666,1.0,0.5,1.0,6,1,0,1,0.5,0.16666666666666666,2,3,0,792
1,0,0,0,0,0.8,0.2857142857142857,1.0,0.5714285714285714,1.0,7,2,0,2,0.5,0.2857142857142857,2,3,0,793
1,7,1,0,0,0.9,0.25,1.0,0.5,1.0,8,2,0,2,0.5,0.25,2,3,0,794
3,1,0,1,0,1.0,0.2222222222222222,1.0,0.4444444444444444,1.0,9,2,0,2,0.5,0.2222222222222222,2,3,0,795
1,1,0,0,1,0.2,0.0,0.0,0.0,0.0,0,0,0,0,0.0,0.0,0,2,0,796
2,2,0,0,0,0.4,0.0,0.0,1.0,1.0,1,0,0,0,0.5,0.0,0,2,0,797
2,7,1,0,0,0.6,0.0,0.0,0.5,1.0,2,0,0,0,0.5,0.0,0,2,0,798
3,0,0,0,1,0.8,0.0,0.0,0.3333333333333333,1.0,3,0,0,0,0.5,0.0,0,2,0,799
1,0,0,0,0,1.0,0.0,0.0,0.5,1.0,4,0,0,0,0.5,0.0,0,2,0,800
2,7,1,0,1,0.1111,0.0,0.0,0.0,0.0,0,0,0,0,0.0,0.0,0,4,0,801
1,7,1,0,0,0.2222,0.0,0.0,1.0,1.0,1,0,0,0,0.5,0.0,0,4,0,802
3,1,0,0,1,0.3333,0.0,0.0,0.5,1.0,2,0,0,0,0.5,0.0,0,4,0,803
2,6,1,0,0,0.4444,0.0,0.0,0.6666666666666666,1.0,3,0,0,0,0.5,0.0,0,4,0,804
2,0,0,1,0,0.5556,0.0,0.0,0.5,1.0,4,0,0,0,0.5,0.0,0,4,0,805
3,2,0,0,0,0.6667,0.2,1.0,0.4,1.0,5,1,0,1,0.5,0.2,0,4,0,806
2,7,1,0,0,0.7778,0.16666666666666666,1.0,0.3333333333333333,1.0,6,1,0,1,0.5,0.16666666666666666,0,4,0,807
3,2,0,0,0,0.8889,0.14285714285714285,1.0,0.2857142857142857,1.0,7,1,0,1,0.5,0.14285714285714285,0,4,0,808
1,6,1,0,0,1.0,0.125,1.0,0.25,1.0,8,1,0,1,0.5,0.125,0,4,0,809
2,7,1,0,0,0.2,0.0,0.0,0.0,0.0,0,0,0,0,0.0,0.0,3,3,0,810
1,6,1,0,0,0.4,0.0,0.0,0.0,0.0,1,0,0,0,0.0,0.0,3,3,0,811
1,2,0,0,0,0.6,0.0,0.0,0.0,0.0,2,0,0,0,0.0,0.0,3,3,0,812
1,7,1,0,0,0.8,0.0,0.0,0.0,0.0,3,0,0,0,0.0,0.0,3,3,0,813
2,0,0,0,0,1.0,0.0,0.0,0.0,0.0,4,0,0,0,0.0,0.0,3,3,0,814
3,1,0,0,0,0.1429,0.0,0.0,0.0,0.0,0,0,0,0,0.0,0.0,3,3,0,815
1,7,1,1,0,0.2857,0.0,0.0,0.0,0.0,1,0,0,0,0.0,0.0,3,3,0,816
2,1,0,1,0,0.4286,0.5,1.0,0.0,0.0,2,1,0,1,0.0,0.5,3,3,0,817
3,7,1,0,0,0.5714,0.6666666666666666,1.0,0.0,0.0,3,2,0,2,0.0,0.6666666666666666,3,3,0,818
1,2,0,0,0,0.7143,0.5,1.0,0.0,0.0,4,2,0,2,0.0,0.5,3,3,0,819
1,1,0,0,0,0.8571,0.4,1.0,0.0,0.0,5,2,0,2,0.0,0.4,3,3,0,820
1,0,0,0,0,1.0,0.3333333333333333,1.0,0.0,0.0,6,2,0,2,0.0,0.3333333333333333,3,3,0,821
3,1,0,1,0,0.125,0.0,0.0,0.0,0.0,0,0,0,0,0.0,0.0,3,3,0,822
1,2,0,0,0,0.25,1.0,1.0,0.0,0.0,1,1,0,1,0.0,1.0,3,3,0,823
2,1,0,0,0,0.375,0.5,1.0,0.0,0.0,2,1,0,1,0.0,0.5,3,3,0,824
2,6,1,1,0,0.5,0.3333333333333333,1.0,0.0,0.0,3,1,0,1,0.0,0.3333333333333333,3,3,0,825
1,6,1,0,0,0.625,0.5,1.0,0.0,0.0,4,2,0,2,0.0,0.5,3,3,0,826
1,1,0,0,1,0.75,0.4,1.0,0.0,0.0,5,2,0,2,0.0,0.4,3,3,0,827
2,0,0,0,1,0.875,0.3333333333333333,1.0,0.16666666666666666,1.0,6,2,0,2,0.5,0.3333333333333333,3,3,0,828
1,2,0,1,1,1.0,0.2857142857142857,1.0,0.2857142857142857,1.0,7,2,0,2,0.5,0.2857142857142857,3,3,0,829
2,0,0,0,1,0.1429,0.0,0.0,0.0,0.0,0,0,0,0,0.0,0.0,2,3,0,830
1,7,1,0,0,0.2857,0.0,0.0,1.0,1.0,1,0,0,0,0.5,0.0,2,3,0,831
3,7,1,0,0,0.4286,0.0,0.0,0.5,1.0,2,0,0,0,0.5,0.0,2,3,0,832
3,1,0,0,0,0.5714,0.0,0.0,0.3333333333333333,1.0,3,0,0,0,0.5,0.0,2,3,0,833
1,2,0,1,1,0.7143,0.0,0.0,0.25,1.0,4,0,0,0,0.5,0.0,2,3,0,834
1,6,1,1,0,0.8571,0.2,1.0,0.4,1.0,5,1,0,1,0.5,0.2,2,3,0,835
1,7,1,0,0,1.0,0.3333333333333333,1.0,0.3333333333333333,1.0,6,2,0,2,0.5,0.3333333333333333,2,3,0,836
2,1,0,0,1,0.25,0.0,0.0,0.0,0.0,0,0,0,0,0.0,0.0,2,2,0,837
1,1,0,1,1,0.5,0.0,0.0,1.0,1.0,1,0,0,0,0.5,0.0,2,2,0,838
2,0,0,0,0,0.75,0.5,1.0,1.0,1.0,2,1,0,1,0.5,0.5,2,2,0,839
3,7,1,1,0,1.0,0.3333333333333333,1.0,0.6666666666666666,1.0,3,1,0,1,0.5,0.3333333333333333,2,2,0,840
2,7,1,0,1,0.1,0.0,0.0,0.0,0.0,0,0,0,0,0.0,0.0,2,3,0,841
3,1,0,0,0,0.2,0.0,0.0,1.0,1.0,1,0,0,0,0.5,0.0,2,3,0,842
3,1,0,0,1,0.3,0.0,0.0,0.5,1.0,2,0,0,0,0.5,0.0,2,3,0,843
2,7,1,0,0,0.4,0.0,0.0,0.6666666666666666,1.0,3,0,0,0,0.5,0.0,2,3,0,844
1,1,0,0,0,0.5,0.0,0.0,0.5,1.0,4,0,0,0,0.5,0.0,2,3,0,845
1,0,0,0,0,0.6,0.0,0.0,0.4,1.0,5,0,0,0,0.5,0.0,2,3,0,846
2,1,0,0,1,0.7,0.0,0.0,0.3333333333333333,1.0,6,0,0,0,0.5,0.0,2,3,0,847
1,0,0,0,1,0.8,0.0,0.0,0.42857142857142855,1.0,7,0,0,0,0.5,0.0,2,3,0,848
2,2,0,0,0,0.9,0.0,0.0,0.5,1.0,8,0,0,0,0.5,0.0,2,3,0,849
1,0,0,0,0,1.0,0.0,0.0,0.4444444444444444,1.0,9,0,0,0,0.5,0.0,2,3,0,850
1,2,0,0,0,0.1429,0.0,0.0,0.0,0.0,0,0,0,0,0.0,0.0,2,4,0,851
1,2,0,0,0,0.2857,0.0,0.0,0.0,0.0,1,0,0,0,0.0,0.0,2,4,0,852
2,0,0,0,1,0.4286,0.0,0.0,0.0,0.0,2,0,0,0,0.0,0.0,2,4,0,853
3,7,1,0,0,0.5714,0.0,0.0,0.3333333333333333,1.0,3,0,0,0,0.5,0.0,2,4,0,854
1,2,0,0,0,0.7143,0.0,0.0,0.25,1.0,4,0,0,0,0.5,0.0,2,4,0,855
3,0,0,0,1,0.8571,0.0,0.0,0.2,1.0,5,0,0,0,0.5,0.0,2,4,0,856
2,1,0,0,0,1.0,0.0,0.0,0.3333333333333333,1.0,6,0,0,0,0.5,0.0,2,4,0,857
3,1,0,1,1,0.25,0.0,0.0,0.0,0.0,0,0,0,0,0.0,0.0,3,2,0,858
3,0,0,0,0,0.5,1.0,1.0,1.0,1.0,1,1,0,1,0.5,1.0,3,2,0,859
3,7,1,0,1,0.75,0.5,1.0,0.5,1.0,2,1,0,1,0.5,0.5,3,2,0,860
3,1,0,0,0,1.0,0.3333333333333333,1.0,0.6666666666666666,1.0,3,1,0,1,0.5,0.3333333333333333,3,2,0,861
3,7,1,0,1,0.1429,0.0,0.0,0.0,0.0,0,0,0,0,0.0,0.0,3,4,0,862
3,2,0,0,0,0.2857,0.0,0.0,1.0,1.0,1,0,0,0,0.5,0.0,3,4,0,863
3,6,1,0,1,0.4286,0.0,0.0,0.5,1.0,2,0,0,0,0.5,0.0,3,4,0,864
2,7,1,0,1,0.5714,0.0,0.0,0.6666666666666666,1.0,3,0,0,0,0.5,0.0,3,4,0,865
3,0,0,0,0,0.7143,0.0,0.0,0.75,1.0,4,0,0,0,0.5,0.0,3,4,0,866
3,7,1,0,0,0.8571,0.0,0.0,0.6,1.0,5,0,0,0,0.5,0.0,3,4,0,867
2,7,1,0,1,1.0,0.0,0.0,0.5,1.0,6,0,0,0,0.5,0.0,3,4,0,868
3,1,0,0,0,0.25,0.0,0.0,0.0,0.0,0,0,0,0,0.0,0.0,1,2,0,869
3,0,0,1,0,0.5,0.0,0.0,0.0,0.0,1,0,0,0,0.0,0.0,1,2,0,870
1,7,1,0,0,0.75,0.5,1.0,0.0,0.0,2,1,0,1,0.0,0.5,1,2,0,871
1,6,1,0,0,1.0,0.3333333333333333,1.0,0.0,0.0,3,1,0,1,0.0,0.3333333333333333,1,2,0,872
1,0,0,0,0,0.125,0.0,0.0,0.0,0.0,0,0,0,0,0.0,0.0,3,4,0,873
3,7,1,0,0,0.25,0.0,0.0,0.0,0.0,1,0,0,0,0.0,0.0,3,4,0,874
1,2,0,1,1,0.375,0.0,0.0,0.0,0.0,2,0,0,0,0.0,0.0,3,4,0,875
3,2,0,0,0,0.5,0.3333333333333333,1.0,0.3333333333333333,1.0,3,1,0,1,0.5,0.3333333333333333,3,4,0,876
2,6,1,0,1,0.625,0.25,1.0,0.25,1.0,4,1,0,1,0.5,0.25,3,4,0,877
3,1,0,0,1,0.75,0.2,1.0,0.4,1.0,5,1,0,1,0.5,0.2,3,4,0,878
3,6,1,0,0,0.875,0.16666666666666666,1.0,0.5,1.0,6,1,0,1,0.5,0.16666666666666666,3,4,0,879
3,0,0,0,0,1.0,0.14285714285714285,1.0,0.42857142857142855,1.0,7,1,0,1,0.5,0.14285714285714285,3,4,0,880
3,7,1,0,1,0.1111,0.0,0.0,0.0,0.0,0,0,0,0,0.0,0.0,2,4,0,881
1,6,1,0,0,0.2222,0.0,0.0,1.0,1.0,1,0,0,0,0.5,0.0,2,4,0,882
1,0,0,0,1,0.3333,0.0,0.0,0.5,1.0,2,0,0,0,0.5,0.0,2,4,0,883
2,0,0,0,0,0.4444,0.0,0.0,0.6666666666666666,1.0,3,0,0,0,0.5,0.0,2,4,0,884
1,6,1,0,1,0.5556,0.0,0.0,0.5,1.0,4,0,0,0,0.5,0.0,2,4,0,885
3,6,1,0,0,0.6667,0.0,0.0,0.6,1.0,5,0,0,0,0.5,0.0,2,4,0,886
2,0,0,0,1,0.7778,0.0,0.0,0.5,1.0,6,0,0,0,0.5,0.0,2,4,0,887
2,7,1,0,1,0.8889,0.0,0.0,0.5714285714285714,1.0,7,0,0,0,0.5,0.0,2,4,0,888
1,0,0,0,0,1.0,0.0,0.0,0.625,1.0,8,0,0,0,0.5,0.0,2,4,0,889
2,0,0,0,0,0.1429,0.0,0.0,0.0,0.0,0,0,0,0,0.0,0.0,3,4,0,890
2,7,1,0,0,0.2857,0.0,0.0,0.0,0.0,1,0,0,0,0.0,0.0,3,4,0,891
2,2,0,0,0,0.4286,0.0,0.0,0.0,0.0,2,0,0,0,0.0,0.0,3,4,0,892
3,1,0,0,1,0.5714,0.0,0.0,0.0,0.0,3,0,0,0,0.0,0.0,3,4,0,893
2,0,0,0,1,0.7143,0.0,0.0,0.25,1.0,4,0,0,0,0.5,0.0,3,4,0,894
1,0,0,0,1,0.8571,0.0,0.0,0.4,1.0,5,0,0,0,0.5,0.0,3,4,0,895
3,6,1,0,0,1.0,0.0,0.0,0.5,1.0,6,0,0,0,0.5,0.0,3,4,0,896
2,7,1,0,0,0.25,0.0,0.0,0.0,0.0,0,0,0,0,0.0,0.0,0,2,0,897
3,0,0,0,0,0.5,0.0,0.0,0.0,0.0,1,0,0,0,0.0,0.0,0,2,0,898
2,0,0,1,0,0.75,0.0,0.0,0.0,0.0,2,0,0,0,0.0,0.0,0,2,0,899
1,1,0,0,0,1.0,0.3333333333333333,1.0,0.0,0.0,3,1,0,1,0.0,0.3333333333333333,0,2,0,900
1,7,1,0,0,0.1667,0.0,0.0,0.0,0.0,0,0,0,0,0.0,0.0,2,3,0,901
1,7,1,0,0,0.3333,0.0,0.0,0.0,0.0,1,0,0,0,0.0,0.0,2,3,0,902
2,1,0,1,0,0.5,0.0,0.0,0.0,0.0,2,0,0,0,0.0,0.0,2,3,0,903
2,7,1,0,1,0.6667,0.3333333333333333,1.0,0.0,0.0,3,1,0,1,0.0,0.3333333333333333,2,3,0,904
2,6,1,0,1,0.8333,0.25,1.0,0.25,1.0,4,1,0,1,0.5,0.25,2,3,0,905
3,1,0,0,1,1.0,0.2,1.0,0.4,1.0,5,1,0,1,0.5,0.2,2,3,0,906
2,6,1,0,0,0.1667,0.0,0.0,0.0,0.0,0,0,0,0,0.0,0.0,2,4,0,907
2,6,1,1,1,0.3333,0.0,0.0,0.0,0.0,1,0,0,0,0.0,0.0,2,4,0,908
1,7,1,0,0,0.5,0.5,1.0,0.5,1.0,2,1,0,1,0.5,0.5,2,4,0,909
2,6,1,0,0,0.6667,0.3333333333333333,1.0,0.3333333333333333,1.0,3,1,0,1,0.5,0.3333333333333333,2,4,0,910
3,6,1,0,1,0.8333,0.25,1.0,0.25,1.0,4,1,0,1,0.5,0.25,2,4,0,911
1,6,1,0,0,1.0,0.2,1.0,0.4,1.0,5,1,0,1,0.5,0.2,2,4,0,912
3,0,0,0,1,0.2,0.0,0.0,0.0,0.0,0,0,0,0,0.0,0.0,3,3,0,913
3,2,0,0,0,0.4,0.0,0.0,1.0,1.0,1,0,0,0,0.5,0.0,3,3,0,914
3,2,0,0,1,0.6,0.0,0.0,0.5,1.0,2,0,0,0,0.5,0.0,3,3,0,915
1,1,0,0,0,0.8,0.0,0.0,0.6666666666666666,1.0,3,0,0,0,0.5,0.0,3,3,0,916
1,0,0,0,0,1.0,0.0,0.0,0.5,1.0,4,0,0,0,0.5,0.0,3,3,0,917
2,0,0,0,1,0.1429,0.0,0.0,0.0,0.0,0,0,0,0,0.0,0.0,2,2,0,918
3,0,0,0,0,0.2857,0.0,0.0,1.0,1.0,1,0,0,0,0.5,0.0,2,2,0,919
1,7,1,1,0,0.4286,0.0,0.0,0.5,1.0,2,0,0,0,0.5,0.0,2,2,0,920
1,1,0,0,1,0.5714,0.3333333333333333,1.0,0.3333333333333333,1.0,3,1,0,1,0.5,0.3333333333333333,2,2,0,921
3,6,1,0,1,0.7143,0.25,1.0,0.5,1.0,4,1,0,1,0.5,0.25,2,2,0,922
2,0,0,0,0,0.8571,0.2,1.0,0.6,1.0,5,1,0,1,0.5,0.2,2,2,0,923
2,1,0,0,1,1.0,0.16666666666666666,1.0,0.5,1.0,6,1,0,1,0.5,0.16666666666666666,2,2,0,924
2,7,1,1,1,0.125,0.0,0.0,0.0,0.0,0,0,0,0,0.0,0.0,3,3,0,925
2,0,0,0,0,0.25,1.0,1.0,1.0,1.0,1,1,0,1,0.5,1.0,3,3,0,926
2,6,1,0,1,0.375,0.5,1.0,0.5,1.0,2,1,0,1,0.5,0.5,3,3,0,927
1,6,1,0,0,0.5,0.3333333333333333,1.0,0.6666666666666666,1.0,3,1,0,1,0.5,0.3333333333333333,3,3,0,928
2,1,0,0,0,0.625,0.25,1.0,0.5,1.0,4,1,0,1,0.5,0.25,3,3,0,929
1,6,1,0,0,0.75,0.2,1.0,0.4,1.0,5,1,0,1,0.5,0.2,3,3,0,930
1,2,0,0,0,0.875,0.16666666666666666,1.0,0.3333333333333333,1.0,6,1,0,1,0.5,0.16666666666666666,3,3,0,931
3,0,0,0,1,1.0,0.14285714285714285,1.0,0.2857142857142857,1.0,7,1,0,1,0.5,0.14285714285714285,3,3,0,932
2,7,1,0,1,0.1429,0.0,0.0,0.0,0.0,0,0,0,0,0.0,0.0,1,2,0,933
3,7,1,0,0,0.2857,0.0,0.0,1.0,1.0,1,0,0,0,0.5,0.0,1,2,0,934
2,1,0,0,0,0.4286,0.0,0.0,0.5,1.0,2,0,0,0,0.5,0.0,1,2,0,935
2,6,1,1,0,0.5714,0.0,0.0,0.3333333333333333,1.0,3,0,0,0,0.5,0.0,1,2,0,936
2,6,1,0,1,0.7143,0.25,1.0,0.25,1.0,4,1,0,1,0.5,0.25,1,2,0,937
1,1,0,0,1,0.8571,0.2,1.0,0.4,1.0,5,1,0,1,0.5,0.2,1,2,0,938
2,2,0,0,0,1.0,0.16666666666666666,1.0,0.5,1.0,6,1,0,1,0.5,0.16666666666666666,1,2,0,939
1,2,0,1,0,0.1429,0.0,0.0,0.0,0.0,0,0,0,0,0.0,0.0,0,3,0,940
1,1,0,0,1,0.2857,1.0,1.0,0.0,0.0,1,1,0,1,0.0,1.0,0,3,0,941
2,6,1,0,1,0.4286,0.5,1.0,0.5,1.0,2,1,0,1,0.5,0.5,0,3,0,942
1,0,0,0,0,0.5714,0.3333333333333333,1.0,0.6666666666666666,1.0,3,1,0,1,0.5,0.3333333333333333,0,3,0,943
2,6,1,0,0,0.7143,0.25,1.0,0.5,1.0,4,1,0,1,0.5,0.25,0,3,0,944
1,7,1,1,0,0.8571,0.2,1.0,0.4,1.0,5,1,0,1,0.5,0.2,0,3,0,945
1,7,1,0,1,1.0,0.3333333333333333,1.0,0.3333333333333333,1.0,6,2,0,2,0.5,0.3333333333333333,0,3,0,946
1,0,0,1,0,0.1,0.0,0.0,0.0,0.0,0,0,0,0,0.0,0.0,3,2,0,947
3,1,0,0,0,0.2,1.0,1.0,0.0,0.0,1,1,0,1,0.0,1.0,3,2,0,948
1,1,0,1,0,0.3,0.5,1.0,0.0,0.0,2,1,0,1,0.0,0.5,3,2,0,949
2,1,0,1,0,0.4,0.6666666666666666,1.0,0.0,0.0,3,2,0,2,0.0,0.6666666666666666,3,2,0,950
2,2,0,1,0,0.5,0.75,1.0,0.0,0.0,4,3,0,3,0.0,0.75,3,2,0,951
1,0,0,0,0,0.6,0.8,1.0,0.0,0.0,5,4,0,4,0.0,0.8,3,2,0,952
3,1,0,0,1,0.7,0.6666666666666666,1.0,0.0,0.0,6,4,0,4,0.0,0.6666666666666666,3,2,0,953
2,1,0,0,0,0.8,0.5714285714285714,1.0,0.14285714285714285,1.0,7,4,0,4,0.5,0.5714285714285714,3,2,0,954
1,6,1,0,0,0.9,0.5,1.0,0.125,1.0,8,4,0,4,0.5,0.5,3,2,0,955
2,2,0,0,0,1.0,0.4444444444444444,1.0,0.1111111111111111,1.0,9,4,0,4,0.5,0.4444444444444444,3,2,0,956
3,0,0,0,0,0.1667,0.0,0.0,0.0,0.0,0,0,0,0,0.0,0.0,0,3,0,957
3,7,1,0,1,0.3333,0.0,0.0,0.0,0.0,1,0,0,0,0.0,0.0,0,3,0,958
3,6,1,0,1,0.5,0.0,0.0,0.5,1.0,2,0,0,0,0.5,0.0,0,3,0,959
2,7,1,1,0,0.6667,0.0,0.0,0.6666666666666666,1.0,3,0,0,0,0.5,0.0,0,3,0,960
1,0,0,0,1,0.8333,0.25,1.0,0.5,1.0,4,1,0,1,0.5,0.25,0,3,0,961
3,2,0,0,0,1.0,0.2,1.0,0.6,1.0,5,1,0,1,0.5,0.2,0,3,0,962
2,6,1,0,0,0.1111,0.0,0.0,0.0,0.0,0,0,0,0,0.0,0.0,2,4,0,963
1,0,0,0,1,0.2222,0.0,0.0,0.0,0.0,1,0,0,0,0.0,0.0,2,4,0,964
2,6,1,0,0,0.3333,0.0,0.0,0.5,1.0,2,0,0,0,0.5,0.0,2,4,0,965
3,2,0,0,0,0.4444,0.0,0.0,0.3333333333333333,1.0,3,0,0,0,0.5,0.0,2,4,0,966
1,6,1,0,0,0.5556,0.0,0.0,0.25,1.0,4,0,0,0,0.5,0.0,2,4,0,967
3,1,0,0,1,0.6667,0.0,0.0,0.2,1.0,5,0,0,0,0.5,0.0,2,4,0,968
1,0,0,0,0,0.7778,0.0,0.0,0.3333333333333333,1.0,6,0,0,0,0.5,0.0,2,4,0,969
1,6,1,0,1,0.8889,0.0,0.0,0.2857142857142857,1.0,7,0,0,0,0.5,0.0,2,4,0,970
1,6,1,0,0,1.0,0.0,0.0,0.375,1.0,8,0,0,0,0.5,0.0,2,4,0,971
1,7,1,0,0,0.25,0.0,0.0,0.0,0.0,0,0,0,0,0.0,0.0,2,4,0,972
2,0,0,1,0,0.5,0.0,0.0,0.0,0.0,1,0,0,0,0.0,0.0,2,4,0,973
1,1,0,0,1,0.75,0.5,1.0,0.0,0.0,2,1,0,1,0.0,0.5,2,4,0,974
2,0,0,0,0,1.0,0.3333333333333333,1.0,0.3333333333333333,1.0,3,1,0,1,0.5,0.3333333333333333,2,4,0,975
1,1,0,0,1,0.2,0.0,0.0,0.0,0.0,0,0,0,0,0.0,0.0,3,3,0,976
1,2,0,0,0,0.4,0.0,0.0,1.0,1.0,1,0,0,0,0.5,0.0,3,3,0,977
1,7,1,0,0,0.6,0.0,0.0,0.5,1.0,2,0,0,0,0.5,0.0,3,3,0,978
2,2,0,0,1,0.8,0.0,0.0,0.3333333333333333,1.0,3,0,0,0,0.5,0.0,3,3,0,979
1,6,1,0,1,1.0,0.0,0.0,0.5,1.0,4,0,0,0,0.5,0.0,3,3,0,980
3,2,0,0,0,0.25,0.0,0.0,0.0,0.0,0,0,0,0,0.0,0.0,2,4,0,981
2,6,1,1,0,0.5,0.0,0.0,0.0,0.0,1,0,0,0,0.0,0.0,2,4,0,982
2,7,1,0,0,0.75,0.5,1.0,0.0,0.0,2,1,0,1,0.0,0.5,2,4,0,983
3,6,1,1,0,1.0,0.3333333333333333,1.0,0.0,0.0,3,1,0,1,0.0,0.3333333333333333,2,4,0,984
3,0,0,0,0,0.2,0.0,0.0,0.0,0.0,0,0,0,0,0.0,0.0,1,4,0,985
3,6,1,0,1,0.4,0.0,0.0,0.0,0.0,1,0,0,0,0.0,0.0,1,4,0,986
1,2,0,0,0,0.6,0.0,0.0,0.5,1.0,2,0,0,0,0.5,0.0,1,4,0,987
2,2,0,0,0,0.8,0.0,0.0,0.3333333333333333,1.0,3,0,0,0,0.5,0.0,1,4,0,988
2,2,0,0,0,1.0,0.0,0.0,0.25,1.0,4,0,0,0,0.5,0.0,1,4,0,989
1,2,0,0,0,0.2,0.0,0.0,0.0,0.0,0,0,0,0,0.0,0.0,2,3,0,990
3,2,0,1,0,0.4,0.0,0.0,0.0,0.0,1,0,0,0,0.0,0.0,2,3,0,991
3,7,1,0,0,0.6,0.5,1.0,0.0,0.0,2,1,0,1,0.0,0.5,2,3,0,992
3,7,1,0,0,0.8,0.3333333333333333,1.0,0.0,0.0,3,1,0,1,0.0,0.3333333333333333,2,3,0,993
3,2,0,0,1,1.0,0.25,1.0,0.0,0.0,4,1,0,1,0.0,0.25,2,3,0,994
2,1,0,0,1,0.125,0.0,0.0,0.0,0.0,0,0,0,0,0.0,0.0,1,3,0,995
2,1,0,0,0,0.25,0.0,0.0,1.0,1.0,1,0,0,0,0.5,0.0,1,3,0,996
1,2,0,1,0,0.375,0.0,0.0,0.5,1.0,2,0,0,0,0.5,0.0,1,3,0,997
3,2,0,0,1,0.5,0.3333333333333333,1.0,0.3333333333333333,1.0,3,1,0,1,0.5,0.3333333333333333,1,3,0,998
2,1,0,1,0,0.625,0.25,1.0,0.5,1.0,4,1,0,1,0.5,0.25,1,3,0,999
1,1,0,0,0,0.75,0.4,1.0,0.4,1.0,5,2,0,2,0.5,0.4,1,3,0,1000
1,1,0,1,0,0.875,0.3333333333333333,1.0,0.3333333333333333,1.0,6,2,0,2,0.5,0.3333333333333333,1,3,0,1001
3,7,1,0,1,1.0,0.42857142857142855,1.0,0.2857142857142857,1.0,7,3,0,3,0.5,0.42857142857142855,1,3,0,1002
2,6,1,0,1,0.1111,0.0,0.0,0.0,0.0,0,0,0,0,0.0,0.0,3,3,0,1003
1,1,0,0,0,0.2222,0.0,0.0,1.0,1.0,1,0,0,0,0.5,0.0,3,3,0,1004
3,0,0,0,1,0.3333,0.0,0.0,0.5,1.0,2,0,0,0,0.5,0.0,3,3,0,1005
2,0,0,0,1,0.4444,0.0,0.0,0.6666666666666666,1.0,3,0,0,0,0.5,0.0,3,3,0,1006
3,2,0,1,1,0.5556,0.0,0.0,0.75,1.0,4,0,0,0,0.5,0.0,3,3,0,1007
3,6,1,1,1,0.6667,0.2,1.0,0.8,1.0,5,1,0,1,0.5,0.2,3,3,0,1008
3,7,1,0,1,0.7778,0.3333333333333333,1.0,0.8333333333333334,1.0,6,2,0,2,0.5,0.3333333333333333,3,3,0,1009
1,2,0,0,0,0.8889,0.2857142857142857,1.0,0.8571428571428571,1.0,7,2,0,2,0.5,0.2857142857142857,3,3,0,1010
3,7,1,0,1,1.0,0.25,1.0,0.75,1.0,8,2,0,2,0.5,0.25,3,3,0,1011
1,1,0,0,0,0.1667,0.0,0.0,0.0,0.0,0,0,0,0,0.0,0.0,0,4,0,1012
3,6,1,0,1,0.3333,0.0,0.0,0.0,0.0,1,0,0,0,0.0,0.0,0,4,0,1013
1,7,1,1,0,0.5,0.0,0.0,0.5,1.0,2,0,0,0,0.5,0.0,0,4,0,1014
2,1,0,1,0,0.6667,0.3333333333333333,1.0,0.3333333333333333,1.0,3,1,0,1,0.5,0.3333333333333333,0,4,0,1015
3,7,1,0,0,0.8333,0.5,1.0,0.25,1.0,4,2,0,2,0.5,0.5,0,4,0,1016
1,0,0,0,0,1.0,0.4,1.0,0.2,1.0,5,2,0,2,0.5,0.4,0,4,0,1017
1,0,0,0,1,0.1429,0.0,0.0,0.0,0.0,0,0,0,0,0.0,0.0,1,3,0,1018
2,2,0,0,0,0.2857,0.0,0.0,1.0,1.0,1,0,0,0,0.5,0.0,1,3,0,1019
1,0,0,0,0,0.4286,0.0,0.0,0.5,1.0,2,0,0,0,0.5,0.0,1,3,0,1020
3,1,0,0,0,0.5714,0.0,0.0,0.3333333333333333,1.0,3,0,0,0,0.5,0.0,1,3,0,1021
1,1,0,0,0,0.7143,0.0,0.0,0.25,1.0,4,0,0,0,0.5,0.0,1,3,0,1022
2,6,1,0,0,0.8571,0.0,0.0,0.2,1.0,5,0,0,0,0.5,0.0,1,3,0,1023
2,7,1,0,0,1.0,0.0,0.0,0.16666666666666666,1.0,6,0,0,0,0.5,0.0,1,3,0,1024
3,2,0,1,1,0.1429,0.0,0.0,0.0,0.0,0,0,0,0,0.0,0.0,2,3,0,1025
3,1,0,0,1,0.2857,1.0,1.0,1.0,1.0,1,1,0,1,0.5,1.0,2,3,0,1026
3,2,0,0,0,0.4286,0.5,1.0,1.0,1.0,2,1,0,1,0.5,0.5,2,3,0,1027
3,6,1,0,0,0.5714,0.3333333333333333,1.0,0.6666666666666666,1.0,3,1,0,1,0.5,0.3333333333333333,2,3,0,1028
3,1,0,0,0,0.7143,0.25,1.0,0.5,1.0,4,1,0,1,0.5,0.25,2,3,0,1029
2,6,1,0,0,0.8571,0.2,1.0,0.4,1.0,5,1,0,1,0.5,0.2,2,3,0,1030
1,0,0,0,0,1.0,0.16666666666666666,1.0,0.3333333333333333,1.0,6,1,0,1,0.5,0.16666666666666666,2,3,0,1031
1,1,0,0,0,0.1429,0.0,0.0,0.0,0.0,0,0,0,0,0.0,0.0,3,2,0,1032
2,6,1,1,0,0.2857,0.0,0.0,0.0,0.0,1,0,0,0,0.0,0.0,3,2,0,1033
3,2,0,0,1,0.4286,0.5,1.0,0.0,0.0,2,1,0,1,0.0,0.5,3,2,0,1034
2,1,0,0,0,0.5714,0.3333333333333333,1.0,0.3333333333333333,1.0,3,1,0,1,0.5,0.3333333333333333,3,2,0,1035
3,2,0,0,1,0.7143,0.25,1.0,0.25,1.0,4,1,0,1,0.5,0.25,3,2,0,1036
3,2,0,0,0,0.8571,0.2,1.0,0.4,1.0,5,1,0,1,0.5,0.2,3,2,0,1037
1,2,0,1,0,1.0,0.16666666666666666,1.0,0.3333333333333333,1.0,6,1,0,1,0.5,0.16666666666666666,3,2,0,1038
1,6,1,0,0,0.1111,0.0,0.0,0.0,0.0,0,0,0,0,0.0,0.0,1,2,0,1039
2,7,1,0,0,0.2222,0.0,0.0,0.0,0.0,1,0,0,0,0.0,0.0,1,2,0,1040
2,2,0,0,0,0.3333,0.0,0.0,0.0,0.0,2,0,0,0,0.0,0.0,1,2,0,1041
1,2,0,0,0,0.4444,0.0,0.0,0.0,0.0,3,0,0,0,0.0,0.0,1,2,0,1042
1,7,1,0,1,0.5556,0.0,0.0,0.0,0.0,4,0,0,0,0.0,0.0,1,2,0,1043
2,1,0,0,0,0.6667,0.0,0.0,0.2,1.0,5,0,0,0,0.5,0.0,1,2,0,1044
2,6,1,0,0,0.7778,0.0,0.0,0.16666666666666666,1.0,6,0,0,0,0.5,0.0,1,2,0,1045
2,6,1,0,0,0.8889,0.0,0.0,0.14285714285714285,1.0,7,0,0,0,0.5,0.0,1,2,0,1046
3,1,0,0,0,1.0,0.0,0.0,0.125,1.0,8,0,0,0,0.5,0.0,1,2,0,1047
3,2,0,0,0,0.1429,0.0,0.0,0.0,0.0,0,0,0,0,0.0,0.0,1,3,0,1048
1,6,1,1,0,0.2857,0.0,0.0,0.0,0.0,1,0,0,0,0.0,0.0,1,3,0,1049
1,0,0,0,0,0.4286,0.5,1.0,0.0,0.0,2,1,0,1,0.0,0.5,1,3,0,1050
1,2,0,1,0,0.5714,0.3333333333333333,1.0,0.0,0.0,3,1,0,1,0.0,0.3333333333333333,1,3,0,1051
1,1,0,0,1,0.7143,0.5,1.0,0.0,0.0,4,2,0,2,0.0,0.5,1,3,0,1052
2,1,0,0,0,0.8571,0.4,1.0,0.2,1.0,5,2,0,2,0.5,0.4,1,3,0,1053
3,6,1,0,0,1.0,0.3333333333333333,1.0,0.16666666666666666,1.0,6,2,0,2,0.5,0.3333333333333333,1,3,0,1054
3,7,1,0,0,0.1111,0.0,0.0,0.0,0.0,0,0,0,0,0.0,0.0,1,4,0,1055
2,2,0,1,0,0.2222,0.0,0.0,0.0,0.0,1,0,0,0,0.0,0.0,1,4,0,1056
2,2,0,0,0,0.3333,0.5,1.0,0.0,0.0,2,1,0,1,0.0,0.5,1,4,0,1057
3,1,0,0,0,0.4444,0.3333333333333333,1.0,0.0,0.0,3,1,0,1,0.0,0.3333333333333333,1,4,0,1058
3,7,1,0,0,0.5556,0.25,1.0,0.0,0.0,4,1,0,1,0.0,0.25,1,4,0,1059
2,7,1,1,1,0.6667,0.2,1.0,0.0,0.0,5,1,0,1,0.0,0.2,1,4,0,1060
1,0,0,1,0,0.7778,0.3333333333333333,1.0,0.16666666666666666,1.0,6,2,0,2,0.5,0.3333333333333333,1,4,0,1061
3,6,1,0,0,0.8889,0.42857142857142855,1.0,0.14285714285714285,1.0,7,3,0,3,0.5,0.42857142857142855,1,4,0,1062
3,2,0,0,0,1.0,0.375,1.0,0.125,1.0,8,3,0,3,0.5,0.375,1,4,0,1063
1,6,1,1,0,0.1667,0.0,0.0,0.0,0.0,0,0,0,0,0.0,0.0,1,2,0,1064
3,7,1,1,1,0.3333,1.0,1.0,0.0,0.0,1,1,0,1,0.0,1.0,1,2,0,1065
2,1,0,0,1,0.5,1.0,1.0,0.5,1.0,2,2,0,2,0.5,1.0,1,2,0,1066
3,0,0,0,0,0.6667,0.6666666666666666,1.0,0.6666666666666666,1.0,3,2,0,2,0.5,0.6666666666666666,1,2,0,1067
1,7,1,0,0,0.8333,0.5,1.0,0.5,1.0,4,2,0,2,0.5,0.5,1,2,0,1068
2,2,0,1,0,1.0,0.4,1.0,0.4,1.0,5,2,0,2,0.5,0.4,1,2,0,1069
1,7,1,0,1,0.125,0.0,0.0,0.0,0.0,0,0,0,0,0.0,0.0,2,4,0,1070
1,7,1,0,1,0.25,0.0,0.0,1.0,1.0,1,0,0,0,0.5,0.0,2,4,0,1071
1,0,0,0,0,0.375,0.0,0.0,1.0,1.0,2,0,0,0,0.5,0.0,2,4,0,1072
3,0,0,0,0,0.5,0.0,0.0,0.6666666666666666,1.0,3,0,0,0,0.5,0.0,2,4,0,1073
1,1,0,0,1,0.625,0.0,0.0,0.5,1.0,4,0,0,0,0.5,0.0,2,4,0,1074
2,0,0,0,0,0.75,0.0,0.0,0.6,1.0,5,0,0,0,0.5,0.0,2,4,0,1075
3,6,1,0,0,0.875,0.0,0.0,0.5,1.0,6,0,0,0,0.5,0.0,2,4,0,1076
1,6,1,0,0,1.0,0.0,0.0,0.42857142857142855,1.0,7,0,0,0,0.5,0.0,2,4,0,1077
1,1,0,0,0,0.25,0.0,0.0,0.0,0.0,0,0,0,0,0.0,0.0,2,3,0,1078
2,7,1,0,0,0.5,0.0,0.0,0.0,0.0,1,0,0,0,0.0,0.0,2,3,0,1079
3,0,0,1,0,0.75,0.0,0.0,0.0,0.0,2,0,0,0,0.0,0.0,2,3,0,1080
1,0,0,0,1,1.0,0.3333333333333333,1.0,0.0,0.0,3,1,0,1,0.0,0.3333333333333333,2,3,0,1081
2,2,0,1,0,0.125,0.0,0.0,0.0,0.0,0,0,0,0,0.0,0.0,0,2,0,1082
3,7,1,1,0,0.25,1.0,1.0,0.0,0.0,1,1,0,1,0.0,1.0,0,2,0,1083
3,7,1,0,0,0.375,1.0,1.0,0.0,0.0,2,2,0,2,0.0,1.0,0,2,0,1084
1,1,0,0,0,0.5,0.6666666666666666,1.0,0.0,0.0,3,2,0,2,0.0,0.6666666666666666,0,2,0,1085
2,1,0,0,0,0.625,0.5,1.0,0.0,0.0,4,2,0,2,0.0,0.5,0,2,0,1086
3,7,1,0,0,0.75,0.4,1.0,0.0,0.0,5,2,0,2,0.0,0.4,0,2,0,1087
2,2,0,0,1,0.875,0.3333333333333333,1.0,0.0,0.0,6,2,0,2,0.0,0.3333333333333333,0,2,0,1088
3,6,1,0,0,1.0,0.2857142857142857,1.0,0.14285714285714285,1.0,7,2,0,2,0.5,0.2857142857142857,0,2,0,1089
1,2,0,0,0,0.1,0.0,0.0,0.0,0.0,0,0,0,0,0.0,0.0,3,4,0,1090
3,7,1,0,1,0.2,0.0,0.0,0.0,0.0,1,0,0,0,0.0,0.0,3,4,0,1091
3,0,0,0,0,0.3,0.0,0.0,0.5,1.0,2,0,0,0,0.5,0.0,3,4,0,1092
1,2,0,0,0,0.4,0.0,0.0,0.3333333333333333,1.0,3,0,0,0,0.5,0.0,3,4,0,1093
2,0,0,0,0,0.5,0.0,0.0,0.25,1.0,4,0,0,0,0.5,0.0,3,4,0,1094
2,6,1,0,0,0.6,0.0,0.0,0.2,1.0,5,0,0,0,0.5,0.0,3,4,0,1095
2,2,0,0,0,0.7,0.0,0.0,0.16666666666666666,1.0,6,0,0,0,0.5,0.0,3,4,0,1096
1,6,1,1,0,0.8,0.0,0.0,0.14285714285714285,1.0,7,0,0,0,0.5,0.0,3,4,0,1097
3,6,1,0,1,0.9,0.125,1.0,0.125,1.0,8,1,0,1,0.5,0.125,3,4,0,1098
2,1,0,0,0,1.0,0.1111111111111111,1.0,0.2222222222222222,1.0,9,1,0,1,0.5,0.1111111111111111,3,4,0,1099
3,1,0,0,0,0.1111,0.0,0.0,0.0,0.0,0,0,0,0,0.0,0.0,2,4,0,1100
1,1,0,0,1,0.2222,0.0,0.0,0.0,0.0,1,0,0,0,0.0,0.0,2,4,0,1101
1,0,0,0,0,0.3333,0.0,0.0,0.5,1.0,2,0,0,0,0.5,0.0,2,4,0,1102
2,1,0,0,1,0.4444,0.0,0.0,0.3333333333333333,1.0,3,0,0,0,0.5,0.0,2,4,0,1103
3,2,0,0,0,0.5556,0.0,0.0,0.5,1.0,4,0,0,0,0.5,0.0,2,4,0,1104
2,0,0,0,1,0.6667,0.0,0.0,0.4,1.0,5,0,0,0,0.5,0.0,2,4,0,1105
3,6,1,0,0,0.7778,0.0,0.0,0.5,1.0,6,0,0,0,0.5,0.0,2,4,0,1106
1,6,1,0,1,0.8889,0.0,0.0,0.42857142857142855,1.0,7,0,0,0,0.5,0.0,2,4,0,1107
1,0,0,1,1,1.0,0.0,0.0,0.5,1.0,8,0,0,0,0.5,0.0,2,4,0,1108
1,0,0,0,1,0.1429,0.0,0.0,0.0,0.0,0,0,0,0,0.0,0.0,3,4,0,1109
2,7,1,1,0,0.2857,0.0,0.0,1.0,1.0,1,0,0,0,0.5,0.0,3,4,0,1110
3,2,0,0,0,0.4286,0.5,1.0,0.5,1.0,2,1,0,1,0.5,0.5,3,4,0,1111
1,7,1,0,0,0.5714,0.3333333333333333,1.0,0.3333333333333333,1.0,3,1,0,1,0.5,0.3333333333333333,3,4,0,1112
2,7,1,0,1,0.7143,0.25,1.0,0.25,1.0,4,1,0,1,0.5,0.25,3,4,0,1113
3,6,1,0,0,0.8571,0.2,1.0,0.4,1.0,5,1,0,1,0.5,0.2,3,4,0,1114
2,0,0,0,0,1.0,0.16666666666666666,1.0,0.3333333333333333,1.0,6,1,0,1,0.5,0.16666666666666666,3,4,0,1115
2,7,1,0,0,0.1,0.0,0.0,0.0,0.0,0,0,0,0,0.0,0.0,3,4,0,1116
2,0,0,0,0,0.2,0.0,0.0,0.0,0.0,1,0,0,0,0.0,0.0,3,4,0,1117
2,1,0,0,0,0.3,0.0,0.0,0.0,0.0,2,0,0,0,0.0,0.0,3,4,0,1118
2,0,0,1,0,0.4,0.0,0.0,0.0,0.0,3,0,0,0,0.0,0.0,3,4,0,1119
2,2,0,0,1,0.5,0.25,1.0,0.0,0.0,4,1,0,1,0.0,0.25,3,4,0,1120
3,2,0,0,0,0.6,0.2,1.0,0.2,1.0,5,1,0,1,0.5,0.2,3,4,0,1121
1,2,0,1,0,0.7,0.16666666666666666,1.0,0.16666666666666666,1.0,6,1,0,1,0.5,0.16666666666666666,3,4,0,1122
2,6,1,0,1,0.8,0.2857142857142857,1.0,0.14285714285714285,1.0,7,2,0,2,0.5,0.2857142857142857,3,4,0,1123
1,6,1,1,0,0.9,0.25,1.0,0.25,1.0,8,2,0,2,0.5,0.25,3,4,0,1124
1,2,0,1,0,1.0,0.3333333333333333,1.0,0.2222222222222222,1.0,9,3,0,3,0.5,0.3333333333333333,3,4,0,1125
2,0,0,0,0,0.125,0.0,0.0,0.0,0.0,0,0,0,0,0.0,0.0,1,4,0,1126
1,6,1,0,1,0.25,0.0,0.0,0.0,0.0,1,0,0,0,0.0,0.0,1,4,0,1127
1,7,1,0,1,0.375,0.0,0.0,0.5,1.0,2,0,0,0,0.5,0.0,1,4,0,1128
3,0,0,1,1,0.5,0.0,0.0,0.6666666666666666,1.0,3,0,0,0,0.5,0.0,1,4,0,1129
3,6,1,0,0,0.625,0.25,1.0,0.75,1.0,4,1,0,1,0.5,0.25,1,4,0,1130
3,0,0,1,0,0.75,0.2,1.0,0.6,1.0,5,1,0,1,0.5,0.2,1,4,0,1131
2,6,1,0,0,0.875,0.3333333333333333,1.0,0.5,1.0,6,2,0,2,0.5,0.3333333333333333,1,4,0,1132
1,7,1,0,1,1.0,0.2857142857142857,1.0,0.42857142857142855,1.0,7,2,0,2,0.5,0.2857142857142857,1,4,0,1133
3,0,0,0,1,0.1,0.0,0.0,0.0,0.0,0,0,0,0,0.0,0.0,0,3,0,1134
1,1,0,0,0,0.2,0.0,0.0,1.0,1.0,1,0,0,0,0.5,0.0,0,3,0,1135
2,2,0,1,0,0.3,0.0,0.0,0.5,1.0,2,0,0,0,0.5,0.0,0,3,0,1136
1,7,1,1,1,0.4,0.3333333333333333,1.0,0.3333333333333333,1.0,3,1,0,1,0.5,0.3333333333333333,0,3,0,1137
3,7,1,0,1,0.5,0.5,1.0,0.5,1.0,4,2,0,2,0.5,0.5,0,3,0,1138
1,1,0,0,1,0.6,0.4,1.0,0.6,1.0,5,2,0,2,0.5,0.4,0,3,0,1139
2,2,0,0,0,0.7,0.3333333333333333,1.0,0.6666666666666666,1.0,6,2,0,2,0.5,0.3333333333333333,0,3,0,1140
1,6,1,0,0,0.8,0.2857142857142857,1.0,0.5714285714285714,1.0,7,2,0,2,0.5,0.2857142857142857,0,3,0,1141
3,0,0,0,0,0.9,0.25,1.0,0.5,1.0,8,2,0,2,0.5,0.25,0,3,0,1142
1,0,0,0,0,1.0,0.2222222222222222,1.0,0.4444444444444444,1.0,9,2,0,2,0.5,0.2222222222222222,0,3,0,1143
2,1,0,0,1,0.1667,0.0,0.0,0.0,0.0,0,0,0,0,0.0,0.0,2,4,0,1144
2,1,0,0,1,0.3333,0.0,0.0,1.0,1.0,1,0,0,0,0.5,0.0,2,4,0,1145
3,2,0,0,0,0.5,0.0,0.0,1.0,1.0,2,0,0,0,0.5,0.0,2,4,0,1146
3,6,1,0,0,0.6667,0.0,0.0,0.6666666666666666,1.0,3,0,0,0,0.5,0.0,2,4,0,1147
2,7,1,0,0,0.8333,0.0,0.0,0.5,1.0,4,0,0,0,0.5,0.0,2,4,0,1148
2,0,0,0,1,1.0,0.0,0.0,0.4,1.0,5,0,0,0,0.5,0.0,2,4,0,1149
2,0,0,0,0,0.1429,0.0,0.0,0.0,0.0,0,0,0,0,0.0,0.0,1,2,0,1150
3,6,1,0,0,0.2857,0.0,0.0,0.0,0.0,1,0,0,0,0.0,0.0,1,2,0,1151
2,6,1,1,0,0.4286,0.0,0.0,0.0,0.0,2,0,0,0,0.0,0.0,1,2,0,1152
3,1,0,0,1,0.5714,0.3333333333333333,1.0,0.0,0.0,3,1,0,1,0.0,0.3333333333333333,1,2,0,1153
2,7,1,0,0,0.7143,0.25,1.0,0.25,1.0,4,1,0,1,0.5,0.25,1,2,0,1154
2,6,1,0,0,0.8571,0.2,1.0,0.2,1.0,5,1,0,1,0.5,0.2,1,2,0,1155
1,7,1,0,1,1.0,0.16666666666666666,1.0,0.16666666666666666,1.0,6,1,0,1,0.5,0.16666666666666666,1,2,0,1156
1,0,0,0,1,0.2,0.0,0.0,0.0,0.0,0,0,0,0,0.0,0.0,2,3,0,1157
2,6,1,0,0,0.4,0.0,0.0,1.0,1.0,1,0,0,0,0.5,0.0,2,3,0,1158
3,1,0,1,1,0.6,0.0,0.0,0.5,1.0,2,0,0,0,0.5,0.0,2,3,0,1159
3,1,0,0,0,0.8,0.3333333333333333,1.0,0.6666666666666666,1.0,3,1,0,1,0.5,0.3333333333333333,2,3,0,1160
3,7,1,1,0,1.0,0.25,1.0,0.5,1.0,4,1,0,1,0.5,0.25,2,3,0,1161
2,7,1,0,0,0.1,0.0,0.0,0.0,0.0,0,0,0,0,0.0,0.0,0,2,0,1162
2,2,0,0,1,0.2,0.0,0.0,0.0,0.0,1,0,0,0,0.0,0.0,0,2,0,1163
2,1,0,1,0,0.3,0.0,0.0,0.5,1.0,2,0,0,0,0.5,0.0,0,2,0,1164
2,2,0,0,1,0.4,0.3333333333333333,1.0,0.3333333333333333,1.0,3,1,0,1,0.5,0.3333333333333333,0,2,0,1165
1,2,0,0,0,0.5,0.25,1.0,0.5,1.0,4,1,0,1,0.5,0.25,0,2,0,1166
3,1,0,0,1,0.6,0.2,1.0,0.4,1.0,5,1,0,1,0.5,0.2,0,2,0,1167
1,0,0,0,0,0.7,0.16666666666666666,1.0,0.5,1.0,6,1,0,1,0.5,0.16666666666666666,0,2,0,1168
3,7,1,1,0,0.8,0.14285714285714285,1.0,0.42857142857142855,1.0,7,1,0,1,0.5,0.14285714285714285,0,2,0,1169
2,1,0,1,0,0.9,0.25,1.0,0.375,1.0,8,2,0,2,0.5,0.25,0,2,0,1170
3,2,0,0,0,1.0,0.3333333333333333,1.0,0.3333333333333333,1.0,9,3,0,3,0.5,0.3333333333333333,0,2,0,1171
1,0,0,0,0,0.1111,0.0,0.0,0.0,0.0,0,0,0,0,0.0,0.0,3,4,0,1172
1,6,1,0,0,0.2222,0.0,0.0,0.0,0.0,1,0,0,0,0.0,0.0,3,4,0,1173
3,2,0,0,1,0.3333,0.0,0.0,0.0,0.0,2,0,0,0,0.0,0.0,3,4,0,1174
1,0,0,0,0,0.4444,0.0,0.0,0.3333333333333333,1.0,3,0,0,0,0.5,0.0,3,4,0,1175
3,6,1,1,0,0.5556,0.0,0.0,0.25,1.0,4,0,0,0,0.5,0.0,3,4,0,1176
2,2,0,1,0,0.6667,0.2,1.0,0.2,1.0,5,1,0,1,0.5,0.2,3,4,0,1177
2,0,0,1,0,0.7778,0.3333333333333333,1.0,0.16666666666666666,1.0,6,2,0,2,0.5,0.3333333333333333,3,4,0,1178
3,7,1,0,0,0.8889,0.42857142857142855,1.0,0.14285714285714285,1.0,7,3,0,3,0.5,0.42857142857142855,3,4,0,1179
3,2,0,0,0,1.0,0.375,1.0,0.125,1.0,8,3,0,3,0.5,0.375,3,4,0,1180
2,0,0,0,1,0.1111,0.0,0.0,0.0,0.0,0,0,0,0,0.0,0.0,1,2,0,1181
1,0,0,0,0,0.2222,0.0,0.0,1.0,1.0,1,0,0,0,0.5,0.0,1,2,0,1182
2,6,1,0,1,0.3333,0.0,0.0,0.5,1.0,2,0,0,0,0.5,0.0,1,2,0,1183
3,0,0,0,0,0.4444,0.0,0.0,0.6666666666666666,1.0,3,0,0,0,0.5,0.0,1,2,0,1184
1,2,0,1,0,0.5556,0.0,0.0,0.5,1.0,4,0,0,0,0.5,0.0,1,2,0,1185
1,0,0,0,0,0.6667,0.2,1.0,0.4,1.0,5,1,0,1,0.5,0.2,1,2,0,1186
3,2,0,0,0,0.7778,0.16666666666666666,1.0,0.3333333333333333,1.0,6,1,0,1,0.5,0.16666666666666666,1,2,0,1187
3,0,0,0,0,0.8889,0.14285714285714285,1.0,0.2857142857142857,1.0,7,1,0,1,0.5,0.14285714285714285,1,2,0,1188
2,1,0,1,0,1.0,0.125,1.0,0.25,1.0,8,1,0,1,0.5,0.125,1,2,0,1189
3,6,1,0,1,0.2,0.0,0.0,0.0,0.0,0,0,0,0,0.0,0.0,3,3,0,1190
2,6,1,0,0,0.4,0.0,0.0,1.0,1.0,1,0,0,0,0.5,0.0,3,3,0,1191
3,2,0,0,0,0.6,0.0,0.0,0.5,1.0,2,0,0,0,0.5,0.0,3,3,0,1192
1,6,1,0,0,0.8,0.0,0.0,0.3333333333333333,1.0,3,0,0,0,0.5,0.0,3,3,0,1193
2,6,1,0,0,1.0,0.0,0.0,0.25,1.0,4,0,0,0,0.5,0.0,3,3,0,1194
1,6,1,1,0,0.25,0.0,0.0,0.0,0.0,0,0,0,0,0.0,0.0,0,2,0,1195
1,6,1,0,0,0.5,1.0,1.0,0.0,0.0,1,1,0,1,0.0,1.0,0,2,0,1196
3,0,0,0,0,0.75,0.5,1.0,0.0,0.0,2,1,0,1,0.0,0.5,0,2,0,1197
1,1,0,0,1,1.0,0.3333333333333333,1.0,0.0,0.0,3,1,0,1,0.0,0.3333333333333333,0,2,0,1198
1,2,0,0,0,0.25,0.0,0.0,0.0,0.0,0,0,0,0,0.0,0.0,2,4,0,1199
1,7,1,0,0,0.5,0.0,0.0,0.0,0.0,1,0,0,0,0.0,0.0,2,4,0,1200
1,6,1,0,0,0.75,0.0,0.0,0.0,0.0,2,0,0,0,0.0,0.0,2,4,0,1201
3,6,1,0,1,1.0,0.0,0.0,0.0,0.0,3,0,0,0,0.0,0.0,2,4,0,1202
3,2,0,1,0,0.1429,0.0,0.0,0.0,0.0,0,0,0,0,0.0,0.0,3,4,0,1203
1,2,0,0,0,0.2857,1.0,1.0,0.0,0.0,1,1,0,1,0.0,1.0,3,4,0,1204
1,6,1,0,1,0.4286,0.5,1.0,0.0,0.0,2,1,0,1,0.0,0.5,3,4,0,1205
1,6,1,0,0,0.5714,0.3333333333333333,1.0,0.3333333333333333,1.0,3,1,0,1,0.5,0.3333333333333333,3,4,0,1206
1,0,0,0,0,0.7143,0.25,1.0,0.25,1.0,4,1,0,1,0.5,0.25,3,4,0,1207
1,6,1,0,0,0.8571,0.2,1.0,0.2,1.0,5,1,0,1,0.5,0.2,3,4,0,1208
3,7,1,0,0,1.0,0.16666666666666666,1.0,0.16666666666666666,1.0,6,1,0,1,0.5,0.16666666666666666,3,4,0,1209
2,6,1,0,0,0.25,0.0,0.0,0.0,0.0,0,0,0,0,0.0,0.0,1,2,0,1210
3,2,0,0,1,0.5,0.0,0.0,0.0,0.0,1,0,0,0,0.0,0.0,1,2,0,1211
1,7,1,0,0,0.75,0.0,0.0,0.5,1.0,2,0,0,0,0.5,0.0,1,2,0,1212
2,2,0,0,1,1.0,0.0,0.0,0.3333333333333333,1.0,3,0,0,0,0.5,0.0,1,2,0,1213
3,0,0,0,0,0.125,0.0,0.0,0.0,0.0,0,0,0,0,0.0,0.0,0,4,0,1214
3,2,0,0,0,0.25,0.0,0.0,0.0,0.0,1,0,0,0,0.0,0.0,0,4,0,1215
3,7,1,1,1,0.375,0.0,0.0,0.0,0.0,2,0,0,0,0.0,0.0,0,4,0,1216
1,0,0,0,0,0.5,0.3333333333333333,1.0,0.3333333333333333,1.0,3,1,0,1,0.5,0.3333333333333333,0,4,0,1217
1,0,0,1,0,0.625,0.25,1.0,0.25,1.0,4,1,0,1,0.5,0.25,0,4,0,1218
3,7,1,0,0,0.75,0.4,1.0,0.2,1.0,5,2,0,2,0.5,0.4,0,4,0,1219
2,6,1,0,0,0.875,0.3333333333333333,1.0,0.16666666666666666,1.0,6,2,0,2,0.5,0.3333333333333333,0,4,0,1220
2,0,0,0,0,1.0,0.2857142857142857,1.0,0.14285714285714285,1.0,7,2,0,2,0.5,0.2857142857142857,0,4,0,1221
2,2,0,0,0,0.1429,0.0,0.0,0.0,0.0,0,0,0,0,0.0,0.0,3,3,0,1222
1,6,1,0,0,0.2857,0.0,0.0,0.0,0.0,1,0,0,0,0.0,0.0,3,3,0,1223
1,7,1,0,0,0.4286,0.0,0.0,0.0,0.0,2,0,0,0,0.0,0.0,3,3,0,1224
2,7,1,1,0,0.5714,0.0,0.0,0.0,0.0,3,0,0,0,0.0,0.0,3,3,0,1225
1,1,0,1,0,0.7143,0.25,1.0,0.0,0.0,4,1,0,1,0.0,0.25,3,3,0,1226
3,7,1,0,1,0.8571,0.4,1.0,0.0,0.0,5,2,0,2,0.0,0.4,3,3,0,1227
3,7,1,0,0,1.0,0.3333333333333333,1.0,0.16666666666666666,1.0,6,2,0,2,0.5,0.3333333333333333,3,3,0,1228
3,2,0,0,0,0.1429,0.0,0.0,0.0,0.0,0,0,0,0,0.0,0.0,2,3,0,1229
1,1,0,0,0,0.2857,0.0,0.0,0.0,0.0,1,0,0,0,0.0,0.0,2,3,0,1230
1,2,0,0,0,0.4286,0.0,0.0,0.0,0.0,2,0,0,0,0.0,0.0,2,3,0,1231
2,6,1,0,0,0.5714,0.0,0.0,0.0,0.0,3,0,0,0,0.0,0.0,2,3,0,1232
2,0,0,1,0,0.7143,0.0,0.0,0.0,0.0,4,0,0,0,0.0,0.0,2,3,0,1233
2,7,1,1,0,0.8571,0.2,1.0,0.0,0.0,5,1,0,1,0.0,0.2,2,3,0,1234
2,2,0,0,0,1.0,0.3333333333333333,1.0,0.0,0.0,6,2,0,2,0.0,0.3333333333333333,2,3,0,1235
2,1,0,1,0,0.25,0.0,0.0,0.0,0.0,0,0,0,0,0.0,0.0,2,4,0,1236
2,7,1,0,0,0.5,1.0,1.0,0.0,0.0,1,1,0,1,0.0,1.0,2,4,0,1237
3,2,0,0,1,0.75,0.5,1.0,0.0,0.0,2,1,0,1,0.0,0.5,2,4,0,1238
3,7,1,0,1,1.0,0.3333333333333333,1.0,0.3333333333333333,1.0,3,1,0,1,0.5,0.3333333333333333,2,4,0,1239
3,6,1,0,0,0.1667,0.0,0.0,0.0,0.0,0,0,0,0,0.0,0.0,1,3,0,1240
1,0,0,0,1,0.3333,0.0,0.0,0.0,0.0,1,0,0,0,0.0,0.0,1,3,0,1241
2,7,1,0,0,0.5,0.0,0.0,0.5,1.0,2,0,0,0,0.5,0.0,1,3,0,1242
3,7,1,0,0,0.6667,0.0,0.0,0.3333333333333333,1.0,3,0,0,0,0.5,0.0,1,3,0,1243
3,7,1,0,0,0.8333,0.0,0.0,0.25,1.0,4,0,0,0,0.5,0.0,1,3,0,1244
3,0,0,0,1,1.0,0.0,0.0,0.2,1.0,5,0,0,0,0.5,0.0,1,3,0,1245
2,2,0,0,0,0.1111,0.0,0.0,0.0,0.0,0,0,0,0,0.0,0.0,2,3,0,1246
3,7,1,0,0,0.2222,0.0,0.0,0.0,0.0,1,0,0,0,0.0,0.0,2,3,0,1247
3,7,1,0,0,0.3333,0.0,0.0,0.0,0.0,2,0,0,0,0.0,0.0,2,3,0,1248
3,7,1,0,0,0.4444,0.0,0.0,0.0,0.0,3,0,0,0,0.0,0.0,2,3,0,1249
3,0,0,0,1,0.5556,0.0,0.0,0.0,0.0,4,0,0,0,0.0,0.0,2,3,0,1250
2,6,1,0,1,0.6667,0.0,0.0,0.2,1.0,5,0,0,0,0.5,0.0,2,3,0,1251
2,2,0,0,0,0.7778,0.0,0.0,0.3333333333333333,1.0,6,0,0,0,0.5,0.0,2,3,0,1252
2,7,1,0,0,0.8889,0.0,0.0,0.2857142857142857,1.0,7,0,0,0,0.5,0.0,2,3,0,1253
3,7,1,0,0,1.0,0.0,0.0,0.25,1.0,8,0,0,0,0.5,0.0,2,3,0,1254
2,6,1,1,0,0.1,0.0,0.0,0.0,0.0,0,0,0,0,0.0,0.0,3,4,0,1255
2,7,1,0,1,0.2,1.0,1.0,0.0,0.0,1,1,0,1,0.0,1.0,3,4,0,1256
1,0,0,0,0,0.3,0.5,1.0,0.5,1.0,2,1,0,1,0.5,0.5,3,4,0,1257
1,2,0,0,0,0.4,0.3333333333333333,1.0,0.3333333333333333,1.0,3,1,0,1,0.5,0.3333333333333333,3,4,0,1258
2,1,0,0,0,0.5,0.25,1.0,0.25,1.0,4,1,0,1,0.5,0.25,3,4,0,1259
2,7,1,1,1,0.6,0.2,1.0,0.2,1.0,5,1,0,1,0.5,0.2,3,4,0,1260
1,1,0,0,0,0.7,0.3333333333333333,1.0,0.3333333333333333,1.0,6,2,0,2,0.5,0.3333333333333333,3,4,0,1261
1,0,0,0,0,0.8,0.2857142857142857,1.0,0.2857142857142857,1.0,7,2,0,2,0.5,0.2857142857142857,3,4,0,1262
3,6,1,0,1,0.9,0.25,1.0,0.25,1.0,8,2,0,2,0.5,0.25,3,4,0,1263
3,7,1,0,0,1.0,0.2222222222222222,1.0,0.3333333333333333,1.0,9,2,0,2,0.5,0.2222222222222222,3,4,0,1264
2,2,0,0,1,0.2,0.0,0.0,0.0,0.0,0,0,0,0,0.0,0.0,3,3,0,1265
2,0,0,0,0,0.4,0.0,0.0,1.0,1.0,1,0,0,0,0.5,0.0,3,3,0,1266
2,6,1,0,0,0.6,0.0,0.0,0.5,1.0,2,0,0,0,0.5,0.0,3,3,0,1267
3,7,1,0,1,0.8,0.0,0.0,0.3333333333333333,1.0,3,0,0,0,0.5,0.0,3,3,0,1268
3,6,1,1,0,1.0,0.0,0.0,0.5,1.0,4,0,0,0,0.5,0.0,3,3,0,1269
3,0,0,1,0,0.25,0.0,0.0,0.0,0.0,0,0,0,0,0.0,0.0,2,2,0,1270
1,6,1,0,0,0.5,1.0,1.0,0.0,0.0,1,1,0,1,0.0,1.0,2,2,0,1271
3,0,0,0,1,0.75,0.5,1.0,0.0,0.0,2,1,0,1,0.0,0.5,2,2,0,1272
3,1,0,0,0,1.0,0.3333333333333333,1.0,0.3333333333333333,1.0,3,1,0,1,0.5,0.3333333333333333,2,2,0,1273
3,2,0,1,1,0.1,0.0,0.0,0.0,0.0,0,0,0,0,0.0,0.0,1,4,0,1274
3,6,1,0,1,0.2,1.0,1.0,1.0,1.0,1,1,0,1,0.5,1.0,1,4,0,1275
3,2,0,0,0,0.3,0.5,1.0,1.0,1.0,2,1,0,1,0.5,0.5,1,4,0,1276
3,2,0,0,1,0.4,0.3333333333333333,1.0,0.6666666666666666,1.0,3,1,0,1,0.5,0.3333333333333333,1,4,0,1277
1,2,0,1,0,0.5,0.25,1.0,0.75,1.0,4,1,0,1,0.5,0.25,1,4,0,1278
2,6,1,0,0,0.6,0.4,1.0,0.6,1.0,5,2,0,2,0.5,0.4,1,4,0,1279
3,2,0,0,0,0.7,0.3333333333333333,1.0,0.5,1.0,6,2,0,2,0.5,0.3333333333333333,1,4,0,1280
2,7,1,0,0,0.8,0.2857142857142857,1.0,0.42857142857142855,1.0,7,2,0,2,0.5,0.2857142857142857,1,4,0,1281
3,0,0,0,0,0.9,0.25,1.0,0.375,1.0,8,2,0,2,0.5,0.25,1,4,0,1282
1,2,0,0,0,1.0,0.2222222222222222,1.0,0.3333333333333333,1.0,9,2,0,2,0.5,0.2222222222222222,1,4,0,1283
2,0,0,1,0,0.1429,0.0,0.0,0.0,0.0,0,0,0,0,0.0,0.0,0,3,0,1284
1,7,1,0,1,0.2857,1.0,1.0,0.0,0.0,1,1,0,1,0.0,1.0,0,3,0,1285
1,0,0,1,0,0.4286,0.5,1.0,0.5,1.0,2,1,0,1,0.5,0.5,0,3,0,1286
3,0,0,0,1,0.5714,0.6666666666666666,1.0,0.3333333333333333,1.0,3,2,0,2,0.5,0.6666666666666666,0,3,0,1287
2,6,1,0,0,0.7143,0.5,1.0,0.5,1.0,4,2,0,2,0.5,0.5,0,3,0,1288
1,1,0,0,0,0.8571,0.4,1.0,0.4,1.0,5,2,0,2,0.5,0.4,0,3,0,1289
2,0,0,0,0,1.0,0.3333333333333333,1.0,0.3333333333333333,1.0,6,2,0,2,0.5,0.3333333333333333,0,3,0,1290
2,0,0,0,0,0.1667,0.0,0.0,0.0,0.0,0,0,0,0,0.0,0.0,0,3,0,1291
1,0,0,0,0,0.3333,0.0,0.0,0.0,0.0,1,0,0,0,0.0,0.0,0,3,0,1292
2,1,0,0,0,0.5,0.0,0.0,0.0,0.0,2,0,0,0,0.0,0.0,0,3,0,1293
2,2,0,0,0,0.6667,0.0,0.0,0.0,0.0,3,0,0,0,0.0,0.0,0,3,0,1294
2,7,1,1,0,0.8333,0.0,0.0,0.0,0.0,4,0,0,0,0.0,0.0,0,3,0,1295
1,1,0,0,1,1.0,0.2,1.0,0.0,0.0,5,1,0,1,0.0,0.2,0,3,0,1296
3,0,0,0,0,0.1667,0.0,0.0,0.0,0.0,0,0,0,0,0.0,0.0,3,2,0,1297
2,7,1,0,1,0.3333,0.0,0.0,0.0,0.0,1,0,0,0,0.0,0.0,3,2,0,1298
2,1,0,0,1,0.5,0.0,0.0,0.5,1.0,2,0,0,0,0.5,0.0,3,2,0,1299
3,1,0,0,0,0.6667,0.0,0.0,0.6666666666666666,1.0,3,0,0,0,0.5,0.0,3,2,0,1300
2,0,0,0,0,0.8333,0.0,0.0,0.5,1.0,4,0,0,0,0.5,0.0,3,2,0,1301
3,6,1,0,0,1.0,0.0,0.0,0.4,1.0,5,0,0,0,0.5,0.0,3,2,0,1302
3,6,1,0,0,0.1111,0.0,0.0,0.0,0.0,0,0,0,0,0.0,0.0,3,3,0,1303
2,7,1,0,0,0.2222,0.0,0.0,0.0,0.0,1,0,0,0,0.0,0.0,3,3,0,1304
2,7,1,1,0,0.3333,0.0,0.0,0.0,0.0,2,0,0,0,0.0,0.0,3,3,0,1305
3,1,0,0,0,0.4444,0.3333333333333333,1.0,0.0,0.0,3,1,0,1,0.0,0.3333333333333333,3,3,0,1306
3,0,0,0,0,0.5556,0.25,1.0,0.0,0.0,4,1,0,1,0.0,0.25,3,3,0,1307
1,7,1,0,0,0.6667,0.2,1.0,0.0,0.0,5,1,0,1,0.0,0.2,3,3,0,1308
2,0,0,0,0,0.7778,0.16666666666666666,1.0,0.0,0.0,6,1,0,1,0.0,0.16666666666666666,3,3,0,1309
1,0,0,0,1,0.8889,0.14285714285714285,1.0,0.0,0.0,7,1,0,1,0.0,0.14285714285714285,3,3,0,1310
3,7,1,0,0,1.0,0.125,1.0,0.125,1.0,8,1,0,1,0.5,0.125,3,3,0,1311
2,6,1,0,1,0.1111,0.0,0.0,0.0,0.0,0,0,0,0,0.0,0.0,0,3,0,1312
3,0,0,0,1,0.2222,0.0,0.0,1.0,1.0,1,0,0,0,0.5,0.0,0,3,0,1313
2,1,0,0,0,0.3333,0.0,0.0,1.0,1.0,2,0,0,0,0.5,0.0,0,3,0,1314
3,1,0,0,0,0.4444,0.0,0.0,0.6666666666666666,1.0,3,0,0,0,0.5,0.0,0,3,0,1315
1,6,1,1,0,0.5556,0.0,0.0,0.5,1.0,4,0,0,0,0.5,0.0,0,3,0,1316
2,2,0,0,0,0.6667,0.2,1.0,0.4,1.0,5,1,0,1,0.5,0.2,0,3,0,1317
1,2,0,0,0,0.7778,0.16666666666666666,1.0,0.3333333333333333,1.0,6,1,0,1,0.5,0.16666666666666666,0,3,0,1318
2,1,0,0,0,0.8889,0.14285714285714285,1.0,0.2857142857142857,1.0,7,1,0,1,0.5,0.14285714285714285,0,3,0,1319
1,2,0,0,0,1.0,0.125,1.0,0.25,1.0,8,1,0,1,0.5,0.125,0,3,0,1320
3,0,0,0,1,0.1667,0.0,0.0,0.0,0.0,0,0,0,0,0.0,0.0,3,3,0,1321
2,2,0,0,0,0.3333,0.0,0.0,1.0,1.0,1,0,0,0,0.5,0.0,3,3,0,1322
3,1,0,0,1,0.5,0.0,0.0,0.5,1.0,2,0,0,0,0.5,0.0,3,3,0,1323
1,1,0,1,0,0.6667,0.0,0.0,0.6666666666666666,1.0,3,0,0,0,0.5,0.0,3,3,0,1324
1,1,0,0,0,0.8333,0.25,1.0,0.5,1.0,4,1,0,1,0.5,0.25,3,3,0,1325
3,2,0,0,0,1.0,0.2,1.0,0.4,1.0,5,1,0,1,0.5,0.2,3,3,0,1326
1,1,0,0,1,0.1111,0.0,0.0,0.0,0.0,0,0,0,0,0.0,0.0,3,3,0,1327
3,0,0,0,1,0.2222,0.0,0.0,1.0,1.0,1,0,0,0,0.5,0.0,3,3,0,1328
3,2,0,0,0,0.3333,0.0,0.0,1.0,1.0,2,0,0,0,0.5,0.0,3,3,0,1329
3,2,0,0,1,0.4444,0.0,0.0,0.6666666666666666,1.0,3,0,0,0,0.5,0.0,3,3,0,1330
3,2,0,0,0,0.5556,0.0,0.0,0.75,1.0,4,0,0,0,0.5,0.0,3,3,0,1331
3,1,0,0,0,0.6667,0.0,0.0,0.6,1.0,5,0,0,0,0.5,0.0,3,3,0,1332
3,2,0,0,1,0.7778,0.0,0.0,0.5,1.0,6,0,0,0,0.5,0.0,3,3,0,1333
1,6,1,0,0,0.8889,0.0,0.0,0.5714285714285714,1.0,7,0,0,0,0.5,0.0,3,3,0,1334
1,0,0,0,1,1.0,0.0,0.0,0.5,1.0,8,0,0,0,0.5,0.0,3,3,0,1335
2,0,0,1,0,0.25,0.0,0.0,0.0,0.0,0,0,0,0,0.0,0.0,2,2,0,1336
3,2,0,0,0,0.5,1.0,1.0,0.0,0.0,1,1,0,1,0.0,1.0,2,2,0,1337
3,7,1,1,1,0.75,0.5,1.0,0.0,0.0,2,1,0,1,0.0,0.5,2,2,0,1338
1,0,0,1,0,1.0,0.6666666666666666,1.0,0.3333333333333333,1.0,3,2,0,2,0.5,0.6666666666666666,2,2,0,1339
3,1,0,0,0,0.2,0.0,0.0,0.0,0.0,0,0,0,0,0.0,0.0,3,2,0,1340
2,0,0,0,0,0.4,0.0,0.0,0.0,0.0,1,0,0,0,0.0,0.0,3,2,0,1341
3,6,1,0,0,0.6,0.0,0.0,0.0,0.0,2,0,0,0,0.0,0.0,3,2,0,1342
1,1,0,1,0,0.8,0.0,0.0,0.0,0.0,3,0,0,0,0.0,0.0,3,2,0,1343
3,2,0,1,0,1.0,0.25,1.0,0.0,0.0,4,1,0,1,0.0,0.25,3,2,0,1344
2,1,0,0,0,0.1,0.0,0.0,0.0,0.0,0,0,0,0,0.0,0.0,0,3,0,1345
2,7,1,0,0,0.2,0.0,0.0,0.0,0.0,1,0,0,0,0.0,0.0,0,3,0,1346
2,6,1,0,0,0.3,0.0,0.0,0.0,0.0,2,0,0,0,0.0,0.0,0,3,0,1347
3,7,1,0,0,0.4,0.0,0.0,0.0,0.0,3,0,0,0,0.0,0.0,0,3,0,1348
1,2,0,0,0,0.5,0.0,0.0,0.0,0.0,4,0,0,0,0.0,0.0,0,3,0,1349
3,0,0,0,0,0.6,0.0,0.0,0.0,0.0,5,0,0,0,0.0,0.0,0,3,0,1350
1,7,1,0,0,0.7,0.0,0.0,0.0,0.0,6,0,0,0,0.0,0.0,0,3,0,1351
1,0,0,0,0,0.8,0.0,0.0,0.0,0.0,7,0,0,0,0.0,0.0,0,3,0,1352
3,6,1,0,0,0.9,0.0,0.0,0.0,0.0,8,0,0,0,0.0,0.0,0,3,0,1353
3,1,0,0,0,1.0,0.0,0.0,0.0,0.0,9,0,0,0,0.0,0.0,0,3,0,1354
2,2,0,0,0,0.125,0.0,0.0,0.0,0.0,0,0,0,0,0.0,0.0,3,4,0,1355
2,1,0,1,0,0.25,0.0,0.0,0.0,0.0,1,0,0,0,0.0,0.0,3,4,0,1356
1,6,1,0,0,0.375,0.5,1.0,0.0,0.0,2,1,0,1,0.0,0.5,3,4,0,1357
1,0,0,1,0,0.5,0.3333333333333333,1.0,0.0,0.0,3,1,0,1,0.0,0.3333333333333333,3,4,0,1358
1,7,1,1,1,0.625,0.5,1.0,0.0,0.0,4,2,0,2,0.0,0.5,3,4,0,1359
3,7,1,0,0,0.75,0.6,1.0,0.2,1.0,5,3,0,3,0.5,0.6,3,4,0,1360
2,7,1,0,1,0.875,0.5,1.0,0.16666666666666666,1.0,6,3,0,3,0.5,0.5,3,4,0,1361
1,6,1,1,0,1.0,0.42857142857142855,1.0,0.2857142857142857,1.0,7,3,0,3,0.5,0.42857142857142855,3,4,0,1362
1,2,0,0,0,0.25,0.0,0.0,0.0,0.0,0,0,0,0,0.0,0.0,1,2,0,1363
3,6,1,0,0,0.5,0.0,0.0,0.0,0.0,1,0,0,0,0.0,0.0,1,2,0,1364
3,6,1,0,0,0.75,0.0,0.0,0.0,0.0,2,0,0,0,0.0,0.0,1,2,0,1365
2,0,0,0,0,1.0,0.0,0.0,0.0,0.0,3,0,0,0,0.0,0.0,1,2,0,1366
1,7,1,0,0,0.125,0.0,0.0,0.0,0.0,0,0,0,0,0.0,0.0,2,2,0,1367
2,2,0,1,0,0.25,0.0,0.0,0.0,0.0,1,0,0,0,0.0,0.0,2,2,0,1368
3,7,1,1,0,0.375,0.5,1.0,0.0,0.0,2,1,0,1,0.0,0.5,2,2,0,1369
3,1,0,0,0,0.5,0.6666666666666666,1.0,0.0,0.0,3,2,0,2,0.0,0.6666666666666666,2,2,0,1370
1,6,1,0,1,0.625,0.5,1.0,0.0,0.0,4,2,0,2,0.0,0.5,2,2,0,1371
3,1,0,1,0,0.75,0.4,1.0,0.2,1.0,5,2,0,2,0.5,0.4,2,2,0,1372
1,7,1,0,0,0.875,0.5,1.0,0.16666666666666666,1.0,6,3,0,3,0.5,0.5,2,2,0,1373
1,1,0,0,0,1.0,0.42857142857142855,1.0,0.14285714285714285,1.0,7,3,0,3,0.5,0.42857142857142855,2,2,0,1374
3,2,0,0,0,0.125,0.0,0.0,0.0,0.0,0,0,0,0,0.0,0.0,2,2,0,1375
1,1,0,0,1,0.25,0.0,0.0,0.0,0.0,1,0,0,0,0.0,0.0,2,2,0,1376
3,7,1,0,1,0.375,0.0,0.0,0.5,1.0,2,0,0,0,0.5,0.0,2,2,0,1377
3,6,1,0,0,0.5,0.0,0.0,0.6666666666666666,1.0,3,0,0,0,0.5,0.0,2,2,0,1378
2,7,1,0,0,0.625,0.0,0.0,0.5,1.0,4,0,0,0,0.5,0.0,2,2,0,1379
3,1,0,0,1,0.75,0.0,0.0,0.4,1.0,5,0,0,0,0.5,0.0,2,2,0,1380
3,6,1,0,0,0.875,0.0,0.0,0.5,1.0,6,0,0,0,0.5,0.0,2,2,0,1381
1,6,1,0,1,1.0,0.0,0.0,0.42857142857142855,1.0,7,0,0,0,0.5,0.0,2,2,0,1382
2,0,0,0,0,0.125,0.0,0.0,0.0,0.0,0,0,0,0,0.0,0.0,1,2,0,1383
3,7,1,0,0,0.25,0.0,0.0,0.0,0.0,1,0,0,0,0.0,0.0,1,2,0,1384
1,6,1,0,1,0.375,0.0,0.0,0.0,0.0,2,0,0,0,0.0,0.0,1,2,0,1385
2,1,0,0,0,0.5,0.0,0.0,0.3333333333333333,1.0,3,0,0,0,0.5,0.0,1,2,0,1386
2,0,0,0,0,0.625,0.0,0.0,0.25,1.0,4,0,0,0,0.5,0.0,1,2,0,1387
3,6,1,1,0,0.75,0.0,0.0,0.2,1.0,5,0,0,0,0.5,0.0,1,2,0,1388
2,0,0,0,1,0.875,0.16666666666666666,1.0,0.16666666666666666,1.0,6,1,0,1,0.5,0.16666666666666666,1,2,0,1389
3,1,0,0,1,1.0,0.14285714285714285,1.0,0.2857142857142857,1.0,7,1,0,1,0.5,0.14285714285714285,1,2,0,1390
2,2,0,1,0,0.125,0.0,0.0,0.0,0.0,0,0,0,0,0.0,0.0,2,3,0,1391
1,6,1,0,0,0.25,1.0,1.0,0.0,0.0,1,1,0,1,0.0,1.0,2,3,0,1392
3,7,1,1,0,0.375,0.5,1.0,0.0,0.0,2,1,0,1,0.0,0.5,2,3,0,1393
3,7,1,0,0,0.5,0.6666666666666666,1.0,0.0,0.0,3,2,0,2,0.0,0.6666666666666666,2,3,0,1394
2,2,0,1,1,0.625,0.5,1.0,0.0,0.0,4,2,0,2,0.0,0.5,2,3,0,1395
3,1,0,0,1,0.75,0.6,1.0,0.2,1.0,5,3,0,3,0.5,0.6,2,3,0,1396
1,7,1,0,0,0.875,0.5,1.0,0.3333333333333333,1.0,6,3,0,3,0.5,0.5,2,3,0,1397
2,0,0,0,0,1.0,0.42857142857142855,1.0,0.2857142857142857,1.0,7,3,0,3,0.5,0.42857142857142855,2,3,0,1398
3,0,0,1,0,0.25,0.0,0.0,0.0,0.0,0,0,0,0,0.0,0.0,1,3,0,1399
1,7,1,0,1,0.5,1.0,1.0,0.0,0.0,1,1,0,1,0.0,1.0,1,3,0,1400
2,6,1,0,0,0.75,0.5,1.0,0.5,1.0,2,1,0,1,0.5,0.5,1,3,0,1401
3,1,0,0,0,1.0,0.3333333333333333,1.0,0.3333333333333333,1.0,3,1,0,1,0.5,0.3333333333333333,1,3,0,1402
2,0,0,0,1,0.1429,0.0,0.0,0.0,0.0,0,0,0,0,0.0,0.0,1,4,0,1403
3,1,0,1,1,0.2857,0.0,0.0,1.0,1.0,1,0,0,0,0.5,0.0,1,4,0,1404
1,6,1,1,0,0.4286,0.5,1.0,1.0,1.0,2,1,0,1,0.5,0.5,1,4,0,1405
2,7,1,0,0,0.5714,0.6666666666666666,1.0,0.6666666666666666,1.0,3,2,0,2,0.5,0.6666666666666666,1,4,0,1406
2,6,1,1,0,0.7143,0.5,1.0,0.5,1.0,4,2,0,2,0.5,0.5,1,4,0,1407
2,2,0,0,1,0.8571,0.6,1.0,0.4,1.0,5,3,0,3,0.5,0.6,1,4,0,1408
3,1,0,0,0,1.0,0.5,1.0,0.5,1.0,6,3,0,3,0.5,0.5,1,4,0,1409
3,0,0,0,0,0.1667,0.0,0.0,0.0,0.0,0,0,0,0,0.0,0.0,1,2,0,1410
2,0,0,1,0,0.3333,0.0,0.0,0.0,0.0,1,0,0,0,0.0,0.0,1,2,0,1411
1,0,0,1,0,0.5,0.5,1.0,0.0,0.0,2,1,0,1,0.0,0.5,1,2,0,1412
1,1,0,0,1,0.6667,0.6666666666666666,1.0,0.0,0.0,3,2,0,2,0.0,0.6666666666666666,1,2,0,1413
1,7,1,1,0,0.8333,0.5,1.0,0.25,1.0,4,2,0,2,0.5,0.5,1,2,0,1414
1,0,0,0,0,1.0,0.6,1.0,0.2,1.0,5,3,0,3,0.5,0.6,1,2,0,1415
2,6,1,0,0,0.2,0.0,0.0,0.0,0.0,0,0,0,0,0.0,0.0,1,2,0,1416
2,2,0,0,0,0.4,0.0,0.0,0.0,0.0,1,0,0,0,0.0,0.0,1,2,0,1417
1,0,0,0,0,0.6,0.0,0.0,0.0,0.0,2,0,0,0,0.0,0.0,1,2,0,1418
3,0,0,0,1,0.8,0.0,0.0,0.0,0.0,3,0,0,0,0.0,0.0,1,2,0,1419
2,1,0,1,1,1.0,0.0,0.0,0.25,1.0,4,0,0,0,0.5,0.0,1,2,0,1420
2,0,0,1,0,0.1111,0.0,0.0,0.0,0.0,0,0,0,0,0.0,0.0,2,3,0,1421
1,6,1,0,0,0.2222,1.0,1.0,0.0,0.0,1,1,0,1,0.0,1.0,2,3,0,1422
3,0,0,0,0,0.3333,0.5,1.0,0.0,0.0,2,1,0,1,0.0,0.5,2,3,0,1423
2,0,0,0,0,0.4444,0.3333333333333333,1.0,0.0,0.0,3,1,0,1,0.0,0.3333333333333333,2,3,0,1424
3,0,0,0,0,0.5556,0.25,1.0,0.0,0.0,4,1,0,1,0.0,0.25,2,3,0,1425
1,0,0,0,0,0.6667,0.2,1.0,0.0,0.0,5,1,0,1,0.0,0.2,2,3,0,1426
2,6,1,1,1,0.7778,0.16666666666666666,1.0,0.0,0.0,6,1,0,1,0.0,0.16666666666666666,2,3,0,1427
2,7,1,0,0,0.8889,0.2857142857142857,1.0,0.14285714285714285,1.0,7,2,0,2,0.5,0.2857142857142857,2,3,0,1428
3,1,0,0,0,1.0,0.25,1.0,0.125,1.0,8,2,0,2,0.5,0.25,2,3,0,1429
3,7,1,1,0,0.125,0.0,0.0,0.0,0.0,0,0,0,0,0.0,0.0,3,4,0,1430
3,0,0,1,1,0.25,1.0,1.0,0.0,0.0,1,1,0,1,0.0,1.0,3,4,0,1431
3,1,0,0,0,0.375,1.0,1.0,0.5,1.0,2,2,0,2,0.5,1.0,3,4,0,1432
3,2,0,0,0,0.5,0.6666666666666666,1.0,0.3333333333333333,1.0,3,2,0,2,0.5,0.6666666666666666,3,4,0,1433
2,6,1,0,0,0.625,0.5,1.0,0.25,1.0,4,2,0,2,0.5,0.5,3,4,0,1434
1,7,1,0,0,0.75,0.4,1.0,0.2,1.0,5,2,0,2,0.5,0.4,3,4,0,1435
3,2,0,0,0,0.875,0.3333333333333333,1.0,0.16666666666666666,1.0,6,2,0,2,0.5,0.3333333333333333,3,4,0,1436
1,0,0,1,1,1.0,0.2857142857142857,1.0,0.14285714285714285,1.0,7,2,0,2,0.5,0.2857142857142857,3,4,0,1437
1,2,0,0,0,0.1667,0.0,0.0,0.0,0.0,0,0,0,0,0.0,0.0,1,3,0,1438
3,6,1,0,1,0.3333,0.0,0.0,0.0,0.0,1,0,0,0,0.0,0.0,1,3,0,1439
3,6,1,0,0,0.5,0.0,0.0,0.5,1.0,2,0,0,0,0.5,0.0,1,3,0,1440
1,7,1,0,0,0.6667,0.0,0.0,0.3333333333333333,1.0,3,0,0,0,0.5,0.0,1,3,0,1441
2,1,0,1,0,0.8333,0.0,0.0,0.25,1.0,4,0,0,0,0.5,0.0,1,3,0,1442
3,1,0,1,1,1.0,0.2,1.0,0.2,1.0,5,1,0,1,0.5,0.2,1,3,0,1443
2,1,0,0,0,0.2,0.0,0.0,0.0,0.0,0,0,0,0,0.0,0.0,1,2,0,1444
3,7,1,1,0,0.4,0.0,0.0,0.0,0.0,1,0,0,0,0.0,0.0,1,2,0,1445
3,0,0,1,0,0.6,0.5,1.0,0.0,0.0,2,1,0,1,0.0,0.5,1,2,0,1446
3,2,0,0,1,0.8,0.6666666666666666,1.0,0.0,0.0,3,2,0,2,0.0,0.6666666666666666,1,2,0,1447
2,2,0,0,0,1.0,0.5,1.0,0.25,1.0,4,2,0,2,0.5,0.5,1,2,0,1448
3,7,1,0,1,0.1667,0.0,0.0,0.0,0.0,0,0,0,0,0.0,0.0,1,2,0,1449
3,6,1,1,1,0.3333,0.0,0.0,1.0,1.0,1,0,0,0,0.5,0.0,1,2,0,1450
2,0,0,0,1,0.5,0.5,1.0,1.0,1.0,2,1,0,1,0.5,0.5,1,2,0,1451
2,1,0,0,0,0.6667,0.3333333333333333,1.0,1.0,1.0,3,1,0,1,0.5,0.3333333333333333,1,2,0,1452
1,6,1,0,0,0.8333,0.25,1.0,0.75,1.0,4,1,0,1,0.5,0.25,1,2,0,1453
3,0,0,0,1,1.0,0.2,1.0,0.6,1.0,5,1,0,1,0.5,0.2,1,2,0,1454
3,0,0,0,1,0.1429,0.0,0.0,0.0,0.0,0,0,0,0,0.0,0.0,0,3,0,1455
3,2,0,0,0,0.2857,0.0,0.0,1.0,1.0,1,0,0,0,0.5,0.0,0,3,0,1456
2,2,0,0,1,0.4286,0.0,0.0,0.5,1.0,2,0,0,0,0.5,0.0,0,3,0,1457
3,0,0,0,0,0.5714,0.0,0.0,0.6666666666666666,1.0,3,0,0,0,0.5,0.0,0,3,0,1458
1,6,1,0,0,0.7143,0.0,0.0,0.5,1.0,4,0,0,0,0.5,0.0,0,3,0,1459
1,2,0,1,1,0.8571,0.0,0.0,0.4,1.0,5,0,0,0,0.5,0.0,0,3,0,1460
2,2,0,0,0,1.0,0.16666666666666666,1.0,0.5,1.0,6,1,0,1,0.5,0.16666666666666666,0,3,0,1461
2,1,0,0,0,0.1667,0.0,0.0,0.0,0.0,0,0,0,0,0.0,0.0,1,3,0,1462
3,6,1,0,0,0.3333,0.0,0.0,0.0,0.0,1,0,0,0,0.0,0.0,1,3,0,1463
3,1,0,1,1,0.5,0.0,0.0,0.0,0.0,2,0,0,0,0.0,0.0,1,3,0,1464
1,1,0,0,1,0.6667,0.3333333333333333,1.0,0.3333333333333333,1.0,3,1,0,1,0.5,0.3333333333333333,1,3,0,1465
2,7,1,0,1,0.8333,0.25,1.0,0.5,1.0,4,1,0,1,0.5,0.25,1,3,0,1466
3,6,1,1,0,1.0,0.2,1.0,0.6,1.0,5,1,0,1,0.5,0.2,1,3,0,1467
1,2,0,1,0,0.125,0.0,0.0,0.0,0.0,0,0,0,0,0.0,0.0,1,2,0,1468
2,0,0,0,0,0.25,1.0,1.0,0.0,0.0,1,1,0,1,0.0,1.0,1,2,0,1469
3,7,1,0,1,0.375,0.5,1.0,0.0,0.0,2,1,0,1,0.0,0.5,1,2,0,1470
2,0,0,0,0,0.5,0.3333333333333333,1.0,0.3333333333333333,1.0,3,1,0,1,0.5,0.3333333333333333,1,2,0,1471
3,0,0,0,0,0.625,0.25,1.0,0.25,1.0,4,1,0,1,0.5,0.25,1,2,0,1472
3,6,1,1,1,0.75,0.2,1.0,0.2,1.0,5,1,0,1,0.5,0.2,1,2,0,1473
3,2,0,0,0,0.875,0.3333333333333333,1.0,0.3333333333333333,1.0,6,2,0,2,0.5,0.3333333333333333,1,2,0,1474
2,0,0,0,0,1.0,0.2857142857142857,1.0,0.2857142857142857,1.0,7,2,0,2,0.5,0.2857142857142857,1,2,0,1475
3,1,0,0,0,0.2,0.0,0.0,0.0,0.0,0,0,0,0,0.0,0.0,0,3,0,1476
3,0,0,0,1,0.4,0.0,0.0,0.0,0.0,1,0,0,0,0.0,0.0,0,3,0,1477
2,1,0,0,0,0.6,0.0,0.0,0.5,1.0,2,0,0,0,0.5,0.0,0,3,0,1478
2,6,1,1,1,0.8,0.0,0.0,0.3333333333333333,1.0,3,0,0,0,0.5,0.0,0,3,0,1479
3,1,0,0,1,1.0,0.25,1.0,0.5,1.0,4,1,0,1,0.5,0.25,0,3,0,1480
2,0,0,1,1,0.125,0.0,0.0,0.0,0.0,0,0,0,0,0.0,0.0,3,2,0,1481
2,1,0,0,0,0.25,1.0,1.0,1.0,1.0,1,1,0,1,0.5,1.0,3,2,0,1482
2,7,1,0,0,0.375,0.5,1.0,0.5,1.0,2,1,0,1,0.5,0.5,3,2,0,1483
2,7,1,0,0,0.5,0.3333333333333333,1.0,0.3333333333333333,1.0,3,1,0,1,0.5,0.3333333333333333,3,2,0,1484
1,1,0,1,1,0.625,0.25,1.0,0.25,1.0,4,1,0,1,0.5,0.25,3,2,0,1485
3,0,0,0,0,0.75,0.4,1.0,0.4,1.0,5,2,0,2,0.5,0.4,3,2,0,1486
2,7,1,1,0,0.875,0.3333333333333333,1.0,0.3333333333333333,1.0,6,2,0,2,0.5,0.3333333333333333,3,2,0,1487
1,1,0,0,1,1.0,0.42857142857142855,1.0,0.2857142857142857,1.0,7,3,0,3,0.5,0.42857142857142855,3,2,0,1488
1,2,0,0,1,0.25,0.0,0.0,0.0,0.0,0,0,0,0,0.0,0.0,3,4,0,1489
1,1,0,0,0,0.5,0.0,0.0,1.0,1.0,1,0,0,0,0.5,0.0,3,4,0,1490
3,1,0,0,0,0.75,0.0,0.0,0.5,1.0,2,0,0,0,0.5,0.0,3,4,0,1491
2,7,1,0,1,1.0,0.0,0.0,0.3333333333333333,1.0,3,0,0,0,0.5,0.0,3,4,0,1492
3,6,1,0,0,0.2,0.0,0.0,0.0,0.0,0,0,0,0,0.0,0.0,3,3,0,1493
2,0,0,0,1,0.4,0.0,0.0,0.0,0.0,1,0,0,0,0.0,0.0,3,3,0,1494
3,7,1,0,0,0.6,0.0,0.0,0.5,1.0,2,0,0,0,0.5,0.0,3,3,0,1495
2,0,0,0,0,0.8,0.0,0.0,0.3333333333333333,1.0,3,0,0,0,0.5,0.0,3,3,0,1496
2,1,0,0,1,1.0,0.0,0.0,0.25,1.0,4,0,0,0,0.5,0.0,3,3,0,1497
3,7,1,0,0,0.1,0.0,0.0,0.0,0.0,0,0,0,0,0.0,0.0,3,3,0,1498
1,1,0,0,1,0.2,0.0,0.0,0.0,0.0,1,0,0,0,0.0,0.0,3,3,0,1499
2,0,0,0,0,0.3,0.0,0.0,0.5,1.0,2,0,0,0,0.5,0.0,3,3,0,1500
2,7,1,0,0,0.4,0.0,0.0,0.3333333333333333,1.0,3,0,0,0,0.5,0.0,3,3,0,1501
2,1,0,0,1,0.5,0.0,0.0,0.25,1.0,4,0,0,0,0.5,0.0,3,3,0,1502
3,2,0,1,0,0.6,0.0,0.0,0.4,1.0,5,0,0,0,0.5,0.0,3,3,0,1503
1,7,1,0,1,0.7,0.16666666666666666,1.0,0.3333333333333333,1.0,6,1,0,1,0.5,0.16666666666666666,3,3,0,1504
1,1,0,0,0,0.8,0.14285714285714285,1.0,0.42857142857142855,1.0,7,1,0,1,0.5,0.14285714285714285,3,3,0,1505
3,6,1,0,1,0.9,0.125,1.0,0.375,1.0,8,1,0,1,0.5,0.125,3,3,0,1506
2,1,0,0,1,1.0,0.1111111111111111,1.0,0.4444444444444444,1.0,9,1,0,1,0.5,0.1111111111111111,3,3,0,1507
2,1,0,0,0,0.125,0.0,0.0,0.0,0.0,0,0,0,0,0.0,0.0,3,3,0,1508
1,6,1,1,0,0.25,0.0,0.0,0.0,0.0,1,0,0,0,0.0,0.0,3,3,0,1509
2,1,0,0,0,0.375,0.5,1.0,0.0,0.0,2,1,0,1,0.0,0.5,3,3,0,1510
3,7,1,0,0,0.5,0.3333333333333333,1.0,0.0,0.0,3,1,0,1,0.0,0.3333333333333333,3,3,0,1511
3,0,0,0,0,0.625,0.25,1.0,0.0,0.0,4,1,0,1,0.0,0.25,3,3,0,1512
3,0,0,0,0,0.75,0.2,1.0,0.0,0.0,5,1,0,1,0.0,0.2,3,3,0,1513
3,0,0,0,0,0.875,0.16666666666666666,1.0,0.0,0.0,6,1,0,1,0.0,0.16666666666666666,3,3,0,1514
1,7,1,0,0,1.0,0.14285714285714285,1.0,0.0,0.0,7,1,0,1,0.0,0.14285714285714285,3,3,0,1515
1,1,0,0,1,0.2,0.0,0.0,0.0,0.0,0,0,0,0,0.0,0.0,1,4,0,1516
1,7,1,0,0,0.4,0.0,0.0,1.0,1.0,1,0,0,0,0.5,0.0,1,4,0,1517
2,7,1,0,0,0.6,0.0,0.0,0.5,1.0,2,0,0,0,0.5,0.0,1,4,0,1518
3,1,0,0,1,0.8,0.0,0.0,0.3333333333333333,1.0,3,0,0,0,0.5,0.0,1,4,0,1519
3,7,1,1,0,1.0,0.0,0.0,0.5,1.0,4,0,0,0,0.5,0.0,1,4,0,1520
3,1,0,0,0,0.2,0.0,0.0,0.0,0.0,0,0,0,0,0.0,0.0,3,3,0,1521
3,6,1,0,1,0.4,0.0,0.0,0.0,0.0,1,0,0,0,0.0,0.0,3,3,0,1522
1,0,0,0,0,0.6,0.0,0.0,0.5,1.0,2,0,0,0,0.5,0.0,3,3,0,1523
2,0,0,0,0,0.8,0.0,0.0,0.3333333333333333,1.0,3,0,0,0,0.5,0.0,3,3,0,1524
2,1,0,0,0,1.0,0.0,0.0,0.25,1.0,4,0,0,0,0.5,0.0,3,3,0,1525
1,7,1,1,1,0.25,0.0,0.0,0.0,0.0,0,0,0,0,0.0,0.0,0,3,0,1526
3,2,0,0,0,0.5,1.0,1.0,1.0,1.0,1,1,0,1,0.5,1.0,0,3,0,1527
3,1,0,1,0,0.75,0.5,1.0,0.5,1.0,2,1,0,1,0.5,0.5,0,3,0,1528
1,0,0,0,1,1.0,0.6666666666666666,1.0,0.3333333333333333,1.0,3,2,0,2,0.5,0.6666666666666666,0,3,0,1529
3,0,0,0,0,0.125,0.0,0.0,0.0,0.0,0,0,0,0,0.0,0.0,3,4,0,1530
1,0,0,1,1,0.25,0.0,0.0,0.0,0.0,1,0,0,0,0.0,0.0,3,4,0,1531
1,2,0,0,0,0.375,0.5,1.0,0.5,1.0,2,1,0,1,0.5,0.5,3,4,0,1532
1,7,1,0,0,0.5,0.3333333333333333,1.0,0.3333333333333333,1.0,3,1,0,1,0.5,0.3333333333333333,3,4,0,1533
2,7,1,0,0,0.625,0.25,1.0,0.25,1.0,4,1,0,1,0.5,0.25,3,4,0,1534
3,2,0,0,0,0.75,0.2,1.0,0.2,1.0,5,1,0,1,0.5,0.2,3,4,0,1535
1,1,0,0,0,0.875,0.16666666666666666,1.0,0.16666666666666666,1.0,6,1,0,1,0.5,0.16666666666666666,3,4,0,1536
1,2,0,0,0,1.0,0.14285714285714285,1.0,0.14285714285714285,1.0,7,1,0,1,0.5,0.14285714285714285,3,4,0,1537
2,7,1,0,0,0.2,0.0,0.0,0.0,0.0,0,0,0,0,0.0,0.0,0,3,0,1538
1,1,0,0,0,0.4,0.0,0.0,0.0,0.0,1,0,0,0,0.0,0.0,0,3,0,1539
3,6,1,0,0,0.6,0.0,0.0,0.0,0.0,2,0,0,0,0.0,0.0,0,3,0,1540
1,6,1,0,1,0.8,0.0,0.0,0.0,0.0,3,0,0,0,0.0,0.0,0,3,0,1541
3,2,0,0,0,1.0,0.0,0.0,0.25,1.0,4,0,0,0,0.5,0.0,0,3,0,1542
2,7,1,0,0,0.25,0.0,0.0,0.0,0.0,0,0,0,0,0.0,0.0,3,4,0,1543
3,7,1,0,0,0.5,0.0,0.0,0.0,0.0,1,0,0,0,0.0,0.0,3,4,0,1544
1,7,1,0,1,0.75,0.0,0.0,0.0,0.0,2,0,0,0,0.0,0.0,3,4,0,1545
2,7,1,0,0,1.0,0.0,0.0,0.3333333333333333,1.0,3,0,0,0,0.5,0.0,3,4,0,1546
1,6,1,0,1,0.1,0.0,0.0,0.0,0.0,0,0,0,0,0.0,0.0,3,4,0,1547
2,6,1,0,1,0.2,0.0,0.0,1.0,1.0,1,0,0,0,0.5,0.0,3,4,0,1548
1,6,1,0,0,0.3,0.0,0.0,1.0,1.0,2,0,0,0,0.5,0.0,3,4,0,1549
1,2,0,0,0,0.4,0.0,0.0,0.6666666666666666,1.0,3,0,0,0,0.5,0.0,3,4,0,1550
2,7,1,0,1,0.5,0.0,0.0,0.5,1.0,4,0,0,0,0.5,0.0,3,4,0,1551
1,6,1,0,1,0.6,0.0,0.0,0.6,1.0,5,0,0,0,0.5,0.0,3,4,0,1552
2,7,1,0,1,0.7,0.0,0.0,0.6666666666666666,1.0,6,0,0,0,0.5,0.0,3,4,0,1553
2,1,0,0,0,0.8,0.0,0.0,0.7142857142857143,1.0,7,0,0,0,0.5,0.0,3,4,0,1554
2,1,0,0,0,0.9,0.0,0.0,0.625,1.0,8,0,0,0,0.5,0.0,3,4,0,1555
1,7,1,1,0,1.0,0.0,0.0,0.5555555555555556,1.0,9,0,0,0,0.5,0.0,3,4,0,1556
2,2,0,0,0,0.25,0.0,0.0,0.0,0.0,0,0,0,0,0.0,0.0,0,4,0,1557
2,2,0,0,0,0.5,0.0,0.0,0.0,0.0,1,0,0,0,0.0,0.0,0,4,0,1558
2,1,0,0,1,0.75,0.0,0.0,0.0,0.0,2,0,0,0,0.0,0.0,0,4,0,1559
3,0,0,0,0,1.0,0.0,0.0,0.3333333333333333,1.0,3,0,0,0,0.5,0.0,0,4,0,1560
3,0,0,0,1,0.125,0.0,0.0,0.0,0.0,0,0,0,0,0.0,0.0,0,2,0,1561
2,0,0,0,0,0.25,0.0,0.0,1.0,1.0,1,0,0,0,0.5,0.0,0,2,0,1562
1,0,0,1,1,0.375,0.0,0.0,0.5,1.0,2,0,0,0,0.5,0.0,0,2,0,1563
3,7,1,0,1,0.5,0.3333333333333333,1.0,0.6666666666666666,1.0,3,1,0,1,0.5,0.3333333333333333,0,2,0,1564
2,0,0,1,0,0.625,0.25,1.0,0.75,1.0,4,1,0,1,0.5,0.25,0,2,0,1565
3,6,1,0,0,0.75,0.4,1.0,0.6,1.0,5,2,0,2,0.5,0.4,0,2,0,1566
3,6,1,0,0,0.875,0.3333333333333333,1.0,0.5,1.0,6,2,0,2,0.5,0.3333333333333333,0,2,0,1567
1,2,0,0,0,1.0,0.2857142857142857,1.0,0.42857142857142855,1.0,7,2,0,2,0.5,0.2857142857142857,0,2,0,1568
3,0,0,0,1,0.25,0.0,0.0,0.0,0.0,0,0,0,0,0.0,0.0,1,2,0,1569
2,0,0,0,1,0.5,0.0,0.0,1.0,1.0,1,0,0,0,0.5,0.0,1,2,0,1570
3,0,0,0,0,0.75,0.0,0.0,1.0,1.0,2,0,0,0,0.5,0.0,1,2,0,1571
2,0,0,1,0,1.0,0.0,0.0,0.6666666666666666,1.0,3,0,0,0,0.5,0.0,1,2,0,1572
3,2,0,0,0,0.1429,0.0,0.0,0.0,0.0,0,0,0,0,0.0,0.0,1,4,0,1573
1,6,1,0,0,0.2857,0.0,0.0,0.0,0.0,1,0,0,0,0.0,0.0,1,4,0,1574
1,6,1,0,0,0.4286,0.0,0.0,0.0,0.0,2,0,0,0,0.0,0.0,1,4,0,1575
3,0,0,0,0,0.5714,0.0,0.0,0.0,0.0,3,0,0,0,0.0,0.0,1,4,0,1576
2,0,0,1,0,0.7143,0.0,0.0,0.0,0.0,4,0,0,0,0.0,0.0,1,4,0,1577
2,7,1,0,0,0.8571,0.2,1.0,0.0,0.0,5,1,0,1,0.0,0.2,1,4,0,1578
1,2,0,0,0,1.0,0.16666666666666666,1.0,0.0,0.0,6,1,0,1,0.0,0.16666666666666666,1,4,0,1579
1,2,0,0,0,0.1429,0.0,0.0,0.0,0.0,0,0,0,0,0.0,0.0,2,3,0,1580
1,0,0,0,0,0.2857,0.0,0.0,0.0,0.0,1,0,0,0,0.0,0.0,2,3,0,1581
2,0,0,0,0,0.4286,0.0,0.0,0.0,0.0,2,0,0,0,0.0,0.0,2,3,0,1582
3,7,1,0,1,0.5714,0.0,0.0,0.0,0.0,3,0,0,0,0.0,0.0,2,3,0,1583
1,0,0,0,1,0.7143,0.0,0.0,0.25,1.0,4,0,0,0,0.5,0.0,2,3,0,1584
1,6,1,0,0,0.8571,0.0,0.0,0.4,1.0,5,0,0,0,0.5,0.0,2,3,0,1585
3,2,0,0,1,1.0,0.0,0.0,0.3333333333333333,1.0,6,0,0,0,0.5,0.0,2,3,0,1586
1,0,0,1,0,0.1,0.0,0.0,0.0,0.0,0,0,0,0,0.0,0.0,2,3,0,1587
1,7,1,0,1,0.2,1.0,1.0,0.0,0.0,1,1,0,1,0.0,1.0,2,3,0,1588
1,0,0,0,0,0.3,0.5,1.0,0.5,1.0,2,1,0,1,0.5,0.5,2,3,0,1589
2,0,0,0,0,0.4,0.3333333333333333,1.0,0.3333333333333333,1.0,3,1,0,1,0.5,0.3333333333333333,2,3,0,1590
2,6,1,0,1,0.5,0.25,1.0,0.25,1.0,4,1,0,1,0.5,0.25,2,3,0,1591
2,7,1,0,1,0.6,0.2,1.0,0.4,1.0,5,1,0,1,0.5,0.2,2,3,0,1592
3,0,0,1,0,0.7,0.16666666666666666,1.0,0.5,1.0,6,1,0,1,0.5,0.16666666666666666,2,3,0,1593
1,2,0,1,0,0.8,0.2857142857142857,1.0,0.42857142857142855,1.0,7,2,0,2,0.5,0.2857142857142857,2,3,0,1594
1,0,0,0,0,0.9,0.375,1.0,0.375,1.0,8,3,0,3,0.5,0.375,2,3,0,1595
1,1,0,1,0,1.0,0.3333333333333333,1.0,0.3333333333333333,1.0,9,3,0,3,0.5,0.3333333333333333,2,3,0,1596
2,7,1,1,0,0.1111,0.0,0.0,0.0,0.0,0,0,0,0,0.0,0.0,0,4,0,1597
2,2,0,0,0,0.2222,1.0,1.0,0.0,0.0,1,1,0,1,0.0,1.0,0,4,0,1598
3,7,1,1,0,0.3333,0.5,1.0,0.0,0.0,2,1,0,1,0.0,0.5,0,4,0,1599
3,2,0,0,1,0.4444,0.6666666666666666,1.0,0.0,0.0,3,2,0,2,0.0,0.6666666666666666,0,4,0,1600
3,6,1,0,1,0.5556,0.5,1.0,0.25,1.0,4,2,0,2,0.5,0.5,0,4,0,1601
1,1,0,0,0,0.6667,0.4,1.0,0.4,1.0,5,2,0,2,0.5,0.4,0,4,0,1602
2,7,1,0,1,0.7778,0.3333333333333333,1.0,0.3333333333333333,1.0,6,2,0,2,0.5,0.3333333333333333,0,4,0,1603
2,2,0,0,0,0.8889,0.2857142857142857,1.0,0.42857142857142855,1.0,7,2,0,2,0.5,0.2857142857142857,0,4,0,1604
2,2,0,0,0,1.0,0.25,1.0,0.375,1.0,8,2,0,2,0.5,0.25,0,4,0,1605
1,6,1,0,0,0.1111,0.0,0.0,0.0,0.0,0,0,0,0,0.0,0.0,1,4,0,1606
3,7,1,0,0,0.2222,0.0,0.0,0.0,0.0,1,0,0,0,0.0,0.0,1,4,0,1607
2,0,0,0,0,0.3333,0.0,0.0,0.0,0.0,2,0,0,0,0.0,0.0,1,4,0,1608
1,0,0,0,1,0.4444,0.0,0.0,0.0,0.0,3,0,0,0,0.0,0.0,1,4,0,1609
2,1,0,0,1,0.5556,0.0,0.0,0.25,1.0,4,0,0,0,0.5,0.0,1,4,0,1610
3,1,0,0,0,0.6667,0.0,0.0,0.4,1.0,5,0,0,0,0.5,0.0,1,4,0,1611
3,2,0,0,0,0.7778,0.0,0.0,0.3333333333333333,1.0,6,0,0,0,0.5,0.0,1,4,0,1612
2,2,0,1,0,0.8889,0.0,0.0,0.2857142857142857,1.0,7,0,0,0,0.5,0.0,1,4,0,1613
3,6,1,0,0,1.0,0.125,1.0,0.25,1.0,8,1,0,1,0.5,0.125,1,4,0,1614
2,7,1,0,0,0.2,0.0,0.0,0.0,0.0,0,0,0,0,0.0,0.0,2,2,0,1615
2,2,0,0,0,0.4,0.0,0.0,0.0,0.0,1,0,0,0,0.0,0.0,2,2,0,1616
3,7,1,0,0,0.6,0.0,0.0,0.0,0.0,2,0,0,0,0.0,0.0,2,2,0,1617
3,6,1,0,1,0.8,0.0,0.0,0.0,0.0,3,0,0,0,0.0,0.0,2,2,0,1618
2,2,0,0,1,1.0,0.0,0.0,0.25,1.0,4,0,0,0,0.5,0.0,2,2,0,1619
1,1,0,0,1,0.1667,0.0,0.0,0.0,0.0,0,0,0,0,0.0,0.0,2,4,0,1620
2,6,1,1,0,0.3333,0.0,0.0,1.0,1.0,1,0,0,0,0.5,0.0,2,4,0,1621
2,2,0,0,1,0.5,0.5,1.0,0.5,1.0,2,1,0,1,0.5,0.5,2,4,0,1622
3,6,1,0,0,0.6667,0.3333333333333333,1.0,0.6666666666666666,1.0,3,1,0,1,0.5,0.3333333333333333,2,4,0,1623
3,6,1,0,0,0.8333,0.25,1.0,0.5,1.0,4,1,0,1,0.5,0.25,2,4,0,1624
1,1,0,1,1,1.0,0.2,1.0,0.4,1.0,5,1,0,1,0.5,0.2,2,4,0,1625
3,7,1,0,0,0.25,0.0,0.0,0.0,0.0,0,0,0,0,0.0,0.0,0,3,0,1626
2,6,1,0,0,0.5,0.0,0.0,0.0,0.0,1,0,0,0,0.0,0.0,0,3,0,1627
1,2,0,0,0,0.75,0.0,0.0,0.0,0.0,2,0,0,0,0.0,0.0,0,3,0,1628
2,7,1,0,0,1.0,0.0,0.0,0.0,0.0,3,0,0,0,0.0,0.0,0,3,0,1629
3,7,1,0,0,0.1429,0.0,0.0,0.0,0.0,0,0,0,0,0.0,0.0,0,3,0,1630
1,6,1,0,0,0.2857,0.0,0.0,0.0,0.0,1,0,0,0,0.0,0.0,0,3,0,1631
3,1,0,0,0,0.4286,0.0,0.0,0.0,0.0,2,0,0,0,0.0,0.0,0,3,0,1632
2,0,0,0,0,0.5714,0.0,0.0,0.0,0.0,3,0,0,0,0.0,0.0,0,3,0,1633
3,2,0,1,0,0.7143,0.0,0.0,0.0,0.0,4,0,0,0,0.0,0.0,0,3,0,1634
1,7,1,0,1,0.8571,0.2,1.0,0.0,0.0,5,1,0,1,0.0,0.2,0,3,0,1635
1,0,0,0,1,1.0,0.16666666666666666,1.0,0.16666666666666666,1.0,6,1,0,1,0.5,0.16666666666666666,0,3,0,1636
1,1,0,0,0,0.2,0.0,0.0,0.0,0.0,0,0,0,0,0.0,0.0,2,3,0,1637
3,1,0,0,0,0.4,0.0,0.0,0.0,0.0,1,0,0,0,0.0,0.0,2,3,0,1638
3,1,0,1,0,0.6,0.0,0.0,0.0,0.0,2,0,0,0,0.0,0.0,2,3,0,1639
2,2,0,0,0,0.8,0.3333333333333333,1.0,0.0,0.0,3,1,0,1,0.0,0.3333333333333333,2,3,0,1640
1,0,0,0,0,1.0,0.25,1.0,0.0,0.0,4,1,0,1,0.0,0.25,2,3,0,1641
1,2,0,1,0,0.125,0.0,0.0,0.0,0.0,0,0,0,0,0.0,0.0,0,2,0,1642
3,2,0,0,0,0.25,1.0,1.0,0.0,0.0,1,1,0,1,0.0,1.0,0,2,0,1643
2,6,1,0,0,0.375,0.5,1.0,0.0,0.0,2,1,0,1,0.0,0.5,0,2,0,1644
3,1,0,0,1,0.5,0.3333333333333333,1.0,0.0,0.0,3,1,0,1,0.0,0.3333333333333333,0,2,0,1645
1,6,1,0,0,0.625,0.25,1.0,0.25,1.0,4,1,0,1,0.5,0.25,0,2,0,1646
2,7,1,1,1,0.75,0.2,1.0,0.2,1.0,5,1,0,1,0.5,0.2,0,2,0,1647
1,6,1,0,0,0.875,0.3333333333333333,1.0,0.3333333333333333,1.0,6,2,0,2,0.5,0.3333333333333333,0,2,0,1648
3,0,0,0,1,1.0,0.2857142857142857,1.0,0.2857142857142857,1.0,7,2,0,2,0.5,0.2857142857142857,0,2,0,1649
3,6,1,0,0,0.1429,0.0,0.0,0.0,0.0,0,0,0,0,0.0,0.0,2,4,0,1650
2,2,0,0,1,0.2857,0.0,0.0,0.0,0.0,1,0,0,0,0.0,0.0,2,4,0,1651
1,1,0,0,0,0.4286,0.0,0.0,0.5,1.0,2,0,0,0,0.5,0.0,2,4,0,1652
2,6,1,0,1,0.5714,0.0,0.0,0.3333333333333333,1.0,3,0,0,0,0.5,0.0,2,4,0,1653
3,6,1,0,1,0.7143,0.0,0.0,0.5,1.0,4,0,0,0,0.5,0.0,2,4,0,1654
2,2,0,0,0,0.8571,0.0,0.0,0.6,1.0,5,0,0,0,0.5,0.0,2,4,0,1655
2,2,0,1,0,1.0,0.0,0.0,0.5,1.0,6,0,0,0,0.5,0.0,2,4,0,1656
2,7,1,0,0,0.2,0.0,0.0,0.0,0.0,0,0,0,0,0.0,0.0,2,4,0,1657
2,6,1,0,1,0.4,0.0,0.0,0.0,0.0,1,0,0,0,0.0,0.0,2,4,0,1658
2,0,0,0,1,0.6,0.0,0.0,0.5,1.0,2,0,0,0,0.5,0.0,2,4,0,1659
3,6,1,1,1,0.8,0.0,0.0,0.6666666666666666,1.0,3,0,0,0,0.5,0.0,2,4,0,1660
3,2,0,0,0,1.0,0.25,1.0,0.75,1.0,4,1,0,1,0.5,0.25,2,4,0,1661
1,7,1,0,0,0.125,0.0,0.0,0.0,0.0,0,0,0,0,0.0,0.0,2,3,0,1662
3,0,0,0,0,0.25,0.0,0.0,0.0,0.0,1,0,0,0,0.0,0.0,2,3,0,1663
1,1,0,1,1,0.375,0.0,0.0,0.0,0.0,2,0,0,0,0.0,0.0,2,3,0,1664
3,7,1,0,0,0.5,0.3333333333333333,1.0,0.3333333333333333,1.0,3,1,0,1,0.5,0.3333333333333333,2,3,0,1665
1,2,0,0,0,0.625,0.25,1.0,0.25,1.0,4,1,0,1,0.5,0.25,2,3,0,1666
3,7,1,0,0,0.75,0.2,1.0,0.2,1.0,5,1,0,1,0.5,0.2,2,3,0,1667
2,2,0,0,0,0.875,0.16666666666666666,1.0,0.16666666666666666,1.0,6,1,0,1,0.5,0.16666666666666666,2,3,0,1668
2,7,1,0,0,1.0,0.14285714285714285,1.0,0.14285714285714285,1.0,7,1,0,1,0.5,0.14285714285714285,2,3,0,1669
2,0,0,1,0,0.1429,0.0,0.0,0.0,0.0,0,0,0,0,0.0,0.0,2,3,0,1670
1,1,0,0,1,0.2857,1.0,1.0,0.0,0.0,1,1,0,1,0.0,1.0,2,3,0,1671
3,0,0,1,0,0.4286,0.5,1.0,0.5,1.0,2,1,0,1,0.5,0.5,2,3,0,1672
2,6,1,0,0,0.5714,0.6666666666666666,1.0,0.3333333333333333,1.0,3,2,0,2,0.5,0.6666666666666666,2,3,0,1673
2,0,0,1,1,0.7143,0.5,1.0,0.25,1.0,4,2,0,2,0.5,0.5,2,3,0,1674
1,1,0,0,0,0.8571,0.6,1.0,0.4,1.0,5,3,0,3,0.5,0.6,2,3,0,1675
2,7,1,0,1,1.0,0.5,1.0,0.3333333333333333,1.0,6,3,0,3,0.5,0.5,2,3,0,1676
2,2,0,1,0,0.125,0.0,0.0,0.0,0.0,0,0,0,0,0.0,0.0,1,2,0,1677
2,2,0,0,1,0.25,1.0,1.0,0.0,0.0,1,1,0,1,0.0,1.0,1,2,0,1678
1,7,1,0,0,0.375,0.5,1.0,0.5,1.0,2,1,0,1,0.5,0.5,1,2,0,1679
1,2,0,0,1,0.5,0.3333333333333333,1.0,0.3333333333333333,1.0,3,1,0,1,0.5,0.3333333333333333,1,2,0,1680
1,6,1,1,0,0.625,0.25,1.0,0.5,1.0,4,1,0,1,0.5,0.25,1,2,0,1681
3,2,0,0,1,0.75,0.4,1.0,0.4,1.0,5,2,0,2,0.5,0.4,1,2,0,1682
1,6,1,0,0,0.875,0.3333333333333333,1.0,0.5,1.0,6,2,0,2,0.5,0.3333333333333333,1,2,0,1683
3,6,1,0,0,1.0,0.2857142857142857,1.0,0.42857142857142855,1.0,7,2,0,2,0.5,0.2857142857142857,1,2,0,1684
1,6,1,0,0,0.25,0.0,0.0,0.0,0.0,0,0,0,0,0.0,0.0,1,2,0,1685
3,1,0,0,1,0.5,0.0,0.0,0.0,0.0,1,0,0,0,0.0,0.0,1,2,0,1686
1,6,1,0,0,0.75,0.0,0.0,0.5,1.0,2,0,0,0,0.5,0.0,1,2,0,1687
1,1,0,1,0,1.0,0.0,0.0,0.3333333333333333,1.0,3,0,0,0,0.5,0.0,1,2,0,1688
3,0,0,1,1,0.1,0.0,0.0,0.0,0.0,0,0,0,0,0.0,0.0,3,4,0,1689
3,2,0,0,1,0.2,1.0,1.0,1.0,1.0,1,1,0,1,0.5,1.0,3,4,0,1690
1,2,0,0,0,0.3,0.5,1.0,1.0,1.0,2,1,0,1,0.5,0.5,3,4,0,1691
3,7,1,1,0,0.4,0.3333333333333333,1.0,0.6666666666666666,1.0,3,1,0,1,0.5,0.3333333333333333,3,4,0,1692
1,0,0,0,0,0.5,0.5,1.0,0.5,1.0,4,2,0,2,0.5,0.5,3,4,0,1693
2,7,1,0,0,0.6,0.4,1.0,0.4,1.0,5,2,0,2,0.5,0.4,3,4,0,1694
3,6,1,0,0,0.7,0.3333333333333333,1.0,0.3333333333333333,1.0,6,2,0,2,0.5,0.3333333333333333,3,4,0,1695
2,7,1,1,1,0.8,0.2857142857142857,1.0,0.2857142857142857,1.0,7,2,0,2,0.5,0.2857142857142857,3,4,0,1696
1,6,1,0,0,0.9,0.375,1.0,0.375,1.0,8,3,0,3,0.5,0.375,3,4,0,1697
2,6,1,0,0,1.0,0.3333333333333333,1.0,0.3333333333333333,1.0,9,3,0,3,0.5,0.3333333333333333,3,4,0,1698
1,0,0,1,0,0.125,0.0,0.0,0.0,0.0,0,0,0,0,0.0,0.0,3,3,0,1699
1,2,0,0,0,0.25,1.0,1.0,0.0,0.0,1,1,0,1,0.0,1.0,3,3,0,1700
3,2,0,1,1,0.375,0.5,1.0,0.0,0.0,2,1,0,1,0.0,0.5,3,3,0,1701
1,0,0,0,1,0.5,0.6666666666666666,1.0,0.3333333333333333,1.0,3,2,0,2,0.5,0.6666666666666666,3,3,0,1702
2,6,1,1,0,0.625,0.5,1.0,0.5,1.0,4,2,0,2,0.5,0.5,3,3,0,1703
2,2,0,0,1,0.75,0.6,1.0,0.4,1.0,5,3,0,3,0.5,0.6,3,3,0,1704
2,2,0,0,0,0.875,0.5,1.0,0.5,1.0,6,3,0,3,0.5,0.5,3,3,0,1705
2,1,0,0,0,1.0,0.42857142857142855,1.0,0.42857142857142855,1.0,7,3,0,3,0.5,0.42857142857142855,3,3,0,1706
2,6,1,0,0,0.1,0.0,0.0,0.0,0.0,0,0,0,0,0.0,0.0,2,2,0,1707
2,1,0,1,0,0.2,0.0,0.0,0.0,0.0,1,0,0,0,0.0,0.0,2,2,0,1708
1,1,0,1,0,0.3,0.5,1.0,0.0,0.0,2,1,0,1,0.0,0.5,2,2,0,1709
3,2,0,0,1,0.4,0.6666666666666666,1.0,0.0,0.0,3,2,0,2,0.0,0.6666666666666666,2,2,0,1710
2,2,0,0,1,0.5,0.5,1.0,0.25,1.0,4,2,0,2,0.5,0.5,2,2,0,1711
2,2,0,0,0,0.6,0.4,1.0,0.4,1.0,5,2,0,2,0.5,0.4,2,2,0,1712
2,6,1,0,0,0.7,0.3333333333333333,1.0,0.3333333333333333,1.0,6,2,0,2,0.5,0.3333333333333333,2,2,0,1713
3,1,0,0,0,0.8,0.2857142857142857,1.0,0.2857142857142857,1.0,7,2,0,2,0.5,0.2857142857142857,2,2,0,1714
1,7,1,0,0,0.9,0.25,1.0,0.25,1.0,8,2,0,2,0.5,0.25,2,2,0,1715
3,6,1,0,1,1.0,0.2222222222222222,1.0,0.2222222222222222,1.0,9,2,0,2,0.5,0.2222222222222222,2,2,0,1716
1,0,0,0,0,0.1111,0.0,0.0,0.0,0.0,0,0,0,0,0.0,0.0,2,4,0,1717
2,1,0,0,0,0.2222,0.0,0.0,0.0,0.0,1,0,0,0,0.0,0.0,2,4,0,1718
1,2,0,0,0,0.3333,0.0,0.0,0.0,0.0,2,0,0,0,0.0,0.0,2,4,0,1719
1,6,1,0,0,0.4444,0.0,0.0,0.0,0.0,3,0,0,0,0.0,0.0,2,4,0,1720
3,2,0,0,0,0.5556,0.0,0.0,0.0,0.0,4,0,0,0,0.0,0.0,2,4,0,1721
3,0,0,0,0,0.6667,0.0,0.0,0.0,0.0,5,0,0,0,0.0,0.0,2,4,0,1722
3,7,1,0,0,0.7778,0.0,0.0,0.0,0.0,6,0,0,0,0.0,0.0,2,4,0,1723
1,0,0,0,1,0.8889,0.0,0.0,0.0,0.0,7,0,0,0,0.0,0.0,2,4,0,1724
1,2,0,0,0,1.0,0.0,0.0,0.125,1.0,8,0,0,0,0.5,0.0,2,4,0,1725
3,1,0,0,0,0.1429,0.0,0.0,0.0,0.0,0,0,0,0,0.0,0.0,1,3,0,1726
3,7,1,0,0,0.2857,0.0,0.0,0.0,0.0,1,0,0,0,0.0,0.0,1,3,0,1727
1,1,0,0,0,0.4286,0.0,0.0,0.0,0.0,2,0,0,0,0.0,0.0,1,3,0,1728
1,7,1,0,1,0.5714,0.0,0.0,0.0,0.0,3,0,0,0,0.0,0.0,1,3,0,1729
3,0,0,0,1,0.7143,0.0,0.0,0.25,1.0,4,0,0,0,0.5,0.0,1,3,0,1730
2,6,1,0,0,0.8571,0.0,0.0,0.4,1.0,5,0,0,0,0.5,0.0,1,3,0,1731
2,6,1,0,0,1.0,0.0,0.0,0.3333333333333333,1.0,6,0,0,0,0.5,0.0,1,3,0,1732
3,0,0,0,0,0.1429,0.0,0.0,0.0,0.0,0,0,0,0,0.0,0.0,3,2,0,1733
2,0,0,1,0,0.2857,0.0,0.0,0.0,0.0,1,0,0,0,0.0,0.0,3,2,0,1734
3,7,1,0,0,0.4286,0.5,1.0,0.0,0.0,2,1,0,1,0.0,0.5,3,2,0,1735
1,6,1,0,1,0.5714,0.3333333333333333,1.0,0.0,0.0,3,1,0,1,0.0,0.3333333333333333,3,2,0,1736
1,7,1,0,1,0.7143,0.25,1.0,0.25,1.0,4,1,0,1,0.5,0.25,3,2,0,1737
2,1,0,1,1,0.8571,0.2,1.0,0.4,1.0,5,1,0,1,0.5,0.2,3,2,0,1738
2,2,0,0,1,1.0,0.3333333333333333,1.0,0.5,1.0,6,2,0,2,0.5,0.3333333333333333,3,2,0,1739
2,0,0,0,1,0.25,0.0,0.0,0.0,0.0,0,0,0,0,0.0,0.0,2,4,0,1740
3,7,1,0,1,0.5,0.0,0.0,1.0,1.0,1,0,0,0,0.5,0.0,2,4,0,1741
2,2,0,1,1,0.75,0.0,0.0,1.0,1.0,2,0,0,0,0.5,0.0,2,4,0,1742
2,7,1,0,0,1.0,0.3333333333333333,1.0,1.0,1.0,3,1,0,1,0.5,0.3333333333333333,2,4,0,1743
2,1,0,0,0,0.125,0.0,0.0,0.0,0.0,0,0,0,0,0.0,0.0,2,3,0,1744
3,0,0,0,0,0.25,0.0,0.0,0.0,0.0,1,0,0,0,0.0,0.0,2,3,0,1745
2,2,0,0,1,0.375,0.0,0.0,0.0,0.0,2,0,0,0,0.0,0.0,2,3,0,1746
2,7,1,0,0,0.5,0.0,0.0,0.3333333333333333,1.0,3,0,0,0,0.5,0.0,2,3,0,1747
3,6,1,0,0,0.625,0.0,0.0,0.25,1.0,4,0,0,0,0.5,0.0,2,3,0,1748
2,7,1,0,1,0.75,0.0,0.0,0.2,1.0,5,0,0,0,0.5,0.0,2,3,0,1749
1,2,0,1,0,0.875,0.0,0.0,0.3333333333333333,1.0,6,0,0,0,0.5,0.0,2,3,0,1750
1,7,1,0,0,1.0,0.14285714285714285,1.0,0.2857142857142857,1.0,7,1,0,1,0.5,0.14285714285714285,2,3,0,1751
2,2,0,0,1,0.1667,0.0,0.0,0.0,0.0,0,0,0,0,0.0,0.0,2,2,0,1752
3,2,0,0,0,0.3333,0.0,0.0,1.0,1.0,1,0,0,0,0.5,0.0,2,2,0,1753
2,0,0,0,0,0.5,0.0,0.0,0.5,1.0,2,0,0,0,0.5,0.0,2,2,0,1754
3,7,1,0,0,0.6667,0.0,0.0,0.3333333333333333,1.0,3,0,0,0,0.5,0.0,2,2,0,1755
2,0,0,1,0,0.8333,0.0,0.0,0.25,1.0,4,0,0,0,0.5,0.0,2,2,0,1756
1,1,0,0,1,1.0,0.2,1.0,0.2,1.0,5,1,0,1,0.5,0.2,2,2,0,1757
1,0,0,0,0,0.2,0.0,0.0,0.0,0.0,0,0,0,0,0.0,0.0,2,4,0,1758
2,0,0,0,0,0.4,0.0,0.0,0.0,0.0,1,0,0,0,0.0,0.0,2,4,0,1759
2,7,1,0,0,0.6,0.0,0.0,0.0,0.0,2,0,0,0,0.0,0.0,2,4,0,1760
2,2,0,0,0,0.8,0.0,0.0,0.0,0.0,3,0,0,0,0.0,0.0,2,4,0,1761
3,6,1,0,0,1.0,0.0,0.0,0.0,0.0,4,0,0,0,0.0,0.0,2,4,0,1762
1,7,1,0,0,0.25,0.0,0.0,0.0,0.0,0,0,0,0,0.0,0.0,0,2,0,1763
2,1,0,0,0,0.5,0.0,0.0,0.0,0.0,1,0,0,0,0.0,0.0,0,2,0,1764
1,0,0,1,0,0.75,0.0,0.0,0.0,0.0,2,0,0,0,0.0,0.0,0,2,0,1765
2,6,1,0,0,1.0,0.3333333333333333,1.0,0.0,0.0,3,1,0,1,0.0,0.3333333333333333,0,2,0,1766
3,7,1,0,0,0.2,0.0,0.0,0.0,0.0,0,0,0,0,0.0,0.0,2,2,0,1767
1,6,1,0,0,0.4,0.0,0.0,0.0,0.0,1,0,0,0,0.0,0.0,2,2,0,1768
2,7,1,0,0,0.6,0.0,0.0,0.0,0.0,2,0,0,0,0.0,0.0,2,2,0,1769
2,1,0,0,1,0.8,0.0,0.0,0.0,0.0,3,0,0,0,0.0,0.0,2,2,0,1770
1,1,0,1,0,1.0,0.0,0.0,0.25,1.0,4,0,0,0,0.5,0.0,2,2,0,1771
2,7,1,0,1,0.1,0.0,0.0,0.0,0.0,0,0,0,0,0.0,0.0,2,3,0,1772
1,1,0,1,0,0.2,0.0,0.0,1.0,1.0,1,0,0,0,0.5,0.0,2,3,0,1773
1,6,1,0,0,0.3,0.5,1.0,0.5,1.0,2,1,0,1,0.5,0.5,2,3,0,1774
2,2,0,0,1,0.4,0.3333333333333333,1.0,0.3333333333333333,1.0,3,1,0,1,0.5,0.3333333333333333,2,3,0,1775
2,6,1,0,1,0.5,0.25,1.0,0.5,1.0,4,1,0,1,0.5,0.25,2,3,0,1776
3,2,0,1,0,0.6,0.2,1.0,0.6,1.0,5,1,0,1,0.5,0.2,2,3,0,1777
3,6,1,0,1,0.7,0.3333333333333333,1.0,0.5,1.0,6,2,0,2,0.5,0.3333333333333333,2,3,0,1778
3,0,0,0,1,0.8,0.2857142857142857,1.0,0.5714285714285714,1.0,7,2,0,2,0.5,0.2857142857142857,2,3,0,1779
2,2,0,0,0,0.9,0.25,1.0,0.625,1.0,8,2,0,2,0.5,0.25,2,3,0,1780
2,2,0,1,0,1.0,0.2222222222222222,1.0,0.5555555555555556,1.0,9,2,0,2,0.5,0.2222222222222222,2,3,0,1781
2,2,0,0,0,0.1429,0.0,0.0,0.0,0.0,0,0,0,0,0.0,0.0,3,3,0,1782
1,1,0,0,1,0.2857,0.0,0.0,0.0,0.0,1,0,0,0,0.0,0.0,3,3,0,1783
2,6,1,1,1,0.4286,0.0,0.0,0.5,1.0,2,0,0,0,0.5,0.0,3,3,0,1784
3,1,0,0,1,0.5714,0.3333333333333333,1.0,0.6666666666666666,1.0,3,1,0,1,0.5,0.3333333333333333,3,3,0,1785
3,0,0,0,0,0.7143,0.25,1.0,0.75,1.0,4,1,0,1,0.5,0.25,3,3,0,1786
3,6,1,0,0,0.8571,0.2,1.0,0.6,1.0,5,1,0,1,0.5,0.2,3,3,0,1787
1,2,0,0,0,1.0,0.16666666666666666,1.0,0.5,1.0,6,1,0,1,0.5,0.16666666666666666,3,3,0,1788
2,7,1,0,0,0.1667,0.0,0.0,0.0,0.0,0,0,0,0,0.0,0.0,1,2,0,1789
2,2,0,1,1,0.3333,0.0,0.0,0.0,0.0,1,0,0,0,0.0,0.0,1,2,0,1790
1,7,1,0,0,0.5,0.5,1.0,0.5,1.0,2,1,0,1,0.5,0.5,1,2,0,1791
2,7,1,0,0,0.6667,0.3333333333333333,1.0,0.3333333333333333,1.0,3,1,0,1,0.5,0.3333333333333333,1,2,0,1792
1,7,1,0,1,0.8333,0.25,1.0,0.25,1.0,4,1,0,1,0.5,0.25,1,2,0,1793
3,2,0,0,1,1.0,0.2,1.0,0.4,1.0,5,1,0,1,0.5,0.2,1,2,0,1794
2,1,0,1,0,0.125,0.0,0.0,0.0,0.0,0,0,0,0,0.0,0.0,3,2,0,1795
2,7,1,0,1,0.25,1.0,1.0,0.0,0.0,1,1,0,1,0.0,1.0,3,2,0,1796
2,0,0,0,0,0.375,0.5,1.0,0.5,1.0,2,1,0,1,0.5,0.5,3,2,0,1797
2,7,1,0,0,0.5,0.3333333333333333,1.0,0.3333333333333333,1.0,3,1,0,1,0.5,0.3333333333333333,3,2,0,1798
3,6,1,0,0,0.625,0.25,1.0,0.25,1.0,4,1,0,1,0.5,0.25,3,2,0,1799
2,0,0,1,0,0.75,0.2,1.0,0.2,1.0,5,1,0,1,0.5,0.2,3,2,0,1800
3,2,0,0,0,0.875,0.3333333333333333,1.0,0.16666666666666666,1.0,6,2,0,2,0.5,0.3333333333333333,3,2,0,1801
1,7,1,1,1,1.0,0.2857142857142857,1.0,0.14285714285714285,1.0,7,2,0,2,0.5,0.2857142857142857,3,2,0,1802
2,6,1,0,1,0.1111,0.0,0.0,0.0,0.0,0,0,0,0,0.0,0.0,1,2,0,1803
3,1,0,0,0,0.2222,0.0,0.0,1.0,1.0,1,0,0,0,0.5,0.0,1,2,0,1804
2,6,1,0,0,0.3333,0.0,0.0,0.5,1.0,2,0,0,0,0.5,0.0,1,2,0,1805
3,1,0,0,0,0.4444,0.0,0.0,0.3333333333333333,1.0,3,0,0,0,0.5,0.0,1,2,0,1806
1,0,0,0,1,0.5556,0.0,0.0,0.25,1.0,4,0,0,0,0.5,0.0,1,2,0,1807
3,0,0,0,0,0.6667,0.0,0.0,0.4,1.0,5,0,0,0,0.5,0.0,1,2,0,1808
1,0,0,0,0,0.7778,0.0,0.0,0.3333333333333333,1.0,6,0,0,0,0.5,0.0,1,2,0,1809
2,6,1,0,0,0.8889,0.0,0.0,0.2857142857142857,1.0,7,0,0,0,0.5,0.0,1,2,0,1810
3,7,1,0,1,1.0,0.0,0.0,0.25,1.0,8,0,0,0,0.5,0.0,1,2,0,1811
3,6,1,0,1,0.1111,0.0,0.0,0.0,0.0,0,0,0,0,0.0,0.0,3,3,0,1812
1,7,1,1,0,0.2222,0.0,0.0,1.0,1.0,1,0,0,0,0.5,0.0,3,3,0,1813
2,1,0,0,0,0.3333,0.5,1.0,0.5,1.0,2,1,0,1,0.5,0.5,3,3,0,1814
2,0,0,0,0,0.4444,0.3333333333333333,1.0,0.3333333333333333,1.0,3,1,0,1,0.5,0.3333333333333333,3,3,0,1815
3,7,1,0,1,0.5556,0.25,1.0,0.25,1.0,4,1,0,1,0.5,0.25,3,3,0,1816
2,2,0,0,1,0.6667,0.2,1.0,0.4,1.0,5,1,0,1,0.5,0.2,3,3,0,1817
2,6,1,0,0,0.7778,0.16666666666666666,1.0,0.5,1.0,6,1,0,1,0.5,0.16666666666666666,3,3,0,1818
3,7,1,0,0,0.8889,0.14285714285714285,1.0,0.42857142857142855,1.0,7,1,0,1,0.5,0.14285714285714285,3,3,0,1819
3,2,0,0,0,1.0,0.125,1.0,0.375,1.0,8,1,0,1,0.5,0.125,3,3,0,1820
2,6,1,0,1,0.25,0.0,0.0,0.0,0.0,0,0,0,0,0.0,0.0,1,3,0,1821
2,2,0,1,0,0.5,0.0,0.0,1.0,1.0,1,0,0,0,0.5,0.0,1,3,0,1822
3,6,1,1,0,0.75,0.5,1.0,0.5,1.0,2,1,0,1,0.5,0.5,1,3,0,1823
2,6,1,0,0,1.0,0.6666666666666666,1.0,0.3333333333333333,1.0,3,2,0,2,0.5,0.6666666666666666,1,3,0,1824
2,6,1,0,0,0.25,0.0,0.0,0.0,0.0,0,0,0,0,0.0,0.0,2,3,0,1825
1,6,1,0,0,0.5,0.0,0.0,0.0,0.0,1,0,0,0,0.0,0.0,2,3,0,1826
2,0,0,0,0,0.75,0.0,0.0,0.0,0.0,2,0,0,0,0.0,0.0,2,3,0,1827
3,1,0,0,0,1.0,0.0,0.0,0.0,0.0,3,0,0,0,0.0,0.0,2,3,0,1828
2,6,1,0,0,0.1,0.0,0.0,0.0,0.0,0,0,0,0,0.0,0.0,3,3,0,1829
3,6,1,0,1,0.2,0.0,0.0,0.0,0.0,1,0,0,0,0.0,0.0,3,3,0,1830
1,1,0,1,0,0.3,0.0,0.0,0.5,1.0,2,0,0,0,0.5,0.0,3,3,0,1831
3,2,0,0,1,0.4,0.3333333333333333,1.0,0.3333333333333333,1.0,3,1,0,1,0.5,0.3333333333333333,3,3,0,1832
3,6,1,1,1,0.5,0.25,1.0,0.5,1.0,4,1,0,1,0.5,0.25,3,3,0,1833
3,0,0,1,0,0.6,0.4,1.0,0.6,1.0,5,2,0,2,0.5,0.4,3,3,0,1834
1,2,0,0,0,0.7,0.5,1.0,0.5,1.0,6,3,0,3,0.5,0.5,3,3,0,1835
3,2,0,0,0,0.8,0.42857142857142855,1.0,0.42857142857142855,1.0,7,3,0,3,0.5,0.42857142857142855,3,3,0,1836
1,0,0,0,0,0.9,0.375,1.0,0.375,1.0,8,3,0,3,0.5,0.375,3,3,0,1837
2,6,1,0,0,1.0,0.3333333333333333,1.0,0.3333333333333333,1.0,9,3,0,3,0.5,0.3333333333333333,3,3,0,1838
1,0,0,0,1,0.2,0.0,0.0,0.0,0.0,0,0,0,0,0.0,0.0,0,2,0,1839
3,7,1,1,0,0.4,0.0,0.0,1.0,1.0,1,0,0,0,0.5,0.0,0,2,0,1840
2,6,1,0,1,0.6,0.5,1.0,0.5,1.0,2,1,0,1,0.5,0.5,0,2,0,1841
2,6,1,0,0,0.8,0.3333333333333333,1.0,0.6666666666666666,1.0,3,1,0,1,0.5,0.3333333333333333,0,2,0,1842
1,1,0,0,0,1.0,0.25,1.0,0.5,1.0,4,1,0,1,0.5,0.25,0,2,0,1843
3,0,0,1,1,0.1111,0.0,0.0,0.0,0.0,0,0,0,0,0.0,0.0,0,2,0,1844
3,6,1,0,0,0.2222,1.0,1.0,1.0,1.0,1,1,0,1,0.5,1.0,0,2,0,1845
1,0,0,0,0,0.3333,0.5,1.0,0.5,1.0,2,1,0,1,0.5,0.5,0,2,0,1846
1,1,0,0,1,0.4444,0.3333333333333333,1.0,0.3333333333333333,1.0,3,1,0,1,0.5,0.3333333333333333,0,2,0,1847
2,0,0,1,0,0.5556,0.25,1.0,0.5,1.0,4,1,0,1,0.5,0.25,0,2,0,1848
1,6,1,0,0,0.6667,0.4,1.0,0.4,1.0,5,2,0,2,0.5,0.4,0,2,0,1849
2,1,0,0,1,0.7778,0.3333333333333333,1.0,0.3333333333333333,1.0,6,2,0,2,0.5,0.3333333333333333,0,2,0,1850
2,1,0,0,0,0.8889,0.2857142857142857,1.0,0.42857142857142855,1.0,7,2,0,2,0.5,0.2857142857142857,0,2,0,1851
1,0,0,0,1,1.0,0.25,1.0,0.375,1.0,8,2,0,2,0.5,0.25,0,2,0,1852
1,1,0,0,0,0.1667,0.0,0.0,0.0,0.0,0,0,0,0,0.0,0.0,2,3,0,1853
2,7,1,0,0,0.3333,0.0,0.0,0.0,0.0,1,0,0,0,0.0,0.0,2,3,0,1854
3,0,0,0,0,0.5,0.0,0.0,0.0,0.0,2,0,0,0,0.0,0.0,2,3,0,1855
1,1,0,0,0,0.6667,0.0,0.0,0.0,0.0,3,0,0,0,0.0,0.0,2,3,0,1856
1,2,0,0,0,0.8333,0.0,0.0,0.0,0.0,4,0,0,0,0.0,0.0,2,3,0,1857
1,1,0,0,1,1.0,0.0,0.0,0.0,0.0,5,0,0,0,0.0,0.0,2,3,0,1858
1,0,0,0,0,0.1111,0.0,0.0,0.0,0.0,0,0,0,0,0.0,0.0,2,3,0,1859
2,2,0,0,0,0.2222,0.0,0.0,0.0,0.0,1,0,0,0,0.0,0.0,2,3,0,1860
1,2,0,0,0,0.3333,0.0,0.0,0.0,0.0,2,0,0,0,0.0,0.0,2,3,0,1861
3,0,0,0,0,0.4444,0.0,0.0,0.0,0.0,3,0,0,0,0.0,0.0,2,3,0,1862
2,0,0,0,1,0.5556,0.0,0.0,0.0,0.0,4,0,0,0,0.0,0.0,2,3,0,1863
2,0,0,0,0,0.6667,0.0,0.0,0.2,1.0,5,0,0,0,0.5,0.0,2,3,0,1864
1,2,0,1,0,0.7778,0.0,0.0,0.16666666666666666,1.0,6,0,0,0,0.5,0.0,2,3,0,1865
2,7,1,1,0,0.8889,0.14285714285714285,1.0,0.14285714285714285,1.0,7,1,0,1,0.5,0.14285714285714285,2,3,0,1866
2,7,1,0,0,1.0,0.25,1.0,0.125,1.0,8,2,0,2,0.5,0.25,2,3,0,1867
1,7,1,1,0,0.1,0.0,0.0,0.0,0.0,0,0,0,0,0.0,0.0,3,4,0,1868
2,1,0,0,1,0.2,1.0,1.0,0.0,0.0,1,1,0,1,0.0,1.0,3,4,0,1869
2,1,0,0,1,0.3,0.5,1.0,0.5,1.0,2,1,0,1,0.5,0.5,3,4,0,1870
2,0,0,0,0,0.4,0.3333333333333333,1.0,0.6666666666666666,1.0,3,1,0,1,0.5,0.3333333333333333,3,4,0,1871
3,6,1,0,0,0.5,0.25,1.0,0.5,1.0,4,1,0,1,0.5,0.25,3,4,0,1872
2,0,0,0,0,0.6,0.2,1.0,0.4,1.0,5,1,0,1,0.5,0.2,3,4,0,1873
1,6,1,0,1,0.7,0.16666666666666666,1.0,0.3333333333333333,1.0,6,1,0,1,0.5,0.16666666666666666,3,4,0,1874
1,2,0,0,0,0.8,0.14285714285714285,1.0,0.42857142857142855,1.0,7,1,0,1,0.5,0.14285714285714285,3,4,0,1875
1,1,0,0,0,0.9,0.125,1.0,0.375,1.0,8,1,0,1,0.5,0.125,3,4,0,1876
1,2,0,1,1,1.0,0.1111111111111111,1.0,0.3333333333333333,1.0,9,1,0,1,0.5,0.1111111111111111,3,4,0,1877
3,6,1,0,0,0.2,0.0,0.0,0.0,0.0,0,0,0,0,0.0,0.0,0,3,0,1878
3,6,1,0,0,0.4,0.0,0.0,0.0,0.0,1,0,0,0,0.0,0.0,0,3,0,1879
1,2,0,0,1,0.6,0.0,0.0,0.0,0.0,2,0,0,0,0.0,0.0,0,3,0,1880
1,1,0,0,0,0.8,0.0,0.0,0.3333333333333333,1.0,3,0,0,0,0.5,0.0,0,3,0,1881
2,2,0,1,0,1.0,0.0,0.0,0.25,1.0,4,0,0,0,0.5,0.0,0,3,0,1882
3,0,0,0,0,0.1111,0.0,0.0,0.0,0.0,0,0,0,0,0.0,0.0,0,2,0,1883
3,6,1,0,0,0.2222,0.0,0.0,0.0,0.0,1,0,0,0,0.0,0.0,0,2,0,1884
1,0,0,0,1,0.3333,0.0,0.0,0.0,0.0,2,0,0,0,0.0,0.0,0,2,0,1885
3,1,0,1,0,0.4444,0.0,0.0,0.3333333333333333,1.0,3,0,0,0,0.5,0.0,0,2,0,1886
3,7,1,0,1,0.5556,0.25,1.0,0.25,1.0,4,1,0,1,0.5,0.25,0,2,0,1887
1,2,0,0,0,0.6667,0.2,1.0,0.4,1.0,5,1,0,1,0.5,0.2,0,2,0,1888
1,0,0,1,0,0.7778,0.16666666666666666,1.0,0.3333333333333333,1.0,6,1,0,1,0.5,0.16666666666666666,0,2,0,1889
2,0,0,0,0,0.8889,0.2857142857142857,1.0,0.2857142857142857,1.0,7,2,0,2,0.5,0.2857142857142857,0,2,0,1890
2,1,0,0,1,1.0,0.25,1.0,0.25,1.0,8,2,0,2,0.5,0.25,0,2,0,1891
2,7,1,0,1,0.1667,0.0,0.0,0.0,0.0,0,0,0,0,0.0,0.0,3,3,0,1892
2,6,1,1,1,0.3333,0.0,0.0,1.0,1.0,1,0,0,0,0.5,0.0,3,3,0,1893
2,1,0,1,1,0.5,0.5,1.0,1.0,1.0,2,1,0,1,0.5,0.5,3,3,0,1894
2,0,0,0,0,0.6667,0.6666666666666666,1.0,1.0,1.0,3,2,0,2,0.5,0.6666666666666666,3,3,0,1895
2,1,0,0,0,0.8333,0.5,1.0,0.75,1.0,4,2,0,2,0.5,0.5,3,3,0,1896
1,1,0,0,0,1.0,0.4,1.0,0.6,1.0,5,2,0,2,0.5,0.4,3,3,0,1897
1,6,1,0,0,0.2,0.0,0.0,0.0,0.0,0,0,0,0,0.0,0.0,2,2,0,1898
2,6,1,0,1,0.4,0.0,0.0,0.0,0.0,1,0,0,0,0.0,0.0,2,2,0,1899
1,0,0,0,1,0.6,0.0,0.0,0.5,1.0,2,0,0,0,0.5,0.0,2,2,0,1900
2,2,0,0,1,0.8,0.0,0.0,0.6666666666666666,1.0,3,0,0,0,0.5,0.0,2,2,0,1901
1,2,0,1,0,1.0,0.0,0.0,0.75,1.0,4,0,0,0,0.5,0.0,2,2,0,1902
1,6,1,0,0,0.1429,0.0,0.0,0.0,0.0,0,0,0,0,0.0,0.0,3,2,0,1903
3,0,0,0,0,0.2857,0.0,0.0,0.0,0.0,1,0,0,0,0.0,0.0,3,2,0,1904
3,1,0,0,0,0.4286,0.0,0.0,0.0,0.0,2,0,0,0,0.0,0.0,3,2,0,1905
1,2,0,0,0,0.5714,0.0,0.0,0.0,0.0,3,0,0,0,0.0,0.0,3,2,0,1906
1,0,0,1,0,0.7143,0.0,0.0,0.0,0.0,4,0,0,0,0.0,0.0,3,2,0,1907
3,7,1,0,0,0.8571,0.2,1.0,0.0,0.0,5,1,0,1,0.0,0.2,3,2,0,1908
1,6,1,0,0,1.0,0.16666666666666666,1.0,0.0,0.0,6,1,0,1,0.0,0.16666666666666666,3,2,0,1909
1,7,1,0,0,0.1429,0.0,0.0,0.0,0.0,0,0,0,0,0.0,0.0,3,2,0,1910
1,0,0,0,1,0.2857,0.0,0.0,0.0,0.0,1,0,0,0,0.0,0.0,3,2,0,1911
1,2,0,0,0,0.4286,0.0,0.0,0.5,1.0,2,0,0,0,0.5,0.0,3,2,0,1912
2,7,1,0,0,0.5714,0.0,0.0,0.3333333333333333,1.0,3,0,0,0,0.5,0.0,3,2,0,1913
3,7,1,0,0,0.7143,0.0,0.0,0.25,1.0,4,0,0,0,0.5,0.0,3,2,0,1914
3,1,0,0,0,0.8571,0.0,0.0,0.2,1.0,5,0,0,0,0.5,0.0,3,2,0,1915
3,6,1,0,0,1.0,0.0,0.0,0.16666666666666666,1.0,6,0,0,0,0.5,0.0,3,2,0,1916
3,2,0,0,0,0.1667,0.0,0.0,0.0,0.0,0,0,0,0,0.0,0.0,3,4,0,1917
3,1,0,0,1,0.3333,0.0,0.0,0.0,0.0,1,0,0,0,0.0,0.0,3,4,0,1918
1,0,0,1,0,0.5,0.0,0.0,0.5,1.0,2,0,0,0,0.5,0.0,3,4,0,1919
1,2,0,0,0,0.6667,0.3333333333333333,1.0,0.3333333333333333,1.0,3,1,0,1,0.5,0.3333333333333333,3,4,0,1920
3,2,0,1,0,0.8333,0.25,1.0,0.25,1.0,4,1,0,1,0.5,0.25,3,4,0,1921
2,0,0,0,0,1.0,0.4,1.0,0.2,1.0,5,2,0,2,0.5,0.4,3,4,0,1922
2,2,0,0,0,0.1429,0.0,0.0,0.0,0.0,0,0,0,0,0.0,0.0,0,3,0,1923
3,7,1,0,0,0.2857,0.0,0.0,0.0,0.0,1,0,0,0,0.0,0.0,0,3,0,1924
1,2,0,0,0,0.4286,0.0,0.0,0.0,0.0,2,0,0,0,0.0,0.0,0,3,0,1925
1,1,0,0,0,0.5714,0.0,0.0,0.0,0.0,3,0,0,0,0.0,0.0,0,3,0,1926
2,2,0,0,0,0.7143,0.0,0.0,0.0,0.0,4,0,0,0,0.0,0.0,0,3,0,1927
3,7,1,0,0,0.8571,0.0,0.0,0.0,0.0,5,0,0,0,0.0,0.0,0,3,0,1928
2,6,1,1,0,1.0,0.0,0.0,0.0,0.0,6,0,0,0,0.0,0.0,0,3,0,1929
1,0,0,0,1,0.1,0.0,0.0,0.0,0.0,0,0,0,0,0.0,0.0,0,3,0,1930
1,2,0,0,1,0.2,0.0,0.0,1.0,1.0,1,0,0,0,0.5,0.0,0,3,0,1931
1,6,1,0,0,0.3,0.0,0.0,1.0,1.0,2,0,0,0,0.5,0.0,0,3,0,1932
1,6,1,0,0,0.4,0.0,0.0,0.6666666666666666,1.0,3,0,0,0,0.5,0.0,0,3,0,1933
2,7,1,0,1,0.5,0.0,0.0,0.5,1.0,4,0,0,0,0.5,0.0,0,3,0,1934
1,7,1,0,0,0.6,0.0,0.0,0.6,1.0,5,0,0,0,0.5,0.0,0,3,0,1935
3,6,1,0,0,0.7,0.0,0.0,0.5,1.0,6,0,0,0,0.5,0.0,0,3,0,1936
2,0,0,0,0,0.8,0.0,0.0,0.42857142857142855,1.0,7,0,0,0,0.5,0.0,0,3,0,1937
1,2,0,0,0,0.9,0.0,0.0,0.375,1.0,8,0,0,0,0.5,0.0,0,3,0,1938
2,1,0,0,1,1.0,0.0,0.0,0.3333333333333333,1.0,9,0,0,0,0.5,0.0,0,3,0,1939
1,7,1,1,1,0.1667,0.0,0.0,0.0,0.0,0,0,0,0,0.0,0.0,1,2,0,1940
3,6,1,0,1,0.3333,1.0,1.0,1.0,1.0,1,1,0,1,0.5,1.0,1,2,0,1941
3,0,0,0,1,0.5,0.5,1.0,1.0,1.0,2,1,0,1,0.5,0.5,1,2,0,1942
2,7,1,0,0,0.6667,0.3333333333333333,1.0,1.0,1.0,3,1,0,1,0.5,0.3333333333333333,1,2,0,1943
2,7,1,0,0,0.8333,0.25,1.0,0.75,1.0,4,1,0,1,0.5,0.25,1,2,0,1944
2,0,0,0,1,1.0,0.2,1.0,0.6,1.0,5,1,0,1,0.5,0.2,1,2,0,1945
2,7,1,1,0,0.1,0.0,0.0,0.0,0.0,0,0,0,0,0.0,0.0,0,4,0,1946
1,7,1,0,0,0.2,1.0,1.0,0.0,0.0,1,1,0,1,0.0,1.0,0,4,0,1947
2,0,0,0,0,0.3,0.5,1.0,0.0,0.0,2,1,0,1,0.0,0.5,0,4,0,1948
1,0,0,0,1,0.4,0.3333333333333333,1.0,0.0,0.0,3,1,0,1,0.0,0.3333333333333333,0,4,0,1949
1,6,1,1,0,0.5,0.25,1.0,0.25,1.0,4,1,0,1,0.5,0.25,0,4,0,1950
2,2,0,0,0,0.6,0.4,1.0,0.2,1.0,5,2,0,2,0.5,0.4,0,4,0,1951
1,1,0,0,1,0.7,0.3333333333333333,1.0,0.16666666666666666,1.0,6,2,0,2,0.5,0.3333333333333333,0,4,0,1952
2,6,1,0,1,0.8,0.2857142857142857,1.0,0.2857142857142857,1.0,7,2,0,2,0.5,0.2857142857142857,0,4,0,1953
2,0,0,0,0,0.9,0.25,1.0,0.375,1.0,8,2,0,2,0.5,0.25,0,4,0,1954
1,1,0,0,0,1.0,0.2222222222222222,1.0,0.3333333333333333,1.0,9,2,0,2,0.5,0.2222222222222222,0,4,0,1955
2,1,0,0,0,0.1429,0.0,0.0,0.0,0.0,0,0,0,0,0.0,0.0,0,3,0,1956
2,1,0,1,1,0.2857,0.0,0.0,0.0,0.0,1,0,0,0,0.0,0.0,0,3,0,1957
2,7,1,0,0,0.4286,0.5,1.0,0.5,1.0,2,1,0,1,0.5,0.5,0,3,0,1958
3,1,0,0,1,0.5714,0.3333333333333333,1.0,0.3333333333333333,1.0,3,1,0,1,0.5,0.3333333333333333,0,3,0,1959
2,6,1,0,1,0.7143,0.25,1.0,0.5,1.0,4,1,0,1,0.5,0.25,0,3,0,1960
3,7,1,1,0,0.8571,0.2,1.0,0.6,1.0,5,1,0,1,0.5,0.2,0,3,0,1961
3,6,1,1,0,1.0,0.3333333333333333,1.0,0.5,1.0,6,2,0,2,0.5,0.3333333333333333,0,3,0,1962
2,0,0,0,0,0.2,0.0,0.0,0.0,0.0,0,0,0,0,0.0,0.0,2,4,0,1963
1,7,1,0,1,0.4,0.0,0.0,0.0,0.0,1,0,0,0,0.0,0.0,2,4,0,1964
1,2,0,0,1,0.6,0.0,0.0,0.5,1.0,2,0,0,0,0.5,0.0,2,4,0,1965
1,7,1,0,0,0.8,0.0,0.0,0.6666666666666666,1.0,3,0,0,0,0.5,0.0,2,4,0,1966
2,6,1,0,0,1.0,0.0,0.0,0.5,1.0,4,0,0,0,0.5,0.0,2,4,0,1967
1,2,0,0,0,0.1429,0.0,0.0,0.0,0.0,0,0,0,0,0.0,0.0,3,2,0,1968
2,2,0,0,0,0.2857,0.0,0.0,0.0,0.0,1,0,0,0,0.0,0.0,3,2,0,1969
3,7,1,0,1,0.4286,0.0,0.0,0.0,0.0,2,0,0,0,0.0,0.0,3,2,0,1970
2,7,1,0,0,0.5714,0.0,0.0,0.3333333333333333,1.0,3,0,0,0,0.5,0.0,3,2,0,1971
2,0,0,1,0,0.7143,0.0,0.0,0.25,1.0,4,0,0,0,0.5,0.0,3,2,0,1972
2,0,0,0,1,0.8571,0.2,1.0,0.2,1.0,5,1,0,1,0.5,0.2,3,2,0,1973
3,2,0,0,0,1.0,0.16666666666666666,1.0,0.3333333333333333,1.0,6,1,0,1,0.5,0.16666666666666666,3,2,0,1974
1,7,1,0,0,0.1,0.0,0.0,0.0,0.0,0,0,0,0,0.0,0.0,3,3,0,1975
2,0,0,0,0,0.2,0.0,0.0,0.0,0.0,1,0,0,0,0.0,0.0,3,3,0,1976
1,1,0,0,0,0.3,0.0,0.0,0.0,0.0,2,0,0,0,0.0,0.0,3,3,0,1977
2,0,0,1,0,0.4,0.0,0.0,0.0,0.0,3,0,0,0,0.0,0.0,3,3,0,1978
3,1,0,0,0,0.5,0.25,1.0,0.0,0.0,4,1,0,1,0.0,0.25,3,3,0,1979
2,1,0,0,0,0.6,0.2,1.0,0.0,0.0,5,1,0,1,0.0,0.2,3,3,0,1980
2,7,1,1,0,0.7,0.16666666666666666,1.0,0.0,0.0,6,1,0,1,0.0,0.16666666666666666,3,3,0,1981
2,1,0,0,0,0.8,0.2857142857142857,1.0,0.0,0.0,7,2,0,2,0.0,0.2857142857142857,3,3,0,1982
2,1,0,0,0,0.9,0.25,1.0,0.0,0.0,8,2,0,2,0.0,0.25,3,3,0,1983
3,0,0,0,1,1.0,0.2222222222222222,1.0,0.0,0.0,9,2,0,2,0.0,0.2222222222222222,3,3,0,1984
3,1,0,0,1,0.1667,0.0,0.0,0.0,0.0,0,0,0,0,0.0,0.0,1,2,0,1985
2,0,0,1,0,0.3333,0.0,0.0,1.0,1.0,1,0,0,0,0.5,0.0,1,2,0,1986
3,7,1,1,0,0.5,0.5,1.0,0.5,1.0,2,1,0,1,0.5,0.5,1,2,0,1987
1,0,0,1,1,0.6667,0.6666666666666666,1.0,0.3333333333333333,1.0,3,2,0,2,0.5,0.6666666666666666,1,2,0,1988
2,1,0,0,0,0.8333,0.75,1.0,0.5,1.0,4,3,0,3,0.5,0.75,1,2,0,1989
1,1,0,1,1,1.0,0.6,1.0,0.4,1.0,5,3,0,3,0.5,0.6,1,2,0,1990
2,6,1,0,1,0.1429,0.0,0.0,0.0,0.0,0,0,0,0,0.0,0.0,2,4,0,1991
3,7,1,0,0,0.2857,0.0,0.0,1.0,1.0,1,0,0,0,0.5,0.0,2,4,0,1992
2,2,0,0,0,0.4286,0.0,0.0,0.5,1.0,2,0,0,0,0.5,0.0,2,4,0,1993
1,2,0,0,0,0.5714,0.0,0.0,0.3333333333333333,1.0,3,0,0,0,0.5,0.0,2,4,0,1994
1,1,0,0,1,0.7143,0.0,0.0,0.25,1.0,4,0,0,0,0.5,0.0,2,4,0,1995
3,6,1,0,0,0.8571,0.0,0.0,0.4,1.0,5,0,0,0,0.5,0.0,2,4,0,1996
1,6,1,0,0,1.0,0.0,0.0,0.3333333333333333,1.0,6,0,0,0,0.5,0.0,2,4,0,1997
1,2,0,0,1,0.2,0.0,0.0,0.0,0.0,0,0,0,0,0.0,0.0,0,3,0,1998
2,2,0,0,1,0.4,0.0,0.0,1.0,1.0,1,0,0,0,0.5,0.0,0,3,0,1999
2,2,0,0,0,0.6,0.0,0.0,1.0,1.0,2,0,0,0,0.5,0.0,0,3,0,2000
2,6,1,0,0,0.8,0.0,0.0,0.6666666666666666,1.0,3,0,0,0,0.5,0.0,0,3,0,2001
3,6,1,0,0,1.0,0.0,0.0,0.5,1.0,4,0,0,0,0.5,0.0,0,3,0,2002
2,1,0,0,1,0.2,0.0,0.0,0.0,0.0,0,0,0,0,0.0,0.0,0,4,0,2003
1,2,0,1,1,0.4,0.0,0.0,1.0,1.0,1,0,0,0,0.5,0.0,0,4,0,2004
3,2,0,0,0,0.6,0.5,1.0,1.0,1.0,2,1,0,1,0.5,0.5,0,4,0,2005
2,2,0,1,0,0.8,0.3333333333333333,1.0,0.6666666666666666,1.0,3,1,0,1,0.5,0.3333333333333333,0,4,0,2006
2,7,1,1,1,1.0,0.5,1.0,0.5,1.0,4,2,0,2,0.5,0.5,0,4,0,2007
1,0,0,0,0,0.1111,0.0,0.0,0.0,0.0,0,0,0,0,0.0,0.0,0,2,0,2008
2,2,0,0,0,0.2222,0.0,0.0,0.0,0.0,1,0,0,0,0.0,0.0,0,2,0,2009
2,1,0,1,0,0.3333,0.0,0.0,0.0,0.0,2,0,0,0,0.0,0.0,0,2,0,2010
2,1,0,0,0,0.4444,0.3333333333333333,1.0,0.0,0.0,3,1,0,1,0.0,0.3333333333333333,0,2,0,2011
3,1,0,0,1,0.5556,0.25,1.0,0.0,0.0,4,1,0,1,0.0,0.25,0,2,0,2012
3,0,0,0,1,0.6667,0.2,1.0,0.2,1.0,5,1,0,1,0.5,0.2,0,2,0,2013
3,0,0,0,1,0.7778,0.16666666666666666,1.0,0.3333333333333333,1.0,6,1,0,1,0.5,0.16666666666666666,0,2,0,2014
3,0,0,0,0,0.8889,0.14285714285714285,1.0,0.42857142857142855,1.0,7,1,0,1,0.5,0.14285714285714285,0,2,0,2015
3,7,1,0,1,1.0,0.125,1.0,0.375,1.0,8,1,0,1,0.5,0.125,0,2,0,2016
3,2,0,0,0,0.25,0.0,0.0,0.0,0.0,0,0,0,0,0.0,0.0,0,4,0,2017
3,7,1,0,0,0.5,0.0,0.0,0.0,0.0,1,0,0,0,0.0,0.0,0,4,0,2018
1,2,0,0,1,0.75,0.0,0.0,0.0,0.0,2,0,0,0,0.0,0.0,0,4,0,2019
2,1,0,0,1,1.0,0.0,0.0,0.3333333333333333,1.0,3,0,0,0,0.5,0.0,0,4,0,2020
2,0,0,0,0,0.1,0.0,0.0,0.0,0.0,0,0,0,0,0.0,0.0,3,2,0,2021
3,7,1,0,0,0.2,0.0,0.0,0.0,0.0,1,0,0,0,0.0,0.0,3,2,0,2022
1,2,0,0,0,0.3,0.0,0.0,0.0,0.0,2,0,0,0,0.0,0.0,3,2,0,2023
2,1,0,0,1,0.4,0.0,0.0,0.0,0.0,3,0,0,0,0.0,0.0,3,2,0,2024
2,2,0,0,0,0.5,0.0,0.0,0.25,1.0,4,0,0,0,0.5,0.0,3,2,0,2025
3,1,0,0,0,0.6,0.0,0.0,0.2,1.0,5,0,0,0,0.5,0.0,3,2,0,2026
1,6,1,0,0,0.7,0.0,0.0,0.16666666666666666,1.0,6,0,0,0,0.5,0.0,3,2,0,2027
3,0,0,0,1,0.8,0.0,0.0,0.14285714285714285,1.0,7,0,0,0,0.5,0.0,3,2,0,2028
2,0,0,0,0,0.9,0.0,0.0,0.25,1.0,8,0,0,0,0.5,0.0,3,2,0,2029
3,2,0,0,1,1.0,0.0,0.0,0.2222222222222222,1.0,9,0,0,0,0.5,0.0,3,2,0,2030
2,7,1,0,0,0.2,0.0,0.0,0.0,0.0,0,0,0,0,0.0,0.0,1,3,0,2031
1,7,1,0,1,0.4,0.0,0.0,0.0,0.0,1,0,0,0,0.0,0.0,1,3,0,2032
1,0,0,1,0,0.6,0.0,0.0,0.5,1.0,2,0,0,0,0.5,0.0,1,3,0,2033
2,0,0,0,0,0.8,0.3333333333333333,1.0,0.3333333333333333,1.0,3,1,0,1,0.5,0.3333333333333333,1,3,0,2034
1,2,0,0,0,1.0,0.25,1.0,0.25,1.0,4,1,0,1,0.5,0.25,1,3,0,2035
1,7,1,0,0,0.2,0.0,0.0,0.0,0.0,0,0,0,0,0.0,0.0,1,3,0,2036
1,2,0,0,1,0.4,0.0,0.0,0.0,0.0,1,0,0,0,0.0,0.0,1,3,0,2037
2,2,0,0,1,0.6,0.0,0.0,0.5,1.0,2,0,0,0,0.5,0.0,1,3,0,2038
1,6,1,0,0,0.8,0.0,0.0,0.6666666666666666,1.0,3,0,0,0,0.5,0.0,1,3,0,2039
2,7,1,1,0,1.0,0.0,0.0,0.5,1.0,4,0,0,0,0.5,0.0,1,3,0,2040
2,1,0,0,0,0.2,0.0,0.0,0.0,0.0,0,0,0,0,0.0,0.0,2,3,0,2041
3,7,1,0,0,0.4,0.0,0.0,0.0,0.0,1,0,0,0,0.0,0.0,2,3,0,2042
2,2,0,0,0,0.6,0.0,0.0,0.0,0.0,2,0,0,0,0.0,0.0,2,3,0,2043
2,2,0,1,0,0.8,0.0,0.0,0.0,0.0,3,0,0,0,0.0,0.0,2,3,0,2044
1,1,0,0,0,1.0,0.25,1.0,0.0,0.0,4,1,0,1,0.0,0.25,2,3,0,2045
1,0,0,0,1,0.1667,0.0,0.0,0.0,0.0,0,0,0,0,0.0,0.0,1,4,0,2046
3,0,0,0,0,0.3333,0.0,0.0,1.0,1.0,1,0,0,0,0.5,0.0,1,4,0,2047
1,2,0,0,1,0.5,0.0,0.0,0.5,1.0,2,0,0,0,0.5,0.0,1,4,0,2048
3,7,1,0,1,0.6667,0.0,0.0,0.6666666666666666,1.0,3,0,0,0,0.5,0.0,1,4,0,2049
3,1,0,0,0,0.8333,0.0,0.0,0.75,1.0,4,0,0,0,0.5,0.0,1,4,0,2050
2,0,0,0,0,1.0,0.0,0.0,0.6,1.0,5,0,0,0,0.5,0.0,1,4,0,2051
1,0,0,0,0,0.1,0.0,0.0,0.0,0.0,0,0,0,0,0.0,0.0,1,3,0,2052
2,7,1,0,0,0.2,0.0,0.0,0.0,0.0,1,0,0,0,0.0,0.0,1,3,0,2053
2,7,1,0,0,0.3,0.0,0.0,0.0,0.0,2,0,0,0,0.0,0.0,1,3,0,2054
3,6,1,0,0,0.4,0.0,0.0,0.0,0.0,3,0,0,0,0.0,0.0,1,3,0,2055
3,7,1,0,1,0.5,0.0,0.0,0.0,0.0,4,0,0,0,0.0,0.0,1,3,0,2056
2,2,0,1,0,0.6,0.0,0.0,0.2,1.0,5,0,0,0,0.5,0.0,1,3,0,2057
3,1,0,0,1,0.7,0.16666666666666666,1.0,0.16666666666666666,1.0,6,1,0,1,0.5,0.16666666666666666,1,3,0,2058
3,1,0,0,1,0.8,0.14285714285714285,1.0,0.2857142857142857,1.0,7,1,0,1,0.5,0.14285714285714285,1,3,0,2059
1,1,0,1,0,0.9,0.125,1.0,0.375,1.0,8,1,0,1,0.5,0.125,1,3,0,2060
1,1,0,1,0,1.0,0.2222222222222222,1.0,0.3333333333333333,1.0,9,2,0,2,0.5,0.2222222222222222,1,3,0,2061
2,0,0,0,0,0.125,0.0,0.0,0.0,0.0,0,0,0,0,0.0,0.0,3,3,0,2062
3,7,1,0,0,0.25,0.0,0.0,0.0,0.0,1,0,0,0,0.0,0.0,3,3,0,2063
2,1,0,0,0,0.375,0.0,0.0,0.0,0.0,2,0,0,0,0.0,0.0,3,3,0,2064
1,0,0,0,1,0.5,0.0,0.0,0.0,0.0,3,0,0,0,0.0,0.0,3,3,0,2065
3,7,1,1,0,0.625,0.0,0.0,0.25,1.0,4,0,0,0,0.5,0.0,3,3,0,2066
2,6,1,1,1,0.75,0.2,1.0,0.2,1.0,5,1,0,1,0.5,0.2,3,3,0,2067
1,6,1,0,0,0.875,0.3333333333333333,1.0,0.3333333333333333,1.0,6,2,0,2,0.5,0.3333333333333333,3,3,0,2068
3,1,0,0,0,1.0,0.2857142857142857,1.0,0.2857142857142857,1.0,7,2,0,2,0.5,0.2857142857142857,3,3,0,2069
1,7,1,0,0,0.1111,0.0,0.0,0.0,0.0,0,0,0,0,0.0,0.0,0,4,0,2070
3,6,1,0,0,0.2222,0.0,0.0,0.0,0.0,1,0,0,0,0.0,0.0,0,4,0,2071
3,0,0,0,0,0.3333,0.0,0.0,0.0,0.0,2,0,0,0,0.0,0.0,0,4,0,2072
2,0,0,0,1,0.4444,0.0,0.0,0.0,0.0,3,0,0,0,0.0,0.0,0,4,0,2073
2,2,0,1,0,0.5556,0.0,0.0,0.25,1.0,4,0,0,0,0.5,0.0,0,4,0,2074
2,6,1,0,0,0.6667,0.2,1.0,0.2,1.0,5,1,0,1,0.5,0.2,0,4,0,2075
2,2,0,0,1,0.7778,0.16666666666666666,1.0,0.16666666666666666,1.0,6,1,0,1,0.5,0.16666666666666666,0,4,0,2076
1,0,0,0,1,0.8889,0.14285714285714285,1.0,0.2857142857142857,1.0,7,1,0,1,0.5,0.14285714285714285,0,4,0,2077
2,0,0,0,0,1.0,0.125,1.0,0.375,1.0,8,1,0,1,0.5,0.125,0,4,0,2078
1,7,1,0,0,0.1111,0.0,0.0,0.0,0.0,0,0,0,0,0.0,0.0,0,3,0,2079
3,2,0,0,0,0.2222,0.0,0.0,0.0,0.0,1,0,0,0,0.0,0.0,0,3,0,2080
1,2,0,0,0,0.3333,0.0,0.0,0.0,0.0,2,0,0,0,0.0,0.0,0,3,0,2081
3,1,0,0,0,0.4444,0.0,0.0,0.0,0.0,3,0,0,0,0.0,0.0,0,3,0,2082
1,1,0,0,0,0.5556,0.0,0.0,0.0,0.0,4,0,0,0,0.0,0.0,0,3,0,2083
1,0,0,0,0,0.6667,0.0,0.0,0.0,0.0,5,0,0,0,0.0,0.0,0,3,0,2084
2,2,0,0,1,0.7778,0.0,0.0,0.0,0.0,6,0,0,0,0.0,0.0,0,3,0,2085
2,0,0,0,0,0.8889,0.0,0.0,0.14285714285714285,1.0,7,0,0,0,0.5,0.0,0,3,0,2086
2,7,1,1,1,1.0,0.0,0.0,0.125,1.0,8,0,0,0,0.5,0.0,0,3,0,2087
1,7,1,1,0,0.2,0.0,0.0,0.0,0.0,0,0,0,0,0.0,0.0,1,3,0,2088
1,0,0,0,0,0.4,1.0,1.0,0.0,0.0,1,1,0,1,0.0,1.0,1,3,0,2089
3,7,1,0,0,0.6,0.5,1.0,0.0,0.0,2,1,0,1,0.0,0.5,1,3,0,2090
3,7,1,0,1,0.8,0.3333333333333333,1.0,0.0,0.0,3,1,0,1,0.0,0.3333333333333333,1,3,0,2091
2,1,0,0,0,1.0,0.25,1.0,0.25,1.0,4,1,0,1,0.5,0.25,1,3,0,2092
1,6,1,0,1,0.25,0.0,0.0,0.0,0.0,0,0,0,0,0.0,0.0,3,2,0,2093
3,6,1,0,0,0.5,0.0,0.0,1.0,1.0,1,0,0,0,0.5,0.0,3,2,0,2094
1,2,0,0,1,0.75,0.0,0.0,0.5,1.0,2,0,0,0,0.5,0.0,3,2,0,2095
2,0,0,0,0,1.0,0.0,0.0,0.6666666666666666,1.0,3,0,0,0,0.5,0.0,3,2,0,2096
3,6,1,0,1,0.25,0.0,0.0,0.0,0.0,0,0,0,0,0.0,0.0,3,4,0,2097
3,7,1,0,0,0.5,0.0,0.0,1.0,1.0,1,0,0,0,0.5,0.0,3,4,0,2098
3,0,0,0,0,0.75,0.0,0.0,0.5,1.0,2,0,0,0,0.5,0.0,3,4,0,2099
3,7,1,0,0,1.0,0.0,0.0,0.3333333333333333,1.0,3,0,0,0,0.5,0.0,3,4,0,2100
3,7,1,0,0,0.2,0.0,0.0,0.0,0.0,0,0,0,0,0.0,0.0,1,2,0,2101
1,1,0,0,0,0.4,0.0,0.0,0.0,0.0,1,0,0,0,0.0,0.0,1,2,0,2102
2,6,1,0,0,0.6,0.0,0.0,0.0,0.0,2,0,0,0,0.0,0.0,1,2,0,2103
3,1,0,0,0,0.8,0.0,0.0,0.0,0.0,3,0,0,0,0.0,0.0,1,2,0,2104
3,2,0,1,1,1.0,0.0,0.0,0.0,0.0,4,0,0,0,0.0,0.0,1,2,0,2105
3,6,1,0,0,0.1111,0.0,0.0,0.0,0.0,0,0,0,0,0.0,0.0,2,3,0,2106
1,7,1,0,1,0.2222,0.0,0.0,0.0,0.0,1,0,0,0,0.0,0.0,2,3,0,2107
3,6,1,0,0,0.3333,0.0,0.0,0.5,1.0,2,0,0,0,0.5,0.0,2,3,0,2108
1,2,0,0,0,0.4444,0.0,0.0,0.3333333333333333,1.0,3,0,0,0,0.5,0.0,2,3,0,2109
1,0,0,0,0,0.5556,0.0,0.0,0.25,1.0,4,0,0,0,0.5,0.0,2,3,0,2110
3,1,0,0,0,0.6667,0.0,0.0,0.2,1.0,5,0,0,0,0.5,0.0,2,3,0,2111
1,0,0,0,0,0.7778,0.0,0.0,0.16666666666666666,1.0,6,0,0,0,0.5,0.0,2,3,0,2112
2,6,1,1,0,0.8889,0.0,0.0,0.14285714285714285,1.0,7,0,0,0,0.5,0.0,2,3,0,2113
2,2,0,0,1,1.0,0.125,1.0,0.125,1.0,8,1,0,1,0.5,0.125,2,3,0,2114
3,6,1,1,1,0.1111,0.0,0.0,0.0,0.0,0,0,0,0,0.0,0.0,1,2,0,2115
2,1,0,0,0,0.2222,1.0,1.0,1.0,1.0,1,1,0,1,0.5,1.0,1,2,0,2116
3,2,0,0,0,0.3333,0.5,1.0,0.5,1.0,2,1,0,1,0.5,0.5,1,2,0,2117
2,0,0,0,0,0.4444,0.3333333333333333,1.0,0.3333333333333333,1.0,3,1,0,1,0.5,0.3333333333333333,1,2,0,2118
3,2,0,0,0,0.5556,0.25,1.0,0.25,1.0,4,1,0,1,0.5,0.25,1,2,0,2119
3,0,0,0,0,0.6667,0.2,1.0,0.2,1.0,5,1,0,1,0.5,0.2,1,2,0,2120
2,7,1,1,0,0.7778,0.16666666666666666,1.0,0.16666666666666666,1.0,6,1,0,1,0.5,0.16666666666666666,1,2,0,2121
1,7,1,0,1,0.8889,0.2857142857142857,1.0,0.14285714285714285,1.0,7,2,0,2,0.5,0.2857142857142857,1,2,0,2122
1,0,0,0,0,1.0,0.25,1.0,0.25,1.0,8,2,0,2,0.5,0.25,1,2,0,2123
3,7,1,1,1,0.1429,0.0,0.0,0.0,0.0,0,0,0,0,0.0,0.0,2,3,0,2124
1,6,1,0,0,0.2857,1.0,1.0,1.0,1.0,1,1,0,1,0.5,1.0,2,3,0,2125
3,7,1,0,0,0.4286,0.5,1.0,0.5,1.0,2,1,0,1,0.5,0.5,2,3,0,2126
2,2,0,0,0,0.5714,0.3333333333333333,1.0,0.3333333333333333,1.0,3,1,0,1,0.5,0.3333333333333333,2,3,0,2127
3,7,1,0,0,0.7143,0.25,1.0,0.25,1.0,4,1,0,1,0.5,0.25,2,3,0,2128
3,2,0,0,1,0.8571,0.2,1.0,0.2,1.0,5,1,0,1,0.5,0.2,2,3,0,2129
3,2,0,0,0,1.0,0.16666666666666666,1.0,0.3333333333333333,1.0,6,1,0,1,0.5,0.16666666666666666,2,3,0,2130
3,1,0,0,0,0.1111,0.0,0.0,0.0,0.0,0,0,0,0,0.0,0.0,2,4,0,2131
1,6,1,0,0,0.2222,0.0,0.0,0.0,0.0,1,0,0,0,0.0,0.0,2,4,0,2132
2,0,0,0,0,0.3333,0.0,0.0,0.0,0.0,2,0,0,0,0.0,0.0,2,4,0,2133
1,7,1,0,0,0.4444,0.0,0.0,0.0,0.0,3,0,0,0,0.0,0.0,2,4,0,2134
2,1,0,0,0,0.5556,0.0,0.0,0.0,0.0,4,0,0,0,0.0,0.0,2,4,0,2135
1,2,0,1,0,0.6667,0.0,0.0,0.0,0.0,5,0,0,0,0.0,0.0,2,4,0,2136
3,7,1,1,0,0.7778,0.16666666666666666,1.0,0.0,0.0,6,1,0,1,0.0,0.16666666666666666,2,4,0,2137
3,6,1,0,0,0.8889,0.2857142857142857,1.0,0.0,0.0,7,2,0,2,0.0,0.2857142857142857,2,4,0,2138
1,6,1,0,0,1.0,0.25,1.0,0.0,0.0,8,2,0,2,0.0,0.25,2,4,0,2139
2,7,1,0,1,0.1667,0.0,0.0,0.0,0.0,0,0,0,0,0.0,0.0,1,3,0,2140
3,7,1,0,0,0.3333,0.0,0.0,1.0,1.0,1,0,0,0,0.5,0.0,1,3,0,2141
3,6,1,0,1,0.5,0.0,0.0,0.5,1.0,2,0,0,0,0.5,0.0,1,3,0,2142
1,7,1,0,0,0.6667,0.0,0.0,0.6666666666666666,1.0,3,0,0,0,0.5,0.0,1,3,0,2143
2,0,0,0,0,0.8333,0.0,0.0,0.5,1.0,4,0,0,0,0.5,0.0,1,3,0,2144
1,0,0,0,1,1.0,0.0,0.0,0.4,1.0,5,0,0,0,0.5,0.0,1,3,0,2145
1,6,1,0,1,0.1667,0.0,0.0,0.0,0.0,0,0,0,0,0.0,0.0,0,2,0,2146
2,6,1,0,0,0.3333,0.0,0.0,1.0,1.0,1,0,0,0,0.5,0.0,0,2,0,2147
1,2,0,0,0,0.5,0.0,0.0,0.5,1.0,2,0,0,0,0.5,0.0,0,2,0,2148
2,2,0,0,0,0.6667,0.0,0.0,0.3333333333333333,1.0,3,0,0,0,0.5,0.0,0,2,0,2149
2,2,0,0,0,0.8333,0.0,0.0,0.25,1.0,4,0,0,0,0.5,0.0,0,2,0,2150
3,0,0,0,1,1.0,0.0,0.0,0.2,1.0,5,0,0,0,0.5,0.0,0,2,0,2151
3,6,1,0,0,0.2,0.0,0.0,0.0,0.0,0,0,0,0,0.0,0.0,3,4,0,2152
1,7,1,0,1,0.4,0.0,0.0,0.0,0.0,1,0,0,0,0.0,0.0,3,4,0,2153
3,0,0,1,0,0.6,0.0,0.0,0.5,1.0,2,0,0,0,0.5,0.0,3,4,0,2154
3,6,1,0,0,0.8,0.3333333333333333,1.0,0.3333333333333333,1.0,3,1,0,1,0.5,0.3333333333333333,3,4,0,2155
1,0,0,0,1,1.0,0.25,1.0,0.25,1.0,4,1,0,1,0.5,0.25,3,4,0,2156
3,1,0,0,0,0.25,0.0,0.0,0.0,0.0,0,0,0,0,0.0,0.0,1,4,0,2157
2,1,0,0,0,0.5,0.0,0.0,0.0,0.0,1,0,0,0,0.0,0.0,1,4,0,2158
2,6,1,1,1,0.75,0.0,0.0,0.0,0.0,2,0,0,0,0.0,0.0,1,4,0,2159
1,2,0,0,0,1.0,0.3333333333333333,1.0,0.3333333333333333,1.0,3,1,0,1,0.5,0.3333333333333333,1,4,0,2160
2,0,0,0,0,0.125,0.0,0.0,0.0,0.0,0,0,0,0,0.0,0.0,3,2,0,2161
2,0,0,0,0,0.25,0.0,0.0,0.0,0.0,1,0,0,0,0.0,0.0,3,2,0,2162
1,1,0,1,1,0.375,0.0,0.0,0.0,0.0,2,0,0,0,0.0,0.0,3,2,0,2163
1,1,0,0,1,0.5,0.3333333333333333,1.0,0.3333333333333333,1.0,3,1,0,1,0.5,0.3333333333333333,3,2,0,2164
3,6,1,1,0,0.625,0.25,1.0,0.5,1.0,4,1,0,1,0.5,0.25,3,2,0,2165
1,2,0,0,1,0.75,0.4,1.0,0.4,1.0,5,2,0,2,0.5,0.4,3,2,0,2166
3,7,1,0,0,0.875,0.3333333333333333,1.0,0.5,1.0,6,2,0,2,0.5,0.3333333333333333,3,2,0,2167
2,0,0,0,0,1.0,0.2857142857142857,1.0,0.42857142857142855,1.0,7,2,0,2,0.5,0.2857142857142857,3,2,0,2168
3,6,1,0,0,0.1667,0.0,0.0,0.0,0.0,0,0,0,0,0.0,0.0,2,2,0,2169
1,0,0,0,0,0.3333,0.0,0.0,0.0,0.0,1,0,0,0,0.0,0.0,2,2,0,2170
1,0,0,0,1,0.5,0.0,0.0,0.0,0.0,2,0,0,0,0.0,0.0,2,2,0,2171
1,7,1,0,0,0.6667,0.0,0.0,0.3333333333333333,1.0,3,0,0,0,0.5,0.0,2,2,0,2172
2,1,0,0,0,0.8333,0.0,0.0,0.25,1.0,4,0,0,0,0.5,0.0,2,2,0,2173
3,2,0,0,0,1.0,0.0,0.0,0.2,1.0,5,0,0,0,0.5,0.0,2,2,0,2174
3,6,1,1,0,0.1111,0.0,0.0,0.0,0.0,0,0,0,0,0.0,0.0,1,3,0,2175
3,7,1,0,0,0.2222,1.0,1.0,0.0,0.0,1,1,0,1,0.0,1.0,1,3,0,2176
1,1,0,0,0,0.3333,0.5,1.0,0.0,0.0,2,1,0,1,0.0,0.5,1,3,0,2177
3,6,1,0,1,0.4444,0.3333333333333333,1.0,0.0,0.0,3,1,0,1,0.0,0.3333333333333333,1,3,0,2178
2,0,0,0,1,0.5556,0.25,1.0,0.25,1.0,4,1,0,1,0.5,0.25,1,3,0,2179
1,6,1,0,0,0.6667,0.2,1.0,0.4,1.0,5,1,0,1,0.5,0.2,1,3,0,2180
1,2,0,0,0,0.7778,0.16666666666666666,1.0,0.3333333333333333,1.0,6,1,0,1,0.5,0.16666666666666666,1,3,0,2181
3,7,1,1,0,0.8889,0.14285714285714285,1.0,0.2857142857142857,1.0,7,1,0,1,0.5,0.14285714285714285,1,3,0,2182
3,7,1,0,0,1.0,0.25,1.0,0.25,1.0,8,2,0,2,0.5,0.25,1,3,0,2183
3,6,1,1,0,0.1429,0.0,0.0,0.0,0.0,0,0,0,0,0.0,0.0,2,3,0,2184
3,7,1,0,0,0.2857,1.0,1.0,0.0,0.0,1,1,0,1,0.0,1.0,2,3,0,2185
1,0,0,0,0,0.4286,0.5,1.0,0.0,0.0,2,1,0,1,0.0,0.5,2,3,0,2186
2,6,1,1,0,0.5714,0.3333333333333333,1.0,0.0,0.0,3,1,0,1,0.0,0.3333333333333333,2,3,0,2187
2,7,1,1,0,0.7143,0.5,1.0,0.0,0.0,4,2,0,2,0.0,0.5,2,3,0,2188
3,6,1,0,0,0.8571,0.6,1.0,0.0,0.0,5,3,0,3,0.0,0.6,2,3,0,2189
3,6,1,0,0,1.0,0.5,1.0,0.0,0.0,6,3,0,3,0.0,0.5,2,3,0,2190
1,2,0,0,0,0.1429,0.0,0.0,0.0,0.0,0,0,0,0,0.0,0.0,0,4,0,2191
3,6,1,0,0,0.2857,0.0,0.0,0.0,0.0,1,0,0,0,0.0,0.0,0,4,0,2192
1,7,1,0,0,0.4286,0.0,0.0,0.0,0.0,2,0,0,0,0.0,0.0,0,4,0,2193
1,1,0,0,0,0.5714,0.0,0.0,0.0,0.0,3,0,0,0,0.0,0.0,0,4,0,2194
2,0,0,0,1,0.7143,0.0,0.0,0.0,0.0,4,0,0,0,0.0,0.0,0,4,0,2195
1,6,1,0,0,0.8571,0.0,0.0,0.2,1.0,5,0,0,0,0.5,0.0,0,4,0,2196
2,7,1,0,0,1.0,0.0,0.0,0.16666666666666666,1.0,6,0,0,0,0.5,0.0,0,4,0,2197
1,6,1,0,1,0.25,0.0,0.0,0.0,0.0,0,0,0,0,0.0,0.0,2,3,0,2198
1,0,0,0,0,0.5,0.0,0.0,1.0,1.0,1,0,0,0,0.5,0.0,2,3,0,2199
2,0,0,0,0,0.75,0.0,0.0,0.5,1.0,2,0,0,0,0.5,0.0,2,3,0,2200
2,0,0,0,1,1.0,0.0,0.0,0.3333333333333333,1.0,3,0,0,0,0.5,0.0,2,3,0,2201
2,2,0,1,1,0.1667,0.0,0.0,0.0,0.0,0,0,0,0,0.0,0.0,1,2,0,2202
1,6,1,1,0,0.3333,1.0,1.0,1.0,1.0,1,1,0,1,0.5,1.0,1,2,0,2203
1,2,0,1,1,0.5,1.0,1.0,0.5,1.0,2,2,0,2,0.5,1.0,1,2,0,2204
1,7,1,1,0,0.6667,1.0,1.0,0.6666666666666666,1.0,3,3,0,3,0.5,1.0,1,2,0,2205
1,6,1,1,0,0.8333,1.0,1.0,0.5,1.0,4,4,0,4,0.5,1.0,1,2,0,2206
3,7,1,1,0,1.0,1.0,1.0,0.4,1.0,5,5,0,5,0.5,1.0,1,2,0,2207
3,7,1,1,0,0.25,0.0,0.0,0.0,0.0,0,0,0,0,0.0,0.0,0,4,0,2208
3,1,0,0,0,0.5,1.0,1.0,0.0,0.0,1,1,0,1,0.0,1.0,0,4,0,2209
3,1,0,1,0,0.75,0.5,1.0,0.0,0.0,2,1,0,1,0.0,0.5,0,4,0,2210
3,0,0,0,0,1.0,0.6666666666666666,1.0,0.0,0.0,3,2,0,2,0.0,0.6666666666666666,0,4,0,2211
1,0,0,0,0,0.25,0.0,0.0,0.0,0.0,0,0,0,0,0.0,0.0,0,4,0,2212
2,7,1,0,0,0.5,0.0,0.0,0.0,0.0,1,0,0,0,0.0,0.0,0,4,0,2213
2,1,0,1,0,0.75,0.0,0.0,0.0,0.0,2,0,0,0,0.0,0.0,0,4,0,2214
1,2,0,0,1,1.0,0.3333333333333333,1.0,0.0,0.0,3,1,0,1,0.0,0.3333333333333333,0,4,0,2215
3,1,0,0,0,0.25,0.0,0.0,0.0,0.0,0,0,0,0,0.0,0.0,1,3,0,2216
1,1,0,0,1,0.5,0.0,0.0,0.0,0.0,1,0,0,0,0.0,0.0,1,3,0,2217
3,7,1,0,1,0.75,0.0,0.0,0.5,1.0,2,0,0,0,0.5,0.0,1,3,0,2218
2,0,0,0,0,1.0,0.0,0.0,0.6666666666666666,1.0,3,0,0,0,0.5,0.0,1,3,0,2219
2,6,1,0,0,0.125,0.0,0.0,0.0,0.0,0,0,0,0,0.0,0.0,2,4,0,2220
1,1,0,0,0,0.25,0.0,0.0,0.0,0.0,1,0,0,0,0.0,0.0,2,4,0,2221
3,7,1,0,1,0.375,0.0,0.0,0.0,0.0,2,0,0,0,0.0,0.0,2,4,0,2222
2,2,0,0,0,0.5,0.0,0.0,0.3333333333333333,1.0,3,0,0,0,0.5,0.0,2,4,0,2223
1,6,1,0,0,0.625,0.0,0.0,0.25,1.0,4,0,0,0,0.5,0.0,2,4,0,2224
2,2,0,0,1,0.75,0.0,0.0,0.2,1.0,5,0,0,0,0.5,0.0,2,4,0,2225
3,6,1,0,0,0.875,0.0,0.0,0.3333333333333333,1.0,6,0,0,0,0.5,0.0,2,4,0,2226
2,2,0,0,0,1.0,0.0,0.0,0.2857142857142857,1.0,7,0,0,0,0.5,0.0,2,4,0,2227
2,6,1,0,0,0.1,0.0,0.0,0.0,0.0,0,0,0,0,0.0,0.0,0,3,0,2228
1,2,0,0,0,0.2,0.0,0.0,0.0,0.0,1,0,0,0,0.0,0.0,0,3,0,2229
1,0,0,1,1,0.3,0.0,0.0,0.0,0.0,2,0,0,0,0.0,0.0,0,3,0,2230
1,7,1,1,0,0.4,0.3333333333333333,1.0,0.3333333333333333,1.0,3,1,0,1,0.5,0.3333333333333333,0,3,0,2231
1,6,1,0,0,0.5,0.5,1.0,0.25,1.0,4,2,0,2,0.5,0.5,0,3,0,2232
1,1,0,0,1,0.6,0.4,1.0,0.2,1.0,5,2,0,2,0.5,0.4,0,3,0,2233
2,0,0,1,0,0.7,0.3333333333333333,1.0,0.3333333333333333,1.0,6,2,0,2,0.5,0.3333333333333333,0,3,0,2234
2,2,0,1,0,0.8,0.42857142857142855,1.0,0.2857142857142857,1.0,7,3,0,3,0.5,0.42857142857142855,0,3,0,2235
1,6,1,0,0,0.9,0.5,1.0,0.25,1.0,8,4,0,4,0.5,0.5,0,3,0,2236
1,2,0,0,1,1.0,0.4444444444444444,1.0,0.2222222222222222,1.0,9,4,0,4,0.5,0.4444444444444444,0,3,0,2237
2,2,0,0,1,0.25,0.0,0.0,0.0,0.0,0,0,0,0,0.0,0.0,2,2,0,2238
2,7,1,0,1,0.5,0.0,0.0,1.0,1.0,1,0,0,0,0.5,0.0,2,2,0,2239
2,6,1,0,0,0.75,0.0,0.0,1.0,1.0,2,0,0,0,0.5,0.0,2,2,0,2240
2,7,1,0,1,1.0,0.0,0.0,0.6666666666666666,1.0,3,0,0,0,0.5,0.0,2,2,0,2241
1,1,0,0,1,0.1,0.0,0.0,0.0,0.0,0,0,0,0,0.0,0.0,3,2,0,2242
2,6,1,0,0,0.2,0.0,0.0,1.0,1.0,1,0,0,0,0.5,0.0,3,2,0,2243
2,7,1,1,1,0.3,0.0,0.0,0.5,1.0,2,0,0,0,0.5,0.0,3,2,0,2244
2,7,1,0,1,0.4,0.3333333333333333,1.0,0.6666666666666666,1.0,3,1,0,1,0.5,0.3333333333333333,3,2,0,2245
1,1,0,0,0,0.5,0.25,1.0,0.75,1.0,4,1,0,1,0.5,0.25,3,2,0,2246
2,2,0,0,1,0.6,0.2,1.0,0.6,1.0,5,1,0,1,0.5,0.2,3,2,0,2247
3,1,0,0,0,0.7,0.16666666666666666,1.0,0.6666666666666666,1.0,6,1,0,1,0.5,0.16666666666666666,3,2,0,2248
3,7,1,0,0,0.8,0.14285714285714285,1.0,0.5714285714285714,1.0,7,1,0,1,0.5,0.14285714285714285,3,2,0,2249
3,0,0,0,0,0.9,0.125,1.0,0.5,1.0,8,1,0,1,0.5,0.125,3,2,0,2250
1,1,0,1,1,1.0,0.1111111111111111,1.0,0.4444444444444444,1.0,9,1,0,1,0.5,0.1111111111111111,3,2,0,2251
2,0,0,1,0,0.1667,0.0,0.0,0.0,0.0,0,0,0,0,0.0,0.0,3,4,0,2252
1,0,0,0,0,0.3333,1.0,1.0,0.0,0.0,1,1,0,1,0.0,1.0,3,4,0,2253
1,7,1,0,0,0.5,0.5,1.0,0.0,0.0,2,1,0,1,0.0,0.5,3,4,0,2254
3,0,0,0,0,0.6667,0.3333333333333333,1.0,0.0,0.0,3,1,0,1,0.0,0.3333333333333333,3,4,0,2255
1,7,1,0,0,0.8333,0.25,1.0,0.0,0.0,4,1,0,1,0.0,0.25,3,4,0,2256
1,0,0,0,0,1.0,0.2,1.0,0.0,0.0,5,1,0,1,0.0,0.2,3,4,0,2257
1,2,0,0,0,0.1429,0.0,0.0,0.0,0.0,0,0,0,0,0.0,0.0,2,4,0,2258
1,6,1,0,0,0.2857,0.0,0.0,0.0,0.0,1,0,0,0,0.0,0.0,2,4,0,2259
2,7,1,0,0,0.4286,0.0,0.0,0.0,0.0,2,0,0,0,0.0,0.0,2,4,0,2260
1,2,0,0,0,0.5714,0.0,0.0,0.0,0.0,3,0,0,0,0.0,0.0,2,4,0,2261
1,1,0,0,0,0.7143,0.0,0.0,0.0,0.0,4,0,0,0,0.0,0.0,2,4,0,2262
1,7,1,0,0,0.8571,0.0,0.0,0.0,0.0,5,0,0,0,0.0,0.0,2,4,0,2263
1,2,0,0,1,1.0,0.0,0.0,0.0,0.0,6,0,0,0,0.0,0.0,2,4,0,2264
2,2,0,0,0,0.1,0.0,0.0,0.0,0.0,0,0,0,0,0.0,0.0,2,4,0,2265
3,1,0,0,0,0.2,0.0,0.0,0.0,0.0,1,0,0,0,0.0,0.0,2,4,0,2266
2,2,0,0,0,0.3,0.0,0.0,0.0,0.0,2,0,0,0,0.0,0.0,2,4,0,2267
3,0,0,0,0,0.4,0.0,0.0,0.0,0.0,3,0,0,0,0.0,0.0,2,4,0,2268
2,1,0,0,0,0.5,0.0,0.0,0.0,0.0,4,0,0,0,0.0,0.0,2,4,0,2269
3,2,0,0,0,0.6,0.0,0.0,0.0,0.0,5,0,0,0,0.0,0.0,2,4,0,2270
1,2,0,0,0,0.7,0.0,0.0,0.0,0.0,6,0,0,0,0.0,0.0,2,4,0,2271
1,1,0,0,1,0.8,0.0,0.0,0.0,0.0,7,0,0,0,0.0,0.0,2,4,0,2272
1,7,1,1,0,0.9,0.0,0.0,0.125,1.0,8,0,0,0,0.5,0.0,2,4,0,2273
1,6,1,0,0,1.0,0.1111111111111111,1.0,0.1111111111111111,1.0,9,1,0,1,0.5,0.1111111111111111,2,4,0,2274
3,1,0,0,0,0.2,0.0,0.0,0.0,0.0,0,0,0,0,0.0,0.0,0,4,0,2275
2,6,1,0,0,0.4,0.0,0.0,0.0,0.0,1,0,0,0,0.0,0.0,0,4,0,2276
3,1,0,0,0,0.6,0.0,0.0,0.0,0.0,2,0,0,0,0.0,0.0,0,4,0,2277
1,6,1,0,0,0.8,0.0,0.0,0.0,0.0,3,0,0,0,0.0,0.0,0,4,0,2278
1,6,1,1,0,1.0,0.0,0.0,0.0,0.0,4,0,0,0,0.0,0.0,0,4,0,2279
2,1,0,0,0,0.25,0.0,0.0,0.0,0.0,0,0,0,0,0.0,0.0,2,4,0,2280
1,2,0,0,0,0.5,0.0,0.0,0.0,0.0,1,0,0,0,0.0,0.0,2,4,0,2281
1,2,0,0,0,0.75,0.0,0.0,0.0,0.0,2,0,0,0,0.0,0.0,2,4,0,2282
2,0,0,0,0,1.0,0.0,0.0,0.0,0.0,3,0,0,0,0.0,0.0,2,4,0,2283
2,1,0,0,1,0.1,0.0,0.0,0.0,0.0,0,0,0,0,0.0,0.0,0,3,0,2284
1,6,1,0,0,0.2,0.0,0.0,1.0,1.0,1,0,0,0,0.5,0.0,0,3,0,2285
3,2,0,1,0,0.3,0.0,0.0,0.5,1.0,2,0,0,0,0.5,0.0,0,3,0,2286
2,6,1,1,1,0.4,0.3333333333333333,1.0,0.3333333333333333,1.0,3,1,0,1,0.5,0.3333333333333333,0,3,0,2287
1,0,0,0,0,0.5,0.5,1.0,0.5,1.0,4,2,0,2,0.5,0.5,0,3,0,2288
3,1,0,0,0,0.6,0.4,1.0,0.4,1.0,5,2,0,2,0.5,0.4,0,3,0,2289
1,2,0,0,1,0.7,0.3333333333333333,1.0,0.3333333333333333,1.0,6,2,0,2,0.5,0.3333333333333333,0,3,0,2290
2,6,1,0,1,0.8,0.2857142857142857,1.0,0.42857142857142855,1.0,7,2,0,2,0.5,0.2857142857142857,0,3,0,2291
2,1,0,0,0,0.9,0.25,1.0,0.5,1.0,8,2,0,2,0.5,0.25,0,3,0,2292
2,1,0,1,0,1.0,0.2222222222222222,1.0,0.4444444444444444,1.0,9,2,0,2,0.5,0.2222222222222222,0,3,0,2293
3,2,0,0,0,0.2,0.0,0.0,0.0,0.0,0,0,0,0,0.0,0.0,0,2,0,2294
3,7,1,0,1,0.4,0.0,0.0,0.0,0.0,1,0,0,0,0.0,0.0,0,2,0,2295
2,7,1,0,0,0.6,0.0,0.0,0.5,1.0,2,0,0,0,0.5,0.0,0,2,0,2296
1,7,1,0,0,0.8,0.0,0.0,0.3333333333333333,1.0,3,0,0,0,0.5,0.0,0,2,0,2297
1,7,1,0,1,1.0,0.0,0.0,0.25,1.0,4,0,0,0,0.5,0.0,0,2,0,2298
2,0,0,0,0,0.1429,0.0,0.0,0.0,0.0,0,0,0,0,0.0,0.0,1,2,0,2299
1,6,1,0,0,0.2857,0.0,0.0,0.0,0.0,1,0,0,0,0.0,0.0,1,2,0,2300
3,6,1,0,0,0.4286,0.0,0.0,0.0,0.0,2,0,0,0,0.0,0.0,1,2,0,2301
3,1,0,0,0,0.5714,0.0,0.0,0.0,0.0,3,0,0,0,0.0,0.0,1,2,0,2302
1,7,1,0,0,0.7143,0.0,0.0,0.0,0.0,4,0,0,0,0.0,0.0,1,2,0,2303
2,2,0,0,1,0.8571,0.0,0.0,0.0,0.0,5,0,0,0,0.0,0.0,1,2,0,2304
3,6,1,0,0,1.0,0.0,0.0,0.16666666666666666,1.0,6,0,0,0,0.5,0.0,1,2,0,2305
3,6,1,0,0,0.1429,0.0,0.0,0.0,0.0,0,0,0,0,0.0,0.0,2,3,0,2306
2,1,0,0,1,0.2857,0.0,0.0,0.0,0.0,1,0,0,0,0.0,0.0,2,3,0,2307
2,7,1,1,0,0.4286,0.0,0.0,0.5,1.0,2,0,0,0,0.5,0.0,2,3,0,2308
1,6,1,0,1,0.5714,0.3333333333333333,1.0,0.3333333333333333,1.0,3,1,0,1,0.5,0.3333333333333333,2,3,0,2309
1,1,0,0,1,0.7143,0.25,1.0,0.5,1.0,4,1,0,1,0.5,0.25,2,3,0,2310
3,0,0,1,1,0.8571,0.2,1.0,0.6,1.0,5,1,0,1,0.5,0.2,2,3,0,2311
1,7,1,0,0,1.0,0.3333333333333333,1.0,0.6666666666666666,1.0,6,2,0,2,0.5,0.3333333333333333,2,3,0,2312
3,1,0,0,0,0.125,0.0,0.0,0.0,0.0,0,0,0,0,0.0,0.0,2,4,0,2313
3,0,0,0,0,0.25,0.0,0.0,0.0,0.0,1,0,0,0,0.0,0.0,2,4,0,2314
1,1,0,0,0,0.375,0.0,0.0,0.0,0.0,2,0,0,0,0.0,0.0,2,4,0,2315
1,1,0,0,0,0.5,0.0,0.0,0.0,0.0,3,0,0,0,0.0,0.0,2,4,0,2316
3,1,0,0,1,0.625,0.0,0.0,0.0,0.0,4,0,0,0,0.0,0.0,2,4,0,2317
3,2,0,0,0,0.75,0.0,0.0,0.2,1.0,5,0,0,0,0.5,0.0,2,4,0,2318
3,0,0,1,0,0.875,0.0,0.0,0.16666666666666666,1.0,6,0,0,0,0.5,0.0,2,4,0,2319
3,1,0,0,0,1.0,0.14285714285714285,1.0,0.14285714285714285,1.0,7,1,0,1,0.5,0.14285714285714285,2,4,0,2320
3,2,0,0,0,0.2,0.0,0.0,0.0,0.0,0,0,0,0,0.0,0.0,2,3,0,2321
3,6,1,0,0,0.4,0.0,0.0,0.0,0.0,1,0,0,0,0.0,0.0,2,3,0,2322
1,2,0,0,0,0.6,0.0,0.0,0.0,0.0,2,0,0,0,0.0,0.0,2,3,0,2323
3,6,1,0,1,0.8,0.0,0.0,0.0,0.0,3,0,0,0,0.0,0.0,2,3,0,2324
3,1,0,0,0,1.0,0.0,0.0,0.25,1.0,4,0,0,0,0.5,0.0,2,3,0,2325
3,0,0,0,0,0.1429,0.0,0.0,0.0,0.0,0,0,0,0,0.0,0.0,2,2,0,2326
2,2,0,0,0,0.2857,0.0,0.0,0.0,0.0,1,0,0,0,0.0,0.0,2,2,0,2327
1,2,0,0,1,0.4286,0.0,0.0,0.0,0.0,2,0,0,0,0.0,0.0,2,2,0,2328
2,6,1,1,0,0.5714,0.0,0.0,0.3333333333333333,1.0,3,0,0,0,0.5,0.0,2,2,0,2329
1,7,1,0,1,0.7143,0.25,1.0,0.25,1.0,4,1,0,1,0.5,0.25,2,2,0,2330
3,0,0,0,0,0.8571,0.2,1.0,0.4,1.0,5,1,0,1,0.5,0.2,2,2,0,2331
2,7,1,0,1,1.0,0.16666666666666666,1.0,0.3333333333333333,1.0,6,1,0,1,0.5,0.16666666666666666,2,2,0,2332
1,7,1,1,0,0.25,0.0,0.0,0.0,0.0,0,0,0,0,0.0,0.0,2,4,0,2333
2,0,0,1,0,0.5,1.0,1.0,0.0,0.0,1,1,0,1,0.0,1.0,2,4,0,2334
2,0,0,0,0,0.75,1.0,1.0,0.0,0.0,2,2,0,2,0.0,1.0,2,4,0,2335
1,0,0,0,1,1.0,0.6666666666666666,1.0,0.0,0.0,3,2,0,2,0.0,0.6666666666666666,2,4,0,2336
1,6,1,1,1,0.1667,0.0,0.0,0.0,0.0,0,0,0,0,0.0,0.0,2,4,0,2337
1,2,0,0,1,0.3333,1.0,1.0,1.0,1.0,1,1,0,1,0.5,1.0,2,4,0,2338
3,2,0,0,0,0.5,0.5,1.0,1.0,1.0,2,1,0,1,0.5,0.5,2,4,0,2339
2,6,1,0,0,0.6667,0.3333333333333333,1.0,0.6666666666666666,1.0,3,1,0,1,0.5,0.3333333333333333,2,4,0,2340
3,7,1,0,1,0.8333,0.25,1.0,0.5,1.0,4,1,0,1,0.5,0.25,2,4,0,2341
1,6,1,0,0,1.0,0.2,1.0,0.6,1.0,5,1,0,1,0.5,0.2,2,4,0,2342
2,0,0,1,0,0.1,0.0,0.0,0.0,0.0,0,0,0,0,0.0,0.0,3,4,0,2343
1,7,1,0,0,0.2,1.0,1.0,0.0,0.0,1,1,0,1,0.0,1.0,3,4,0,2344
1,1,0,1,1,0.3,0.5,1.0,0.0,0.0,2,1,0,1,0.0,0.5,3,4,0,2345
3,1,0,1,0,0.4,0.6666666666666666,1.0,0.3333333333333333,1.0,3,2,0,2,0.5,0.6666666666666666,3,4,0,2346
2,7,1,0,0,0.5,0.75,1.0,0.25,1.0,4,3,0,3,0.5,0.75,3,4,0,2347
3,0,0,1,0,0.6,0.6,1.0,0.2,1.0,5,3,0,3,0.5,0.6,3,4,0,2348
1,6,1,1,0,0.7,0.6666666666666666,1.0,0.16666666666666666,1.0,6,4,0,4,0.5,0.6666666666666666,3,4,0,2349
2,6,1,0,0,0.8,0.7142857142857143,1.0,0.14285714285714285,1.0,7,5,0,5,0.5,0.7142857142857143,3,4,0,2350
3,2,0,0,0,0.9,0.625,1.0,0.125,1.0,8,5,0,5,0.5,0.625,3,4,0,2351
3,0,0,0,0,1.0,0.5555555555555556,1.0,0.1111111111111111,1.0,9,5,0,5,0.5,0.5555555555555556,3,4,0,2352
3,7,1,0,0,0.2,0.0,0.0,0.0,0.0,0,0,0,0,0.0,0.0,3,3,0,2353
3,1,0,1,0,0.4,0.0,0.0,0.0,0.0,1,0,0,0,0.0,0.0,3,3,0,2354
1,1,0,1,0,0.6,0.5,1.0,0.0,0.0,2,1,0,1,0.0,0.5,3,3,0,2355
1,2,0,0,1,0.8,0.6666666666666666,1.0,0.0,0.0,3,2,0,2,0.0,0.6666666666666666,3,3,0,2356
2,7,1,0,0,1.0,0.5,1.0,0.25,1.0,4,2,0,2,0.5,0.5,3,3,0,2357
2,1,0,1,0,0.2,0.0,0.0,0.0,0.0,0,0,0,0,0.0,0.0,1,2,0,2358
3,6,1,0,1,0.4,1.0,1.0,0.0,0.0,1,1,0,1,0.0,1.0,1,2,0,2359
3,0,0,0,0,0.6,0.5,1.0,0.5,1.0,2,1,0,1,0.5,0.5,1,2,0,2360
3,1,0,0,1,0.8,0.3333333333333333,1.0,0.3333333333333333,1.0,3,1,0,1,0.5,0.3333333333333333,1,2,0,2361
3,1,0,0,1,1.0,0.25,1.0,0.5,1.0,4,1,0,1,0.5,0.25,1,2,0,2362
3,0,0,0,0,0.1,0.0,0.0,0.0,0.0,0,0,0,0,0.0,0.0,3,3,0,2363
2,7,1,0,1,0.2,0.0,0.0,0.0,0.0,1,0,0,0,0.0,0.0,3,3,0,2364
1,6,1,0,1,0.3,0.0,0.0,0.5,1.0,2,0,0,0,0.5,0.0,3,3,0,2365
1,6,1,0,0,0.4,0.0,0.0,0.6666666666666666,1.0,3,0,0,0,0.5,0.0,3,3,0,2366
1,6,1,0,0,0.5,0.0,0.0,0.5,1.0,4,0,0,0,0.5,0.0,3,3,0,2367
1,0,0,1,0,0.6,0.0,0.0,0.4,1.0,5,0,0,0,0.5,0.0,3,3,0,2368
2,7,1,0,1,0.7,0.16666666666666666,1.0,0.3333333333333333,1.0,6,1,0,1,0.5,0.16666666666666666,3,3,0,2369
3,6,1,1,0,0.8,0.14285714285714285,1.0,0.42857142857142855,1.0,7,1,0,1,0.5,0.14285714285714285,3,3,0,2370
3,2,0,0,1,0.9,0.25,1.0,0.375,1.0,8,2,0,2,0.5,0.25,3,3,0,2371
2,1,0,0,0,1.0,0.2222222222222222,1.0,0.4444444444444444,1.0,9,2,0,2,0.5,0.2222222222222222,3,3,0,2372
3,7,1,1,0,0.125,0.0,0.0,0.0,0.0,0,0,0,0,0.0,0.0,2,4,0,2373
3,2,0,0,0,0.25,1.0,1.0,0.0,0.0,1,1,0,1,0.0,1.0,2,4,0,2374
1,2,0,0,0,0.375,0.5,1.0,0.0,0.0,2,1,0,1,0.0,0.5,2,4,0,2375
1,1,0,1,1,0.5,0.3333333333333333,1.0,0.0,0.0,3,1,0,1,0.0,0.3333333333333333,2,4,0,2376
1,2,0,0,0,0.625,0.5,1.0,0.25,1.0,4,2,0,2,0.5,0.5,2,4,0,2377
1,0,0,0,1,0.75,0.4,1.0,0.2,1.0,5,2,0,2,0.5,0.4,2,4,0,2378
2,1,0,0,0,0.875,0.3333333333333333,1.0,0.3333333333333333,1.0,6,2,0,2,0.5,0.3333333333333333,2,4,0,2379
3,1,0,0,0,1.0,0.2857142857142857,1.0,0.2857142857142857,1.0,7,2,0,2,0.5,0.2857142857142857,2,4,0,2380
2,1,0,0,0,0.1,0.0,0.0,0.0,0.0,0,0,0,0,0.0,0.0,0,4,0,2381
3,6,1,0,0,0.2,0.0,0.0,0.0,0.0,1,0,0,0,0.0,0.0,0,4,0,2382
2,7,1,0,0,0.3,0.0,0.0,0.0,0.0,2,0,0,0,0.0,0.0,0,4,0,2383
1,0,0,1,0,0.4,0.0,0.0,0.0,0.0,3,0,0,0,0.0,0.0,0,4,0,2384
1,2,0,0,0,0.5,0.25,1.0,0.0,0.0,4,1,0,1,0.0,0.25,0,4,0,2385
3,1,0,0,0,0.6,0.2,1.0,0.0,0.0,5,1,0,1,0.0,0.2,0,4,0,2386
3,2,0,0,0,0.7,0.16666666666666666,1.0,0.0,0.0,6,1,0,1,0.0,0.16666666666666666,0,4,0,2387
2,6,1,0,0,0.8,0.14285714285714285,1.0,0.0,0.0,7,1,0,1,0.0,0.14285714285714285,0,4,0,2388
3,1,0,0,0,0.9,0.125,1.0,0.0,0.0,8,1,0,1,0.0,0.125,0,4,0,2389
1,7,1,0,1,1.0,0.1111111111111111,1.0,0.0,0.0,9,1,0,1,0.0,0.1111111111111111,0,4,0,2390
1,1,0,0,1,0.1667,0.0,0.0,0.0,0.0,0,0,0,0,0.0,0.0,1,2,0,2391
3,2,0,0,1,0.3333,0.0,0.0,1.0,1.0,1,0,0,0,0.5,0.0,1,2,0,2392
3,6,1,1,0,0.5,0.0,0.0,1.0,1.0,2,0,0,0,0.5,0.0,1,2,0,2393
2,2,0,0,0,0.6667,0.3333333333333333,1.0,0.6666666666666666,1.0,3,1,0,1,0.5,0.3333333333333333,1,2,0,2394
3,0,0,0,1,0.8333,0.25,1.0,0.5,1.0,4,1,0,1,0.5,0.25,1,2,0,2395
3,1,0,0,0,1.0,0.2,1.0,0.6,1.0,5,1,0,1,0.5,0.2,1,2,0,2396
3,6,1,0,0,0.1667,0.0,0.0,0.0,0.0,0,0,0,0,0.0,0.0,2,2,0,2397
1,2,0,0,1,0.3333,0.0,0.0,0.0,0.0,1,0,0,0,0.0,0.0,2,2,0,2398
3,7,1,0,0,0.5,0.0,0.0,0.5,1.0,2,0,0,0,0.5,0.0,2,2,0,2399
2,1,0,0,0,0.6667,0.0,0.0,0.3333333333333333,1.0,3,0,0,0,0.5,0.0,2,2,0,2400
1,0,0,0,0,0.8333,0.0,0.0,0.25,1.0,4,0,0,0,0.5,0.0,2,2,0,2401
3,7,1,1,1,1.0,0.0,0.0,0.2,1.0,5,0,0,0,0.5,0.0,2,2,0,2402
2,6,1,0,0,0.1,0.0,0.0,0.0,0.0,0,0,0,0,0.0,0.0,0,4,0,2403
2,2,0,0,0,0.2,0.0,0.0,0.0,0.0,1,0,0,0,0.0,0.0,0,4,0,2404
2,6,1,0,0,0.3,0.0,0.0,0.0,0.0,2,0,0,0,0.0,0.0,0,4,0,2405
3,0,0,0,1,0.4,0.0,0.0,0.0,0.0,3,0,0,0,0.0,0.0,0,4,0,2406
3,7,1,0,0,0.5,0.0,0.0,0.25,1.0,4,0,0,0,0.5,0.0,0,4,0,2407
2,0,0,0,0,0.6,0.0,0.0,0.2,1.0,5,0,0,0,0.5,0.0,0,4,0,2408
2,7,1,0,0,0.7,0.0,0.0,0.16666666666666666,1.0,6,0,0,0,0.5,0.0,0,4,0,2409
3,0,0,1,0,0.8,0.0,0.0,0.14285714285714285,1.0,7,0,0,0,0.5,0.0,0,4,0,2410
2,7,1,1,1,0.9,0.125,1.0,0.125,1.0,8,1,0,1,0.5,0.125,0,4,0,2411
1,6,1,1,0,1.0,0.2222222222222222,1.0,0.2222222222222222,1.0,9,2,0,2,0.5,0.2222222222222222,0,4,0,2412
2,0,0,0,1,0.1111,0.0,0.0,0.0,0.0,0,0,0,0,0.0,0.0,1,4,0,2413
3,2,0,0,0,0.2222,0.0,0.0,1.0,1.0,1,0,0,0,0.5,0.0,1,4,0,2414
3,0,0,0,0,0.3333,0.0,0.0,0.5,1.0,2,0,0,0,0.5,0.0,1,4,0,2415
1,2,0,0,1,0.4444,0.0,0.0,0.3333333333333333,1.0,3,0,0,0,0.5,0.0,1,4,0,2416
3,2,0,0,1,0.5556,0.0,0.0,0.5,1.0,4,0,0,0,0.5,0.0,1,4,0,2417
1,2,0,0,0,0.6667,0.0,0.0,0.6,1.0,5,0,0,0,0.5,0.0,1,4,0,2418
2,0,0,1,1,0.7778,0.0,0.0,0.5,1.0,6,0,0,0,0.5,0.0,1,4,0,2419
3,7,1,1,1,0.8889,0.14285714285714285,1.0,0.5714285714285714,1.0,7,1,0,1,0.5,0.14285714285714285,1,4,0,2420
2,0,0,0,0,1.0,0.25,1.0,0.625,1.0,8,2,0,2,0.5,0.25,1,4,0,2421
3,1,0,0,0,0.1111,0.0,0.0,0.0,0.0,0,0,0,0,0.0,0.0,3,2,0,2422
2,2,0,0,0,0.2222,0.0,0.0,0.0,0.0,1,0,0,0,0.0,0.0,3,2,0,2423
3,0,0,0,0,0.3333,0.0,0.0,0.0,0.0,2,0,0,0,0.0,0.0,3,2,0,2424
3,2,0,0,0,0.4444,0.0,0.0,0.0,0.0,3,0,0,0,0.0,0.0,3,2,0,2425
2,1,0,0,0,0.5556,0.0,0.0,0.0,0.0,4,0,0,0,0.0,0.0,3,2,0,2426
1,7,1,0,0,0.6667,0.0,0.0,0.0,0.0,5,0,0,0,0.0,0.0,3,2,0,2427
1,7,1,0,0,0.7778,0.0,0.0,0.0,0.0,6,0,0,0,0.0,0.0,3,2,0,2428
2,1,0,0,0,0.8889,0.0,0.0,0.0,0.0,7,0,0,0,0.0,0.0,3,2,0,2429
3,2,0,0,0,1.0,0.0,0.0,0.0,0.0,8,0,0,0,0.0,0.0,3,2,0,2430
1,0,0,1,0,0.25,0.0,0.0,0.0,0.0,0,0,0,0,0.0,0.0,0,2,0,2431
3,1,0,0,0,0.5,1.0,1.0,0.0,0.0,1,1,0,1,0.0,1.0,0,2,0,2432
1,0,0,0,1,0.75,0.5,1.0,0.0,0.0,2,1,0,1,0.0,0.5,0,2,0,2433
1,7,1,0,0,1.0,0.3333333333333333,1.0,0.3333333333333333,1.0,3,1,0,1,0.5,0.3333333333333333,0,2,0,2434
3,0,0,1,0,0.125,0.0,0.0,0.0,0.0,0,0,0,0,0.0,0.0,2,4,0,2435
1,0,0,0,1,0.25,1.0,1.0,0.0,0.0,1,1,0,1,0.0,1.0,2,4,0,2436
1,7,1,0,1,0.375,0.5,1.0,0.5,1.0,2,1,0,1,0.5,0.5,2,4,0,2437
1,7,1,0,0,0.5,0.3333333333333333,1.0,0.6666666666666666,1.0,3,1,0,1,0.5,0.3333333333333333,2,4,0,2438
1,7,1,0,0,0.625,0.25,1.0,0.5,1.0,4,1,0,1,0.5,0.25,2,4,0,2439
3,1,0,0,0,0.75,0.2,1.0,0.4,1.0,5,1,0,1,0.5,0.2,2,4,0,2440
2,1,0,0,0,0.875,0.16666666666666666,1.0,0.3333333333333333,1.0,6,1,0,1,0.5,0.16666666666666666,2,4,0,2441
2,1,0,1,0,1.0,0.14285714285714285,1.0,0.2857142857142857,1.0,7,1,0,1,0.5,0.14285714285714285,2,4,0,2442
1,1,0,0,0,0.1667,0.0,0.0,0.0,0.0,0,0,0,0,0.0,0.0,3,2,0,2443
3,0,0,0,1,0.3333,0.0,0.0,0.0,0.0,1,0,0,0,0.0,0.0,3,2,0,2444
2,2,0,0,0,0.5,0.0,0.0,0.5,1.0,2,0,0,0,0.5,0.0,3,2,0,2445
2,6,1,0,0,0.6667,0.0,0.0,0.3333333333333333,1.0,3,0,0,0,0.5,0.0,3,2,0,2446
1,1,0,1,0,0.8333,0.0,0.0,0.25,1.0,4,0,0,0,0.5,0.0,3,2,0,2447
2,0,0,0,1,1.0,0.2,1.0,0.2,1.0,5,1,0,1,0.5,0.2,3,2,0,2448
1,2,0,0,0,0.125,0.0,0.0,0.0,0.0,0,0,0,0,0.0,0.0,1,2,0,2449
1,1,0,0,0,0.25,0.0,0.0,0.0,0.0,1,0,0,0,0.0,0.0,1,2,0,2450
1,7,1,0,1,0.375,0.0,0.0,0.0,0.0,2,0,0,0,0.0,0.0,1,2,0,2451
1,7,1,1,1,0.5,0.0,0.0,0.3333333333333333,1.0,3,0,0,0,0.5,0.0,1,2,0,2452
3,2,0,0,1,0.625,0.25,1.0,0.5,1.0,4,1,0,1,0.5,0.25,1,2,0,2453
3,2,0,0,0,0.75,0.2,1.0,0.6,1.0,5,1,0,1,0.5,0.2,1,2,0,2454
2,6,1,1,0,0.875,0.16666666666666666,1.0,0.5,1.0,6,1,0,1,0.5,0.16666666666666666,1,2,0,2455
1,6,1,0,0,1.0,0.2857142857142857,1.0,0.42857142857142855,1.0,7,2,0,2,0.5,0.2857142857142857,1,2,0,2456
3,6,1,0,1,0.25,0.0,0.0,0.0,0.0,0,0,0,0,0.0,0.0,0,3,0,2457
2,7,1,0,0,0.5,0.0,0.0,1.0,1.0,1,0,0,0,0.5,0.0,0,3,0,2458
3,2,0,0,0,0.75,0.0,0.0,0.5,1.0,2,0,0,0,0.5,0.0,0,3,0,2459
2,1,0,0,0,1.0,0.0,0.0,0.3333333333333333,1.0,3,0,0,0,0.5,0.0,0,3,0,2460
3,7,1,1,0,0.1429,0.0,0.0,0.0,0.0,0,0,0,0,0.0,0.0,3,2,0,2461
3,2,0,1,0,0.2857,1.0,1.0,0.0,0.0,1,1,0,1,0.0,1.0,3,2,0,2462
1,0,0,0,0,0.4286,1.0,1.0,0.0,0.0,2,2,0,2,0.0,1.0,3,2,0,2463
3,7,1,0,0,0.5714,0.6666666666666666,1.0,0.0,0.0,3,2,0,2,0.0,0.6666666666666666,3,2,0,2464
1,7,1,0,1,0.7143,0.5,1.0,0.0,0.0,4,2,0,2,0.0,0.5,3,2,0,2465
3,6,1,0,0,0.8571,0.4,1.0,0.2,1.0,5,2,0,2,0.5,0.4,3,2,0,2466
1,7,1,1,0,1.0,0.3333333333333333,1.0,0.16666666666666666,1.0,6,2,0,2,0.5,0.3333333333333333,3,2,0,2467
1,1,0,0,0,0.2,0.0,0.0,0.0,0.0,0,0,0,0,0.0,0.0,1,2,0,2468
2,1,0,0,0,0.4,0.0,0.0,0.0,0.0,1,0,0,0,0.0,0.0,1,2,0,2469
1,7,1,1,0,0.6,0.0,0.0,0.0,0.0,2,0,0,0,0.0,0.0,1,2,0,2470
1,2,0,0,0,0.8,0.3333333333333333,1.0,0.0,0.0,3,1,0,1,0.0,0.3333333333333333,1,2,0,2471
3,6,1,0,0,1.0,0.25,1.0,0.0,0.0,4,1,0,1,0.0,0.25,1,2,0,2472
1,7,1,1,0,0.1,0.0,0.0,0.0,0.0,0,0,0,0,0.0,0.0,0,2,0,2473
1,1,0,0,0,0.2,1.0,1.0,0.0,0.0,1,1,0,1,0.0,1.0,0,2,0,2474
3,2,0,0,1,0.3,0.5,1.0,0.0,0.0,2,1,0,1,0.0,0.5,0,2,0,2475
3,7,1,0,0,0.4,0.3333333333333333,1.0,0.3333333333333333,1.0,3,1,0,1,0.5,0.3333333333333333,0,2,0,2476
1,7,1,0,1,0.5,0.25,1.0,0.25,1.0,4,1,0,1,0.5,0.25,0,2,0,2477
2,2,0,0,1,0.6,0.2,1.0,0.4,1.0,5,1,0,1,0.5,0.2,0,2,0,2478
1,2,0,0,0,0.7,0.16666666666666666,1.0,0.5,1.0,6,1,0,1,0.5,0.16666666666666666,0,2,0,2479
3,2,0,0,0,0.8,0.14285714285714285,1.0,0.42857142857142855,1.0,7,1,0,1,0.5,0.14285714285714285,0,2,0,2480
2,6,1,0,1,0.9,0.125,1.0,0.375,1.0,8,1,0,1,0.5,0.125,0,2,0,2481
1,2,0,0,0,1.0,0.1111111111111111,1.0,0.4444444444444444,1.0,9,1,0,1,0.5,0.1111111111111111,0,2,0,2482
3,6,1,0,1,0.1429,0.0,0.0,0.0,0.0,0,0,0,0,0.0,0.0,2,4,0,2483
1,7,1,1,1,0.2857,0.0,0.0,1.0,1.0,1,0,0,0,0.5,0.0,2,4,0,2484
1,1,0,0,0,0.4286,0.5,1.0,1.0,1.0,2,1,0,1,0.5,0.5,2,4,0,2485
2,0,0,0,0,0.5714,0.3333333333333333,1.0,0.6666666666666666,1.0,3,1,0,1,0.5,0.3333333333333333,2,4,0,2486
1,1,0,0,0,0.7143,0.25,1.0,0.5,1.0,4,1,0,1,0.5,0.25,2,4,0,2487
2,2,0,1,0,0.8571,0.2,1.0,0.4,1.0,5,1,0,1,0.5,0.2,2,4,0,2488
3,7,1,0,0,1.0,0.3333333333333333,1.0,0.3333333333333333,1.0,6,2,0,2,0.5,0.3333333333333333,2,4,0,2489
2,0,0,0,0,0.25,0.0,0.0,0.0,0.0,0,0,0,0,0.0,0.0,1,3,0,2490
3,2,0,0,1,0.5,0.0,0.0,0.0,0.0,1,0,0,0,0.0,0.0,1,3,0,2491
3,6,1,0,1,0.75,0.0,0.0,0.5,1.0,2,0,0,0,0.5,0.0,1,3,0,2492
3,2,0,0,0,1.0,0.0,0.0,0.6666666666666666,1.0,3,0,0,0,0.5,0.0,1,3,0,2493
3,2,0,0,1,0.1,0.0,0.0,0.0,0.0,0,0,0,0,0.0,0.0,0,4,0,2494
1,6,1,1,1,0.2,0.0,0.0,1.0,1.0,1,0,0,0,0.5,0.0,0,4,0,2495
2,7,1,0,0,0.3,0.5,1.0,1.0,1.0,2,1,0,1,0.5,0.5,0,4,0,2496
1,7,1,0,1,0.4,0.3333333333333333,1.0,0.6666666666666666,1.0,3,1,0,1,0.5,0.3333333333333333,0,4,0,2497
2,0,0,0,0,0.5,0.25,1.0,0.75,1.0,4,1,0,1,0.5,0.25,0,4,0,2498
1,7,1,0,1,0.6,0.2,1.0,0.6,1.0,5,1,0,1,0.5,0.2,0,4,0,2499
3,2,0,0,0,0.7,0.16666666666666666,1.0,0.6666666666666666,1.0,6,1,0,1,0.5,0.16666666666666666,0,4,0,2500
2,6,1,0,0,0.8,0.14285714285714285,1.0,0.5714285714285714,1.0,7,1,0,1,0.5,0.14285714285714285,0,4,0,2501
1,2,0,1,1,0.9,0.125,1.0,0.5,1.0,8,1,0,1,0.5,0.125,0,4,0,2502
3,1,0,0,1,1.0,0.2222222222222222,1.0,0.5555555555555556,1.0,9,2,0,2,0.5,0.2222222222222222,0,4,0,2503
2,6,1,0,1,0.1667,0.0,0.0,0.0,0.0,0,0,0,0,0.0,0.0,3,3,0,2504
2,0,0,1,1,0.3333,0.0,0.0,1.0,1.0,1,0,0,0,0.5,0.0,3,3,0,2505
3,6,1,0,0,0.5,0.5,1.0,1.0,1.0,2,1,0,1,0.5,0.5,3,3,0,2506
1,6,1,0,0,0.6667,0.3333333333333333,1.0,0.6666666666666666,1.0,3,1,0,1,0.5,0.3333333333333333,3,3,0,2507
2,0,0,0,0,0.8333,0.25,1.0,0.5,1.0,4,1,0,1,0.5,0.25,3,3,0,2508
1,6,1,1,0,1.0,0.2,1.0,0.4,1.0,5,1,0,1,0.5,0.2,3,3,0,2509
2,1,0,0,1,0.25,0.0,0.0,0.0,0.0,0,0,0,0,0.0,0.0,2,2,0,2510
2,2,0,0,0,0.5,0.0,0.0,1.0,1.0,1,0,0,0,0.5,0.0,2,2,0,2511
3,6,1,0,0,0.75,0.0,0.0,0.5,1.0,2,0,0,0,0.5,0.0,2,2,0,2512
3,0,0,0,0,1.0,0.0,0.0,0.3333333333333333,1.0,3,0,0,0,0.5,0.0,2,2,0,2513
2,0,0,0,0,0.125,0.0,0.0,0.0,0.0,0,0,0,0,0.0,0.0,0,2,0,2514
1,7,1,1,0,0.25,0.0,0.0,0.0,0.0,1,0,0,0,0.0,0.0,0,2,0,2515
2,0,0,1,0,0.375,0.5,1.0,0.0,0.0,2,1,0,1,0.0,0.5,0,2,0,2516
1,6,1,1,0,0.5,0.6666666666666666,1.0,0.0,0.0,3,2,0,2,0.0,0.6666666666666666,0,2,0,2517
3,2,0,0,0,0.625,0.75,1.0,0.0,0.0,4,3,0,3,0.0,0.75,0,2,0,2518
2,6,1,0,1,0.75,0.6,1.0,0.0,0.0,5,3,0,3,0.0,0.6,0,2,0,2519
2,2,0,0,1,0.875,0.5,1.0,0.16666666666666666,1.0,6,3,0,3,0.5,0.5,0,2,0,2520
2,7,1,1,0,1.0,0.42857142857142855,1.0,0.2857142857142857,1.0,7,3,0,3,0.5,0.42857142857142855,0,2,0,2521
3,1,0,0,0,0.1111,0.0,0.0,0.0,0.0,0,0,0,0,0.0,0.0,0,3,0,2522
3,7,1,0,0,0.2222,0.0,0.0,0.0,0.0,1,0,0,0,0.0,0.0,0,3,0,2523
2,2,0,0,0,0.3333,0.0,0.0,0.0,0.0,2,0,0,0,0.0,0.0,0,3,0,2524
1,6,1,1,1,0.4444,0.0,0.0,0.0,0.0,3,0,0,0,0.0,0.0,0,3,0,2525
3,0,0,0,1,0.5556,0.25,1.0,0.25,1.0,4,1,0,1,0.5,0.25,0,3,0,2526
2,2,0,0,1,0.6667,0.2,1.0,0.4,1.0,5,1,0,1,0.5,0.2,0,3,0,2527
2,6,1,0,1,0.7778,0.16666666666666666,1.0,0.5,1.0,6,1,0,1,0.5,0.16666666666666666,0,3,0,2528
1,2,0,0,0,0.8889,0.14285714285714285,1.0,0.5714285714285714,1.0,7,1,0,1,0.5,0.14285714285714285,0,3,0,2529
3,6,1,1,1,1.0,0.125,1.0,0.5,1.0,8,1,0,1,0.5,0.125,0,3,0,2530
2,0,0,0,0,0.1667,0.0,0.0,0.0,0.0,0,0,0,0,0.0,0.0,0,2,0,2531
3,6,1,1,1,0.3333,0.0,0.0,0.0,0.0,1,0,0,0,0.0,0.0,0,2,0,2532
3,1,0,0,0,0.5,0.5,1.0,0.5,1.0,2,1,0,1,0.5,0.5,0,2,0,2533
3,1,0,0,0,0.6667,0.3333333333333333,1.0,0.3333333333333333,1.0,3,1,0,1,0.5,0.3333333333333333,0,2,0,2534
2,1,0,1,0,0.8333,0.25,1.0,0.25,1.0,4,1,0,1,0.5,0.25,0,2,0,2535
1,7,1,1,0,1.0,0.4,1.0,0.2,1.0,5,2,0,2,0.5,0.4,0,2,0,2536
2,6,1,0,1,0.25,0.0,0.0,0.0,0.0,0,0,0,0,0.0,0.0,1,4,0,2537
1,6,1,0,0,0.5,0.0,0.0,1.0,1.0,1,0,0,0,0.5,0.0,1,4,0,2538
3,6,1,0,1,0.75,0.0,0.0,0.5,1.0,2,0,0,0,0.5,0.0,1,4,0,2539
3,1,0,0,1,1.0,0.0,0.0,0.6666666666666666,1.0,3,0,0,0,0.5,0.0,1,4,0,2540
1,0,0,0,1,0.1111,0.0,0.0,0.0,0.0,0,0,0,0,0.0,0.0,2,4,0,2541
2,2,0,1,0,0.2222,0.0,0.0,1.0,1.0,1,0,0,0,0.5,0.0,2,4,0,2542
3,7,1,0,1,0.3333,0.5,1.0,0.5,1.0,2,1,0,1,0.5,0.5,2,4,0,2543
1,6,1,0,0,0.4444,0.3333333333333333,1.0,0.6666666666666666,1.0,3,1,0,1,0.5,0.3333333333333333,2,4,0,2544
1,0,0,0,0,0.5556,0.25,1.0,0.5,1.0,4,1,0,1,0.5,0.25,2,4,0,2545
3,6,1,0,1,0.6667,0.2,1.0,0.4,1.0,5,1,0,1,0.5,0.2,2,4,0,2546
1,7,1,0,0,0.7778,0.16666666666666666,1.0,0.5,1.0,6,1,0,1,0.5,0.16666666666666666,2,4,0,2547
2,2,0,0,0,0.8889,0.14285714285714285,1.0,0.42857142857142855,1.0,7,1,0,1,0.5,0.14285714285714285,2,4,0,2548
2,7,1,0,0,1.0,0.125,1.0,0.375,1.0,8,1,0,1,0.5,0.125,2,4,0,2549
1,6,1,0,0,0.1111,0.0,0.0,0.0,0.0,0,0,0,0,0.0,0.0,3,4,0,2550
3,6,1,1,0,0.2222,0.0,0.0,0.0,0.0,1,0,0,0,0.0,0.0,3,4,0,2551
3,0,0,0,1,0.3333,0.5,1.0,0.0,0.0,2,1,0,1,0.0,0.5,3,4,0,2552
2,7,1,0,0,0.4444,0.3333333333333333,1.0,0.3333333333333333,1.0,3,1,0,1,0.5,0.3333333333333333,3,4,0,2553
1,6,1,0,1,0.5556,0.25,1.0,0.25,1.0,4,1,0,1,0.5,0.25,3,4,0,2554
2,6,1,0,0,0.6667,0.2,1.0,0.4,1.0,5,1,0,1,0.5,0.2,3,4,0,2555
3,6,1,0,0,0.7778,0.16666666666666666,1.0,0.3333333333333333,1.0,6,1,0,1,0.5,0.16666666666666666,3,4,0,2556
1,6,1,0,0,0.8889,0.14285714285714285,1.0,0.2857142857142857,1.0,7,1,0,1,0.5,0.14285714285714285,3,4,0,2557
1,2,0,0,0,1.0,0.125,1.0,0.25,1.0,8,1,0,1,0.5,0.125,3,4,0,2558
3,0,0,0,0,0.1667,0.0,0.0,0.0,0.0,0,0,0,0,0.0,0.0,1,4,0,2559
3,7,1,0,0,0.3333,0.0,0.0,0.0,0.0,1,0,0,0,0.0,0.0,1,4,0,2560
1,2,0,0,1,0.5,0.0,0.0,0.0,0.0,2,0,0,0,0.0,0.0,1,4,0,2561
1,2,0,0,0,0.6667,0.0,0.0,0.3333333333333333,1.0,3,0,0,0,0.5,0.0,1,4,0,2562
3,6,1,0,0,0.8333,0.0,0.0,0.25,1.0,4,0,0,0,0.5,0.0,1,4,0,2563
2,6,1,0,0,1.0,0.0,0.0,0.2,1.0,5,0,0,0,0.5,0.0,1,4,0,2564
1,6,1,1,0,0.1111,0.0,0.0,0.0,0.0,0,0,0,0,0.0,0.0,3,3,0,2565
1,0,0,0,0,0.2222,1.0,1.0,0.0,0.0,1,1,0,1,0.0,1.0,3,3,0,2566
2,0,0,0,0,0.3333,0.5,1.0,0.0,0.0,2,1,0,1,0.0,0.5,3,3,0,2567
2,0,0,1,0,0.4444,0.3333333333333333,1.0,0.0,0.0,3,1,0,1,0.0,0.3333333333333333,3,3,0,2568
2,2,0,0,0,0.5556,0.5,1.0,0.0,0.0,4,2,0,2,0.0,0.5,3,3,0,2569
1,0,0,0,0,0.6667,0.4,1.0,0.0,0.0,5,2,0,2,0.0,0.4,3,3,0,2570
1,0,0,1,0,0.7778,0.3333333333333333,1.0,0.0,0.0,6,2,0,2,0.0,0.3333333333333333,3,3,0,2571
3,2,0,0,0,0.8889,0.42857142857142855,1.0,0.0,0.0,7,3,0,3,0.0,0.42857142857142855,3,3,0,2572
1,6,1,0,0,1.0,0.375,1.0,0.0,0.0,8,3,0,3,0.0,0.375,3,3,0,2573
1,6,1,0,0,0.2,0.0,0.0,0.0,0.0,0,0,0,0,0.0,0.0,1,4,0,2574
1,0,0,0,1,0.4,0.0,0.0,0.0,0.0,1,0,0,0,0.0,0.0,1,4,0,2575
1,6,1,0,0,0.6,0.0,0.0,0.5,1.0,2,0,0,0,0.5,0.0,1,4,0,2576
1,6,1,0,1,0.8,0.0,0.0,0.3333333333333333,1.0,3,0,0,0,0.5,0.0,1,4,0,2577
3,6,1,0,0,1.0,0.0,0.0,0.5,1.0,4,0,0,0,0.5,0.0,1,4,0,2578
1,1,0,0,0,0.1667,0.0,0.0,0.0,0.0,0,0,0,0,0.0,0.0,2,4,0,2579
1,6,1,1,0,0.3333,0.0,0.0,0.0,0.0,1,0,0,0,0.0,0.0,2,4,0,2580
1,6,1,0,1,0.5,0.5,1.0,0.0,0.0,2,1,0,1,0.0,0.5,2,4,0,2581
1,1,0,0,0,0.6667,0.3333333333333333,1.0,0.3333333333333333,1.0,3,1,0,1,0.5,0.3333333333333333,2,4,0,2582
2,6,1,0,0,0.8333,0.25,1.0,0.25,1.0,4,1,0,1,0.5,0.25,2,4,0,2583
2,7,1,1,0,1.0,0.2,1.0,0.2,1.0,5,1,0,1,0.5,0.2,2,4,0,2584
1,1,0,0,1,0.1,0.0,0.0,0.0,0.0,0,0,0,0,0.0,0.0,0,2,0,2585
2,2,0,0,0,0.2,0.0,0.0,1.0,1.0,1,0,0,0,0.5,0.0,0,2,0,2586
3,2,0,0,0,0.3,0.0,0.0,0.5,1.0,2,0,0,0,0.5,0.0,0,2,0,2587
2,0,0,0,1,0.4,0.0,0.0,0.3333333333333333,1.0,3,0,0,0,0.5,0.0,0,2,0,2588
1,6,1,0,1,0.5,0.0,0.0,0.5,1.0,4,0,0,0,0.5,0.0,0,2,0,2589
2,7,1,0,0,0.6,0.0,0.0,0.6,1.0,5,0,0,0,0.5,0.0,0,2,0,2590
2,6,1,1,0,0.7,0.0,0.0,0.5,1.0,6,0,0,0,0.5,0.0,0,2,0,2591
3,2,0,0,0,0.8,0.14285714285714285,1.0,0.42857142857142855,1.0,7,1,0,1,0.5,0.14285714285714285,0,2,0,2592
1,2,0,0,0,0.9,0.125,1.0,0.375,1.0,8,1,0,1,0.5,0.125,0,2,0,2593
3,7,1,0,0,1.0,0.1111111111111111,1.0,0.3333333333333333,1.0,9,1,0,1,0.5,0.1111111111111111,0,2,0,2594
1,2,0,0,1,0.2,0.0,0.0,0.0,0.0,0,0,0,0,0.0,0.0,3,3,0,2595
2,7,1,0,0,0.4,0.0,0.0,1.0,1.0,1,0,0,0,0.5,0.0,3,3,0,2596
2,1,0,0,0,0.6,0.0,0.0,0.5,1.0,2,0,0,0,0.5,0.0,3,3,0,2597
2,6,1,1,0,0.8,0.0,0.0,0.3333333333333333,1.0,3,0,0,0,0.5,0.0,3,3,0,2598
3,0,0,0,1,1.0,0.25,1.0,0.25,1.0,4,1,0,1,0.5,0.25,3,3,0,2599
2,0,0,0,0,0.25,0.0,0.0,0.0,0.0,0,0,0,0,0.0,0.0,3,3,0,2600
3,6,1,0,0,0.5,0.0,0.0,0.0,0.0,1,0,0,0,0.0,0.0,3,3,0,2601
1,6,1,1,0,0.75,0.0,0.0,0.0,0.0,2,0,0,0,0.0,0.0,3,3,0,2602
2,7,1,0,0,1.0,0.3333333333333333,1.0,0.0,0.0,3,1,0,1,0.0,0.3333333333333333,3,3,0,2603
3,1,0,0,0,0.1667,0.0,0.0,0.0,0.0,0,0,0,0,0.0,0.0,1,3,0,2604
3,2,0,0,0,0.3333,0.0,0.0,0.0,0.0,1,0,0,0,0.0,0.0,1,3,0,2605
2,0,0,0,0,0.5,0.0,0.0,0.0,0.0,2,0,0,0,0.0,0.0,1,3,0,2606
1,6,1,0,0,0.6667,0.0,0.0,0.0,0.0,3,0,0,0,0.0,0.0,1,3,0,2607
1,1,0,1,0,0.8333,0.0,0.0,0.0,0.0,4,0,0,0,0.0,0.0,1,3,0,2608
2,1,0,1,1,1.0,0.2,1.0,0.0,0.0,5,1,0,1,0.0,0.2,1,3,0,2609
2,7,1,0,0,0.25,0.0,0.0,0.0,0.0,0,0,0,0,0.0,0.0,0,2,0,2610
2,7,1,0,0,0.5,0.0,0.0,0.0,0.0,1,0,0,0,0.0,0.0,0,2,0,2611
3,1,0,0,0,0.75,0.0,0.0,0.0,0.0,2,0,0,0,0.0,0.0,0,2,0,2612
1,0,0,0,0,1.0,0.0,0.0,0.0,0.0,3,0,0,0,0.0,0.0,0,2,0,2613
1,6,1,0,0,0.25,0.0,0.0,0.0,0.0,0,0,0,0,0.0,0.0,1,2,0,2614
3,2,0,0,1,0.5,0.0,0.0,0.0,0.0,1,0,0,0,0.0,0.0,1,2,0,2615
1,0,0,0,0,0.75,0.0,0.0,0.5,1.0,2,0,0,0,0.5,0.0,1,2,0,2616
2,0,0,1,0,1.0,0.0,0.0,0.3333333333333333,1.0,3,0,0,0,0.5,0.0,1,2,0,2617
1,0,0,1,0,0.125,0.0,0.0,0.0,0.0,0,0,0,0,0.0,0.0,3,4,0,2618
1,7,1,0,1,0.25,1.0,1.0,0.0,0.0,1,1,0,1,0.0,1.0,3,4,0,2619
3,1,0,0,0,0.375,0.5,1.0,0.5,1.0,2,1,0,1,0.5,0.5,3,4,0,2620
2,0,0,0,0,0.5,0.3333333333333333,1.0,0.3333333333333333,1.0,3,1,0,1,0.5,0.3333333333333333,3,4,0,2621
3,7,1,0,0,0.625,0.25,1.0,0.25,1.0,4,1,0,1,0.5,0.25,3,4,0,2622
1,0,0,1,0,0.75,0.2,1.0,0.2,1.0,5,1,0,1,0.5,0.2,3,4,0,2623
1,0,0,0,0,0.875,0.3333333333333333,1.0,0.16666666666666666,1.0,6,2,0,2,0.5,0.3333333333333333,3,4,0,2624
3,6,1,0,0,1.0,0.2857142857142857,1.0,0.14285714285714285,1.0,7,2,0,2,0.5,0.2857142857142857,3,4,0,2625
2,1,0,0,0,0.1,0.0,0.0,0.0,0.0,0,0,0,0,0.0,0.0,3,4,0,2626
3,6,1,0,0,0.2,0.0,0.0,0.0,0.0,1,0,0,0,0.0,0.0,3,4,0,2627
2,6,1,0,1,0.3,0.0,0.0,0.0,0.0,2,0,0,0,0.0,0.0,3,4,0,2628
1,1,0,0,0,0.4,0.0,0.0,0.3333333333333333,1.0,3,0,0,0,0.5,0.0,3,4,0,2629
3,2,0,0,0,0.5,0.0,0.0,0.25,1.0,4,0,0,0,0.5,0.0,3,4,0,2630
3,6,1,0,1,0.6,0.0,0.0,0.2,1.0,5,0,0,0,0.5,0.0,3,4,0,2631
3,7,1,1,0,0.7,0.0,0.0,0.3333333333333333,1.0,6,0,0,0,0.5,0.0,3,4,0,2632
3,6,1,0,1,0.8,0.14285714285714285,1.0,0.2857142857142857,1.0,7,1,0,1,0.5,0.14285714285714285,3,4,0,2633
1,6,1,0,1,0.9,0.125,1.0,0.375,1.0,8,1,0,1,0.5,0.125,3,4,0,2634
1,0,0,0,1,1.0,0.1111111111111111,1.0,0.4444444444444444,1.0,9,1,0,1,0.5,0.1111111111111111,3,4,0,2635
1,2,0,1,0,0.1,0.0,0.0,0.0,0.0,0,0,0,0,0.0,0.0,1,4,0,2636
3,1,0,0,0,0.2,1.0,1.0,0.0,0.0,1,1,0,1,0.0,1.0,1,4,0,2637
2,7,1,0,0,0.3,0.5,1.0,0.0,0.0,2,1,0,1,0.0,0.5,1,4,0,2638
2,7,1,0,0,0.4,0.3333333333333333,1.0,0.0,0.0,3,1,0,1,0.0,0.3333333333333333,1,4,0,2639
3,6,1,0,1,0.5,0.25,1.0,0.0,0.0,4,1,0,1,0.0,0.25,1,4,0,2640
3,2,0,0,1,0.6,0.2,1.0,0.2,1.0,5,1,0,1,0.5,0.2,1,4,0,2641
3,2,0,1,1,0.7,0.16666666666666666,1.0,0.3333333333333333,1.0,6,1,0,1,0.5,0.16666666666666666,1,4,0,2642
2,0,0,0,1,0.8,0.2857142857142857,1.0,0.42857142857142855,1.0,7,2,0,2,0.5,0.2857142857142857,1,4,0,2643
1,6,1,0,0,0.9,0.25,1.0,0.5,1.0,8,2,0,2,0.5,0.25,1,4,0,2644
1,1,0,0,1,1.0,0.2222222222222222,1.0,0.4444444444444444,1.0,9,2,0,2,0.5,0.2222222222222222,1,4,0,2645
3,7,1,0,0,0.25,0.0,0.0,0.0,0.0,0,0,0,0,0.0,0.0,1,3,0,2646
2,1,0,0,0,0.5,0.0,0.0,0.0,0.0,1,0,0,0,0.0,0.0,1,3,0,2647
1,0,0,0,1,0.75,0.0,0.0,0.0,0.0,2,0,0,0,0.0,0.0,1,3,0,2648
2,2,0,0,0,1.0,0.0,0.0,0.3333333333333333,1.0,3,0,0,0,0.5,0.0,1,3,0,2649
1,7,1,0,0,0.2,0.0,0.0,0.0,0.0,0,0,0,0,0.0,0.0,1,4,0,2650
2,6,1,0,0,0.4,0.0,0.0,0.0,0.0,1,0,0,0,0.0,0.0,1,4,0,2651
3,0,0,0,1,0.6,0.0,0.0,0.0,0.0,2,0,0,0,0.0,0.0,1,4,0,2652
2,0,0,0,1,0.8,0.0,0.0,0.3333333333333333,1.0,3,0,0,0,0.5,0.0,1,4,0,2653
2,6,1,0,0,1.0,0.0,0.0,0.5,1.0,4,0,0,0,0.5,0.0,1,4,0,2654
3,0,0,0,1,0.1667,0.0,0.0,0.0,0.0,0,0,0,0,0.0,0.0,3,3,0,2655
2,7,1,0,1,0.3333,0.0,0.0,1.0,1.0,1,0,0,0,0.5,0.0,3,3,0,2656
2,7,1,0,0,0.5,0.0,0.0,1.0,1.0,2,0,0,0,0.5,0.0,3,3,0,2657
3,2,0,0,0,0.6667,0.0,0.0,0.6666666666666666,1.0,3,0,0,0,0.5,0.0,3,3,0,2658
1,1,0,0,1,0.8333,0.0,0.0,0.5,1.0,4,0,0,0,0.5,0.0,3,3,0,2659
2,2,0,0,0,1.0,0.0,0.0,0.6,1.0,5,0,0,0,0.5,0.0,3,3,0,2660
1,0,0,0,1,0.2,0.0,0.0,0.0,0.0,0,0,0,0,0.0,0.0,1,3,0,2661
2,1,0,0,0,0.4,0.0,0.0,1.0,1.0,1,0,0,0,0.5,0.0,1,3,0,2662
1,2,0,0,0,0.6,0.0,0.0,0.5,1.0,2,0,0,0,0.5,0.0,1,3,0,2663
1,6,1,0,0,0.8,0.0,0.0,0.3333333333333333,1.0,3,0,0,0,0.5,0.0,1,3,0,2664
3,0,0,0,0,1.0,0.0,0.0,0.25,1.0,4,0,0,0,0.5,0.0,1,3,0,2665
2,6,1,1,1,0.25,0.0,0.0,0.0,0.0,0,0,0,0,0.0,0.0,0,4,0,2666
3,0,0,0,0,0.5,1.0,1.0,1.0,1.0,1,1,0,1,0.5,1.0,0,4,0,2667
3,2,0,0,0,0.75,0.5,1.0,0.5,1.0,2,1,0,1,0.5,0.5,0,4,0,2668
3,6,1,0,0,1.0,0.3333333333333333,1.0,0.3333333333333333,1.0,3,1,0,1,0.5,0.3333333333333333,0,4,0,2669
3,6,1,0,0,0.1111,0.0,0.0,0.0,0.0,0,0,0,0,0.0,0.0,3,2,0,2670
2,6,1,0,0,0.2222,0.0,0.0,0.0,0.0,1,0,0,0,0.0,0.0,3,2,0,2671
3,2,0,0,0,0.3333,0.0,0.0,0.0,0.0,2,0,0,0,0.0,0.0,3,2,0,2672
3,6,1,1,0,0.4444,0.0,0.0,0.0,0.0,3,0,0,0,0.0,0.0,3,2,0,2673
3,2,0,0,1,0.5556,0.25,1.0,0.0,0.0,4,1,0,1,0.0,0.25,3,2,0,2674
1,2,0,0,1,0.6667,0.2,1.0,0.2,1.0,5,1,0,1,0.5,0.2,3,2,0,2675
2,1,0,0,0,0.7778,0.16666666666666666,1.0,0.3333333333333333,1.0,6,1,0,1,0.5,0.16666666666666666,3,2,0,2676
1,2,0,0,1,0.8889,0.14285714285714285,1.0,0.2857142857142857,1.0,7,1,0,1,0.5,0.14285714285714285,3,2,0,2677
1,0,0,0,0,1.0,0.125,1.0,0.375,1.0,8,1,0,1,0.5,0.125,3,2,0,2678
3,7,1,0,0,0.1429,0.0,0.0,0.0,0.0,0,0,0,0,0.0,0.0,2,2,0,2679
3,2,0,0,0,0.2857,0.0,0.0,0.0,0.0,1,0,0,0,0.0,0.0,2,2,0,2680
1,6,1,0,0,0.4286,0.0,0.0,0.0,0.0,2,0,0,0,0.0,0.0,2,2,0,2681
1,7,1,0,1,0.5714,0.0,0.0,0.0,0.0,3,0,0,0,0.0,0.0,2,2,0,2682
3,0,0,0,0,0.7143,0.0,0.0,0.25,1.0,4,0,0,0,0.5,0.0,2,2,0,2683
1,7,1,0,1,0.8571,0.0,0.0,0.2,1.0,5,0,0,0,0.5,0.0,2,2,0,2684
3,1,0,0,0,1.0,0.0,0.0,0.3333333333333333,1.0,6,0,0,0,0.5,0.0,2,2,0,2685
2,7,1,0,0,0.1,0.0,0.0,0.0,0.0,0,0,0,0,0.0,0.0,3,3,0,2686
3,6,1,0,0,0.2,0.0,0.0,0.0,0.0,1,0,0,0,0.0,0.0,3,3,0,2687
2,2,0,0,0,0.3,0.0,0.0,0.0,0.0,2,0,0,0,0.0,0.0,3,3,0,2688
3,2,0,1,0,0.4,0.0,0.0,0.0,0.0,3,0,0,0,0.0,0.0,3,3,0,2689
1,2,0,0,1,0.5,0.25,1.0,0.0,0.0,4,1,0,1,0.0,0.25,3,3,0,2690
2,1,0,0,0,0.6,0.2,1.0,0.2,1.0,5,1,0,1,0.5,0.2,3,3,0,2691
2,6,1,0,1,0.7,0.16666666666666666,1.0,0.16666666666666666,1.0,6,1,0,1,0.5,0.16666666666666666,3,3,0,2692
1,6,1,0,0,0.8,0.14285714285714285,1.0,0.2857142857142857,1.0,7,1,0,1,0.5,0.14285714285714285,3,3,0,2693
3,6,1,0,0,0.9,0.125,1.0,0.25,1.0,8,1,0,1,0.5,0.125,3,3,0,2694
3,6,1,0,0,1.0,0.1111111111111111,1.0,0.2222222222222222,1.0,9,1,0,1,0.5,0.1111111111111111,3,3,0,2695
1,6,1,0,0,0.2,0.0,0.0,0.0,0.0,0,0,0,0,0.0,0.0,0,2,0,2696
3,6,1,0,0,0.4,0.0,0.0,0.0,0.0,1,0,0,0,0.0,0.0,0,2,0,2697
3,1,0,0,1,0.6,0.0,0.0,0.0,0.0,2,0,0,0,0.0,0.0,0,2,0,2698
3,6,1,0,0,0.8,0.0,0.0,0.3333333333333333,1.0,3,0,0,0,0.5,0.0,0,2,0,2699
1,2,0,1,0,1.0,0.0,0.0,0.25,1.0,4,0,0,0,0.5,0.0,0,2,0,2700
1,6,1,0,1,0.2,0.0,0.0,0.0,0.0,0,0,0,0,0.0,0.0,2,2,0,2701
1,1,0,0,0,0.4,0.0,0.0,1.0,1.0,1,0,0,0,0.5,0.0,2,2,0,2702
1,1,0,0,0,0.6,0.0,0.0,0.5,1.0,2,0,0,0,0.5,0.0,2,2,0,2703
2,2,0,0,0,0.8,0.0,0.0,0.3333333333333333,1.0,3,0,0,0,0.5,0.0,2,2,0,2704
1,7,1,0,0,1.0,0.0,0.0,0.25,1.0,4,0,0,0,0.5,0.0,2,2,0,2705
2,7,1,1,0,0.1429,0.0,0.0,0.0,0.0,0,0,0,0,0.0,0.0,3,2,0,2706
3,0,0,0,0,0.2857,1.0,1.0,0.0,0.0,1,1,0,1,0.0,1.0,3,2,0,2707
1,7,1,1,1,0.4286,0.5,1.0,0.0,0.0,2,1,0,1,0.0,0.5,3,2,0,2708
2,6,1,0,0,0.5714,0.6666666666666666,1.0,0.3333333333333333,1.0,3,2,0,2,0.5,0.6666666666666666,3,2,0,2709
3,2,0,0,0,0.7143,0.5,1.0,0.25,1.0,4,2,0,2,0.5,0.5,3,2,0,2710
1,0,0,1,1,0.8571,0.4,1.0,0.2,1.0,5,2,0,2,0.5,0.4,3,2,0,2711
2,6,1,0,0,1.0,0.5,1.0,0.3333333333333333,1.0,6,3,0,3,0.5,0.5,3,2,0,2712
2,7,1,0,0,0.125,0.0,0.0,0.0,0.0,0,0,0,0,0.0,0.0,1,3,0,2713
1,1,0,0,0,0.25,0.0,0.0,0.0,0.0,1,0,0,0,0.0,0.0,1,3,0,2714
1,7,1,0,0,0.375,0.0,0.0,0.0,0.0,2,0,0,0,0.0,0.0,1,3,0,2715
3,7,1,0,0,0.5,0.0,0.0,0.0,0.0,3,0,0,0,0.0,0.0,1,3,0,2716
2,6,1,0,0,0.625,0.0,0.0,0.0,0.0,4,0,0,0,0.0,0.0,1,3,0,2717
3,0,0,0,0,0.75,0.0,0.0,0.0,0.0,5,0,0,0,0.0,0.0,1,3,0,2718
1,7,1,0,0,0.875,0.0,0.0,0.0,0.0,6,0,0,0,0.0,0.0,1,3,0,2719
2,6,1,1,1,1.0,0.0,0.0,0.0,0.0,7,0,0,0,0.0,0.0,1,3,0,2720
2,6,1,1,0,0.1429,0.0,0.0,0.0,0.0,0,0,0,0,0.0,0.0,0,2,0,2721
1,7,1,1,0,0.2857,1.0,1.0,0.0,0.0,1,1,0,1,0.0,1.0,0,2,0,2722
3,0,0,0,0,0.4286,1.0,1.0,0.0,0.0,2,2,0,2,0.0,1.0,0,2,0,2723
1,0,0,0,1,0.5714,0.6666666666666666,1.0,0.0,0.0,3,2,0,2,0.0,0.6666666666666666,0,2,0,2724
2,2,0,1,0,0.7143,0.5,1.0,0.25,1.0,4,2,0,2,0.5,0.5,0,2,0,2725
1,2,0,0,0,0.8571,0.6,1.0,0.2,1.0,5,3,0,3,0.5,0.6,0,2,0,2726
3,7,1,0,1,1.0,0.5,1.0,0.16666666666666666,1.0,6,3,0,3,0.5,0.5,0,2,0,2727
1,7,1,1,0,0.1429,0.0,0.0,0.0,0.0,0,0,0,0,0.0,0.0,2,4,0,2728
2,1,0,0,1,0.2857,1.0,1.0,0.0,0.0,1,1,0,1,0.0,1.0,2,4,0,2729
2,0,0,0,0,0.4286,0.5,1.0,0.5,1.0,2,1,0,1,0.5,0.5,2,4,0,2730
3,0,0,0,1,0.5714,0.3333333333333333,1.0,0.3333333333333333,1.0,3,1,0,1,0.5,0.3333333333333333,2,4,0,2731
3,6,1,0,1,0.7143,0.25,1.0,0.5,1.0,4,1,0,1,0.5,0.25,2,4,0,2732
1,6,1,0,0,0.8571,0.2,1.0,0.6,1.0,5,1,0,1,0.5,0.2,2,4,0,2733
2,6,1,1,0,1.0,0.16666666666666666,1.0,0.5,1.0,6,1,0,1,0.5,0.16666666666666666,2,4,0,2734
1,6,1,0,0,0.1111,0.0,0.0,0.0,0.0,0,0,0,0,0.0,0.0,2,4,0,2735
2,0,0,1,1,0.2222,0.0,0.0,0.0,0.0,1,0,0,0,0.0,0.0,2,4,0,2736
2,1,0,0,0,0.3333,0.5,1.0,0.5,1.0,2,1,0,1,0.5,0.5,2,4,0,2737
1,1,0,1,1,0.4444,0.3333333333333333,1.0,0.3333333333333333,1.0,3,1,0,1,0.5,0.3333333333333333,2,4,0,2738
3,7,1,0,1,0.5556,0.5,1.0,0.5,1.0,4,2,0,2,0.5,0.5,2,4,0,2739
3,2,0,0,0,0.6667,0.4,1.0,0.6,1.0,5,2,0,2,0.5,0.4,2,4,0,2740
2,0,0,0,0,0.7778,0.3333333333333333,1.0,0.5,1.0,6,2,0,2,0.5,0.3333333333333333,2,4,0,2741
1,7,1,0,1,0.8889,0.2857142857142857,1.0,0.42857142857142855,1.0,7,2,0,2,0.5,0.2857142857142857,2,4,0,2742
3,1,0,0,1,1.0,0.25,1.0,0.5,1.0,8,2,0,2,0.5,0.25,2,4,0,2743
3,7,1,1,1,0.1111,0.0,0.0,0.0,0.0,0,0,0,0,0.0,0.0,0,3,0,2744
2,6,1,0,0,0.2222,1.0,1.0,1.0,1.0,1,1,0,1,0.5,1.0,0,3,0,2745
2,7,1,0,0,0.3333,0.5,1.0,0.5,1.0,2,1,0,1,0.5,0.5,0,3,0,2746
3,1,0,0,0,0.4444,0.3333333333333333,1.0,0.3333333333333333,1.0,3,1,0,1,0.5,0.3333333333333333,0,3,0,2747
3,0,0,0,0,0.5556,0.25,1.0,0.25,1.0,4,1,0,1,0.5,0.25,0,3,0,2748
2,6,1,0,1,0.6667,0.2,1.0,0.2,1.0,5,1,0,1,0.5,0.2,0,3,0,2749
3,0,0,0,0,0.7778,0.16666666666666666,1.0,0.3333333333333333,1.0,6,1,0,1,0.5,0.16666666666666666,0,3,0,2750
2,7,1,0,0,0.8889,0.14285714285714285,1.0,0.2857142857142857,1.0,7,1,0,1,0.5,0.14285714285714285,0,3,0,2751
1,0,0,1,1,1.0,0.125,1.0,0.25,1.0,8,1,0,1,0.5,0.125,0,3,0,2752
1,1,0,0,0,0.1111,0.0,0.0,0.0,0.0,0,0,0,0,0.0,0.0,0,2,0,2753
3,7,1,0,1,0.2222,0.0,0.0,0.0,0.0,1,0,0,0,0.0,0.0,0,2,0,2754
2,1,0,0,0,0.3333,0.0,0.0,0.5,1.0,2,0,0,0,0.5,0.0,0,2,0,2755
3,6,1,0,0,0.4444,0.0,0.0,0.3333333333333333,1.0,3,0,0,0,0.5,0.0,0,2,0,2756
1,2,0,0,0,0.5556,0.0,0.0,0.25,1.0,4,0,0,0,0.5,0.0,0,2,0,2757
3,2,0,0,0,0.6667,0.0,0.0,0.2,1.0,5,0,0,0,0.5,0.0,0,2,0,2758
1,1,0,0,0,0.7778,0.0,0.0,0.16666666666666666,1.0,6,0,0,0,0.5,0.0,0,2,0,2759
3,1,0,0,0,0.8889,0.0,0.0,0.14285714285714285,1.0,7,0,0,0,0.5,0.0,0,2,0,2760
3,2,0,1,1,1.0,0.0,0.0,0.125,1.0,8,0,0,0,0.5,0.0,0,2,0,2761
2,2,0,0,0,0.1429,0.0,0.0,0.0,0.0,0,0,0,0,0.0,0.0,2,2,0,2762
1,1,0,0,0,0.2857,0.0,0.0,0.0,0.0,1,0,0,0,0.0,0.0,2,2,0,2763
2,0,0,1,1,0.4286,0.0,0.0,0.0,0.0,2,0,0,0,0.0,0.0,2,2,0,2764
2,2,0,0,1,0.5714,0.3333333333333333,1.0,0.3333333333333333,1.0,3,1,0,1,0.5,0.3333333333333333,2,2,0,2765
1,6,1,0,1,0.7143,0.25,1.0,0.5,1.0,4,1,0,1,0.5,0.25,2,2,0,2766
1,6,1,0,1,0.8571,0.2,1.0,0.6,1.0,5,1,0,1,0.5,0.2,2,2,0,2767
2,1,0,0,0,1.0,0.16666666666666666,1.0,0.6666666666666666,1.0,6,1,0,1,0.5,0.16666666666666666,2,2,0,2768
1,2,0,0,1,0.1,0.0,0.0,0.0,0.0,0,0,0,0,0.0,0.0,1,4,0,2769
1,7,1,0,0,0.2,0.0,0.0,1.0,1.0,1,0,0,0,0.5,0.0,1,4,0,2770
1,0,0,0,0,0.3,0.0,0.0,0.5,1.0,2,0,0,0,0.5,0.0,1,4,0,2771
1,7,1,0,0,0.4,0.0,0.0,0.3333333333333333,1.0,3,0,0,0,0.5,0.0,1,4,0,2772
2,7,1,1,0,0.5,0.0,0.0,0.25,1.0,4,0,0,0,0.5,0.0,1,4,0,2773
2,1,0,1,0,0.6,0.2,1.0,0.2,1.0,5,1,0,1,0.5,0.2,1,4,0,2774
2,2,0,0,0,0.7,0.3333333333333333,1.0,0.16666666666666666,1.0,6,2,0,2,0.5,0.3333333333333333,1,4,0,2775
3,2,0,0,1,0.8,0.2857142857142857,1.0,0.14285714285714285,1.0,7,2,0,2,0.5,0.2857142857142857,1,4,0,2776
2,0,0,0,0,0.9,0.25,1.0,0.25,1.0,8,2,0,2,0.5,0.25,1,4,0,2777
1,7,1,0,1,1.0,0.2222222222222222,1.0,0.2222222222222222,1.0,9,2,0,2,0.5,0.2222222222222222,1,4,0,2778
1,2,3,0,0,0.1667,0.0,0.0,0.0,0.0,0,0,0,0,0.0,0.0,0,2,0,2779
1,1,0,1,0,0.3333,0.0,0.0,0.0,0.0,1,0,0,0,0.0,0.0,0,2,0,2780
1,1,0,1,0,0.5,0.5,1.0,0.0,0.0,2,1,0,1,0.0,0.5,0,2,0,2781
2,7,1,1,1,0.6667,0.6666666666666666,1.0,0.0,0.0,3,2,0,2,0.0,0.6666666666666666,0,2,0,2782
2,7,1,1,1,0.8333,0.75,1.0,0.25,1.0,4,3,0,3,0.5,0.75,0,2,1,2783
3,6,1,1,1,1.0,0.8,1.0,0.4,1.0,5,4,0,4,0.5,0.8,0,2,1,2784
1,1,0,1,0,0.2,0.0,0.0,0.0,0.0,0,0,0,0,0.0,0.0,1,3,0,2785
1,7,1,1,1,0.4,1.0,1.0,0.0,0.0,1,1,0,1,0.0,1.0,1,3,0,2786
2,1,0,1,1,0.6,1.0,1.0,0.5,1.0,2,2,0,2,0.5,1.0,1,3,1,2787
2,6,1,1,1,0.8,1.0,1.0,0.6666666666666666,1.0,3,3,0,3,0.5,1.0,1,3,1,2788
3,7,1,1,1,1.0,1.0,1.0,0.75,1.0,4,4,0,4,0.5,1.0,1,3,1,2789
1,2,3,0,0,0.1667,0.0,0.0,0.0,0.0,0,0,0,0,0.0,0.0,1,2,0,2790
1,1,0,1,0,0.3333,0.0,0.0,0.0,0.0,1,0,0,0,0.0,0.0,1,2,0,2791
1,1,0,1,0,0.5,0.5,1.0,0.0,0.0,2,1,0,1,0.0,0.5,1,2,0,2792
2,7,1,1,1,0.6667,0.6666666666666666,1.0,0.0,0.0,3,2,0,2,0.0,0.6666666666666666,1,2,0,2793
2,7,1,1,1,0.8333,0.75,1.0,0.25,1.0,4,3,0,3,0.5,0.75,1,2,1,2794
3,6,1,1,1,1.0,0.8,1.0,0.4,1.0,5,4,0,4,0.5,0.8,1,2,1,2795
1,0,0,0,0,0.1429,0.0,0.0,0.0,0.0,0,0,0,0,0.0,0.0,2,2,0,2796
1,1,0,0,0,0.2857,0.0,0.0,0.0,0.0,1,0,0,0,0.0,0.0,2,2,0,2797
1,1,0,1,0,0.4286,0.0,0.0,0.0,0.0,2,0,0,0,0.0,0.0,2,2,0,2798
1,1,0,1,0,0.5714,0.3333333333333333,1.0,0.0,0.0,3,1,0,1,0.0,0.3333333333333333,2,2,0,2799
2,7,1,1,1,0.7143,0.5,1.0,0.0,0.0,4,2,0,2,0.0,0.5,2,2,0,2800
2,7,1,1,1,0.8571,0.6,1.0,0.2,1.0,5,3,0,3,0.5,0.6,2,2,1,2801
3,2,3,1,1,1.0,0.6666666666666666,1.0,0.3333333333333333,1.0,6,4,0,4,0.5,0.6666666666666666,2,2,1,2802
1,2,3,0,0,0.1667,0.0,0.0,0.0,0.0,0,0,0,0,0.0,0.0,3,2,0,2803
1,1,0,1,0,0.3333,0.0,0.0,0.0,0.0,1,0,0,0,0.0,0.0,3,2,0,2804
1,1,0,1,0,0.5,0.5,1.0,0.0,0.0,2,1,0,1,0.0,0.5,3,2,0,2805
2,7,1,1,1,0.6667,0.6666666666666666,1.0,0.0,0.0,3,2,0,2,0.0,0.6666666666666666,3,2,0,2806
2,7,1,1,1,0.8333,0.75,1.0,0.25,1.0,4,3,0,3,0.5,0.75,3,2,1,2807
3,6,1,1,1,1.0,0.8,1.0,0.4,1.0,5,4,0,4,0.5,0.8,3,2,1,2808
1,0,0,0,0,0.1429,0.0,0.0,0.0,0.0,0,0,0,0,0.0,0.0,1,2,0,2809
1,1,0,0,0,0.2857,0.0,0.0,0.0,0.0,1,0,0,0,0.0,0.0,1,2,0,2810
1,1,0,1,0,0.4286,0.0,0.0,0.0,0.0,2,0,0,0,0.0,0.0,1,2,0,2811
1,1,0,1,0,0.5714,0.3333333333333333,1.0,0.0,0.0,3,1,0,1,0.0,0.3333333333333333,1,2,0,2812
2,7,1,1,1,0.7143,0.5,1.0,0.0,0.0,4,2,0,2,0.0,0.5,1,2,0,2813
2,7,1,1,1,0.8571,0.6,1.0,0.2,1.0,5,3,0,3,0.5,0.6,1,2,1,2814
3,2,3,1,1,1.0,0.6666666666666666,1.0,0.3333333333333333,1.0,6,4,0,4,0.5,0.6666666666666666,1,2,1,2815
1,0,0,0,0,0.1429,0.0,0.0,0.0,0.0,0,0,0,0,0.0,0.0,3,2,0,2816
1,1,0,0,0,0.2857,0.0,0.0,0.0,0.0,1,0,0,0,0.0,0.0,3,2,0,2817
1,1,0,1,0,0.4286,0.0,0.0,0.0,0.0,2,0,0,0,0.0,0.0,3,2,0,2818
1,1,0,1,0,0.5714,0.3333333333333333,1.0,0.0,0.0,3,1,0,1,0.0,0.3333333333333333,3,2,0,2819
2,7,1,1,1,0.7143,0.5,1.0,0.0,0.0,4,2,0,2,0.0,0.5,3,2,0,2820
2,7,1,1,1,0.8571,0.6,1.0,0.2,1.0,5,3,0,3,0.5,0.6,3,2,1,2821
3,2,3,1,1,1.0,0.6666666666666666,1.0,0.3333333333333333,1.0,6,4,0,4,0.5,0.6666666666666666,3,2,1,2822
1,0,0,0,0,0.1429,0.0,0.0,0.0,0.0,0,0,0,0,0.0,0.0,2,4,0,2823
1,1,0,0,0,0.2857,0.0,0.0,0.0,0.0,1,0,0,0,0.0,0.0,2,4,0,2824
1,1,0,1,0,0.4286,0.0,0.0,0.0,0.0,2,0,0,0,0.0,0.0,2,4,0,2825
1,1,0,1,0,0.5714,0.3333333333333333,1.0,0.0,0.0,3,1,0,1,0.0,0.3333333333333333,2,4,0,2826
2,7,1,1,1,0.7143,0.5,1.0,0.0,0.0,4,2,0,2,0.0,0.5,2,4,0,2827
2,7,1,1,1,0.8571,0.6,1.0,0.2,1.0,5,3,0,3,0.5,0.6,2,4,1,2828
3,2,3,1,1,1.0,0.6666666666666666,1.0,0.3333333333333333,1.0,6,4,0,4,0.5,0.6666666666666666,2,4,1,2829
1,2,3,0,0,0.1667,0.0,0.0,0.0,0.0,0,0,0,0,0.0,0.0,0,4,0,2830
1,1,0,1,0,0.3333,0.0,0.0,0.0,0.0,1,0,0,0,0.0,0.0,0,4,0,2831
1,1,0,1,0,0.5,0.5,1.0,0.0,0.0,2,1,0,1,0.0,0.5,0,4,0,2832
2,7,1,1,1,0.6667,0.6666666666666666,1.0,0.0,0.0,3,2,0,2,0.0,0.6666666666666666,0,4,0,2833
2,7,1,1,1,0.8333,0.75,1.0,0.25,1.0,4,3,0,3,0.5,0.75,0,4,1,2834
3,6,1,1,1,1.0,0.8,1.0,0.4,1.0,5,4,0,4,0.5,0.8,0,4,1,2835
1,2,3,0,0,0.1667,0.0,0.0,0.0,0.0,0,0,0,0,0.0,0.0,3,3,0,2836
1,1,0,1,0,0.3333,0.0,0.0,0.0,0.0,1,0,0,0,0.0,0.0,3,3,0,2837
1,1,0,1,0,0.5,0.5,1.0,0.0,0.0,2,1,0,1,0.0,0.5,3,3,0,2838
2,7,1,1,1,0.6667,0.6666666666666666,1.0,0.0,0.0,3,2,0,2,0.0,0.6666666666666666,3,3,0,2839
2,7,1,1,1,0.8333,0.75,1.0,0.25,1.0,4,3,0,3,0.5,0.75,3,3,1,2840
3,6,1,1,1,1.0,0.8,1.0,0.4,1.0,5,4,0,4,0.5,0.8,3,3,1,2841
1,1,0,1,0,0.2,0.0,0.0,0.0,0.0,0,0,0,0,0.0,0.0,1,3,0,2842
1,7,1,1,1,0.4,1.0,1.0,0.0,0.0,1,1,0,1,0.0,1.0,1,3,0,2843
2,1,0,1,1,0.6,1.0,1.0,0.5,1.0,2,2,0,2,0.5,1.0,1,3,1,2844
2,6,1,1,1,0.8,1.0,1.0,0.6666666666666666,1.0,3,3,0,3,0.5,1.0,1,3,1,2845
3,7,1,1,1,1.0,1.0,1.0,0.75,1.0,4,4,0,4,0.5,1.0,1,3,1,2846
1,1,0,1,0,0.2,0.0,0.0,0.0,0.0,0,0,0,0,0.0,0.0,1,2,0,2847
1,7,1,1,1,0.4,1.0,1.0,0.0,0.0,1,1,0,1,0.0,1.0,1,2,0,2848
2,1,0,1,1,0.6,1.0,1.0,0.5,1.0,2,2,0,2,0.5,1.0,1,2,1,2849
2,6,1,1,1,0.8,1.0,1.0,0.6666666666666666,1.0,3,3,0,3,0.5,1.0,1,2,1,2850
3,7,1,1,1,1.0,1.0,1.0,0.75,1.0,4,4,0,4,0.5,1.0,1,2,1,2851
1,1,0,1,0,0.2,0.0,0.0,0.0,0.0,0,0,0,0,0.0,0.0,0,4,0,2852
1,7,1,1,1,0.4,1.0,1.0,0.0,0.0,1,1,0,1,0.0,1.0,0,4,0,2853
2,1,0,1,1,0.6,1.0,1.0,0.5,1.0,2,2,0,2,0.5,1.0,0,4,1,2854
2,6,1,1,1,0.8,1.0,1.0,0.6666666666666666,1.0,3,3,0,3,0.5,1.0,0,4,1,2855
3,7,1,1,1,1.0,1.0,1.0,0.75,1.0,4,4,0,4,0.5,1.0,0,4,1,2856
1,0,0,0,0,0.1429,0.0,0.0,0.0,0.0,0,0,0,0,0.0,0.0,2,3,0,2857
1,1,0,0,0,0.2857,0.0,0.0,0.0,0.0,1,0,0,0,0.0,0.0,2,3,0,2858
1,1,0,1,0,0.4286,0.0,0.0,0.0,0.0,2,0,0,0,0.0,0.0,2,3,0,2859
1,1,0,1,0,0.5714,0.3333333333333333,1.0,0.0,0.0,3,1,0,1,0.0,0.3333333333333333,2,3,0,2860
2,7,1,1,1,0.7143,0.5,1.0,0.0,0.0,4,2,0,2,0.0,0.5,2,3,0,2861
2,7,1,1,1,0.8571,0.6,1.0,0.2,1.0,5,3,0,3,0.5,0.6,2,3,1,2862
3,2,3,1,1,1.0,0.6666666666666666,1.0,0.3333333333333333,1.0,6,4,0,4,0.5,0.6666666666666666,2,3,1,2863
1,1,0,1,0,0.2,0.0,0.0,0.0,0.0,0,0,0,0,0.0,0.0,3,3,0,2864
1,7,1,1,1,0.4,1.0,1.0,0.0,0.0,1,1,0,1,0.0,1.0,3,3,0,2865
2,1,0,1,1,0.6,1.0,1.0,0.5,1.0,2,2,0,2,0.5,1.0,3,3,1,2866
2,6,1,1,1,0.8,1.0,1.0,0.6666666666666666,1.0,3,3,0,3,0.5,1.0,3,3,1,2867
3,7,1,1,1,1.0,1.0,1.0,0.75,1.0,4,4,0,4,0.5,1.0,3,3,1,2868
1,0,0,0,0,0.1429,0.0,0.0,0.0,0.0,0,0,0,0,0.0,0.0,1,2,0,2869
1,1,0,0,0,0.2857,0.0,0.0,0.0,0.0,1,0,0,0,0.0,0.0,1,2,0,2870
1,1,0,1,0,0.4286,0.0,0.0,0.0,0.0,2,0,0,0,0.0,0.0,1,2,0,2871
1,1,0,1,0,0.5714,0.3333333333333333,1.0,0.0,0.0,3,1,0,1,0.0,0.3333333333333333,1,2,0,2872
2,7,1,1,1,0.7143,0.5,1.0,0.0,0.0,4,2,0,2,0.0,0.5,1,2,0,2873
2,7,1,1,1,0.8571,0.6,1.0,0.2,1.0,5,3,0,3,0.5,0.6,1,2,1,2874
3,2,3,1,1,1.0,0.6666666666666666,1.0,0.3333333333333333,1.0,6,4,0,4,0.5,0.6666666666666666,1,2,1,2875
1,1,0,1,0,0.2,0.0,0.0,0.0,0.0,0,0,0,0,0.0,0.0,0,4,0,2876
1,7,1,1,1,0.4,1.0,1.0,0.0,0.0,1,1,0,1,0.0,1.0,0,4,0,2877
2,1,0,1,1,0.6,1.0,1.0,0.5,1.0,2,2,0,2,0.5,1.0,0,4,1,2878
2,6,1,1,1,0.8,1.0,1.0,0.6666666666666666,1.0,3,3,0,3,0.5,1.0,0,4,1,2879
3,7,1,1,1,1.0,1.0,1.0,0.75,1.0,4,4,0,4,0.5,1.0,0,4,1,2880
1,1,0,1,0,0.2,0.0,0.0,0.0,0.0,0,0,0,0,0.0,0.0,1,2,0,2881
1,7,1,1,1,0.4,1.0,1.0,0.0,0.0,1,1,0,1,0.0,1.0,1,2,0,2882
2,1,0,1,1,0.6,1.0,1.0,0.5,1.0,2,2,0,2,0.5,1.0,1,2,1,2883
2,6,1,1,1,0.8,1.0,1.0,0.6666666666666666,1.0,3,3,0,3,0.5,1.0,1,2,1,2884
3,7,1,1,1,1.0,1.0,1.0,0.75,1.0,4,4,0,4,0.5,1.0,1,2,1,2885
1,0,0,0,0,0.1429,0.0,0.0,0.0,0.0,0,0,0,0,0.0,0.0,1,2,0,2886
1,1,0,0,0,0.2857,0.0,0.0,0.0,0.0,1,0,0,0,0.0,0.0,1,2,0,2887
1,1,0,1,0,0.4286,0.0,0.0,0.0,0.0,2,0,0,0,0.0,0.0,1,2,0,2888
1,1,0,1,0,0.5714,0.3333333333333333,1.0,0.0,0.0,3,1,0,1,0.0,0.3333333333333333,1,2,0,2889
2,7,1,1,1,0.7143,0.5,1.0,0.0,0.0,4,2,0,2,0.0,0.5,1,2,0,2890
2,7,1,1,1,0.8571,0.6,1.0,0.2,1.0,5,3,0,3,0.5,0.6,1,2,1,2891
3,2,3,1,1,1.0,0.6666666666666666,1.0,0.3333333333333333,1.0,6,4,0,4,0.5,0.6666666666666666,1,2,1,2892
1,2,3,0,0,0.1667,0.0,0.0,0.0,0.0,0,0,0,0,0.0,0.0,1,3,0,2893
1,1,0,1,0,0.3333,0.0,0.0,0.0,0.0,1,0,0,0,0.0,0.0,1,3,0,2894
1,1,0,1,0,0.5,0.5,1.0,0.0,0.0,2,1,0,1,0.0,0.5,1,3,0,2895
2,7,1,1,1,0.6667,0.6666666666666666,1.0,0.0,0.0,3,2,0,2,0.0,0.6666666666666666,1,3,0,2896
2,7,1,1,1,0.8333,0.75,1.0,0.25,1.0,4,3,0,3,0.5,0.75,1,3,1,2897
3,6,1,1,1,1.0,0.8,1.0,0.4,1.0,5,4,0,4,0.5,0.8,1,3,1,2898
1,2,3,0,0,0.1667,0.0,0.0,0.0,0.0,0,0,0,0,0.0,0.0,1,4,0,2899
1,1,0,1,0,0.3333,0.0,0.0,0.0,0.0,1,0,0,0,0.0,0.0,1,4,0,2900
1,1,0,1,0,0.5,0.5,1.0,0.0,0.0,2,1,0,1,0.0,0.5,1,4,0,2901
2,7,1,1,1,0.6667,0.6666666666666666,1.0,0.0,0.0,3,2,0,2,0.0,0.6666666666666666,1,4,0,2902
2,7,1,1,1,0.8333,0.75,1.0,0.25,1.0,4,3,0,3,0.5,0.75,1,4,1,2903
3,6,1,1,1,1.0,0.8,1.0,0.4,1.0,5,4,0,4,0.5,0.8,1,4,1,2904
1,2,3,0,0,0.1667,0.0,0.0,0.0,0.0,0,0,0,0,0.0,0.0,1,3,0,2905
1,1,0,1,0,0.3333,0.0,0.0,0.0,0.0,1,0,0,0,0.0,0.0,1,3,0,2906
1,1,0,1,0,0.5,0.5,1.0,0.0,0.0,2,1,0,1,0.0,0.5,1,3,0,2907
2,7,1,1,1,0.6667,0.6666666666666666,1.0,0.0,0.0,3,2,0,2,0.0,0.6666666666666666,1,3,0,2908
2,7,1,1,1,0.8333,0.75,1.0,0.25,1.0,4,3,0,3,0.5,0.75,1,3,1,2909
3,6,1,1,1,1.0,0.8,1.0,0.4,1.0,5,4,0,4,0.5,0.8,1,3,1,2910
1,2,3,0,0,0.1667,0.0,0.0,0.0,0.0,0,0,0,0,0.0,0.0,3,4,0,2911
1,1,0,1,0,0.3333,0.0,0.0,0.0,0.0,1,0,0,0,0.0,0.0,3,4,0,2912
1,1,0,1,0,0.5,0.5,1.0,0.0,0.0,2,1,0,1,0.0,0.5,3,4,0,2913
2,7,1,1,1,0.6667,0.6666666666666666,1.0,0.0,0.0,3,2,0,2,0.0,0.6666666666666666,3,4,0,2914
2,7,1,1,1,0.8333,0.75,1.0,0.25,1.0,4,3,0,3,0.5,0.75,3,4,1,2915
3,6,1,1,1,1.0,0.8,1.0,0.4,1.0,5,4,0,4,0.5,0.8,3,4,1,2916
1,1,0,1,0,0.2,0.0,0.0,0.0,0.0,0,0,0,0,0.0,0.0,1,3,0,2917
1,7,1,1,1,0.4,1.0,1.0,0.0,0.0,1,1,0,1,0.0,1.0,1,3,0,2918
2,1,0,1,1,0.6,1.0,1.0,0.5,1.0,2,2,0,2,0.5,1.0,1,3,1,2919
2,6,1,1,1,0.8,1.0,1.0,0.6666666666666666,1.0,3,3,0,3,0.5,1.0,1,3,1,2920
3,7,1,1,1,1.0,1.0,1.0,0.75,1.0,4,4,0,4,0.5,1.0,1,3,1,2921
1,2,3,0,0,0.1667,0.0,0.0,0.0,0.0,0,0,0,0,0.0,0.0,1,2,0,2922
1,1,0,1,0,0.3333,0.0,0.0,0.0,0.0,1,0,0,0,0.0,0.0,1,2,0,2923
1,1,0,1,0,0.5,0.5,1.0,0.0,0.0,2,1,0,1,0.0,0.5,1,2,0,2924
2,7,1,1,1,0.6667,0.6666666666666666,1.0,0.0,0.0,3,2,0,2,0.0,0.6666666666666666,1,2,0,2925
2,7,1,1,1,0.8333,0.75,1.0,0.25,1.0,4,3,0,3,0.5,0.75,1,2,1,2926
3,6,1,1,1,1.0,0.8,1.0,0.4,1.0,5,4,0,4,0.5,0.8,1,2,1,2927
1,2,3,0,0,0.1667,0.0,0.0,0.0,0.0,0,0,0,0,0.0,0.0,1,4,0,2928
1,1,0,1,0,0.3333,0.0,0.0,0.0,0.0,1,0,0,0,0.0,0.0,1,4,0,2929
1,1,0,1,0,0.5,0.5,1.0,0.0,0.0,2,1,0,1,0.0,0.5,1,4,0,2930
2,7,1,1,1,0.6667,0.6666666666666666,1.0,0.0,0.0,3,2,0,2,0.0,0.6666666666666666,1,4,0,2931
2,7,1,1,1,0.8333,0.75,1.0,0.25,1.0,4,3,0,3,0.5,0.75,1,4,1,2932
3,6,1,1,1,1.0,0.8,1.0,0.4,1.0,5,4,0,4,0.5,0.8,1,4,1,2933
1,2,3,0,0,0.1667,0.0,0.0,0.0,0.0,0,0,0,0,0.0,0.0,0,2,0,2934
1,1,0,1,0,0.3333,0.0,0.0,0.0,0.0,1,0,0,0,0.0,0.0,0,2,0,2935
1,1,0,1,0,0.5,0.5,1.0,0.0,0.0,2,1,0,1,0.0,0.5,0,2,0,2936
2,7,1,1,1,0.6667,0.6666666666666666,1.0,0.0,0.0,3,2,0,2,0.0,0.6666666666666666,0,2,0,2937
2,7,1,1,1,0.8333,0.75,1.0,0.25,1.0,4,3,0,3,0.5,0.75,0,2,1,2938
3,6,1,1,1,1.0,0.8,1.0,0.4,1.0,5,4,0,4,0.5,0.8,0,2,1,2939
1,0,0,0,0,0.1429,0.0,0.0,0.0,0.0,0,0,0,0,0.0,0.0,0,4,0,2940
1,1,0,0,0,0.2857,0.0,0.0,0.0,0.0,1,0,0,0,0.0,0.0,0,4,0,2941
1,1,0,1,0,0.4286,0.0,0.0,0.0,0.0,2,0,0,0,0.0,0.0,0,4,0,2942
1,1,0,1,0,0.5714,0.3333333333333333,1.0,0.0,0.0,3,1,0,1,0.0,0.3333333333333333,0,4,0,2943
2,7,1,1,1,0.7143,0.5,1.0,0.0,0.0,4,2,0,2,0.0,0.5,0,4,0,2944
2,7,1,1,1,0.8571,0.6,1.0,0.2,1.0,5,3,0,3,0.5,0.6,0,4,1,2945
3,2,3,1,1,1.0,0.6666666666666666,1.0,0.3333333333333333,1.0,6,4,0,4,0.5,0.6666666666666666,0,4,1,2946
1,1,0,1,0,0.2,0.0,0.0,0.0,0.0,0,0,0,0,0.0,0.0,1,4,0,2947
1,7,1,1,1,0.4,1.0,1.0,0.0,0.0,1,1,0,1,0.0,1.0,1,4,0,2948
2,1,0,1,1,0.6,1.0,1.0,0.5,1.0,2,2,0,2,0.5,1.0,1,4,1,2949
2,6,1,1,1,0.8,1.0,1.0,0.6666666666666666,1.0,3,3,0,3,0.5,1.0,1,4,1,2950
3,7,1,1,1,1.0,1.0,1.0,0.75,1.0,4,4,0,4,0.5,1.0,1,4,1,2951
1,2,3,0,0,0.1667,0.0,0.0,0.0,0.0,0,0,0,0,0.0,0.0,0,3,0,2952
1,1,0,1,0,0.3333,0.0,0.0,0.0,0.0,1,0,0,0,0.0,0.0,0,3,0,2953
1,1,0,1,0,0.5,0.5,1.0,0.0,0.0,2,1,0,1,0.0,0.5,0,3,0,2954
2,7,1,1,1,0.6667,0.6666666666666666,1.0,0.0,0.0,3,2,0,2,0.0,0.6666666666666666,0,3,0,2955
2,7,1,1,1,0.8333,0.75,1.0,0.25,1.0,4,3,0,3,0.5,0.75,0,3,1,2956
3,6,1,1,1,1.0,0.8,1.0,0.4,1.0,5,4,0,4,0.5,0.8,0,3,1,2957
1,1,0,1,0,0.2,0.0,0.0,0.0,0.0,0,0,0,0,0.0,0.0,1,4,0,2958
1,7,1,1,1,0.4,1.0,1.0,0.0,0.0,1,1,0,1,0.0,1.0,1,4,0,2959
2,1,0,1,1,0.6,1.0,1.0,0.5,1.0,2,2,0,2,0.5,1.0,1,4,1,2960
2,6,1,1,1,0.8,1.0,1.0,0.6666666666666666,1.0,3,3,0,3,0.5,1.0,1,4,1,2961
3,7,1,1,1,1.0,1.0,1.0,0.75,1.0,4,4,0,4,0.5,1.0,1,4,1,2962
1,2,3,0,0,0.1667,0.0,0.0,0.0,0.0,0,0,0,0,0.0,0.0,3,3,0,2963
1,1,0,1,0,0.3333,0.0,0.0,0.0,0.0,1,0,0,0,0.0,0.0,3,3,0,2964
1,1,0,1,0,0.5,0.5,1.0,0.0,0.0,2,1,0,1,0.0,0.5,3,3,0,2965
2,7,1,1,1,0.6667,0.6666666666666666,1.0,0.0,0.0,3,2,0,2,0.0,0.6666666666666666,3,3,0,2966
2,7,1,1,1,0.8333,0.75,1.0,0.25,1.0,4,3,0,3,0.5,0.75,3,3,1,2967
3,6,1,1,1,1.0,0.8,1.0,0.4,1.0,5,4,0,4,0.5,0.8,3,3,1,2968
1,1,0,1,0,0.2,0.0,0.0,0.0,0.0,0,0,0,0,0.0,0.0,0,2,0,2969
1,7,1,1,1,0.4,1.0,1.0,0.0,0.0,1,1,0,1,0.0,1.0,0,2,0,2970
2,1,0,1,1,0.6,1.0,1.0,0.5,1.0,2,2,0,2,0.5,1.0,0,2,1,2971
2,6,1,1,1,0.8,1.0,1.0,0.6666666666666666,1.0,3,3,0,3,0.5,1.0,0,2,1,2972
3,7,1,1,1,1.0,1.0,1.0,0.75,1.0,4,4,0,4,0.5,1.0,0,2,1,2973
1,0,0,0,0,0.1429,0.0,0.0,0.0,0.0,0,0,0,0,0.0,0.0,3,3,0,2974
1,1,0,0,0,0.2857,0.0,0.0,0.0,0.0,1,0,0,0,0.0,0.0,3,3,0,2975
1,1,0,1,0,0.4286,0.0,0.0,0.0,0.0,2,0,0,0,0.0,0.0,3,3,0,2976
1,1,0,1,0,0.5714,0.3333333333333333,1.0,0.0,0.0,3,1,0,1,0.0,0.3333333333333333,3,3,0,2977
2,7,1,1,1,0.7143,0.5,1.0,0.0,0.0,4,2,0,2,0.0,0.5,3,3,0,2978
2,7,1,1,1,0.8571,0.6,1.0,0.2,1.0,5,3,0,3,0.5,0.6,3,3,1,2979
3,2,3,1,1,1.0,0.6666666666666666,1.0,0.3333333333333333,1.0,6,4,0,4,0.5,0.6666666666666666,3,3,1,2980
1,2,3,0,0,0.1667,0.0,0.0,0.0,0.0,0,0,0,0,0.0,0.0,0,3,0,2981
1,1,0,1,0,0.3333,0.0,0.0,0.0,0.0,1,0,0,0,0.0,0.0,0,3,0,2982
1,1,0,1,0,0.5,0.5,1.0,0.0,0.0,2,1,0,1,0.0,0.5,0,3,0,2983
2,7,1,1,1,0.6667,0.6666666666666666,1.0,0.0,0.0,3,2,0,2,0.0,0.6666666666666666,0,3,0,2984
2,7,1,1,1,0.8333,0.75,1.0,0.25,1.0,4,3,0,3,0.5,0.75,0,3,1,2985
3,6,1,1,1,1.0,0.8,1.0,0.4,1.0,5,4,0,4,0.5,0.8,0,3,1,2986
1,1,0,1,0,0.2,0.0,0.0,0.0,0.0,0,0,0,0,0.0,0.0,0,4,0,2987
1,7,1,1,1,0.4,1.0,1.0,0.0,0.0,1,1,0,1,0.0,1.0,0,4,0,2988
2,1,0,1,1,0.6,1.0,1.0,0.5,1.0,2,2,0,2,0.5,1.0,0,4,1,2989
2,6,1,1,1,0.8,1.0,1.0,0.6666666666666666,1.0,3,3,0,3,0.5,1.0,0,4,1,2990
3,7,1,1,1,1.0,1.0,1.0,0.75,1.0,4,4,0,4,0.5,1.0,0,4,1,2991
1,0,0,0,0,0.1429,0.0,0.0,0.0,0.0,0,0,0,0,0.0,0.0,1,3,0,2992
1,1,0,0,0,0.2857,0.0,0.0,0.0,0.0,1,0,0,0,0.0,0.0,1,3,0,2993
1,1,0,1,0,0.4286,0.0,0.0,0.0,0.0,2,0,0,0,0.0,0.0,1,3,0,2994
1,1,0,1,0,0.5714,0.3333333333333333,1.0,0.0,0.0,3,1,0,1,0.0,0.3333333333333333,1,3,0,2995
2,7,1,1,1,0.7143,0.5,1.0,0.0,0.0,4,2,0,2,0.0,0.5,1,3,0,2996
2,7,1,1,1,0.8571,0.6,1.0,0.2,1.0,5,3,0,3,0.5,0.6,1,3,1,2997
3,2,3,1,1,1.0,0.6666666666666666,1.0,0.3333333333333333,1.0,6,4,0,4,0.5,0.6666666666666666,1,3,1,2998
1,2,3,0,0,0.1667,0.0,0.0,0.0,0.0,0,0,0,0,0.0,0.0,0,3,0,2999
1,1,0,1,0,0.3333,0.0,0.0,0.0,0.0,1,0,0,0,0.0,0.0,0,3,0,3000
1,1,0,1,0,0.5,0.5,1.0,0.0,0.0,2,1,0,1,0.0,0.5,0,3,0,3001
2,7,1,1,1,0.6667,0.6666666666666666,1.0,0.0,0.0,3,2,0,2,0.0,0.6666666666666666,0,3,0,3002
2,7,1,1,1,0.8333,0.75,1.0,0.25,1.0,4,3,0,3,0.5,0.75,0,3,1,3003
3,6,1,1,1,1.0,0.8,1.0,0.4,1.0,5,4,0,4,0.5,0.8,0,3,1,3004
1,0,0,0,0,0.1429,0.0,0.0,0.0,0.0,0,0,0,0,0.0,0.0,0,4,0,3005
1,1,0,0,0,0.2857,0.0,0.0,0.0,0.0,1,0,0,0,0.0,0.0,0,4,0,3006
1,1,0,1,0,0.4286,0.0,0.0,0.0,0.0,2,0,0,0,0.0,0.0,0,4,0,3007
1,1,0,1,0,0.5714,0.3333333333333333,1.0,0.0,0.0,3,1,0,1,0.0,0.3333333333333333,0,4,0,3008
2,7,1,1,1,0.7143,0.5,1.0,0.0,0.0,4,2,0,2,0.0,0.5,0,4,0,3009
2,7,1,1,1,0.8571,0.6,1.0,0.2,1.0,5,3,0,3,0.5,0.6,0,4,1,3010
3,2,3,1,1,1.0,0.6666666666666666,1.0,0.3333333333333333,1.0,6,4,0,4,0.5,0.6666666666666666,0,4,1,3011
1,2,3,0,0,0.1667,0.0,0.0,0.0,0.0,0,0,0,0,0.0,0.0,2,2,0,3012
1,1,0,1,0,0.3333,0.0,0.0,0.0,0.0,1,0,0,0,0.0,0.0,2,2,0,3013
1,1,0,1,0,0.5,0.5,1.0,0.0,0.0,2,1,0,1,0.0,0.5,2,2,0,3014
2,7,1,1,1,0.6667,0.6666666666666666,1.0,0.0,0.0,3,2,0,2,0.0,0.6666666666666666,2,2,0,3015
2,7,1,1,1,0.8333,0.75,1.0,0.25,1.0,4,3,0,3,0.5,0.75,2,2,1,3016
3,6,1,1,1,1.0,0.8,1.0,0.4,1.0,5,4,0,4,0.5,0.8,2,2,1,3017
1,1,0,1,0,0.2,0.0,0.0,0.0,0.0,0,0,0,0,0.0,0.0,3,3,0,3018
1,7,1,1,1,0.4,1.0,1.0,0.0,0.0,1,1,0,1,0.0,1.0,3,3,0,3019
2,1,0,1,1,0.6,1.0,1.0,0.5,1.0,2,2,0,2,0.5,1.0,3,3,1,3020
2,6,1,1,1,0.8,1.0,1.0,0.6666666666666666,1.0,3,3,0,3,0.5,1.0,3,3,1,3021
3,7,1,1,1,1.0,1.0,1.0,0.75,1.0,4,4,0,4,0.5,1.0,3,3,1,3022
1,0,0,0,0,0.1429,0.0,0.0,0.0,0.0,0,0,0,0,0.0,0.0,1,3,0,3023
1,1,0,0,0,0.2857,0.0,0.0,0.0,0.0,1,0,0,0,0.0,0.0,1,3,0,3024
1,1,0,1,0,0.4286,0.0,0.0,0.0,0.0,2,0,0,0,0.0,0.0,1,3,0,3025
1,1,0,1,0,0.5714,0.3333333333333333,1.0,0.0,0.0,3,1,0,1,0.0,0.3333333333333333,1,3,0,3026
2,7,1,1,1,0.7143,0.5,1.0,0.0,0.0,4,2,0,2,0.0,0.5,1,3,0,3027
2,7,1,1,1,0.8571,0.6,1.0,0.2,1.0,5,3,0,3,0.5,0.6,1,3,1,3028
3,2,3,1,1,1.0,0.6666666666666666,1.0,0.3333333333333333,1.0,6,4,0,4,0.5,0.6666666666666666,1,3,1,3029
1,1,0,1,0,0.2,0.0,0.0,0.0,0.0,0,0,0,0,0.0,0.0,3,2,0,3030
1,7,1,1,1,0.4,1.0,1.0,0.0,0.0,1,1,0,1,0.0,1.0,3,2,0,3031
2,1,0,1,1,0.6,1.0,1.0,0.5,1.0,2,2,0,2,0.5,1.0,3,2,1,3032
2,6,1,1,1,0.8,1.0,1.0,0.6666666666666666,1.0,3,3,0,3,0.5,1.0,3,2,1,3033
3,7,1,1,1,1.0,1.0,1.0,0.75,1.0,4,4,0,4,0.5,1.0,3,2,1,3034
1,0,0,0,0,0.1429,0.0,0.0,0.0,0.0,0,0,0,0,0.0,0.0,0,4,0,3035
1,1,0,0,0,0.2857,0.0,0.0,0.0,0.0,1,0,0,0,0.0,0.0,0,4,0,3036
1,1,0,1,0,0.4286,0.0,0.0,0.0,0.0,2,0,0,0,0.0,0.0,0,4,0,3037
1,1,0,1,0,0.5714,0.3333333333333333,1.0,0.0,0.0,3,1,0,1,0.0,0.3333333333333333,0,4,0,3038
2,7,1,1,1,0.7143,0.5,1.0,0.0,0.0,4,2,0,2,0.0,0.5,0,4,0,3039
2,7,1,1,1,0.8571,0.6,1.0,0.2,1.0,5,3,0,3,0.5,0.6,0,4,1,3040
3,2,3,1,1,1.0,0.6666666666666666,1.0,0.3333333333333333,1.0,6,4,0,4,0.5,0.6666666666666666,0,4,1,3041
1,1,0,1,0,0.2,0.0,0.0,0.0,0.0,0,0,0,0,0.0,0.0,2,4,0,3042
1,7,1,1,1,0.4,1.0,1.0,0.0,0.0,1,1,0,1,0.0,1.0,2,4,0,3043
2,1,0,1,1,0.6,1.0,1.0,0.5,1.0,2,2,0,2,0.5,1.0,2,4,1,3044
2,6,1,1,1,0.8,1.0,1.0,0.6666666666666666,1.0,3,3,0,3,0.5,1.0,2,4,1,3045
3,7,1,1,1,1.0,1.0,1.0,0.75,1.0,4,4,0,4,0.5,1.0,2,4,1,3046
1,1,0,1,0,0.2,0.0,0.0,0.0,0.0,0,0,0,0,0.0,0.0,2,4,0,3047
1,7,1,1,1,0.4,1.0,1.0,0.0,0.0,1,1,0,1,0.0,1.0,2,4,0,3048
2,1,0,1,1,0.6,1.0,1.0,0.5,1.0,2,2,0,2,0.5,1.0,2,4,1,3049
2,6,1,1,1,0.8,1.0,1.0,0.6666666666666666,1.0,3,3,0,3,0.5,1.0,2,4,1,3050
3,7,1,1,1,1.0,1.0,1.0,0.75,1.0,4,4,0,4,0.5,1.0,2,4,1,3051
1,1,0,1,0,0.2,0.0,0.0,0.0,0.0,0,0,0,0,0.0,0.0,2,3,0,3052
1,7,1,1,1,0.4,1.0,1.0,0.0,0.0,1,1,0,1,0.0,1.0,2,3,0,3053
2,1,0,1,1,0.6,1.0,1.0,0.5,1.0,2,2,0,2,0.5,1.0,2,3,1,3054
2,6,1,1,1,0.8,1.0,1.0,0.6666666666666666,1.0,3,3,0,3,0.5,1.0,2,3,1,3055
3,7,1,1,1,1.0,1.0,1.0,0.75,1.0,4,4,0,4,0.5,1.0,2,3,1,3056
1,1,0,1,0,0.2,0.0,0.0,0.0,0.0,0,0,0,0,0.0,0.0,3,4,0,3057
1,7,1,1,1,0.4,1.0,1.0,0.0,0.0,1,1,0,1,0.0,1.0,3,4,0,3058
2,1,0,1,1,0.6,1.0,1.0,0.5,1.0,2,2,0,2,0.5,1.0,3,4,1,3059
2,6,1,1,1,0.8,1.0,1.0,0.6666666666666666,1.0,3,3,0,3,0.5,1.0,3,4,1,3060
3,7,1,1,1,1.0,1.0,1.0,0.75,1.0,4,4,0,4,0.5,1.0,3,4,1,3061
1,1,0,1,0,0.2,0.0,0.0,0.0,0.0,0,0,0,0,0.0,0.0,1,3,0,3062
1,7,1,1,1,0.4,1.0,1.0,0.0,0.0,1,1,0,1,0.0,1.0,1,3,0,3063
2,1,0,1,1,0.6,1.0,1.0,0.5,1.0,2,2,0,2,0.5,1.0,1,3,1,3064
2,6,1,1,1,0.8,1.0,1.0,0.6666666666666666,1.0,3,3,0,3,0.5,1.0,1,3,1,3065
3,7,1,1,1,1.0,1.0,1.0,0.75,1.0,4,4,0,4,0.5,1.0,1,3,1,3066
1,0,0,0,0,0.1429,0.0,0.0,0.0,0.0,0,0,0,0,0.0,0.0,2,4,0,3067
1,1,0,0,0,0.2857,0.0,0.0,0.0,0.0,1,0,0,0,0.0,0.0,2,4,0,3068
1,1,0,1,0,0.4286,0.0,0.0,0.0,0.0,2,0,0,0,0.0,0.0,2,4,0,3069
1,1,0,1,0,0.5714,0.3333333333333333,1.0,0.0,0.0,3,1,0,1,0.0,0.3333333333333333,2,4,0,3070
2,7,1,1,1,0.7143,0.5,1.0,0.0,0.0,4,2,0,2,0.0,0.5,2,4,0,3071
2,7,1,1,1,0.8571,0.6,1.0,0.2,1.0,5,3,0,3,0.5,0.6,2,4,1,3072
3,2,3,1,1,1.0,0.6666666666666666,1.0,0.3333333333333333,1.0,6,4,0,4,0.5,0.6666666666666666,2,4,1,3073
1,0,0,0,0,0.1429,0.0,0.0,0.0,0.0,0,0,0,0,0.0,0.0,0,4,0,3074
1,1,0,0,0,0.2857,0.0,0.0,0.0,0.0,1,0,0,0,0.0,0.0,0,4,0,3075
1,1,0,1,0,0.4286,0.0,0.0,0.0,0.0,2,0,0,0,0.0,0.0,0,4,0,3076
1,1,0,1,0,0.5714,0.3333333333333333,1.0,0.0,0.0,3,1,0,1,0.0,0.3333333333333333,0,4,0,3077
2,7,1,1,1,0.7143,0.5,1.0,0.0,0.0,4,2,0,2,0.0,0.5,0,4,0,3078
2,7,1,1,1,0.8571,0.6,1.0,0.2,1.0,5,3,0,3,0.5,0.6,0,4,1,3079
3,2,3,1,1,1.0,0.6666666666666666,1.0,0.3333333333333333,1.0,6,4,0,4,0.5,0.6666666666666666,0,4,1,3080
1,1,0,1,0,0.2,0.0,0.0,0.0,0.0,0,0,0,0,0.0,0.0,3,4,0,3081
1,7,1,1,1,0.4,1.0,1.0,0.0,0.0,1,1,0,1,0.0,1.0,3,4,0,3082
2,1,0,1,1,0.6,1.0,1.0,0.5,1.0,2,2,0,2,0.5,1.0,3,4,1,3083
2,6,1,1,1,0.8,1.0,1.0,0.6666666666666666,1.0,3,3,0,3,0.5,1.0,3,4,1,3084
3,7,1,1,1,1.0,1.0,1.0,0.75,1.0,4,4,0,4,0.5,1.0,3,4,1,3085
1,2,3,0,0,0.1667,0.0,0.0,0.0,0.0,0,0,0,0,0.0,0.0,0,2,0,3086
1,1,0,1,0,0.3333,0.0,0.0,0.0,0.0,1,0,0,0,0.0,0.0,0,2,0,3087
1,1,0,1,0,0.5,0.5,1.0,0.0,0.0,2,1,0,1,0.0,0.5,0,2,0,3088
2,7,1,1,1,0.6667,0.6666666666666666,1.0,0.0,0.0,3,2,0,2,0.0,0.6666666666666666,0,2,0,3089
2,7,1,1,1,0.8333,0.75,1.0,0.25,1.0,4,3,0,3,0.5,0.75,0,2,1,3090
3,6,1,1,1,1.0,0.8,1.0,0.4,1.0,5,4,0,4,0.5,0.8,0,2,1,3091
1,2,3,0,0,0.1667,0.0,0.0,0.0,0.0,0,0,0,0,0.0,0.0,2,3,0,3092
1,1,0,1,0,0.3333,0.0,0.0,0.0,0.0,1,0,0,0,0.0,0.0,2,3,0,3093
1,1,0,1,0,0.5,0.5,1.0,0.0,0.0,2,1,0,1,0.0,0.5,2,3,0,3094
2,7,1,1,1,0.6667,0.6666666666666666,1.0,0.0,0.0,3,2,0,2,0.0,0.6666666666666666,2,3,0,3095
2,7,1,1,1,0.8333,0.75,1.0,0.25,1.0,4,3,0,3,0.5,0.75,2,3,1,3096
3,6,1,1,1,1.0,0.8,1.0,0.4,1.0,5,4,0,4,0.5,0.8,2,3,1,3097
1,1,0,1,0,0.2,0.0,0.0,0.0,0.0,0,0,0,0,0.0,0.0,3,4,0,3098
1,7,1,1,1,0.4,1.0,1.0,0.0,0.0,1,1,0,1,0.0,1.0,3,4,0,3099
2,1,0,1,1,0.6,1.0,1.0,0.5,1.0,2,2,0,2,0.5,1.0,3,4,1,3100
2,6,1,1,1,0.8,1.0,1.0,0.6666666666666666,1.0,3,3,0,3,0.5,1.0,3,4,1,3101
3,7,1,1,1,1.0,1.0,1.0,0.75,1.0,4,4,0,4,0.5,1.0,3,4,1,3102
1,1,0,1,0,0.2,0.0,0.0,0.0,0.0,0,0,0,0,0.0,0.0,2,2,0,3103
1,7,1,1,1,0.4,1.0,1.0,0.0,0.0,1,1,0,1,0.0,1.0,2,2,0,3104
2,1,0,1,1,0.6,1.0,1.0,0.5,1.0,2,2,0,2,0.5,1.0,2,2,1,3105
2,6,1,1,1,0.8,1.0,1.0,0.6666666666666666,1.0,3,3,0,3,0.5,1.0,2,2,1,3106
3,7,1,1,1,1.0,1.0,1.0,0.75,1.0,4,4,0,4,0.5,1.0,2,2,1,3107
1,2,3,0,0,0.1667,0.0,0.0,0.0,0.0,0,0,0,0,0.0,0.0,0,2,0,3108
1,1,0,1,0,0.3333,0.0,0.0,0.0,0.0,1,0,0,0,0.0,0.0,0,2,0,3109
1,1,0,1,0,0.5,0.5,1.0,0.0,0.0,2,1,0,1,0.0,0.5,0,2,0,3110
2,7,1,1,1,0.6667,0.6666666666666666,1.0,0.0,0.0,3,2,0,2,0.0,0.6666666666666666,0,2,0,3111
2,7,1,1,1,0.8333,0.75,1.0,0.25,1.0,4,3,0,3,0.5,0.75,0,2,1,3112
3,6,1,1,1,1.0,0.8,1.0,0.4,1.0,5,4,0,4,0.5,0.8,0,2,1,3113
1,0,0,0,0,0.1429,0.0,0.0,0.0,0.0,0,0,0,0,0.0,0.0,1,2,0,3114
1,1,0,0,0,0.2857,0.0,0.0,0.0,0.0,1,0,0,0,0.0,0.0,1,2,0,3115
1,1,0,1,0,0.4286,0.0,0.0,0.0,0.0,2,0,0,0,0.0,0.0,1,2,0,3116
1,1,0,1,0,0.5714,0.3333333333333333,1.0,0.0,0.0,3,1,0,1,0.0,0.3333333333333333,1,2,0,3117
2,7,1,1,1,0.7143,0.5,1.0,0.0,0.0,4,2,0,2,0.0,0.5,1,2,0,3118
2,7,1,1,1,0.8571,0.6,1.0,0.2,1.0,5,3,0,3,0.5,0.6,1,2,1,3119
3,2,3,1,1,1.0,0.6666666666666666,1.0,0.3333333333333333,1.0,6,4,0,4,0.5,0.6666666666666666,1,2,1,3120
1,1,0,1,0,0.2,0.0,0.0,0.0,0.0,0,0,0,0,0.0,0.0,2,3,0,3121
1,7,1,1,1,0.4,1.0,1.0,0.0,0.0,1,1,0,1,0.0,1.0,2,3,0,3122
2,1,0,1,1,0.6,1.0,1.0,0.5,1.0,2,2,0,2,0.5,1.0,2,3,1,3123
2,6,1,1,1,0.8,1.0,1.0,0.6666666666666666,1.0,3,3,0,3,0.5,1.0,2,3,1,3124
3,7,1,1,1,1.0,1.0,1.0,0.75,1.0,4,4,0,4,0.5,1.0,2,3,1,3125
1,2,3,0,0,0.1667,0.0,0.0,0.0,0.0,0,0,0,0,0.0,0.0,0,3,0,3126
1,1,0,1,0,0.3333,0.0,0.0,0.0,0.0,1,0,0,0,0.0,0.0,0,3,0,3127
1,1,0,1,0,0.5,0.5,1.0,0.0,0.0,2,1,0,1,0.0,0.5,0,3,0,3128
2,7,1,1,1,0.6667,0.6666666666666666,1.0,0.0,0.0,3,2,0,2,0.0,0.6666666666666666,0,3,0,3129
2,7,1,1,1,0.8333,0.75,1.0,0.25,1.0,4,3,0,3,0.5,0.75,0,3,1,3130
3,6,1,1,1,1.0,0.8,1.0,0.4,1.0,5,4,0,4,0.5,0.8,0,3,1,3131
1,1,0,1,0,0.2,0.0,0.0,0.0,0.0,0,0,0,0,0.0,0.0,0,2,0,3132
1,7,1,1,1,0.4,1.0,1.0,0.0,0.0,1,1,0,1,0.0,1.0,0,2,0,3133
2,1,0,1,1,0.6,1.0,1.0,0.5,1.0,2,2,0,2,0.5,1.0,0,2,1,3134
2,6,1,1,1,0.8,1.0,1.0,0.6666666666666666,1.0,3,3,0,3,0.5,1.0,0,2,1,3135
3,7,1,1,1,1.0,1.0,1.0,0.75,1.0,4,4,0,4,0.5,1.0,0,2,1,3136
1,2,3,0,0,0.1667,0.0,0.0,0.0,0.0,0,0,0,0,0.0,0.0,3,4,0,3137
1,1,0,1,0,0.3333,0.0,0.0,0.0,0.0,1,0,0,0,0.0,0.0,3,4,0,3138
1,1,0,1,0,0.5,0.5,1.0,0.0,0.0,2,1,0,1,0.0,0.5,3,4,0,3139
2,7,1,1,1,0.6667,0.6666666666666666,1.0,0.0,0.0,3,2,0,2,0.0,0.6666666666666666,3,4,0,3140
2,7,1,1,1,0.8333,0.75,1.0,0.25,1.0,4,3,0,3,0.5,0.75,3,4,1,3141
3,6,1,1,1,1.0,0.8,1.0,0.4,1.0,5,4,0,4,0.5,0.8,3,4,1,3142
1,0,0,0,0,0.1429,0.0,0.0,0.0,0.0,0,0,0,0,0.0,0.0,1,3,0,3143
1,1,0,0,0,0.2857,0.0,0.0,0.0,0.0,1,0,0,0,0.0,0.0,1,3,0,3144
1,1,0,1,0,0.4286,0.0,0.0,0.0,0.0,2,0,0,0,0.0,0.0,1,3,0,3145
1,1,0,1,0,0.5714,0.3333333333333333,1.0,0.0,0.0,3,1,0,1,0.0,0.3333333333333333,1,3,0,3146
2,7,1,1,1,0.7143,0.5,1.0,0.0,0.0,4,2,0,2,0.0,0.5,1,3,0,3147
2,7,1,1,1,0.8571,0.6,1.0,0.2,1.0,5,3,0,3,0.5,0.6,1,3,1,3148
3,2,3,1,1,1.0,0.6666666666666666,1.0,0.3333333333333333,1.0,6,4,0,4,0.5,0.6666666666666666,1,3,1,3149
1,1,0,1,0,0.2,0.0,0.0,0.0,0.0,0,0,0,0,0.0,0.0,0,3,0,3150
1,7,1,1,1,0.4,1.0,1.0,0.0,0.0,1,1,0,1,0.0,1.0,0,3,0,3151
2,1,0,1,1,0.6,1.0,1.0,0.5,1.0,2,2,0,2,0.5,1.0,0,3,1,3152
2,6,1,1,1,0.8,1.0,1.0,0.6666666666666666,1.0,3,3,0,3,0.5,1.0,0,3,1,3153
3,7,1,1,1,1.0,1.0,1.0,0.75,1.0,4,4,0,4,0.5,1.0,0,3,1,3154
1,1,0,1,0,0.2,0.0,0.0,0.0,0.0,0,0,0,0,0.0,0.0,0,4,0,3155
1,7,1,1,1,0.4,1.0,1.0,0.0,0.0,1,1,0,1,0.0,1.0,0,4,0,3156
2,1,0,1,1,0.6,1.0,1.0,0.5,1.0,2,2,0,2,0.5,1.0,0,4,1,3157
2,6,1,1,1,0.8,1.0,1.0,0.6666666666666666,1.0,3,3,0,3,0.5,1.0,0,4,1,3158
3,7,1,1,1,1.0,1.0,1.0,0.75,1.0,4,4,0,4,0.5,1.0,0,4,1,3159
1,0,0,0,0,0.1429,0.0,0.0,0.0,0.0,0,0,0,0,0.0,0.0,1,4,0,3160
1,1,0,0,0,0.2857,0.0,0.0,0.0,0.0,1,0,0,0,0.0,0.0,1,4,0,3161
1,1,0,1,0,0.4286,0.0,0.0,0.0,0.0,2,0,0,0,0.0,0.0,1,4,0,3162
1,1,0,1,0,0.5714,0.3333333333333333,1.0,0.0,0.0,3,1,0,1,0.0,0.3333333333333333,1,4,0,3163
2,7,1,1,1,0.7143,0.5,1.0,0.0,0.0,4,2,0,2,0.0,0.5,1,4,0,3164
2,7,1,1,1,0.8571,0.6,1.0,0.2,1.0,5,3,0,3,0.5,0.6,1,4,1,3165
3,2,3,1,1,1.0,0.6666666666666666,1.0,0.3333333333333333,1.0,6,4,0,4,0.5,0.6666666666666666,1,4,1,3166
1,2,3,0,0,0.1667,0.0,0.0,0.0,0.0,0,0,0,0,0.0,0.0,0,2,0,3167
1,1,0,1,0,0.3333,0.0,0.0,0.0,0.0,1,0,0,0,0.0,0.0,0,2,0,3168
1,1,0,1,0,0.5,0.5,1.0,0.0,0.0,2,1,0,1,0.0,0.5,0,2,0,3169
2,7,1,1,1,0.6667,0.6666666666666666,1.0,0.0,0.0,3,2,0,2,0.0,0.6666666666666666,0,2,0,3170
2,7,1,1,1,0.8333,0.75,1.0,0.25,1.0,4,3,0,3,0.5,0.75,0,2,1,3171
3,6,1,1,1,1.0,0.8,1.0,0.4,1.0,5,4,0,4,0.5,0.8,0,2,1,3172
1,2,3,0,0,0.1667,0.0,0.0,0.0,0.0,0,0,0,0,0.0,0.0,0,3,0,3173
1,1,0,1,0,0.3333,0.0,0.0,0.0,0.0,1,0,0,0,0.0,0.0,0,3,0,3174
1,1,0,1,0,0.5,0.5,1.0,0.0,0.0,2,1,0,1,0.0,0.5,0,3,0,3175
2,7,1,1,1,0.6667,0.6666666666666666,1.0,0.0,0.0,3,2,0,2,0.0,0.6666666666666666,0,3,0,3176
2,7,1,1,1,0.8333,0.75,1.0,0.25,1.0,4,3,0,3,0.5,0.75,0,3,1,3177
3,6,1,1,1,1.0,0.8,1.0,0.4,1.0,5,4,0,4,0.5,0.8,0,3,1,3178
1,2,3,0,0,0.1667,0.0,0.0,0.0,0.0,0,0,0,0,0.0,0.0,3,3,0,3179
1,1,0,1,0,0.3333,0.0,0.0,0.0,0.0,1,0,0,0,0.0,0.0,3,3,0,3180
1,1,0,1,0,0.5,0.5,1.0,0.0,0.0,2,1,0,1,0.0,0.5,3,3,0,3181
2,7,1,1,1,0.6667,0.6666666666666666,1.0,0.0,0.0,3,2,0,2,0.0,0.6666666666666666,3,3,0,3182
2,7,1,1,1,0.8333,0.75,1.0,0.25,1.0,4,3,0,3,0.5,0.75,3,3,1,3183
3,6,1,1,1,1.0,0.8,1.0,0.4,1.0,5,4,0,4,0.5,0.8,3,3,1,3184
1,1,0,1,0,0.2,0.0,0.0,0.0,0.0,0,0,0,0,0.0,0.0,2,3,0,3185
1,7,1,1,1,0.4,1.0,1.0,0.0,0.0,1,1,0,1,0.0,1.0,2,3,0,3186
2,1,0,1,1,0.6,1.0,1.0,0.5,1.0,2,2,0,2,0.5,1.0,2,3,1,3187
2,6,1,1,1,0.8,1.0,1.0,0.6666666666666666,1.0,3,3,0,3,0.5,1.0,2,3,1,3188
3,7,1,1,1,1.0,1.0,1.0,0.75,1.0,4,4,0,4,0.5,1.0,2,3,1,3189
1,2,3,0,0,0.1667,0.0,0.0,0.0,0.0,0,0,0,0,0.0,0.0,2,2,0,3190
1,1,0,1,0,0.3333,0.0,0.0,0.0,0.0,1,0,0,0,0.0,0.0,2,2,0,3191
1,1,0,1,0,0.5,0.5,1.0,0.0,0.0,2,1,0,1,0.0,0.5,2,2,0,3192
2,7,1,1,1,0.6667,0.6666666666666666,1.0,0.0,0.0,3,2,0,2,0.0,0.6666666666666666,2,2,0,3193
2,7,1,1,1,0.8333,0.75,1.0,0.25,1.0,4,3,0,3,0.5,0.75,2,2,1,3194
3,6,1,1,1,1.0,0.8,1.0,0.4,1.0,5,4,0,4,0.5,0.8,2,2,1,3195
1,0,0,0,0,0.1429,0.0,0.0,0.0,0.0,0,0,0,0,0.0,0.0,0,4,0,3196
1,1,0,0,0,0.2857,0.0,0.0,0.0,0.0,1,0,0,0,0.0,0.0,0,4,0,3197
1,1,0,1,0,0.4286,0.0,0.0,0.0,0.0,2,0,0,0,0.0,0.0,0,4,0,3198
1,1,0,1,0,0.5714,0.3333333333333333,1.0,0.0,0.0,3,1,0,1,0.0,0.3333333333333333,0,4,0,3199
2,7,1,1,1,0.7143,0.5,1.0,0.0,0.0,4,2,0,2,0.0,0.5,0,4,0,3200
2,7,1,1,1,0.8571,0.6,1.0,0.2,1.0,5,3,0,3,0.5,0.6,0,4,1,3201
3,2,3,1,1,1.0,0.6666666666666666,1.0,0.3333333333333333,1.0,6,4,0,4,0.5,0.6666666666666666,0,4,1,3202
1,1,0,1,0,0.2,0.0,0.0,0.0,0.0,0,0,0,0,0.0,0.0,2,4,0,3203
1,7,1,1,1,0.4,1.0,1.0,0.0,0.0,1,1,0,1,0.0,1.0,2,4,0,3204
2,1,0,1,1,0.6,1.0,1.0,0.5,1.0,2,2,0,2,0.5,1.0,2,4,1,3205
2,6,1,1,1,0.8,1.0,1.0,0.6666666666666666,1.0,3,3,0,3,0.5,1.0,2,4,1,3206
3,7,1,1,1,1.0,1.0,1.0,0.75,1.0,4,4,0,4,0.5,1.0,2,4,1,3207
1,2,3,0,0,0.1667,0.0,0.0,0.0,0.0,0,0,0,0,0.0,0.0,0,3,0,3208
1,1,0,1,0,0.3333,0.0,0.0,0.0,0.0,1,0,0,0,0.0,0.0,0,3,0,3209
1,1,0,1,0,0.5,0.5,1.0,0.0,0.0,2,1,0,1,0.0,0.5,0,3,0,3210
2,7,1,1,1,0.6667,0.6666666666666666,1.0,0.0,0.0,3,2,0,2,0.0,0.6666666666666666,0,3,0,3211
2,7,1,1,1,0.8333,0.75,1.0,0.25,1.0,4,3,0,3,0.5,0.75,0,3,1,3212
3,6,1,1,1,1.0,0.8,1.0,0.4,1.0,5,4,0,4,0.5,0.8,0,3,1,3213
1,0,0,0,0,0.1429,0.0,0.0,0.0,0.0,0,0,0,0,0.0,0.0,0,3,0,3214
1,1,0,0,0,0.2857,0.0,0.0,0.0,0.0,1,0,0,0,0.0,0.0,0,3,0,3215
1,1,0,1,0,0.4286,0.0,0.0,0.0,0.0,2,0,0,0,0.0,0.0,0,3,0,3216
1,1,0,1,0,0.5714,0.3333333333333333,1.0,0.0,0.0,3,1,0,1,0.0,0.3333333333333333,0,3,0,3217
2,7,1,1,1,0.7143,0.5,1.0,0.0,0.0,4,2,0,2,0.0,0.5,0,3,0,3218
2,7,1,1,1,0.8571,0.6,1.0,0.2,1.0,5,3,0,3,0.5,0.6,0,3,1,3219
3,2,3,1,1,1.0,0.6666666666666666,1.0,0.3333333333333333,1.0,6,4,0,4,0.5,0.6666666666666666,0,3,1,3220
1,2,3,0,0,0.1667,0.0,0.0,0.0,0.0,0,0,0,0,0.0,0.0,0,4,0,3221
1,1,0,1,0,0.3333,0.0,0.0,0.0,0.0,1,0,0,0,0.0,0.0,0,4,0,3222
1,1,0,1,0,0.5,0.5,1.0,0.0,0.0,2,1,0,1,0.0,0.5,0,4,0,3223
2,7,1,1,1,0.6667,0.6666666666666666,1.0,0.0,0.0,3,2,0,2,0.0,0.6666666666666666,0,4,0,3224
2,7,1,1,1,0.8333,0.75,1.0,0.25,1.0,4,3,0,3,0.5,0.75,0,4,1,3225
3,6,1,1,1,1.0,0.8,1.0,0.4,1.0,5,4,0,4,0.5,0.8,0,4,1,3226
1,0,0,0,0,0.1429,0.0,0.0,0.0,0.0,0,0,0,0,0.0,0.0,1,3,0,3227
1,1,0,0,0,0.2857,0.0,0.0,0.0,0.0,1,0,0,0,0.0,0.0,1,3,0,3228
1,1,0,1,0,0.4286,0.0,0.0,0.0,0.0,2,0,0,0,0.0,0.0,1,3,0,3229
1,1,0,1,0,0.5714,0.3333333333333333,1.0,0.0,0.0,3,1,0,1,0.0,0.3333333333333333,1,3,0,3230
2,7,1,1,1,0.7143,0.5,1.0,0.0,0.0,4,2,0,2,0.0,0.5,1,3,0,3231
2,7,1,1,1,0.8571,0.6,1.0,0.2,1.0,5,3,0,3,0.5,0.6,1,3,1,3232
3,2,3,1,1,1.0,0.6666666666666666,1.0,0.3333333333333333,1.0,6,4,0,4,0.5,0.6666666666666666,1,3,1,3233
1,1,0,1,0,0.2,0.0,0.0,0.0,0.0,0,0,0,0,0.0,0.0,2,2,0,3234
1,7,1,1,1,0.4,1.0,1.0,0.0,0.0,1,1,0,1,0.0,1.0,2,2,0,3235
2,1,0,1,1,0.6,1.0,1.0,0.5,1.0,2,2,0,2,0.5,1.0,2,2,1,3236
2,6,1,1,1,0.8,1.0,1.0,0.6666666666666666,1.0,3,3,0,3,0.5,1.0,2,2,1,3237
3,7,1,1,1,1.0,1.0,1.0,0.75,1.0,4,4,0,4,0.5,1.0,2,2,1,3238
1,2,3,0,0,0.1667,0.0,0.0,0.0,0.0,0,0,0,0,0.0,0.0,1,4,0,3239
1,1,0,1,0,0.3333,0.0,0.0,0.0,0.0,1,0,0,0,0.0,0.0,1,4,0,3240
1,1,0,1,0,0.5,0.5,1.0,0.0,0.0,2,1,0,1,0.0,0.5,1,4,0,3241
2,7,1,1,1,0.6667,0.6666666666666666,1.0,0.0,0.0,3,2,0,2,0.0,0.6666666666666666,1,4,0,3242
2,7,1,1,1,0.8333,0.75,1.0,0.25,1.0,4,3,0,3,0.5,0.75,1,4,1,3243
3,6,1,1,1,1.0,0.8,1.0,0.4,1.0,5,4,0,4,0.5,0.8,1,4,1,3244
1,2,3,0,0,0.1667,0.0,0.0,0.0,0.0,0,0,0,0,0.0,0.0,0,2,0,3245
1,1,0,1,0,0.3333,0.0,0.0,0.0,0.0,1,0,0,0,0.0,0.0,0,2,0,3246
1,1,0,1,0,0.5,0.5,1.0,0.0,0.0,2,1,0,1,0.0,0.5,0,2,0,3247
2,7,1,1,1,0.6667,0.6666666666666666,1.0,0.0,0.0,3,2,0,2,0.0,0.6666666666666666,0,2,0,3248
2,7,1,1,1,0.8333,0.75,1.0,0.25,1.0,4,3,0,3,0.5,0.75,0,2,1,3249
3,6,1,1,1,1.0,0.8,1.0,0.4,1.0,5,4,0,4,0.5,0.8,0,2,1,3250
1,0,0,0,0,0.1429,0.0,0.0,0.0,0.0,0,0,0,0,0.0,0.0,2,3,0,3251
1,1,0,0,0,0.2857,0.0,0.0,0.0,0.0,1,0,0,0,0.0,0.0,2,3,0,3252
1,1,0,1,0,0.4286,0.0,0.0,0.0,0.0,2,0,0,0,0.0,0.0,2,3,0,3253
1,1,0,1,0,0.5714,0.3333333333333333,1.0,0.0,0.0,3,1,0,1,0.0,0.3333333333333333,2,3,0,3254
2,7,1,1,1,0.7143,0.5,1.0,0.0,0.0,4,2,0,2,0.0,0.5,2,3,0,3255
2,7,1,1,1,0.8571,0.6,1.0,0.2,1.0,5,3,0,3,0.5,0.6,2,3,1,3256
3,2,3,1,1,1.0,0.6666666666666666,1.0,0.3333333333333333,1.0,6,4,0,4,0.5,0.6666666666666666,2,3,1,3257
1,1,0,1,0,0.2,0.0,0.0,0.0,0.0,0,0,0,0,0.0,0.0,0,3,0,3258
1,7,1,1,1,0.4,1.0,1.0,0.0,0.0,1,1,0,1,0.0,1.0,0,3,0,3259
2,1,0,1,1,0.6,1.0,1.0,0.5,1.0,2,2,0,2,0.5,1.0,0,3,1,3260
2,6,1,1,1,0.8,1.0,1.0,0.6666666666666666,1.0,3,3,0,3,0.5,1.0,0,3,1,3261
3,7,1,1,1,1.0,1.0,1.0,0.75,1.0,4,4,0,4,0.5,1.0,0,3,1,3262
1,2,3,0,0,0.1667,0.0,0.0,0.0,0.0,0,0,0,0,0.0,0.0,0,4,0,3263
1,1,0,1,0,0.3333,0.0,0.0,0.0,0.0,1,0,0,0,0.0,0.0,0,4,0,3264
1,1,0,1,0,0.5,0.5,1.0,0.0,0.0,2,1,0,1,0.0,0.5,0,4,0,3265
2,7,1,1,1,0.6667,0.6666666666666666,1.0,0.0,0.0,3,2,0,2,0.0,0.6666666666666666,0,4,0,3266
2,7,1,1,1,0.8333,0.75,1.0,0.25,1.0,4,3,0,3,0.5,0.75,0,4,1,3267
3,6,1,1,1,1.0,0.8,1.0,0.4,1.0,5,4,0,4,0.5,0.8,0,4,1,3268
1,0,0,0,0,0.1429,0.0,0.0,0.0,0.0,0,0,0,0,0.0,0.0,0,2,0,3269
1,1,0,0,0,0.2857,0.0,0.0,0.0,0.0,1,0,0,0,0.0,0.0,0,2,0,3270
1,1,0,1,0,0.4286,0.0,0.0,0.0,0.0,2,0,0,0,0.0,0.0,0,2,0,3271
1,1,0,1,0,0.5714,0.3333333333333333,1.0,0.0,0.0,3,1,0,1,0.0,0.3333333333333333,0,2,0,3272
2,7,1,1,1,0.7143,0.5,1.0,0.0,0.0,4,2,0,2,0.0,0.5,0,2,0,3273
2,7,1,1,1,0.8571,0.6,1.0,0.2,1.0,5,3,0,3,0.5,0.6,0,2,1,3274
3,2,3,1,1,1.0,0.6666666666666666,1.0,0.3333333333333333,1.0,6,4,0,4,0.5,0.6666666666666666,0,2,1,3275
1,0,0,0,0,0.1429,0.0,0.0,0.0,0.0,0,0,0,0,0.0,0.0,1,2,0,3276
1,1,0,0,0,0.2857,0.0,0.0,0.0,0.0,1,0,0,0,0.0,0.0,1,2,0,3277
1,1,0,1,0,0.4286,0.0,0.0,0.0,0.0,2,0,0,0,0.0,0.0,1,2,0,3278
1,1,0,1,0,0.5714,0.3333333333333333,1.0,0.0,0.0,3,1,0,1,0.0,0.3333333333333333,1,2,0,3279
2,7,1,1,1,0.7143,0.5,1.0,0.0,0.0,4,2,0,2,0.0,0.5,1,2,0,3280
2,7,1,1,1,0.8571,0.6,1.0,0.2,1.0,5,3,0,3,0.5,0.6,1,2,1,3281
3,2,3,1,1,1.0,0.6666666666666666,1.0,0.3333333333333333,1.0,6,4,0,4,0.5,0.6666666666666666,1,2,1,3282
1,2,3,0,0,0.1667,0.0,0.0,0.0,0.0,0,0,0,0,0.0,0.0,1,3,0,3283
1,1,0,1,0,0.3333,0.0,0.0,0.0,0.0,1,0,0,0,0.0,0.0,1,3,0,3284
1,1,0,1,0,0.5,0.5,1.0,0.0,0.0,2,1,0,1,0.0,0.5,1,3,0,3285
2,7,1,1,1,0.6667,0.6666666666666666,1.0,0.0,0.0,3,2,0,2,0.0,0.6666666666666666,1,3,0,3286
2,7,1,1,1,0.8333,0.75,1.0,0.25,1.0,4,3,0,3,0.5,0.75,1,3,1,3287
3,6,1,1,1,1.0,0.8,1.0,0.4,1.0,5,4,0,4,0.5,0.8,1,3,1,3288
1,2,3,0,0,0.1667,0.0,0.0,0.0,0.0,0,0,0,0,0.0,0.0,2,4,0,3289
1,1,0,1,0,0.3333,0.0,0.0,0.0,0.0,1,0,0,0,0.0,0.0,2,4,0,3290
1,1,0,1,0,0.5,0.5,1.0,0.0,0.0,2,1,0,1,0.0,0.5,2,4,0,3291
2,7,1,1,1,0.6667,0.6666666666666666,1.0,0.0,0.0,3,2,0,2,0.0,0.6666666666666666,2,4,0,3292
2,7,1,1,1,0.8333,0.75,1.0,0.25,1.0,4,3,0,3,0.5,0.75,2,4,1,3293
3,6,1,1,1,1.0,0.8,1.0,0.4,1.0,5,4,0,4,0.5,0.8,2,4,1,3294
1,1,0,1,0,0.2,0.0,0.0,0.0,0.0,0,0,0,0,0.0,0.0,3,2,0,3295
1,7,1,1,1,0.4,1.0,1.0,0.0,0.0,1,1,0,1,0.0,1.0,3,2,0,3296
2,1,0,1,1,0.6,1.0,1.0,0.5,1.0,2,2,0,2,0.5,1.0,3,2,1,3297
2,6,1,1,1,0.8,1.0,1.0,0.6666666666666666,1.0,3,3,0,3,0.5,1.0,3,2,1,3298
3,7,1,1,1,1.0,1.0,1.0,0.75,1.0,4,4,0,4,0.5,1.0,3,2,1,3299
1,1,0,1,0,0.2,0.0,0.0,0.0,0.0,0,0,0,0,0.0,0.0,3,2,0,3300
1,7,1,1,1,0.4,1.0,1.0,0.0,0.0,1,1,0,1,0.0,1.0,3,2,0,3301
2,1,0,1,1,0.6,1.0,1.0,0.5,1.0,2,2,0,2,0.5,1.0,3,2,1,3302
2,6,1,1,1,0.8,1.0,1.0,0.6666666666666666,1.0,3,3,0,3,0.5,1.0,3,2,1,3303
3,7,1,1,1,1.0,1.0,1.0,0.75,1.0,4,4,0,4,0.5,1.0,3,2,1,3304
1,2,3,0,0,0.1667,0.0,0.0,0.0,0.0,0,0,0,0,0.0,0.0,2,2,0,3305
1,1,0,1,0,0.3333,0.0,0.0,0.0,0.0,1,0,0,0,0.0,0.0,2,2,0,3306
1,1,0,1,0,0.5,0.5,1.0,0.0,0.0,2,1,0,1,0.0,0.5,2,2,0,3307
2,7,1,1,1,0.6667,0.6666666666666666,1.0,0.0,0.0,3,2,0,2,0.0,0.6666666666666666,2,2,0,3308
2,7,1,1,1,0.8333,0.75,1.0,0.25,1.0,4,3,0,3,0.5,0.75,2,2,1,3309
3,6,1,1,1,1.0,0.8,1.0,0.4,1.0,5,4,0,4,0.5,0.8,2,2,1,3310
1,1,0,1,0,0.2,0.0,0.0,0.0,0.0,0,0,0,0,0.0,0.0,1,2,0,3311
1,7,1,1,1,0.4,1.0,1.0,0.0,0.0,1,1,0,1,0.0,1.0,1,2,0,3312
2,1,0,1,1,0.6,1.0,1.0,0.5,1.0,2,2,0,2,0.5,1.0,1,2,1,3313
2,6,1,1,1,0.8,1.0,1.0,0.6666666666666666,1.0,3,3,0,3,0.5,1.0,1,2,1,3314
3,7,1,1,1,1.0,1.0,1.0,0.75,1.0,4,4,0,4,0.5,1.0,1,2,1,3315
1,2,3,0,0,0.1667,0.0,0.0,0.0,0.0,0,0,0,0,0.0,0.0,2,2,0,3316
1,1,0,1,0,0.3333,0.0,0.0,0.0,0.0,1,0,0,0,0.0,0.0,2,2,0,3317
1,1,0,1,0,0.5,0.5,1.0,0.0,0.0,2,1,0,1,0.0,0.5,2,2,0,3318
2,7,1,1,1,0.6667,0.6666666666666666,1.0,0.0,0.0,3,2,0,2,0.0,0.6666666666666666,2,2,0,3319
2,7,1,1,1,0.8333,0.75,1.0,0.25,1.0,4,3,0,3,0.5,0.75,2,2,1,3320
3,6,1,1,1,1.0,0.8,1.0,0.4,1.0,5,4,0,4,0.5,0.8,2,2,1,3321
1,1,0,1,0,0.2,0.0,0.0,0.0,0.0,0,0,0,0,0.0,0.0,0,4,0,3322
1,7,1,1,1,0.4,1.0,1.0,0.0,0.0,1,1,0,1,0.0,1.0,0,4,0,3323
2,1,0,1,1,0.6,1.0,1.0,0.5,1.0,2,2,0,2,0.5,1.0,0,4,1,3324
2,6,1,1,1,0.8,1.0,1.0,0.6666666666666666,1.0,3,3,0,3,0.5,1.0,0,4,1,3325
3,7,1,1,1,1.0,1.0,1.0,0.75,1.0,4,4,0,4,0.5,1.0,0,4,1,3326
1,0,0,0,0,0.1429,0.0,0.0,0.0,0.0,0,0,0,0,0.0,0.0,1,2,0,3327
1,1,0,0,0,0.2857,0.0,0.0,0.0,0.0,1,0,0,0,0.0,0.0,1,2,0,3328
1,1,0,1,0,0.4286,0.0,0.0,0.0,0.0,2,0,0,0,0.0,0.0,1,2,0,3329
1,1,0,1,0,0.5714,0.3333333333333333,1.0,0.0,0.0,3,1,0,1,0.0,0.3333333333333333,1,2,0,3330
2,7,1,1,1,0.7143,0.5,1.0,0.0,0.0,4,2,0,2,0.0,0.5,1,2,0,3331
2,7,1,1,1,0.8571,0.6,1.0,0.2,1.0,5,3,0,3,0.5,0.6,1,2,1,3332
3,2,3,1,1,1.0,0.6666666666666666,1.0,0.3333333333333333,1.0,6,4,0,4,0.5,0.6666666666666666,1,2,1,3333
1,0,0,0,0,0.1429,0.0,0.0,0.0,0.0,0,0,0,0,0.0,0.0,3,2,0,3334
1,1,0,0,0,0.2857,0.0,0.0,0.0,0.0,1,0,0,0,0.0,0.0,3,2,0,3335
1,1,0,1,0,0.4286,0.0,0.0,0.0,0.0,2,0,0,0,0.0,0.0,3,2,0,3336
1,1,0,1,0,0.5714,0.3333333333333333,1.0,0.0,0.0,3,1,0,1,0.0,0.3333333333333333,3,2,0,3337
2,7,1,1,1,0.7143,0.5,1.0,0.0,0.0,4,2,0,2,0.0,0.5,3,2,0,3338
2,7,1,1,1,0.8571,0.6,1.0,0.2,1.0,5,3,0,3,0.5,0.6,3,2,1,3339
3,2,3,1,1,1.0,0.6666666666666666,1.0,0.3333333333333333,1.0,6,4,0,4,0.5,0.6666666666666666,3,2,1,3340
1,2,3,0,0,0.1667,0.0,0.0,0.0,0.0,0,0,0,0,0.0,0.0,0,2,0,3341
1,1,0,1,0,0.3333,0.0,0.0,0.0,0.0,1,0,0,0,0.0,0.0,0,2,0,3342
1,1,0,1,0,0.5,0.5,1.0,0.0,0.0,2,1,0,1,0.0,0.5,0,2,0,3343
2,7,1,1,1,0.6667,0.6666666666666666,1.0,0.0,0.0,3,2,0,2,0.0,0.6666666666666666,0,2,0,3344
2,7,1,1,1,0.8333,0.75,1.0,0.25,1.0,4,3,0,3,0.5,0.75,0,2,1,3345
3,6,1,1,1,1.0,0.8,1.0,0.4,1.0,5,4,0,4,0.5,0.8,0,2,1,3346
1,1,0,1,0,0.2,0.0,0.0,0.0,0.0,0,0,0,0,0.0,0.0,0,2,0,3347
1,7,1,1,1,0.4,1.0,1.0,0.0,0.0,1,1,0,1,0.0,1.0,0,2,0,3348
2,1,0,1,1,0.6,1.0,1.0,0.5,1.0,2,2,0,2,0.5,1.0,0,2,1,3349
2,6,1,1,1,0.8,1.0,1.0,0.6666666666666666,1.0,3,3,0,3,0.5,1.0,0,2,1,3350
3,7,1,1,1,1.0,1.0,1.0,0.75,1.0,4,4,0,4,0.5,1.0,0,2,1,3351
1,2,3,0,0,0.1667,0.0,0.0,0.0,0.0,0,0,0,0,0.0,0.0,1,3,0,3352
1,1,0,1,0,0.3333,0.0,0.0,0.0,0.0,1,0,0,0,0.0,0.0,1,3,0,3353
1,1,0,1,0,0.5,0.5,1.0,0.0,0.0,2,1,0,1,0.0,0.5,1,3,0,3354
2,7,1,1,1,0.6667,0.6666666666666666,1.0,0.0,0.0,3,2,0,2,0.0,0.6666666666666666,1,3,0,3355
2,7,1,1,1,0.8333,0.75,1.0,0.25,1.0,4,3,0,3,0.5,0.75,1,3,1,3356
3,6,1,1,1,1.0,0.8,1.0,0.4,1.0,5,4,0,4,0.5,0.8,1,3,1,3357
1,2,3,0,0,0.1667,0.0,0.0,0.0,0.0,0,0,0,0,0.0,0.0,1,4,0,3358
1,1,0,1,0,0.3333,0.0,0.0,0.0,0.0,1,0,0,0,0.0,0.0,1,4,0,3359
1,1,0,1,0,0.5,0.5,1.0,0.0,0.0,2,1,0,1,0.0,0.5,1,4,0,3360
2,7,1,1,1,0.6667,0.6666666666666666,1.0,0.0,0.0,3,2,0,2,0.0,0.6666666666666666,1,4,0,3361
2,7,1,1,1,0.8333,0.75,1.0,0.25,1.0,4,3,0,3,0.5,0.75,1,4,1,3362
3,6,1,1,1,1.0,0.8,1.0,0.4,1.0,5,4,0,4,0.5,0.8,1,4,1,3363
1,1,0,1,0,0.2,0.0,0.0,0.0,0.0,0,0,0,0,0.0,0.0,2,2,0,3364
1,7,1,1,1,0.4,1.0,1.0,0.0,0.0,1,1,0,1,0.0,1.0,2,2,0,3365
2,1,0,1,1,0.6,1.0,1.0,0.5,1.0,2,2,0,2,0.5,1.0,2,2,1,3366
2,6,1,1,1,0.8,1.0,1.0,0.6666666666666666,1.0,3,3,0,3,0.5,1.0,2,2,1,3367
3,7,1,1,1,1.0,1.0,1.0,0.75,1.0,4,4,0,4,0.5,1.0,2,2,1,3368
1,0,0,0,0,0.1429,0.0,0.0,0.0,0.0,0,0,0,0,0.0,0.0,2,2,0,3369
1,1,0,0,0,0.2857,0.0,0.0,0.0,0.0,1,0,0,0,0.0,0.0,2,2,0,3370
1,1,0,1,0,0.4286,0.0,0.0,0.0,0.0,2,0,0,0,0.0,0.0,2,2,0,3371
1,1,0,1,0,0.5714,0.3333333333333333,1.0,0.0,0.0,3,1,0,1,0.0,0.3333333333333333,2,2,0,3372
2,7,1,1,1,0.7143,0.5,1.0,0.0,0.0,4,2,0,2,0.0,0.5,2,2,0,3373
2,7,1,1,1,0.8571,0.6,1.0,0.2,1.0,5,3,0,3,0.5,0.6,2,2,1,3374
3,2,3,1,1,1.0,0.6666666666666666,1.0,0.3333333333333333,1.0,6,4,0,4,0.5,0.6666666666666666,2,2,1,3375
1,0,0,0,0,0.1429,0.0,0.0,0.0,0.0,0,0,0,0,0.0,0.0,3,4,0,3376
1,1,0,0,0,0.2857,0.0,0.0,0.0,0.0,1,0,0,0,0.0,0.0,3,4,0,3377
1,1,0,1,0,0.4286,0.0,0.0,0.0,0.0,2,0,0,0,0.0,0.0,3,4,0,3378
1,1,0,1,0,0.5714,0.3333333333333333,1.0,0.0,0.0,3,1,0,1,0.0,0.3333333333333333,3,4,0,3379
2,7,1,1,1,0.7143,0.5,1.0,0.0,0.0,4,2,0,2,0.0,0.5,3,4,0,3380
2,7,1,1,1,0.8571,0.6,1.0,0.2,1.0,5,3,0,3,0.5,0.6,3,4,1,3381
3,2,3,1,1,1.0,0.6666666666666666,1.0,0.3333333333333333,1.0,6,4,0,4,0.5,0.6666666666666666,3,4,1,3382
1,2,3,0,0,0.1667,0.0,0.0,0.0,0.0,0,0,0,0,0.0,0.0,1,2,0,3383
1,1,0,1,0,0.3333,0.0,0.0,0.0,0.0,1,0,0,0,0.0,0.0,1,2,0,3384
1,1,0,1,0,0.5,0.5,1.0,0.0,0.0,2,1,0,1,0.0,0.5,1,2,0,3385
2,7,1,1,1,0.6667,0.6666666666666666,1.0,0.0,0.0,3,2,0,2,0.0,0.6666666666666666,1,2,0,3386
2,7,1,1,1,0.8333,0.75,1.0,0.25,1.0,4,3,0,3,0.5,0.75,1,2,1,3387
3,6,1,1,1,1.0,0.8,1.0,0.4,1.0,5,4,0,4,0.5,0.8,1,2,1,3388
1,1,0,1,0,0.2,0.0,0.0,0.0,0.0,0,0,0,0,0.0,0.0,2,3,0,3389
1,7,1,1,1,0.4,1.0,1.0,0.0,0.0,1,1,0,1,0.0,1.0,2,3,0,3390
2,1,0,1,1,0.6,1.0,1.0,0.5,1.0,2,2,0,2,0.5,1.0,2,3,1,3391
2,6,1,1,1,0.8,1.0,1.0,0.6666666666666666,1.0,3,3,0,3,0.5,1.0,2,3,1,3392
3,7,1,1,1,1.0,1.0,1.0,0.75,1.0,4,4,0,4,0.5,1.0,2,3,1,3393
1,2,3,0,0,0.1667,0.0,0.0,0.0,0.0,0,0,0,0,0.0,0.0,0,2,0,3394
1,1,0,1,0,0.3333,0.0,0.0,0.0,0.0,1,0,0,0,0.0,0.0,0,2,0,3395
1,1,0,1,0,0.5,0.5,1.0,0.0,0.0,2,1,0,1,0.0,0.5,0,2,0,3396
2,7,1,1,1,0.6667,0.6666666666666666,1.0,0.0,0.0,3,2,0,2,0.0,0.6666666666666666,0,2,0,3397
2,7,1,1,1,0.8333,0.75,1.0,0.25,1.0,4,3,0,3,0.5,0.75,0,2,1,3398
3,6,1,1,1,1.0,0.8,1.0,0.4,1.0,5,4,0,4,0.5,0.8,0,2,1,3399
1,2,3,0,0,0.1667,0.0,0.0,0.0,0.0,0,0,0,0,0.0,0.0,2,2,0,3400
1,1,0,1,0,0.3333,0.0,0.0,0.0,0.0,1,0,0,0,0.0,0.0,2,2,0,3401
1,1,0,1,0,0.5,0.5,1.0,0.0,0.0,2,1,0,1,0.0,0.5,2,2,0,3402
2,7,1,1,1,0.6667,0.6666666666666666,1.0,0.0,0.0,3,2,0,2,0.0,0.6666666666666666,2,2,0,3403
2,7,1,1,1,0.8333,0.75,1.0,0.25,1.0,4,3,0,3,0.5,0.75,2,2,1,3404
3,6,1,1,1,1.0,0.8,1.0,0.4,1.0,5,4,0,4,0.5,0.8,2,2,1,3405
1,1,0,1,0,0.2,0.0,0.0,0.0,0.0,0,0,0,0,0.0,0.0,2,3,0,3406
1,7,1,1,1,0.4,1.0,1.0,0.0,0.0,1,1,0,1,0.0,1.0,2,3,0,3407
2,1,0,1,1,0.6,1.0,1.0,0.5,1.0,2,2,0,2,0.5,1.0,2,3,1,3408
2,6,1,1,1,0.8,1.0,1.0,0.6666666666666666,1.0,3,3,0,3,0.5,1.0,2,3,1,3409
3,7,1,1,1,1.0,1.0,1.0,0.75,1.0,4,4,0,4,0.5,1.0,2,3,1,3410
1,1,0,1,0,0.2,0.0,0.0,0.0,0.0,0,0,0,0,0.0,0.0,0,3,0,3411
1,7,1,1,1,0.4,1.0,1.0,0.0,0.0,1,1,0,1,0.0,1.0,0,3,0,3412
2,1,0,1,1,0.6,1.0,1.0,0.5,1.0,2,2,0,2,0.5,1.0,0,3,1,3413
2,6,1,1,1,0.8,1.0,1.0,0.6666666666666666,1.0,3,3,0,3,0.5,1.0,0,3,1,3414
3,7,1,1,1,1.0,1.0,1.0,0.75,1.0,4,4,0,4,0.5,1.0,0,3,1,3415
1,1,0,1,0,0.2,0.0,0.0,0.0,0.0,0,0,0,0,0.0,0.0,0,3,0,3416
1,7,1,1,1,0.4,1.0,1.0,0.0,0.0,1,1,0,1,0.0,1.0,0,3,0,3417
2,1,0,1,1,0.6,1.0,1.0,0.5,1.0,2,2,0,2,0.5,1.0,0,3,1,3418
2,6,1,1,1,0.8,1.0,1.0,0.6666666666666666,1.0,3,3,0,3,0.5,1.0,0,3,1,3419
3,7,1,1,1,1.0,1.0,1.0,0.75,1.0,4,4,0,4,0.5,1.0,0,3,1,3420
1,0,0,0,0,0.1429,0.0,0.0,0.0,0.0,0,0,0,0,0.0,0.0,0,2,0,3421
1,1,0,0,0,0.2857,0.0,0.0,0.0,0.0,1,0,0,0,0.0,0.0,0,2,0,3422
1,1,0,1,0,0.4286,0.0,0.0,0.0,0.0,2,0,0,0,0.0,0.0,0,2,0,3423
1,1,0,1,0,0.5714,0.3333333333333333,1.0,0.0,0.0,3,1,0,1,0.0,0.3333333333333333,0,2,0,3424
2,7,1,1,1,0.7143,0.5,1.0,0.0,0.0,4,2,0,2,0.0,0.5,0,2,0,3425
2,7,1,1,1,0.8571,0.6,1.0,0.2,1.0,5,3,0,3,0.5,0.6,0,2,1,3426
3,2,3,1,1,1.0,0.6666666666666666,1.0,0.3333333333333333,1.0,6,4,0,4,0.5,0.6666666666666666,0,2,1,3427
1,1,0,1,0,0.2,0.0,0.0,0.0,0.0,0,0,0,0,0.0,0.0,2,3,0,3428
1,7,1,1,1,0.4,1.0,1.0,0.0,0.0,1,1,0,1,0.0,1.0,2,3,0,3429
2,1,0,1,1,0.6,1.0,1.0,0.5,1.0,2,2,0,2,0.5,1.0,2,3,1,3430
2,6,1,1,1,0.8,1.0,1.0,0.6666666666666666,1.0,3,3,0,3,0.5,1.0,2,3,1,3431
3,7,1,1,1,1.0,1.0,1.0,0.75,1.0,4,4,0,4,0.5,1.0,2,3,1,3432
1,1,0,1,0,0.2,0.0,0.0,0.0,0.0,0,0,0,0,0.0,0.0,0,4,0,3433
1,7,1,1,1,0.4,1.0,1.0,0.0,0.0,1,1,0,1,0.0,1.0,0,4,0,3434
2,1,0,1,1,0.6,1.0,1.0,0.5,1.0,2,2,0,2,0.5,1.0,0,4,1,3435
2,6,1,1,1,0.8,1.0,1.0,0.6666666666666666,1.0,3,3,0,3,0.5,1.0,0,4,1,3436
3,7,1,1,1,1.0,1.0,1.0,0.75,1.0,4,4,0,4,0.5,1.0,0,4,1,3437
1,1,0,1,0,0.2,0.0,0.0,0.0,0.0,0,0,0,0,0.0,0.0,3,3,0,3438
1,7,1,1,1,0.4,1.0,1.0,0.0,0.0,1,1,0,1,0.0,1.0,3,3,0,3439
2,1,0,1,1,0.6,1.0,1.0,0.5,1.0,2,2,0,2,0.5,1.0,3,3,1,3440
2,6,1,1,1,0.8,1.0,1.0,0.6666666666666666,1.0,3,3,0,3,0.5,1.0,3,3,1,3441
3,7,1,1,1,1.0,1.0,1.0,0.75,1.0,4,4,0,4,0.5,1.0,3,3,1,3442
1,1,0,1,0,0.2,0.0,0.0,0.0,0.0,0,0,0,0,0.0,0.0,1,4,0,3443
1,7,1,1,1,0.4,1.0,1.0,0.0,0.0,1,1,0,1,0.0,1.0,1,4,0,3444
2,1,0,1,1,0.6,1.0,1.0,0.5,1.0,2,2,0,2,0.5,1.0,1,4,1,3445
2,6,1,1,1,0.8,1.0,1.0,0.6666666666666666,1.0,3,3,0,3,0.5,1.0,1,4,1,3446
3,7,1,1,1,1.0,1.0,1.0,0.75,1.0,4,4,0,4,0.5,1.0,1,4,1,3447
1,2,3,0,0,0.1667,0.0,0.0,0.0,0.0,0,0,0,0,0.0,0.0,0,3,0,3448
1,1,0,1,0,0.3333,0.0,0.0,0.0,0.0,1,0,0,0,0.0,0.0,0,3,0,3449
1,1,0,1,0,0.5,0.5,1.0,0.0,0.0,2,1,0,1,0.0,0.5,0,3,0,3450
2,7,1,1,1,0.6667,0.6666666666666666,1.0,0.0,0.0,3,2,0,2,0.0,0.6666666666666666,0,3,0,3451
2,7,1,1,1,0.8333,0.75,1.0,0.25,1.0,4,3,0,3,0.5,0.75,0,3,1,3452
3,6,1,1,1,1.0,0.8,1.0,0.4,1.0,5,4,0,4,0.5,0.8,0,3,1,3453
1,0,0,0,0,0.1429,0.0,0.0,0.0,0.0,0,0,0,0,0.0,0.0,1,4,0,3454
1,1,0,0,0,0.2857,0.0,0.0,0.0,0.0,1,0,0,0,0.0,0.0,1,4,0,3455
1,1,0,1,0,0.4286,0.0,0.0,0.0,0.0,2,0,0,0,0.0,0.0,1,4,0,3456
1,1,0,1,0,0.5714,0.3333333333333333,1.0,0.0,0.0,3,1,0,1,0.0,0.3333333333333333,1,4,0,3457
2,7,1,1,1,0.7143,0.5,1.0,0.0,0.0,4,2,0,2,0.0,0.5,1,4,0,3458
2,7,1,1,1,0.8571,0.6,1.0,0.2,1.0,5,3,0,3,0.5,0.6,1,4,1,3459
3,2,3,1,1,1.0,0.6666666666666666,1.0,0.3333333333333333,1.0,6,4,0,4,0.5,0.6666666666666666,1,4,1,3460
1,1,0,1,0,0.2,0.0,0.0,0.0,0.0,0,0,0,0,0.0,0.0,2,2,0,3461
1,7,1,1,1,0.4,1.0,1.0,0.0,0.0,1,1,0,1,0.0,1.0,2,2,0,3462
2,1,0,1,1,0.6,1.0,1.0,0.5,1.0,2,2,0,2,0.5,1.0,2,2,1,3463
2,6,1,1,1,0.8,1.0,1.0,0.6666666666666666,1.0,3,3,0,3,0.5,1.0,2,2,1,3464
3,7,1,1,1,1.0,1.0,1.0,0.75,1.0,4,4,0,4,0.5,1.0,2,2,1,3465
1,0,0,0,0,0.1429,0.0,0.0,0.0,0.0,0,0,0,0,0.0,0.0,1,3,0,3466
1,1,0,0,0,0.2857,0.0,0.0,0.0,0.0,1,0,0,0,0.0,0.0,1,3,0,3467
1,1,0,1,0,0.4286,0.0,0.0,0.0,0.0,2,0,0,0,0.0,0.0,1,3,0,3468
1,1,0,1,0,0.5714,0.3333333333333333,1.0,0.0,0.0,3,1,0,1,0.0,0.3333333333333333,1,3,0,3469
2,7,1,1,1,0.7143,0.5,1.0,0.0,0.0,4,2,0,2,0.0,0.5,1,3,0,3470
2,7,1,1,1,0.8571,0.6,1.0,0.2,1.0,5,3,0,3,0.5,0.6,1,3,1,3471
3,2,3,1,1,1.0,0.6666666666666666,1.0,0.3333333333333333,1.0,6,4,0,4,0.5,0.6666666666666666,1,3,1,3472
1,1,0,1,0,0.2,0.0,0.0,0.0,0.0,0,0,0,0,0.0,0.0,3,3,0,3473
1,7,1,1,1,0.4,1.0,1.0,0.0,0.0,1,1,0,1,0.0,1.0,3,3,0,3474
2,1,0,1,1,0.6,1.0,1.0,0.5,1.0,2,2,0,2,0.5,1.0,3,3,1,3475
2,6,1,1,1,0.8,1.0,1.0,0.6666666666666666,1.0,3,3,0,3,0.5,1.0,3,3,1,3476
3,7,1,1,1,1.0,1.0,1.0,0.75,1.0,4,4,0,4,0.5,1.0,3,3,1,3477
1,1,0,1,0,0.2,0.0,0.0,0.0,0.0,0,0,0,0,0.0,0.0,2,4,0,3478
1,7,1,1,1,0.4,1.0,1.0,0.0,0.0,1,1,0,1,0.0,1.0,2,4,0,3479
2,1,0,1,1,0.6,1.0,1.0,0.5,1.0,2,2,0,2,0.5,1.0,2,4,1,3480
2,6,1,1,1,0.8,1.0,1.0,0.6666666666666666,1.0,3,3,0,3,0.5,1.0,2,4,1,3481
3,7,1,1,1,1.0,1.0,1.0,0.75,1.0,4,4,0,4,0.5,1.0,2,4,1,3482
1,0,0,0,0,0.1429,0.0,0.0,0.0,0.0,0,0,0,0,0.0,0.0,3,3,0,3483
1,1,0,0,0,0.2857,0.0,0.0,0.0,0.0,1,0,0,0,0.0,0.0,3,3,0,3484
1,1,0,1,0,0.4286,0.0,0.0,0.0,0.0,2,0,0,0,0.0,0.0,3,3,0,3485
1,1,0,1,0,0.5714,0.3333333333333333,1.0,0.0,0.0,3,1,0,1,0.0,0.3333333333333333,3,3,0,3486
2,7,1,1,1,0.7143,0.5,1.0,0.0,0.0,4,2,0,2,0.0,0.5,3,3,0,3487
2,7,1,1,1,0.8571,0.6,1.0,0.2,1.0,5,3,0,3,0.5,0.6,3,3,1,3488
3,2,3,1,1,1.0,0.6666666666666666,1.0,0.3333333333333333,1.0,6,4,0,4,0.5,0.6666666666666666,3,3,1,3489
1,2,3,0,0,0.1667,0.0,0.0,0.0,0.0,0,0,0,0,0.0,0.0,3,4,0,3490
1,1,0,1,0,0.3333,0.0,0.0,0.0,0.0,1,0,0,0,0.0,0.0,3,4,0,3491
1,1,0,1,0,0.5,0.5,1.0,0.0,0.0,2,1,0,1,0.0,0.5,3,4,0,3492
2,7,1,1,1,0.6667,0.6666666666666666,1.0,0.0,0.0,3,2,0,2,0.0,0.6666666666666666,3,4,0,3493
2,7,1,1,1,0.8333,0.75,1.0,0.25,1.0,4,3,0,3,0.5,0.75,3,4,1,3494
3,6,1,1,1,1.0,0.8,1.0,0.4,1.0,5,4,0,4,0.5,0.8,3,4,1,3495
1,1,0,1,0,0.2,0.0,0.0,0.0,0.0,0,0,0,0,0.0,0.0,3,3,0,3496
1,7,1,1,1,0.4,1.0,1.0,0.0,0.0,1,1,0,1,0.0,1.0,3,3,0,3497
2,1,0,1,1,0.6,1.0,1.0,0.5,1.0,2,2,0,2,0.5,1.0,3,3,1,3498
2,6,1,1,1,0.8,1.0,1.0,0.6666666666666666,1.0,3,3,0,3,0.5,1.0,3,3,1,3499
3,7,1,1,1,1.0,1.0,1.0,0.75,1.0,4,4,0,4,0.5,1.0,3,3,1,3500
1,1,0,1,0,0.2,0.0,0.0,0.0,0.0,0,0,0,0,0.0,0.0,3,3,0,3501
1,7,1,1,1,0.4,1.0,1.0,0.0,0.0,1,1,0,1,0.0,1.0,3,3,0,3502
2,1,0,1,1,0.6,1.0,1.0,0.5,1.0,2,2,0,2,0.5,1.0,3,3,1,3503
2,6,1,1,1,0.8,1.0,1.0,0.6666666666666666,1.0,3,3,0,3,0.5,1.0,3,3,1,3504
3,7,1,1,1,1.0,1.0,1.0,0.75,1.0,4,4,0,4,0.5,1.0,3,3,1,3505
1,1,0,1,0,0.2,0.0,0.0,0.0,0.0,0,0,0,0,0.0,0.0,1,3,0,3506
1,7,1,1,1,0.4,1.0,1.0,0.0,0.0,1,1,0,1,0.0,1.0,1,3,0,3507
2,1,0,1,1,0.6,1.0,1.0,0.5,1.0,2,2,0,2,0.5,1.0,1,3,1,3508
2,6,1,1,1,0.8,1.0,1.0,0.6666666666666666,1.0,3,3,0,3,0.5,1.0,1,3,1,3509
3,7,1,1,1,1.0,1.0,1.0,0.75,1.0,4,4,0,4,0.5,1.0,1,3,1,3510
1,1,0,1,0,0.2,0.0,0.0,0.0,0.0,0,0,0,0,0.0,0.0,2,4,0,3511
1,7,1,1,1,0.4,1.0,1.0,0.0,0.0,1,1,0,1,0.0,1.0,2,4,0,3512
2,1,0,1,1,0.6,1.0,1.0,0.5,1.0,2,2,0,2,0.5,1.0,2,4,1,3513
2,6,1,1,1,0.8,1.0,1.0,0.6666666666666666,1.0,3,3,0,3,0.5,1.0,2,4,1,3514
3,7,1,1,1,1.0,1.0,1.0,0.75,1.0,4,4,0,4,0.5,1.0,2,4,1,3515
1,1,0,1,0,0.2,0.0,0.0,0.0,0.0,0,0,0,0,0.0,0.0,2,3,0,3516
1,7,1,1,1,0.4,1.0,1.0,0.0,0.0,1,1,0,1,0.0,1.0,2,3,0,3517
2,1,0,1,1,0.6,1.0,1.0,0.5,1.0,2,2,0,2,0.5,1.0,2,3,1,3518
2,6,1,1,1,0.8,1.0,1.0,0.6666666666666666,1.0,3,3,0,3,0.5,1.0,2,3,1,3519
3,7,1,1,1,1.0,1.0,1.0,0.75,1.0,4,4,0,4,0.5,1.0,2,3,1,3520
1,2,3,0,0,0.1667,0.0,0.0,0.0,0.0,0,0,0,0,0.0,0.0,2,3,0,3521
1,1,0,1,0,0.3333,0.0,0.0,0.0,0.0,1,0,0,0,0.0,0.0,2,3,0,3522
1,1,0,1,0,0.5,0.5,1.0,0.0,0.0,2,1,0,1,0.0,0.5,2,3,0,3523
2,7,1,1,1,0.6667,0.6666666666666666,1.0,0.0,0.0,3,2,0,2,0.0,0.6666666666666666,2,3,0,3524
2,7,1,1,1,0.8333,0.75,1.0,0.25,1.0,4,3,0,3,0.5,0.75,2,3,1,3525
3,6,1,1,1,1.0,0.8,1.0,0.4,1.0,5,4,0,4,0.5,0.8,2,3,1,3526
1,1,0,1,0,0.2,0.0,0.0,0.0,0.0,0,0,0,0,0.0,0.0,3,3,0,3527
1,7,1,1,1,0.4,1.0,1.0,0.0,0.0,1,1,0,1,0.0,1.0,3,3,0,3528
2,1,0,1,1,0.6,1.0,1.0,0.5,1.0,2,2,0,2,0.5,1.0,3,3,1,3529
2,6,1,1,1,0.8,1.0,1.0,0.6666666666666666,1.0,3,3,0,3,0.5,1.0,3,3,1,3530
3,7,1,1,1,1.0,1.0,1.0,0.75,1.0,4,4,0,4,0.5,1.0,3,3,1,3531
1,2,3,0,0,0.1667,0.0,0.0,0.0,0.0,0,0,0,0,0.0,0.0,3,2,0,3532
1,1,0,1,0,0.3333,0.0,0.0,0.0,0.0,1,0,0,0,0.0,0.0,3,2,0,3533
1,1,0,1,0,0.5,0.5,1.0,0.0,0.0,2,1,0,1,0.0,0.5,3,2,0,3534
2,7,1,1,1,0.6667,0.6666666666666666,1.0,0.0,0.0,3,2,0,2,0.0,0.6666666666666666,3,2,0,3535
2,7,1,1,1,0.8333,0.75,1.0,0.25,1.0,4,3,0,3,0.5,0.75,3,2,1,3536
3,6,1,1,1,1.0,0.8,1.0,0.4,1.0,5,4,0,4,0.5,0.8,3,2,1,3537
1,0,0,0,0,0.1429,0.0,0.0,0.0,0.0,0,0,0,0,0.0,0.0,0,4,0,3538
1,1,0,0,0,0.2857,0.0,0.0,0.0,0.0,1,0,0,0,0.0,0.0,0,4,0,3539
1,1,0,1,0,0.4286,0.0,0.0,0.0,0.0,2,0,0,0,0.0,0.0,0,4,0,3540
1,1,0,1,0,0.5714,0.3333333333333333,1.0,0.0,0.0,3,1,0,1,0.0,0.3333333333333333,0,4,0,3541
2,7,1,1,1,0.7143,0.5,1.0,0.0,0.0,4,2,0,2,0.0,0.5,0,4,0,3542
2,7,1,1,1,0.8571,0.6,1.0,0.2,1.0,5,3,0,3,0.5,0.6,0,4,1,3543
3,2,3,1,1,1.0,0.6666666666666666,1.0,0.3333333333333333,1.0,6,4,0,4,0.5,0.6666666666666666,0,4,1,3544
1,0,0,0,0,0.1429,0.0,0.0,0.0,0.0,0,0,0,0,0.0,0.0,3,2,0,3545
1,1,0,0,0,0.2857,0.0,0.0,0.0,0.0,1,0,0,0,0.0,0.0,3,2,0,3546
1,1,0,1,0,0.4286,0.0,0.0,0.0,0.0,2,0,0,0,0.0,0.0,3,2,0,3547
1,1,0,1,0,0.5714,0.3333333333333333,1.0,0.0,0.0,3,1,0,1,0.0,0.3333333333333333,3,2,0,3548
2,7,1,1,1,0.7143,0.5,1.0,0.0,0.0,4,2,0,2,0.0,0.5,3,2,0,3549
2,7,1,1,1,0.8571,0.6,1.0,0.2,1.0,5,3,0,3,0.5,0.6,3,2,1,3550
3,2,3,1,1,1.0,0.6666666666666666,1.0,0.3333333333333333,1.0,6,4,0,4,0.5,0.6666666666666666,3,2,1,3551
1,1,0,1,0,0.2,0.0,0.0,0.0,0.0,0,0,0,0,0.0,0.0,3,4,0,3552
1,7,1,1,1,0.4,1.0,1.0,0.0,0.0,1,1,0,1,0.0,1.0,3,4,0,3553
2,1,0,1,1,0.6,1.0,1.0,0.5,1.0,2,2,0,2,0.5,1.0,3,4,1,3554
2,6,1,1,1,0.8,1.0,1.0,0.6666666666666666,1.0,3,3,0,3,0.5,1.0,3,4,1,3555
3,7,1,1,1,1.0,1.0,1.0,0.75,1.0,4,4,0,4,0.5,1.0,3,4,1,3556
1,2,3,0,0,0.1667,0.0,0.0,0.0,0.0,0,0,0,0,0.0,0.0,1,2,0,3557
1,1,0,1,0,0.3333,0.0,0.0,0.0,0.0,1,0,0,0,0.0,0.0,1,2,0,3558
1,1,0,1,0,0.5,0.5,1.0,0.0,0.0,2,1,0,1,0.0,0.5,1,2,0,3559
2,7,1,1,1,0.6667,0.6666666666666666,1.0,0.0,0.0,3,2,0,2,0.0,0.6666666666666666,1,2,0,3560
2,7,1,1,1,0.8333,0.75,1.0,0.25,1.0,4,3,0,3,0.5,0.75,1,2,1,3561
3,6,1,1,1,1.0,0.8,1.0,0.4,1.0,5,4,0,4,0.5,0.8,1,2,1,3562
1,1,0,1,0,0.2,0.0,0.0,0.0,0.0,0,0,0,0,0.0,0.0,1,4,0,3563
1,7,1,1,1,0.4,1.0,1.0,0.0,0.0,1,1,0,1,0.0,1.0,1,4,0,3564
2,1,0,1,1,0.6,1.0,1.0,0.5,1.0,2,2,0,2,0.5,1.0,1,4,1,3565
2,6,1,1,1,0.8,1.0,1.0,0.6666666666666666,1.0,3,3,0,3,0.5,1.0,1,4,1,3566
3,7,1,1,1,1.0,1.0,1.0,0.75,1.0,4,4,0,4,0.5,1.0,1,4,1,3567
1,0,0,0,0,0.1429,0.0,0.0,0.0,0.0,0,0,0,0,0.0,0.0,2,3,0,3568
1,1,0,0,0,0.2857,0.0,0.0,0.0,0.0,1,0,0,0,0.0,0.0,2,3,0,3569
1,1,0,1,0,0.4286,0.0,0.0,0.0,0.0,2,0,0,0,0.0,0.0,2,3,0,3570
1,1,0,1,0,0.5714,0.3333333333333333,1.0,0.0,0.0,3,1,0,1,0.0,0.3333333333333333,2,3,0,3571
2,7,1,1,1,0.7143,0.5,1.0,0.0,0.0,4,2,0,2,0.0,0.5,2,3,0,3572
2,7,1,1,1,0.8571,0.6,1.0,0.2,1.0,5,3,0,3,0.5,0.6,2,3,1,3573
3,2,3,1,1,1.0,0.6666666666666666,1.0,0.3333333333333333,1.0,6,4,0,4,0.5,0.6666666666666666,2,3,1,3574
1,1,0,1,0,0.2,0.0,0.0,0.0,0.0,0,0,0,0,0.0,0.0,3,3,0,3575
1,7,1,1,1,0.4,1.0,1.0,0.0,0.0,1,1,0,1,0.0,1.0,3,3,0,3576
2,1,0,1,1,0.6,1.0,1.0,0.5,1.0,2,2,0,2,0.5,1.0,3,3,1,3577
2,6,1,1,1,0.8,1.0,1.0,0.6666666666666666,1.0,3,3,0,3,0.5,1.0,3,3,1,3578
3,7,1,1,1,1.0,1.0,1.0,0.75,1.0,4,4,0,4,0.5,1.0,3,3,1,3579
1,2,3,0,0,0.1667,0.0,0.0,0.0,0.0,0,0,0,0,0.0,0.0,3,2,0,3580
1,1,0,1,0,0.3333,0.0,0.0,0.0,0.0,1,0,0,0,0.0,0.0,3,2,0,3581
1,1,0,1,0,0.5,0.5,1.0,0.0,0.0,2,1,0,1,0.0,0.5,3,2,0,3582
2,7,1,1,1,0.6667,0.6666666666666666,1.0,0.0,0.0,3,2,0,2,0.0,0.6666666666666666,3,2,0,3583
2,7,1,1,1,0.8333,0.75,1.0,0.25,1.0,4,3,0,3,0.5,0.75,3,2,1,3584
3,6,1,1,1,1.0,0.8,1.0,0.4,1.0,5,4,0,4,0.5,0.8,3,2,1,3585
1,1,0,1,0,0.2,0.0,0.0,0.0,0.0,0,0,0,0,0.0,0.0,2,3,0,3586
1,7,1,1,1,0.4,1.0,1.0,0.0,0.0,1,1,0,1,0.0,1.0,2,3,0,3587
2,1,0,1,1,0.6,1.0,1.0,0.5,1.0,2,2,0,2,0.5,1.0,2,3,1,3588
2,6,1,1,1,0.8,1.0,1.0,0.6666666666666666,1.0,3,3,0,3,0.5,1.0,2,3,1,3589
3,7,1,1,1,1.0,1.0,1.0,0.75,1.0,4,4,0,4,0.5,1.0,2,3,1,3590
1,0,0,0,0,0.1429,0.0,0.0,0.0,0.0,0,0,0,0,0.0,0.0,1,3,0,3591
1,1,0,0,0,0.2857,0.0,0.0,0.0,0.0,1,0,0,0,0.0,0.0,1,3,0,3592
1,1,0,1,0,0.4286,0.0,0.0,0.0,0.0,2,0,0,0,0.0,0.0,1,3,0,3593
1,1,0,1,0,0.5714,0.3333333333333333,1.0,0.0,0.0,3,1,0,1,0.0,0.3333333333333333,1,3,0,3594
2,7,1,1,1,0.7143,0.5,1.0,0.0,0.0,4,2,0,2,0.0,0.5,1,3,0,3595
2,7,1,1,1,0.8571,0.6,1.0,0.2,1.0,5,3,0,3,0.5,0.6,1,3,1,3596
3,2,3,1,1,1.0,0.6666666666666666,1.0,0.3333333333333333,1.0,6,4,0,4,0.5,0.6666666666666666,1,3,1,3597
1,0,0,0,0,0.1429,0.0,0.0,0.0,0.0,0,0,0,0,0.0,0.0,1,4,0,3598
1,1,0,0,0,0.2857,0.0,0.0,0.0,0.0,1,0,0,0,0.0,0.0,1,4,0,3599
1,1,0,1,0,0.4286,0.0,0.0,0.0,0.0,2,0,0,0,0.0,0.0,1,4,0,3600
1,1,0,1,0,0.5714,0.3333333333333333,1.0,0.0,0.0,3,1,0,1,0.0,0.3333333333333333,1,4,0,3601
2,7,1,1,1,0.7143,0.5,1.0,0.0,0.0,4,2,0,2,0.0,0.5,1,4,0,3602
2,7,1,1,1,0.8571,0.6,1.0,0.2,1.0,5,3,0,3,0.5,0.6,1,4,1,3603
3,2,3,1,1,1.0,0.6666666666666666,1.0,0.3333333333333333,1.0,6,4,0,4,0.5,0.6666666666666666,1,4,1,3604
1,2,3,0,0,0.1667,0.0,0.0,0.0,0.0,0,0,0,0,0.0,0.0,1,4,0,3605
1,1,0,1,0,0.3333,0.0,0.0,0.0,0.0,1,0,0,0,0.0,0.0,1,4,0,3606
1,1,0,1,0,0.5,0.5,1.0,0.0,0.0,2,1,0,1,0.0,0.5,1,4,0,3607
2,7,1,1,1,0.6667,0.6666666666666666,1.0,0.0,0.0,3,2,0,2,0.0,0.6666666666666666,1,4,0,3608
2,7,1,1,1,0.8333,0.75,1.0,0.25,1.0,4,3,0,3,0.5,0.75,1,4,1,3609
3,6,1,1,1,1.0,0.8,1.0,0.4,1.0,5,4,0,4,0.5,0.8,1,4,1,3610
1,0,0,0,0,0.1429,0.0,0.0,0.0,0.0,0,0,0,0,0.0,0.0,1,4,0,3611
1,1,0,0,0,0.2857,0.0,0.0,0.0,0.0,1,0,0,0,0.0,0.0,1,4,0,3612
1,1,0,1,0,0.4286,0.0,0.0,0.0,0.0,2,0,0,0,0.0,0.0,1,4,0,3613
1,1,0,1,0,0.5714,0.3333333333333333,1.0,0.0,0.0,3,1,0,1,0.0,0.3333333333333333,1,4,0,3614
2,7,1,1,1,0.7143,0.5,1.0,0.0,0.0,4,2,0,2,0.0,0.5,1,4,0,3615
2,7,1,1,1,0.8571,0.6,1.0,0.2,1.0,5,3,0,3,0.5,0.6,1,4,1,3616
3,2,3,1,1,1.0,0.6666666666666666,1.0,0.3333333333333333,1.0,6,4,0,4,0.5,0.6666666666666666,1,4,1,3617
1,1,0,1,0,0.2,0.0,0.0,0.0,0.0,0,0,0,0,0.0,0.0,3,3,0,3618
1,7,1,1,1,0.4,1.0,1.0,0.0,0.0,1,1,0,1,0.0,1.0,3,3,0,3619
2,1,0,1,1,0.6,1.0,1.0,0.5,1.0,2,2,0,2,0.5,1.0,3,3,1,3620
2,6,1,1,1,0.8,1.0,1.0,0.6666666666666666,1.0,3,3,0,3,0.5,1.0,3,3,1,3621
3,7,1,1,1,1.0,1.0,1.0,0.75,1.0,4,4,0,4,0.5,1.0,3,3,1,3622
1,0,0,0,0,0.1429,0.0,0.0,0.0,0.0,0,0,0,0,0.0,0.0,3,3,0,3623
1,1,0,0,0,0.2857,0.0,0.0,0.0,0.0,1,0,0,0,0.0,0.0,3,3,0,3624
1,1,0,1,0,0.4286,0.0,0.0,0.0,0.0,2,0,0,0,0.0,0.0,3,3,0,3625
1,1,0,1,0,0.5714,0.3333333333333333,1.0,0.0,0.0,3,1,0,1,0.0,0.3333333333333333,3,3,0,3626
2,7,1,1,1,0.7143,0.5,1.0,0.0,0.0,4,2,0,2,0.0,0.5,3,3,0,3627
2,7,1,1,1,0.8571,0.6,1.0,0.2,1.0,5,3,0,3,0.5,0.6,3,3,1,3628
3,2,3,1,1,1.0,0.6666666666666666,1.0,0.3333333333333333,1.0,6,4,0,4,0.5,0.6666666666666666,3,3,1,3629
1,2,3,0,0,0.1667,0.0,0.0,0.0,0.0,0,0,0,0,0.0,0.0,0,3,0,3630
1,1,0,1,0,0.3333,0.0,0.0,0.0,0.0,1,0,0,0,0.0,0.0,0,3,0,3631
1,1,0,1,0,0.5,0.5,1.0,0.0,0.0,2,1,0,1,0.0,0.5,0,3,0,3632
2,7,1,1,1,0.6667,0.6666666666666666,1.0,0.0,0.0,3,2,0,2,0.0,0.6666666666666666,0,3,0,3633
2,7,1,1,1,0.8333,0.75,1.0,0.25,1.0,4,3,0,3,0.5,0.75,0,3,1,3634
3,6,1,1,1,1.0,0.8,1.0,0.4,1.0,5,4,0,4,0.5,0.8,0,3,1,3635
1,0,0,0,0,0.1429,0.0,0.0,0.0,0.0,0,0,0,0,0.0,0.0,3,3,0,3636
1,1,0,0,0,0.2857,0.0,0.0,0.0,0.0,1,0,0,0,0.0,0.0,3,3,0,3637
1,1,0,1,0,0.4286,0.0,0.0,0.0,0.0,2,0,0,0,0.0,0.0,3,3,0,3638
1,1,0,1,0,0.5714,0.3333333333333333,1.0,0.0,0.0,3,1,0,1,0.0,0.3333333333333333,3,3,0,3639
2,7,1,1,1,0.7143,0.5,1.0,0.0,0.0,4,2,0,2,0.0,0.5,3,3,0,3640
2,7,1,1,1,0.8571,0.6,1.0,0.2,1.0,5,3,0,3,0.5,0.6,3,3,1,3641
3,2,3,1,1,1.0,0.6666666666666666,1.0,0.3333333333333333,1.0,6,4,0,4,0.5,0.6666666666666666,3,3,1,3642
1,2,3,0,0,0.1667,0.0,0.0,0.0,0.0,0,0,0,0,0.0,0.0,1,3,0,3643
1,1,0,1,0,0.3333,0.0,0.0,0.0,0.0,1,0,0,0,0.0,0.0,1,3,0,3644
1,1,0,1,0,0.5,0.5,1.0,0.0,0.0,2,1,0,1,0.0,0.5,1,3,0,3645
2,7,1,1,1,0.6667,0.6666666666666666,1.0,0.0,0.0,3,2,0,2,0.0,0.6666666666666666,1,3,0,3646
2,7,1,1,1,0.8333,0.75,1.0,0.25,1.0,4,3,0,3,0.5,0.75,1,3,1,3647
3,6,1,1,1,1.0,0.8,1.0,0.4,1.0,5,4,0,4,0.5,0.8,1,3,1,3648
1,2,3,0,0,0.1667,0.0,0.0,0.0,0.0,0,0,0,0,0.0,0.0,2,2,0,3649
1,1,0,1,0,0.3333,0.0,0.0,0.0,0.0,1,0,0,0,0.0,0.0,2,2,0,3650
1,1,0,1,0,0.5,0.5,1.0,0.0,0.0,2,1,0,1,0.0,0.5,2,2,0,3651
2,7,1,1,1,0.6667,0.6666666666666666,1.0,0.0,0.0,3,2,0,2,0.0,0.6666666666666666,2,2,0,3652
2,7,1,1,1,0.8333,0.75,1.0,0.25,1.0,4,3,0,3,0.5,0.75,2,2,1,3653
3,6,1,1,1,1.0,0.8,1.0,0.4,1.0,5,4,0,4,0.5,0.8,2,2,1,3654
1,1,0,1,0,0.2,0.0,0.0,0.0,0.0,0,0,0,0,0.0,0.0,0,2,0,3655
1,7,1,1,1,0.4,1.0,1.0,0.0,0.0,1,1,0,1,0.0,1.0,0,2,0,3656
2,1,0,1,1,0.6,1.0,1.0,0.5,1.0,2,2,0,2,0.5,1.0,0,2,1,3657
2,6,1,1,1,0.8,1.0,1.0,0.6666666666666666,1.0,3,3,0,3,0.5,1.0,0,2,1,3658
3,7,1,1,1,1.0,1.0,1.0,0.75,1.0,4,4,0,4,0.5,1.0,0,2,1,3659
1,0,0,0,0,0.1429,0.0,0.0,0.0,0.0,0,0,0,0,0.0,0.0,3,2,0,3660
1,1,0,0,0,0.2857,0.0,0.0,0.0,0.0,1,0,0,0,0.0,0.0,3,2,0,3661
1,1,0,1,0,0.4286,0.0,0.0,0.0,0.0,2,0,0,0,0.0,0.0,3,2,0,3662
1,1,0,1,0,0.5714,0.3333333333333333,1.0,0.0,0.0,3,1,0,1,0.0,0.3333333333333333,3,2,0,3663
2,7,1,1,1,0.7143,0.5,1.0,0.0,0.0,4,2,0,2,0.0,0.5,3,2,0,3664
2,7,1,1,1,0.8571,0.6,1.0,0.2,1.0,5,3,0,3,0.5,0.6,3,2,1,3665
3,2,3,1,1,1.0,0.6666666666666666,1.0,0.3333333333333333,1.0,6,4,0,4,0.5,0.6666666666666666,3,2,1,3666
1,1,0,1,0,0.2,0.0,0.0,0.0,0.0,0,0,0,0,0.0,0.0,3,2,0,3667
1,7,1,1,1,0.4,1.0,1.0,0.0,0.0,1,1,0,1,0.0,1.0,3,2,0,3668
2,1,0,1,1,0.6,1.0,1.0,0.5,1.0,2,2,0,2,0.5,1.0,3,2,1,3669
2,6,1,1,1,0.8,1.0,1.0,0.6666666666666666,1.0,3,3,0,3,0.5,1.0,3,2,1,3670
3,7,1,1,1,1.0,1.0,1.0,0.75,1.0,4,4,0,4,0.5,1.0,3,2,1,3671
1,1,0,1,0,0.2,0.0,0.0,0.0,0.0,0,0,0,0,0.0,0.0,2,4,0,3672
1,7,1,1,1,0.4,1.0,1.0,0.0,0.0,1,1,0,1,0.0,1.0,2,4,0,3673
2,1,0,1,1,0.6,1.0,1.0,0.5,1.0,2,2,0,2,0.5,1.0,2,4,1,3674
2,6,1,1,1,0.8,1.0,1.0,0.6666666666666666,1.0,3,3,0,3,0.5,1.0,2,4,1,3675
3,7,1,1,1,1.0,1.0,1.0,0.75,1.0,4,4,0,4,0.5,1.0,2,4,1,3676
1,1,0,1,0,0.2,0.0,0.0,0.0,0.0,0,0,0,0,0.0,0.0,3,4,0,3677
1,7,1,1,1,0.4,1.0,1.0,0.0,0.0,1,1,0,1,0.0,1.0,3,4,0,3678
2,1,0,1,1,0.6,1.0,1.0,0.5,1.0,2,2,0,2,0.5,1.0,3,4,1,3679
2,6,1,1,1,0.8,1.0,1.0,0.6666666666666666,1.0,3,3,0,3,0.5,1.0,3,4,1,3680
3,7,1,1,1,1.0,1.0,1.0,0.75,1.0,4,4,0,4,0.5,1.0,3,4,1,3681
1,2,3,0,0,0.1667,0.0,0.0,0.0,0.0,0,0,0,0,0.0,0.0,1,4,0,3682
1,1,0,1,0,0.3333,0.0,0.0,0.0,0.0,1,0,0,0,0.0,0.0,1,4,0,3683
1,1,0,1,0,0.5,0.5,1.0,0.0,0.0,2,1,0,1,0.0,0.5,1,4,0,3684
2,7,1,1,1,0.6667,0.6666666666666666,1.0,0.0,0.0,3,2,0,2,0.0,0.6666666666666666,1,4,0,3685
2,7,1,1,1,0.8333,0.75,1.0,0.25,1.0,4,3,0,3,0.5,0.75,1,4,1,3686
3,6,1,1,1,1.0,0.8,1.0,0.4,1.0,5,4,0,4,0.5,0.8,1,4,1,3687
1,0,0,0,0,0.1429,0.0,0.0,0.0,0.0,0,0,0,0,0.0,0.0,2,3,0,3688
1,1,0,0,0,0.2857,0.0,0.0,0.0,0.0,1,0,0,0,0.0,0.0,2,3,0,3689
1,1,0,1,0,0.4286,0.0,0.0,0.0,0.0,2,0,0,0,0.0,0.0,2,3,0,3690
1,1,0,1,0,0.5714,0.3333333333333333,1.0,0.0,0.0,3,1,0,1,0.0,0.3333333333333333,2,3,0,3691
2,7,1,1,1,0.7143,0.5,1.0,0.0,0.0,4,2,0,2,0.0,0.5,2,3,0,3692
2,7,1,1,1,0.8571,0.6,1.0,0.2,1.0,5,3,0,3,0.5,0.6,2,3,1,3693
3,2,3,1,1,1.0,0.6666666666666666,1.0,0.3333333333333333,1.0,6,4,0,4,0.5,0.6666666666666666,2,3,1,3694
1,1,0,1,0,0.2,0.0,0.0,0.0,0.0,0,0,0,0,0.0,0.0,3,2,0,3695
1,7,1,1,1,0.4,1.0,1.0,0.0,0.0,1,1,0,1,0.0,1.0,3,2,0,3696
2,1,0,1,1,0.6,1.0,1.0,0.5,1.0,2,2,0,2,0.5,1.0,3,2,1,3697
2,6,1,1,1,0.8,1.0,1.0,0.6666666666666666,1.0,3,3,0,3,0.5,1.0,3,2,1,3698
3,7,1,1,1,1.0,1.0,1.0,0.75,1.0,4,4,0,4,0.5,1.0,3,2,1,3699
1,2,3,0,0,0.1667,0.0,0.0,0.0,0.0,0,0,0,0,0.0,0.0,0,4,0,3700
1,1,0,1,0,0.3333,0.0,0.0,0.0,0.0,1,0,0,0,0.0,0.0,0,4,0,3701
1,1,0,1,0,0.5,0.5,1.0,0.0,0.0,2,1,0,1,0.0,0.5,0,4,0,3702
2,7,1,1,1,0.6667,0.6666666666666666,1.0,0.0,0.0,3,2,0,2,0.0,0.6666666666666666,0,4,0,3703
2,7,1,1,1,0.8333,0.75,1.0,0.25,1.0,4,3,0,3,0.5,0.75,0,4,1,3704
3,6,1,1,1,1.0,0.8,1.0,0.4,1.0,5,4,0,4,0.5,0.8,0,4,1,3705
1,0,0,0,0,0.1429,0.0,0.0,0.0,0.0,0,0,0,0,0.0,0.0,2,2,0,3706
1,1,0,0,0,0.2857,0.0,0.0,0.0,0.0,1,0,0,0,0.0,0.0,2,2,0,3707
1,1,0,1,0,0.4286,0.0,0.0,0.0,0.0,2,0,0,0,0.0,0.0,2,2,0,3708
1,1,0,1,0,0.5714,0.3333333333333333,1.0,0.0,0.0,3,1,0,1,0.0,0.3333333333333333,2,2,0,3709
2,7,1,1,1,0.7143,0.5,1.0,0.0,0.0,4,2,0,2,0.0,0.5,2,2,0,3710
2,7,1,1,1,0.8571,0.6,1.0,0.2,1.0,5,3,0,3,0.5,0.6,2,2,1,3711
3,2,3,1,1,1.0,0.6666666666666666,1.0,0.3333333333333333,1.0,6,4,0,4,0.5,0.6666666666666666,2,2,1,3712
1,0,0,0,0,0.1429,0.0,0.0,0.0,0.0,0,0,0,0,0.0,0.0,2,4,0,3713
1,1,0,0,0,0.2857,0.0,0.0,0.0,0.0,1,0,0,0,0.0,0.0,2,4,0,3714
1,1,0,1,0,0.4286,0.0,0.0,0.0,0.0,2,0,0,0,0.0,0.0,2,4,0,3715
1,1,0,1,0,0.5714,0.3333333333333333,1.0,0.0,0.0,3,1,0,1,0.0,0.3333333333333333,2,4,0,3716
2,7,1,1,1,0.7143,0.5,1.0,0.0,0.0,4,2,0,2,0.0,0.5,2,4,0,3717
2,7,1,1,1,0.8571,0.6,1.0,0.2,1.0,5,3,0,3,0.5,0.6,2,4,1,3718
3,2,3,1,1,1.0,0.6666666666666666,1.0,0.3333333333333333,1.0,6,4,0,4,0.5,0.6666666666666666,2,4,1,3719
1,0,0,0,0,0.1429,0.0,0.0,0.0,0.0,0,0,0,0,0.0,0.0,3,3,0,3720
1,1,0,0,0,0.2857,0.0,0.0,0.0,0.0,1,0,0,0,0.0,0.0,3,3,0,3721
1,1,0,1,0,0.4286,0.0,0.0,0.0,0.0,2,0,0,0,0.0,0.0,3,3,0,3722
1,1,0,1,0,0.5714,0.3333333333333333,1.0,0.0,0.0,3,1,0,1,0.0,0.3333333333333333,3,3,0,3723
2,7,1,1,1,0.7143,0.5,1.0,0.0,0.0,4,2,0,2,0.0,0.5,3,3,0,3724
2,7,1,1,1,0.8571,0.6,1.0,0.2,1.0,5,3,0,3,0.5,0.6,3,3,1,3725
3,2,3,1,1,1.0,0.6666666666666666,1.0,0.3333333333333333,1.0,6,4,0,4,0.5,0.6666666666666666,3,3,1,3726
1,1,0,1,0,0.2,0.0,0.0,0.0,0.0,0,0,0,0,0.0,0.0,1,2,0,3727
1,7,1,1,1,0.4,1.0,1.0,0.0,0.0,1,1,0,1,0.0,1.0,1,2,0,3728
2,1,0,1,1,0.6,1.0,1.0,0.5,1.0,2,2,0,2,0.5,1.0,1,2,1,3729
2,6,1,1,1,0.8,1.0,1.0,0.6666666666666666,1.0,3,3,0,3,0.5,1.0,1,2,1,3730
3,7,1,1,1,1.0,1.0,1.0,0.75,1.0,4,4,0,4,0.5,1.0,1,2,1,3731
1,0,0,0,0,0.1429,0.0,0.0,0.0,0.0,0,0,0,0,0.0,0.0,2,3,0,3732
1,1,0,0,0,0.2857,0.0,0.0,0.0,0.0,1,0,0,0,0.0,0.0,2,3,0,3733
1,1,0,1,0,0.4286,0.0,0.0,0.0,0.0,2,0,0,0,0.0,0.0,2,3,0,3734
1,1,0,1,0,0.5714,0.3333333333333333,1.0,0.0,0.0,3,1,0,1,0.0,0.3333333333333333,2,3,0,3735
2,7,1,1,1,0.7143,0.5,1.0,0.0,0.0,4,2,0,2,0.0,0.5,2,3,0,3736
2,7,1,1,1,0.8571,0.6,1.0,0.2,1.0,5,3,0,3,0.5,0.6,2,3,1,3737
3,2,3,1,1,1.0,0.6666666666666666,1.0,0.3333333333333333,1.0,6,4,0,4,0.5,0.6666666666666666,2,3,1,3738
1,2,3,0,0,0.1667,0.0,0.0,0.0,0.0,0,0,0,0,0.0,0.0,2,2,0,3739
1,1,0,1,0,0.3333,0.0,0.0,0.0,0.0,1,0,0,0,0.0,0.0,2,2,0,3740
1,1,0,1,0,0.5,0.5,1.0,0.0,0.0,2,1,0,1,0.0,0.5,2,2,0,3741
2,7,1,1,1,0.6667,0.6666666666666666,1.0,0.0,0.0,3,2,0,2,0.0,0.6666666666666666,2,2,0,3742
2,7,1,1,1,0.8333,0.75,1.0,0.25,1.0,4,3,0,3,0.5,0.75,2,2,1,3743
3,6,1,1,1,1.0,0.8,1.0,0.4,1.0,5,4,0,4,0.5,0.8,2,2,1,3744
1,2,3,0,0,0.1667,0.0,0.0,0.0,0.0,0,0,0,0,0.0,0.0,0,2,0,3745
1,1,0,1,0,0.3333,0.0,0.0,0.0,0.0,1,0,0,0,0.0,0.0,0,2,0,3746
1,1,0,1,0,0.5,0.5,1.0,0.0,0.0,2,1,0,1,0.0,0.5,0,2,0,3747
2,7,1,1,1,0.6667,0.6666666666666666,1.0,0.0,0.0,3,2,0,2,0.0,0.6666666666666666,0,2,0,3748
2,7,1,1,1,0.8333,0.75,1.0,0.25,1.0,4,3,0,3,0.5,0.75,0,2,1,3749
3,6,1,1,1,1.0,0.8,1.0,0.4,1.0,5,4,0,4,0.5,0.8,0,2,1,3750
1,1,0,1,0,0.2,0.0,0.0,0.0,0.0,0,0,0,0,0.0,0.0,2,3,0,3751
1,7,1,1,1,0.4,1.0,1.0,0.0,0.0,1,1,0,1,0.0,1.0,2,3,0,3752
2,1,0,1,1,0.6,1.0,1.0,0.5,1.0,2,2,0,2,0.5,1.0,2,3,1,3753
2,6,1,1,1,0.8,1.0,1.0,0.6666666666666666,1.0,3,3,0,3,0.5,1.0,2,3,1,3754
3,7,1,1,1,1.0,1.0,1.0,0.75,1.0,4,4,0,4,0.5,1.0,2,3,1,3755
1,2,3,0,0,0.1667,0.0,0.0,0.0,0.0,0,0,0,0,0.0,0.0,0,4,0,3756
1,1,0,1,0,0.3333,0.0,0.0,0.0,0.0,1,0,0,0,0.0,0.0,0,4,0,3757
1,1,0,1,0,0.5,0.5,1.0,0.0,0.0,2,1,0,1,0.0,0.5,0,4,0,3758
2,7,1,1,1,0.6667,0.6666666666666666,1.0,0.0,0.0,3,2,0,2,0.0,0.6666666666666666,0,4,0,3759
2,7,1,1,1,0.8333,0.75,1.0,0.25,1.0,4,3,0,3,0.5,0.75,0,4,1,3760
3,6,1,1,1,1.0,0.8,1.0,0.4,1.0,5,4,0,4,0.5,0.8,0,4,1,3761
1,1,0,1,0,0.2,0.0,0.0,0.0,0.0,0,0,0,0,0.0,0.0,3,2,0,3762
1,7,1,1,1,0.4,1.0,1.0,0.0,0.0,1,1,0,1,0.0,1.0,3,2,0,3763
2,1,0,1,1,0.6,1.0,1.0,0.5,1.0,2,2,0,2,0.5,1.0,3,2,1,3764
2,6,1,1,1,0.8,1.0,1.0,0.6666666666666666,1.0,3,3,0,3,0.5,1.0,3,2,1,3765
3,7,1,1,1,1.0,1.0,1.0,0.75,1.0,4,4,0,4,0.5,1.0,3,2,1,3766
1,2,3,0,0,0.1667,0.0,0.0,0.0,0.0,0,0,0,0,0.0,0.0,3,4,0,3767
1,1,0,1,0,0.3333,0.0,0.0,0.0,0.0,1,0,0,0,0.0,0.0,3,4,0,3768
1,1,0,1,0,0.5,0.5,1.0,0.0,0.0,2,1,0,1,0.0,0.5,3,4,0,3769
2,7,1,1,1,0.6667,0.6666666666666666,1.0,0.0,0.0,3,2,0,2,0.0,0.6666666666666666,3,4,0,3770
2,7,1,1,1,0.8333,0.75,1.0,0.25,1.0,4,3,0,3,0.5,0.75,3,4,1,3771
3,6,1,1,1,1.0,0.8,1.0,0.4,1.0,5,4,0,4,0.5,0.8,3,4,1,3772
1,1,0,1,0,0.2,0.0,0.0,0.0,0.0,0,0,0,0,0.0,0.0,0,2,0,3773
1,7,1,1,1,0.4,1.0,1.0,0.0,0.0,1,1,0,1,0.0,1.0,0,2,0,3774
2,1,0,1,1,0.6,1.0,1.0,0.5,1.0,2,2,0,2,0.5,1.0,0,2,1,3775
2,6,1,1,1,0.8,1.0,1.0,0.6666666666666666,1.0,3,3,0,3,0.5,1.0,0,2,1,3776
3,7,1,1,1,1.0,1.0,1.0,0.75,1.0,4,4,0,4,0.5,1.0,0,2,1,3777
1,0,0,0,0,0.1429,0.0,0.0,0.0,0.0,0,0,0,0,0.0,0.0,0,3,0,3778
1,1,0,0,0,0.2857,0.0,0.0,0.0,0.0,1,0,0,0,0.0,0.0,0,3,0,3779
1,1,0,1,0,0.4286,0.0,0.0,0.0,0.0,2,0,0,0,0.0,0.0,0,3,0,3780
1,1,0,1,0,0.5714,0.3333333333333333,1.0,0.0,0.0,3,1,0,1,0.0,0.3333333333333333,0,3,0,3781
2,7,1,1,1,0.7143,0.5,1.0,0.0,0.0,4,2,0,2,0.0,0.5,0,3,0,3782
2,7,1,1,1,0.8571,0.6,1.0,0.2,1.0,5,3,0,3,0.5,0.6,0,3,1,3783
3,2,3,1,1,1.0,0.6666666666666666,1.0,0.3333333333333333,1.0,6,4,0,4,0.5,0.6666666666666666,0,3,1,3784
1,1,0,1,0,0.2,0.0,0.0,0.0,0.0,0,0,0,0,0.0,0.0,1,4,0,3785
1,7,1,1,1,0.4,1.0,1.0,0.0,0.0,1,1,0,1,0.0,1.0,1,4,0,3786
2,1,0,1,1,0.6,1.0,1.0,0.5,1.0,2,2,0,2,0.5,1.0,1,4,1,3787
2,6,1,1,1,0.8,1.0,1.0,0.6666666666666666,1.0,3,3,0,3,0.5,1.0,1,4,1,3788
3,7,1,1,1,1.0,1.0,1.0,0.75,1.0,4,4,0,4,0.5,1.0,1,4,1,3789
1,0,0,0,0,0.1429,0.0,0.0,0.0,0.0,0,0,0,0,0.0,0.0,3,4,0,3790
1,1,0,0,0,0.2857,0.0,0.0,0.0,0.0,1,0,0,0,0.0,0.0,3,4,0,3791
1,1,0,1,0,0.4286,0.0,0.0,0.0,0.0,2,0,0,0,0.0,0.0,3,4,0,3792
1,1,0,1,0,0.5714,0.3333333333333333,1.0,0.0,0.0,3,1,0,1,0.0,0.3333333333333333,3,4,0,3793
2,7,1,1,1,0.7143,0.5,1.0,0.0,0.0,4,2,0,2,0.0,0.5,3,4,0,3794
2,7,1,1,1,0.8571,0.6,1.0,0.2,1.0,5,3,0,3,0.5,0.6,3,4,1,3795
3,2,3,1,1,1.0,0.6666666666666666,1.0,0.3333333333333333,1.0,6,4,0,4,0.5,0.6666666666666666,3,4,1,3796
1,1,0,1,0,0.2,0.0,0.0,0.0,0.0,0,0,0,0,0.0,0.0,3,4,0,3797
1,7,1,1,1,0.4,1.0,1.0,0.0,0.0,1,1,0,1,0.0,1.0,3,4,0,3798
2,1,0,1,1,0.6,1.0,1.0,0.5,1.0,2,2,0,2,0.5,1.0,3,4,1,3799
2,6,1,1,1,0.8,1.0,1.0,0.6666666666666666,1.0,3,3,0,3,0.5,1.0,3,4,1,3800
3,7,1,1,1,1.0,1.0,1.0,0.75,1.0,4,4,0,4,0.5,1.0,3,4,1,3801
1,0,0,0,0,0.1429,0.0,0.0,0.0,0.0,0,0,0,0,0.0,0.0,3,4,0,3802
1,1,0,0,0,0.2857,0.0,0.0,0.0,0.0,1,0,0,0,0.0,0.0,3,4,0,3803
1,1,0,1,0,0.4286,0.0,0.0,0.0,0.0,2,0,0,0,0.0,0.0,3,4,0,3804
1,1,0,1,0,0.5714,0.3333333333333333,1.0,0.0,0.0,3,1,0,1,0.0,0.3333333333333333,3,4,0,3805
2,7,1,1,1,0.7143,0.5,1.0,0.0,0.0,4,2,0,2,0.0,0.5,3,4,0,3806
2,7,1,1,1,0.8571,0.6,1.0,0.2,1.0,5,3,0,3,0.5,0.6,3,4,1,3807
3,2,3,1,1,1.0,0.6666666666666666,1.0,0.3333333333333333,1.0,6,4,0,4,0.5,0.6666666666666666,3,4,1,3808
1,1,0,1,0,0.2,0.0,0.0,0.0,0.0,0,0,0,0,0.0,0.0,0,2,0,3809
1,7,1,1,1,0.4,1.0,1.0,0.0,0.0,1,1,0,1,0.0,1.0,0,2,0,3810
2,1,0,1,1,0.6,1.0,1.0,0.5,1.0,2,2,0,2,0.5,1.0,0,2,1,3811
2,6,1,1,1,0.8,1.0,1.0,0.6666666666666666,1.0,3,3,0,3,0.5,1.0,0,2,1,3812
3,7,1,1,1,1.0,1.0,1.0,0.75,1.0,4,4,0,4,0.5,1.0,0,2,1,3813
1,0,0,0,0,0.1429,0.0,0.0,0.0,0.0,0,0,0,0,0.0,0.0,1,3,0,3814
1,1,0,0,0,0.2857,0.0,0.0,0.0,0.0,1,0,0,0,0.0,0.0,1,3,0,3815
1,1,0,1,0,0.4286,0.0,0.0,0.0,0.0,2,0,0,0,0.0,0.0,1,3,0,3816
1,1,0,1,0,0.5714,0.3333333333333333,1.0,0.0,0.0,3,1,0,1,0.0,0.3333333333333333,1,3,0,3817
2,7,1,1,1,0.7143,0.5,1.0,0.0,0.0,4,2,0,2,0.0,0.5,1,3,0,3818
2,7,1,1,1,0.8571,0.6,1.0,0.2,1.0,5,3,0,3,0.5,0.6,1,3,1,3819
3,2,3,1,1,1.0,0.6666666666666666,1.0,0.3333333333333333,1.0,6,4,0,4,0.5,0.6666666666666666,1,3,1,3820
1,1,0,1,0,0.2,0.0,0.0,0.0,0.0,0,0,0,0,0.0,0.0,3,4,0,3821
1,7,1,1,1,0.4,1.0,1.0,0.0,0.0,1,1,0,1,0.0,1.0,3,4,0,3822
2,1,0,1,1,0.6,1.0,1.0,0.5,1.0,2,2,0,2,0.5,1.0,3,4,1,3823
2,6,1,1,1,0.8,1.0,1.0,0.6666666666666666,1.0,3,3,0,3,0.5,1.0,3,4,1,3824
3,7,1,1,1,1.0,1.0,1.0,0.75,1.0,4,4,0,4,0.5,1.0,3,4,1,3825
1,2,3,0,0,0.1667,0.0,0.0,0.0,0.0,0,0,0,0,0.0,0.0,0,2,0,3826
1,1,0,1,0,0.3333,0.0,0.0,0.0,0.0,1,0,0,0,0.0,0.0,0,2,0,3827
1,1,0,1,0,0.5,0.5,1.0,0.0,0.0,2,1,0,1,0.0,0.5,0,2,0,3828
2,7,1,1,1,0.6667,0.6666666666666666,1.0,0.0,0.0,3,2,0,2,0.0,0.6666666666666666,0,2,0,3829
2,7,1,1,1,0.8333,0.75,1.0,0.25,1.0,4,3,0,3,0.5,0.75,0,2,1,3830
3,6,1,1,1,1.0,0.8,1.0,0.4,1.0,5,4,0,4,0.5,0.8,0,2,1,3831
1,2,3,0,0,0.1667,0.0,0.0,0.0,0.0,0,0,0,0,0.0,0.0,3,3,0,3832
1,1,0,1,0,0.3333,0.0,0.0,0.0,0.0,1,0,0,0,0.0,0.0,3,3,0,3833
1,1,0,1,0,0.5,0.5,1.0,0.0,0.0,2,1,0,1,0.0,0.5,3,3,0,3834
2,7,1,1,1,0.6667,0.6666666666666666,1.0,0.0,0.0,3,2,0,2,0.0,0.6666666666666666,3,3,0,3835
2,7,1,1,1,0.8333,0.75,1.0,0.25,1.0,4,3,0,3,0.5,0.75,3,3,1,3836
3,6,1,1,1,1.0,0.8,1.0,0.4,1.0,5,4,0,4,0.5,0.8,3,3,1,3837
1,0,0,0,0,0.1429,0.0,0.0,0.0,0.0,0,0,0,0,0.0,0.0,1,4,0,3838
1,1,0,0,0,0.2857,0.0,0.0,0.0,0.0,1,0,0,0,0.0,0.0,1,4,0,3839
1,1,0,1,0,0.4286,0.0,0.0,0.0,0.0,2,0,0,0,0.0,0.0,1,4,0,3840
1,1,0,1,0,0.5714,0.3333333333333333,1.0,0.0,0.0,3,1,0,1,0.0,0.3333333333333333,1,4,0,3841
2,7,1,1,1,0.7143,0.5,1.0,0.0,0.0,4,2,0,2,0.0,0.5,1,4,0,3842
2,7,1,1,1,0.8571,0.6,1.0,0.2,1.0,5,3,0,3,0.5,0.6,1,4,1,3843
3,2,3,1,1,1.0,0.6666666666666666,1.0,0.3333333333333333,1.0,6,4,0,4,0.5,0.6666666666666666,1,4,1,3844
1,1,0,1,0,0.2,0.0,0.0,0.0,0.0,0,0,0,0,0.0,0.0,0,4,0,3845
1,7,1,1,1,0.4,1.0,1.0,0.0,0.0,1,1,0,1,0.0,1.0,0,4,0,3846
2,1,0,1,1,0.6,1.0,1.0,0.5,1.0,2,2,0,2,0.5,1.0,0,4,1,3847
2,6,1,1,1,0.8,1.0,1.0,0.6666666666666666,1.0,3,3,0,3,0.5,1.0,0,4,1,3848
3,7,1,1,1,1.0,1.0,1.0,0.75,1.0,4,4,0,4,0.5,1.0,0,4,1,3849
1,1,0,1,0,0.2,0.0,0.0,0.0,0.0,0,0,0,0,0.0,0.0,0,4,0,3850
1,7,1,1,1,0.4,1.0,1.0,0.0,0.0,1,1,0,1,0.0,1.0,0,4,0,3851
2,1,0,1,1,0.6,1.0,1.0,0.5,1.0,2,2,0,2,0.5,1.0,0,4,1,3852
2,6,1,1,1,0.8,1.0,1.0,0.6666666666666666,1.0,3,3,0,3,0.5,1.0,0,4,1,3853
3,7,1,1,1,1.0,1.0,1.0,0.75,1.0,4,4,0,4,0.5,1.0,0,4,1,3854
1,0,0,0,0,0.1429,0.0,0.0,0.0,0.0,0,0,0,0,0.0,0.0,0,4,0,3855
1,1,0,0,0,0.2857,0.0,0.0,0.0,0.0,1,0,0,0,0.0,0.0,0,4,0,3856
1,1,0,1,0,0.4286,0.0,0.0,0.0,0.0,2,0,0,0,0.0,0.0,0,4,0,3857
1,1,0,1,0,0.5714,0.3333333333333333,1.0,0.0,0.0,3,1,0,1,0.0,0.3333333333333333,0,4,0,3858
2,7,1,1,1,0.7143,0.5,1.0,0.0,0.0,4,2,0,2,0.0,0.5,0,4,0,3859
2,7,1,1,1,0.8571,0.6,1.0,0.2,1.0,5,3,0,3,0.5,0.6,0,4,1,3860
3,2,3,1,1,1.0,0.6666666666666666,1.0,0.3333333333333333,1.0,6,4,0,4,0.5,0.6666666666666666,0,4,1,3861
1,0,0,0,0,0.1429,0.0,0.0,0.0,0.0,0,0,0,0,0.0,0.0,1,2,0,3862
1,1,0,0,0,0.2857,0.0,0.0,0.0,0.0,1,0,0,0,0.0,0.0,1,2,0,3863
1,1,0,1,0,0.4286,0.0,0.0,0.0,0.0,2,0,0,0,0.0,0.0,1,2,0,3864
1,1,0,1,0,0.5714,0.3333333333333333,1.0,0.0,0.0,3,1,0,1,0.0,0.3333333333333333,1,2,0,3865
2,7,1,1,1,0.7143,0.5,1.0,0.0,0.0,4,2,0,2,0.0,0.5,1,2,0,3866
2,7,1,1,1,0.8571,0.6,1.0,0.2,1.0,5,3,0,3,0.5,0.6,1,2,1,3867
3,2,3,1,1,1.0,0.6666666666666666,1.0,0.3333333333333333,1.0,6,4,0,4,0.5,0.6666666666666666,1,2,1,3868
1,2,3,0,0,0.1667,0.0,0.0,0.0,0.0,0,0,0,0,0.0,0.0,1,3,0,3869
1,1,0,1,0,0.3333,0.0,0.0,0.0,0.0,1,0,0,0,0.0,0.0,1,3,0,3870
1,1,0,1,0,0.5,0.5,1.0,0.0,0.0,2,1,0,1,0.0,0.5,1,3,0,3871
2,7,1,1,1,0.6667,0.6666666666666666,1.0,0.0,0.0,3,2,0,2,0.0,0.6666666666666666,1,3,0,3872
2,7,1,1,1,0.8333,0.75,1.0,0.25,1.0,4,3,0,3,0.5,0.75,1,3,1,3873
3,6,1,1,1,1.0,0.8,1.0,0.4,1.0,5,4,0,4,0.5,0.8,1,3,1,3874
1,2,3,0,0,0.1667,0.0,0.0,0.0,0.0,0,0,0,0,0.0,0.0,1,2,0,3875
1,1,0,1,0,0.3333,0.0,0.0,0.0,0.0,1,0,0,0,0.0,0.0,1,2,0,3876
1,1,0,1,0,0.5,0.5,1.0,0.0,0.0,2,1,0,1,0.0,0.5,1,2,0,3877
2,7,1,1,1,0.6667,0.6666666666666666,1.0,0.0,0.0,3,2,0,2,0.0,0.6666666666666666,1,2,0,3878
2,7,1,1,1,0.8333,0.75,1.0,0.25,1.0,4,3,0,3,0.5,0.75,1,2,1,3879
3,6,1,1,1,1.0,0.8,1.0,0.4,1.0,5,4,0,4,0.5,0.8,1,2,1,3880
1,1,0,1,0,0.2,0.0,0.0,0.0,0.0,0,0,0,0,0.0,0.0,1,3,0,3881
1,7,1,1,1,0.4,1.0,1.0,0.0,0.0,1,1,0,1,0.0,1.0,1,3,0,3882
2,1,0,1,1,0.6,1.0,1.0,0.5,1.0,2,2,0,2,0.5,1.0,1,3,1,3883
2,6,1,1,1,0.8,1.0,1.0,0.6666666666666666,1.0,3,3,0,3,0.5,1.0,1,3,1,3884
3,7,1,1,1,1.0,1.0,1.0,0.75,1.0,4,4,0,4,0.5,1.0,1,3,1,3885
1,1,0,1,0,0.2,0.0,0.0,0.0,0.0,0,0,0,0,0.0,0.0,0,2,0,3886
1,7,1,1,1,0.4,1.0,1.0,0.0,0.0,1,1,0,1,0.0,1.0,0,2,0,3887
2,1,0,1,1,0.6,1.0,1.0,0.5,1.0,2,2,0,2,0.5,1.0,0,2,1,3888
2,6,1,1,1,0.8,1.0,1.0,0.6666666666666666,1.0,3,3,0,3,0.5,1.0,0,2,1,3889
3,7,1,1,1,1.0,1.0,1.0,0.75,1.0,4,4,0,4,0.5,1.0,0,2,1,3890
1,2,3,0,0,0.1667,0.0,0.0,0.0,0.0,0,0,0,0,0.0,0.0,3,4,0,3891
1,1,0,1,0,0.3333,0.0,0.0,0.0,0.0,1,0,0,0,0.0,0.0,3,4,0,3892
1,1,0,1,0,0.5,0.5,1.0,0.0,0.0,2,1,0,1,0.0,0.5,3,4,0,3893
2,7,1,1,1,0.6667,0.6666666666666666,1.0,0.0,0.0,3,2,0,2,0.0,0.6666666666666666,3,4,0,3894
2,7,1,1,1,0.8333,0.75,1.0,0.25,1.0,4,3,0,3,0.5,0.75,3,4,1,3895
3,6,1,1,1,1.0,0.8,1.0,0.4,1.0,5,4,0,4,0.5,0.8,3,4,1,3896
1,1,0,1,0,0.2,0.0,0.0,0.0,0.0,0,0,0,0,0.0,0.0,0,3,0,3897
1,7,1,1,1,0.4,1.0,1.0,0.0,0.0,1,1,0,1,0.0,1.0,0,3,0,3898
2,1,0,1,1,0.6,1.0,1.0,0.5,1.0,2,2,0,2,0.5,1.0,0,3,1,3899
2,6,1,1,1,0.8,1.0,1.0,0.6666666666666666,1.0,3,3,0,3,0.5,1.0,0,3,1,3900
3,7,1,1,1,1.0,1.0,1.0,0.75,1.0,4,4,0,4,0.5,1.0,0,3,1,3901
1,0,0,0,0,0.1429,0.0,0.0,0.0,0.0,0,0,0,0,0.0,0.0,0,4,0,3902
1,1,0,0,0,0.2857,0.0,0.0,0.0,0.0,1,0,0,0,0.0,0.0,0,4,0,3903
1,1,0,1,0,0.4286,0.0,0.0,0.0,0.0,2,0,0,0,0.0,0.0,0,4,0,3904
1,1,0,1,0,0.5714,0.3333333333333333,1.0,0.0,0.0,3,1,0,1,0.0,0.3333333333333333,0,4,0,3905
2,7,1,1,1,0.7143,0.5,1.0,0.0,0.0,4,2,0,2,0.0,0.5,0,4,0,3906
2,7,1,1,1,0.8571,0.6,1.0,0.2,1.0,5,3,0,3,0.5,0.6,0,4,1,3907
3,2,3,1,1,1.0,0.6666666666666666,1.0,0.3333333333333333,1.0,6,4,0,4,0.5,0.6666666666666666,0,4,1,3908
1,2,3,0,0,0.1667,0.0,0.0,0.0,0.0,0,0,0,0,0.0,0.0,3,2,0,3909
1,1,0,1,0,0.3333,0.0,0.0,0.0,0.0,1,0,0,0,0.0,0.0,3,2,0,3910
1,1,0,1,0,0.5,0.5,1.0,0.0,0.0,2,1,0,1,0.0,0.5,3,2,0,3911
2,7,1,1,1,0.6667,0.6666666666666666,1.0,0.0,0.0,3,2,0,2,0.0,0.6666666666666666,3,2,0,3912
2,7,1,1,1,0.8333,0.75,1.0,0.25,1.0,4,3,0,3,0.5,0.75,3,2,1,3913
3,6,1,1,1,1.0,0.8,1.0,0.4,1.0,5,4,0,4,0.5,0.8,3,2,1,3914
1,2,3,0,0,0.1667,0.0,0.0,0.0,0.0,0,0,0,0,0.0,0.0,0,2,0,3915
1,1,0,1,0,0.3333,0.0,0.0,0.0,0.0,1,0,0,0,0.0,0.0,0,2,0,3916
1,1,0,1,0,0.5,0.5,1.0,0.0,0.0,2,1,0,1,0.0,0.5,0,2,0,3917
2,7,1,1,1,0.6667,0.6666666666666666,1.0,0.0,0.0,3,2,0,2,0.0,0.6666666666666666,0,2,0,3918
2,7,1,1,1,0.8333,0.75,1.0,0.25,1.0,4,3,0,3,0.5,0.75,0,2,1,3919
3,6,1,1,1,1.0,0.8,1.0,0.4,1.0,5,4,0,4,0.5,0.8,0,2,1,3920
1,2,3,0,0,0.1667,0.0,0.0,0.0,0.0,0,0,0,0,0.0,0.0,3,2,0,3921
1,1,0,1,0,0.3333,0.0,0.0,0.0,0.0,1,0,0,0,0.0,0.0,3,2,0,3922
1,1,0,1,0,0.5,0.5,1.0,0.0,0.0,2,1,0,1,0.0,0.5,3,2,0,3923
2,7,1,1,1,0.6667,0.6666666666666666,1.0,0.0,0.0,3,2,0,2,0.0,0.6666666666666666,3,2,0,3924
2,7,1,1,1,0.8333,0.75,1.0,0.25,1.0,4,3,0,3,0.5,0.75,3,2,1,3925
3,6,1,1,1,1.0,0.8,1.0,0.4,1.0,5,4,0,4,0.5,0.8,3,2,1,3926
1,0,0,0,0,0.1429,0.0,0.0,0.0,0.0,0,0,0,0,0.0,0.0,0,4,0,3927
1,1,0,0,0,0.2857,0.0,0.0,0.0,0.0,1,0,0,0,0.0,0.0,0,4,0,3928
1,1,0,1,0,0.4286,0.0,0.0,0.0,0.0,2,0,0,0,0.0,0.0,0,4,0,3929
1,1,0,1,0,0.5714,0.3333333333333333,1.0,0.0,0.0,3,1,0,1,0.0,0.3333333333333333,0,4,0,3930
2,7,1,1,1,0.7143,0.5,1.0,0.0,0.0,4,2,0,2,0.0,0.5,0,4,0,3931
2,7,1,1,1,0.8571,0.6,1.0,0.2,1.0,5,3,0,3,0.5,0.6,0,4,1,3932
3,2,3,1,1,1.0,0.6666666666666666,1.0,0.3333333333333333,1.0,6,4,0,4,0.5,0.6666666666666666,0,4,1,3933
1,1,0,1,0,0.2,0.0,0.0,0.0,0.0,0,0,0,0,0.0,0.0,1,4,0,3934
1,7,1,1,1,0.4,1.0,1.0,0.0,0.0,1,1,0,1,0.0,1.0,1,4,0,3935
2,1,0,1,1,0.6,1.0,1.0,0.5,1.0,2,2,0,2,0.5,1.0,1,4,1,3936
2,6,1,1,1,0.8,1.0,1.0,0.6666666666666666,1.0,3,3,0,3,0.5,1.0,1,4,1,3937
3,7,1,1,1,1.0,1.0,1.0,0.75,1.0,4,4,0,4,0.5,1.0,1,4,1,3938
1,2,3,0,0,0.1667,0.0,0.0,0.0,0.0,0,0,0,0,0.0,0.0,1,3,0,3939
1,1,0,1,0,0.3333,0.0,0.0,0.0,0.0,1,0,0,0,0.0,0.0,1,3,0,3940
1,1,0,1,0,0.5,0.5,1.0,0.0,0.0,2,1,0,1,0.0,0.5,1,3,0,3941
2,7,1,1,1,0.6667,0.6666666666666666,1.0,0.0,0.0,3,2,0,2,0.0,0.6666666666666666,1,3,0,3942
2,7,1,1,1,0.8333,0.75,1.0,0.25,1.0,4,3,0,3,0.5,0.75,1,3,1,3943
3,6,1,1,1,1.0,0.8,1.0,0.4,1.0,5,4,0,4,0.5,0.8,1,3,1,3944
1,0,0,0,0,0.1429,0.0,0.0,0.0,0.0,0,0,0,0,0.0,0.0,0,4,0,3945
1,1,0,0,0,0.2857,0.0,0.0,0.0,0.0,1,0,0,0,0.0,0.0,0,4,0,3946
1,1,0,1,0,0.4286,0.0,0.0,0.0,0.0,2,0,0,0,0.0,0.0,0,4,0,3947
1,1,0,1,0,0.5714,0.3333333333333333,1.0,0.0,0.0,3,1,0,1,0.0,0.3333333333333333,0,4,0,3948
2,7,1,1,1,0.7143,0.5,1.0,0.0,0.0,4,2,0,2,0.0,0.5,0,4,0,3949
2,7,1,1,1,0.8571,0.6,1.0,0.2,1.0,5,3,0,3,0.5,0.6,0,4,1,3950
3,2,3,1,1,1.0,0.6666666666666666,1.0,0.3333333333333333,1.0,6,4,0,4,0.5,0.6666666666666666,0,4,1,3951
1,2,3,0,0,0.1667,0.0,0.0,0.0,0.0,0,0,0,0,0.0,0.0,3,3,0,3952
1,1,0,1,0,0.3333,0.0,0.0,0.0,0.0,1,0,0,0,0.0,0.0,3,3,0,3953
1,1,0,1,0,0.5,0.5,1.0,0.0,0.0,2,1,0,1,0.0,0.5,3,3,0,3954
2,7,1,1,1,0.6667,0.6666666666666666,1.0,0.0,0.0,3,2,0,2,0.0,0.6666666666666666,3,3,0,3955
2,7,1,1,1,0.8333,0.75,1.0,0.25,1.0,4,3,0,3,0.5,0.75,3,3,1,3956
3,6,1,1,1,1.0,0.8,1.0,0.4,1.0,5,4,0,4,0.5,0.8,3,3,1,3957
1,2,3,0,0,0.1667,0.0,0.0,0.0,0.0,0,0,0,0,0.0,0.0,2,3,0,3958
1,1,0,1,0,0.3333,0.0,0.0,0.0,0.0,1,0,0,0,0.0,0.0,2,3,0,3959
1,1,0,1,0,0.5,0.5,1.0,0.0,0.0,2,1,0,1,0.0,0.5,2,3,0,3960
2,7,1,1,1,0.6667,0.6666666666666666,1.0,0.0,0.0,3,2,0,2,0.0,0.6666666666666666,2,3,0,3961
2,7,1,1,1,0.8333,0.75,1.0,0.25,1.0,4,3,0,3,0.5,0.75,2,3,1,3962
3,6,1,1,1,1.0,0.8,1.0,0.4,1.0,5,4,0,4,0.5,0.8,2,3,1,3963
1,2,3,0,0,0.1667,0.0,0.0,0.0,0.0,0,0,0,0,0.0,0.0,2,4,0,3964
1,1,0,1,0,0.3333,0.0,0.0,0.0,0.0,1,0,0,0,0.0,0.0,2,4,0,3965
1,1,0,1,0,0.5,0.5,1.0,0.0,0.0,2,1,0,1,0.0,0.5,2,4,0,3966
2,7,1,1,1,0.6667,0.6666666666666666,1.0,0.0,0.0,3,2,0,2,0.0,0.6666666666666666,2,4,0,3967
2,7,1,1,1,0.8333,0.75,1.0,0.25,1.0,4,3,0,3,0.5,0.75,2,4,1,3968
3,6,1,1,1,1.0,0.8,1.0,0.4,1.0,5,4,0,4,0.5,0.8,2,4,1,3969
1,2,3,0,0,0.1667,0.0,0.0,0.0,0.0,0,0,0,0,0.0,0.0,3,2,0,3970
1,1,0,1,0,0.3333,0.0,0.0,0.0,0.0,1,0,0,0,0.0,0.0,3,2,0,3971
1,1,0,1,0,0.5,0.5,1.0,0.0,0.0,2,1,0,1,0.0,0.5,3,2,0,3972
2,7,1,1,1,0.6667,0.6666666666666666,1.0,0.0,0.0,3,2,0,2,0.0,0.6666666666666666,3,2,0,3973
2,7,1,1,1,0.8333,0.75,1.0,0.25,1.0,4,3,0,3,0.5,0.75,3,2,1,3974
3,6,1,1,1,1.0,0.8,1.0,0.4,1.0,5,4,0,4,0.5,0.8,3,2,1,3975
1,2,3,0,0,0.1667,0.0,0.0,0.0,0.0,0,0,0,0,0.0,0.0,1,4,0,3976
1,1,0,1,0,0.3333,0.0,0.0,0.0,0.0,1,0,0,0,0.0,0.0,1,4,0,3977
1,1,0,1,0,0.5,0.5,1.0,0.0,0.0,2,1,0,1,0.0,0.5,1,4,0,3978
2,7,1,1,1,0.6667,0.6666666666666666,1.0,0.0,0.0,3,2,0,2,0.0,0.6666666666666666,1,4,0,3979
2,7,1,1,1,0.8333,0.75,1.0,0.25,1.0,4,3,0,3,0.5,0.75,1,4,1,3980
3,6,1,1,1,1.0,0.8,1.0,0.4,1.0,5,4,0,4,0.5,0.8,1,4,1,3981
1,0,0,0,0,0.1429,0.0,0.0,0.0,0.0,0,0,0,0,0.0,0.0,3,4,0,3982
1,1,0,0,0,0.2857,0.0,0.0,0.0,0.0,1,0,0,0,0.0,0.0,3,4,0,3983
1,1,0,1,0,0.4286,0.0,0.0,0.0,0.0,2,0,0,0,0.0,0.0,3,4,0,3984
1,1,0,1,0,0.5714,0.3333333333333333,1.0,0.0,0.0,3,1,0,1,0.0,0.3333333333333333,3,4,0,3985
2,7,1,1,1,0.7143,0.5,1.0,0.0,0.0,4,2,0,2,0.0,0.5,3,4,0,3986
2,7,1,1,1,0.8571,0.6,1.0,0.2,1.0,5,3,0,3,0.5,0.6,3,4,1,3987
3,2,3,1,1,1.0,0.6666666666666666,1.0,0.3333333333333333,1.0,6,4,0,4,0.5,0.6666666666666666,3,4,1,3988
1,1,0,1,0,0.2,0.0,0.0,0.0,0.0,0,0,0,0,0.0,0.0,0,3,0,3989
1,7,1,1,1,0.4,1.0,1.0,0.0,0.0,1,1,0,1,0.0,1.0,0,3,0,3990
2,1,0,1,1,0.6,1.0,1.0,0.5,1.0,2,2,0,2,0.5,1.0,0,3,1,3991
2,6,1,1,1,0.8,1.0,1.0,0.6666666666666666,1.0,3,3,0,3,0.5,1.0,0,3,1,3992
3,7,1,1,1,1.0,1.0,1.0,0.75,1.0,4,4,0,4,0.5,1.0,0,3,1,3993
1,2,3,0,0,0.1667,0.0,0.0,0.0,0.0,0,0,0,0,0.0,0.0,3,2,0,3994
1,1,0,1,0,0.3333,0.0,0.0,0.0,0.0,1,0,0,0,0.0,0.0,3,2,0,3995
1,1,0,1,0,0.5,0.5,1.0,0.0,0.0,2,1,0,1,0.0,0.5,3,2,0,3996
2,7,1,1,1,0.6667,0.6666666666666666,1.0,0.0,0.0,3,2,0,2,0.0,0.6666666666666666,3,2,0,3997
2,7,1,1,1,0.8333,0.75,1.0,0.25,1.0,4,3,0,3,0.5,0.75,3,2,1,3998
3,6,1,1,1,1.0,0.8,1.0,0.4,1.0,5,4,0,4,0.5,0.8,3,2,1,3999
1,0,0,0,0,0.1429,0.0,0.0,0.0,0.0,0,0,0,0,0.0,0.0,3,4,0,4000
1,1,0,0,0,0.2857,0.0,0.0,0.0,0.0,1,0,0,0,0.0,0.0,3,4,0,4001
1,1,0,1,0,0.4286,0.0,0.0,0.0,0.0,2,0,0,0,0.0,0.0,3,4,0,4002
1,1,0,1,0,0.5714,0.3333333333333333,1.0,0.0,0.0,3,1,0,1,0.0,0.3333333333333333,3,4,0,4003
2,7,1,1,1,0.7143,0.5,1.0,0.0,0.0,4,2,0,2,0.0,0.5,3,4,0,4004
2,7,1,1,1,0.8571,0.6,1.0,0.2,1.0,5,3,0,3,0.5,0.6,3,4,1,4005
3,2,3,1,1,1.0,0.6666666666666666,1.0,0.3333333333333333,1.0,6,4,0,4,0.5,0.6666666666666666,3,4,1,4006
1,0,0,0,0,0.1429,0.0,0.0,0.0,0.0,0,0,0,0,0.0,0.0,1,3,0,4007
1,1,0,0,0,0.2857,0.0,0.0,0.0,0.0,1,0,0,0,0.0,0.0,1,3,0,4008
1,1,0,1,0,0.4286,0.0,0.0,0.0,0.0,2,0,0,0,0.0,0.0,1,3,0,4009
1,1,0,1,0,0.5714,0.3333333333333333,1.0,0.0,0.0,3,1,0,1,0.0,0.3333333333333333,1,3,0,4010
2,7,1,1,1,0.7143,0.5,1.0,0.0,0.0,4,2,0,2,0.0,0.5,1,3,0,4011
2,7,1,1,1,0.8571,0.6,1.0,0.2,1.0,5,3,0,3,0.5,0.6,1,3,1,4012
3,2,3,1,1,1.0,0.6666666666666666,1.0,0.3333333333333333,1.0,6,4,0,4,0.5,0.6666666666666666,1,3,1,4013
1,0,0,0,0,0.1429,0.0,0.0,0.0,0.0,0,0,0,0,0.0,0.0,2,2,0,4014
1,1,0,0,0,0.2857,0.0,0.0,0.0,0.0,1,0,0,0,0.0,0.0,2,2,0,4015
1,1,0,1,0,0.4286,0.0,0.0,0.0,0.0,2,0,0,0,0.0,0.0,2,2,0,4016
1,1,0,1,0,0.5714,0.3333333333333333,1.0,0.0,0.0,3,1,0,1,0.0,0.3333333333333333,2,2,0,4017
2,7,1,1,1,0.7143,0.5,1.0,0.0,0.0,4,2,0,2,0.0,0.5,2,2,0,4018
2,7,1,1,1,0.8571,0.6,1.0,0.2,1.0,5,3,0,3,0.5,0.6,2,2,1,4019
3,2,3,1,1,1.0,0.6666666666666666,1.0,0.3333333333333333,1.0,6,4,0,4,0.5,0.6666666666666666,2,2,1,4020
1,0,0,0,0,0.1429,0.0,0.0,0.0,0.0,0,0,0,0,0.0,0.0,3,4,0,4021
1,1,0,0,0,0.2857,0.0,0.0,0.0,0.0,1,0,0,0,0.0,0.0,3,4,0,4022
1,1,0,1,0,0.4286,0.0,0.0,0.0,0.0,2,0,0,0,0.0,0.0,3,4,0,4023
1,1,0,1,0,0.5714,0.3333333333333333,1.0,0.0,0.0,3,1,0,1,0.0,0.3333333333333333,3,4,0,4024
2,7,1,1,1,0.7143,0.5,1.0,0.0,0.0,4,2,0,2,0.0,0.5,3,4,0,4025
2,7,1,1,1,0.8571,0.6,1.0,0.2,1.0,5,3,0,3,0.5,0.6,3,4,1,4026
3,2,3,1,1,1.0,0.6666666666666666,1.0,0.3333333333333333,1.0,6,4,0,4,0.5,0.6666666666666666,3,4,1,4027
1,0,0,0,0,0.1429,0.0,0.0,0.0,0.0,0,0,0,0,0.0,0.0,3,2,0,4028
1,1,0,0,0,0.2857,0.0,0.0,0.0,0.0,1,0,0,0,0.0,0.0,3,2,0,4029
1,1,0,1,0,0.4286,0.0,0.0,0.0,0.0,2,0,0,0,0.0,0.0,3,2,0,4030
1,1,0,1,0,0.5714,0.3333333333333333,1.0,0.0,0.0,3,1,0,1,0.0,0.3333333333333333,3,2,0,4031
2,7,1,1,1,0.7143,0.5,1.0,0.0,0.0,4,2,0,2,0.0,0.5,3,2,0,4032
2,7,1,1,1,0.8571,0.6,1.0,0.2,1.0,5,3,0,3,0.5,0.6,3,2,1,4033
3,2,3,1,1,1.0,0.6666666666666666,1.0,0.3333333333333333,1.0,6,4,0,4,0.5,0.6666666666666666,3,2,1,4034
1,2,3,0,0,0.1667,0.0,0.0,0.0,0.0,0,0,0,0,0.0,0.0,3,3,0,4035
1,1,0,1,0,0.3333,0.0,0.0,0.0,0.0,1,0,0,0,0.0,0.0,3,3,0,4036
1,1,0,1,0,0.5,0.5,1.0,0.0,0.0,2,1,0,1,0.0,0.5,3,3,0,4037
2,7,1,1,1,0.6667,0.6666666666666666,1.0,0.0,0.0,3,2,0,2,0.0,0.6666666666666666,3,3,0,4038
2,7,1,1,1,0.8333,0.75,1.0,0.25,1.0,4,3,0,3,0.5,0.75,3,3,1,4039
3,6,1,1,1,1.0,0.8,1.0,0.4,1.0,5,4,0,4,0.5,0.8,3,3,1,4040
1,0,0,0,0,0.1429,0.0,0.0,0.0,0.0,0,0,0,0,0.0,0.0,1,2,0,4041
1,1,0,0,0,0.2857,0.0,0.0,0.0,0.0,1,0,0,0,0.0,0.0,1,2,0,4042
1,1,0,1,0,0.4286,0.0,0.0,0.0,0.0,2,0,0,0,0.0,0.0,1,2,0,4043
1,1,0,1,0,0.5714,0.3333333333333333,1.0,0.0,0.0,3,1,0,1,0.0,0.3333333333333333,1,2,0,4044
2,7,1,1,1,0.7143,0.5,1.0,0.0,0.0,4,2,0,2,0.0,0.5,1,2,0,4045
2,7,1,1,1,0.8571,0.6,1.0,0.2,1.0,5,3,0,3,0.5,0.6,1,2,1,4046
3,2,3,1,1,1.0,0.6666666666666666,1.0,0.3333333333333333,1.0,6,4,0,4,0.5,0.6666666666666666,1,2,1,4047
1,0,0,0,0,0.1429,0.0,0.0,0.0,0.0,0,0,0,0,0.0,0.0,0,2,0,4048
1,1,0,0,0,0.2857,0.0,0.0,0.0,0.0,1,0,0,0,0.0,0.0,0,2,0,4049
1,1,0,1,0,0.4286,0.0,0.0,0.0,0.0,2,0,0,0,0.0,0.0,0,2,0,4050
1,1,0,1,0,0.5714,0.3333333333333333,1.0,0.0,0.0,3,1,0,1,0.0,0.3333333333333333,0,2,0,4051
2,7,1,1,1,0.7143,0.5,1.0,0.0,0.0,4,2,0,2,0.0,0.5,0,2,0,4052
2,7,1,1,1,0.8571,0.6,1.0,0.2,1.0,5,3,0,3,0.5,0.6,0,2,1,4053
3,2,3,1,1,1.0,0.6666666666666666,1.0,0.3333333333333333,1.0,6,4,0,4,0.5,0.6666666666666666,0,2,1,4054
1,2,3,0,0,0.1667,0.0,0.0,0.0,0.0,0,0,0,0,0.0,0.0,1,3,0,4055
1,1,0,1,0,0.3333,0.0,0.0,0.0,0.0,1,0,0,0,0.0,0.0,1,3,0,4056
1,1,0,1,0,0.5,0.5,1.0,0.0,0.0,2,1,0,1,0.0,0.5,1,3,0,4057
2,7,1,1,1,0.6667,0.6666666666666666,1.0,0.0,0.0,3,2,0,2,0.0,0.6666666666666666,1,3,0,4058
2,7,1,1,1,0.8333,0.75,1.0,0.25,1.0,4,3,0,3,0.5,0.75,1,3,1,4059
3,6,1,1,1,1.0,0.8,1.0,0.4,1.0,5,4,0,4,0.5,0.8,1,3,1,4060
1,2,3,0,0,0.1667,0.0,0.0,0.0,0.0,0,0,0,0,0.0,0.0,2,4,0,4061
1,1,0,1,0,0.3333,0.0,0.0,0.0,0.0,1,0,0,0,0.0,0.0,2,4,0,4062
1,1,0,1,0,0.5,0.5,1.0,0.0,0.0,2,1,0,1,0.0,0.5,2,4,0,4063
2,7,1,1,1,0.6667,0.6666666666666666,1.0,0.0,0.0,3,2,0,2,0.0,0.6666666666666666,2,4,0,4064
2,7,1,1,1,0.8333,0.75,1.0,0.25,1.0,4,3,0,3,0.5,0.75,2,4,1,4065
3,6,1,1,1,1.0,0.8,1.0,0.4,1.0,5,4,0,4,0.5,0.8,2,4,1,4066
1,2,3,0,0,0.1667,0.0,0.0,0.0,0.0,0,0,0,0,0.0,0.0,3,2,0,4067
1,1,0,1,0,0.3333,0.0,0.0,0.0,0.0,1,0,0,0,0.0,0.0,3,2,0,4068
1,1,0,1,0,0.5,0.5,1.0,0.0,0.0,2,1,0,1,0.0,0.5,3,2,0,4069
2,7,1,1,1,0.6667,0.6666666666666666,1.0,0.0,0.0,3,2,0,2,0.0,0.6666666666666666,3,2,0,4070
2,7,1,1,1,0.8333,0.75,1.0,0.25,1.0,4,3,0,3,0.5,0.75,3,2,1,4071
3,6,1,1,1,1.0,0.8,1.0,0.4,1.0,5,4,0,4,0.5,0.8,3,2,1,4072
1,1,0,1,0,0.2,0.0,0.0,0.0,0.0,0,0,0,0,0.0,0.0,0,2,0,4073
1,7,1,1,1,0.4,1.0,1.0,0.0,0.0,1,1,0,1,0.0,1.0,0,2,0,4074
2,1,0,1,1,0.6,1.0,1.0,0.5,1.0,2,2,0,2,0.5,1.0,0,2,1,4075
2,6,1,1,1,0.8,1.0,1.0,0.6666666666666666,1.0,3,3,0,3,0.5,1.0,0,2,1,4076
3,7,1,1,1,1.0,1.0,1.0,0.75,1.0,4,4,0,4,0.5,1.0,0,2,1,4077
1,1,0,1,0,0.2,0.0,0.0,0.0,0.0,0,0,0,0,0.0,0.0,3,4,0,4078
1,7,1,1,1,0.4,1.0,1.0,0.0,0.0,1,1,0,1,0.0,1.0,3,4,0,4079
2,1,0,1,1,0.6,1.0,1.0,0.5,1.0,2,2,0,2,0.5,1.0,3,4,1,4080
2,6,1,1,1,0.8,1.0,1.0,0.6666666666666666,1.0,3,3,0,3,0.5,1.0,3,4,1,4081
3,7,1,1,1,1.0,1.0,1.0,0.75,1.0,4,4,0,4,0.5,1.0,3,4,1,4082
1,1,0,1,0,0.2,0.0,0.0,0.0,0.0,0,0,0,0,0.0,0.0,2,3,0,4083
1,7,1,1,1,0.4,1.0,1.0,0.0,0.0,1,1,0,1,0.0,1.0,2,3,0,4084
2,1,0,1,1,0.6,1.0,1.0,0.5,1.0,2,2,0,2,0.5,1.0,2,3,1,4085
2,6,1,1,1,0.8,1.0,1.0,0.6666666666666666,1.0,3,3,0,3,0.5,1.0,2,3,1,4086
3,7,1,1,1,1.0,1.0,1.0,0.75,1.0,4,4,0,4,0.5,1.0,2,3,1,4087
1,2,3,0,0,0.1667,0.0,0.0,0.0,0.0,0,0,0,0,0.0,0.0,2,3,0,4088
1,1,0,1,0,0.3333,0.0,0.0,0.0,0.0,1,0,0,0,0.0,0.0,2,3,0,4089
1,1,0,1,0,0.5,0.5,1.0,0.0,0.0,2,1,0,1,0.0,0.5,2,3,0,4090
2,7,1,1,1,0.6667,0.6666666666666666,1.0,0.0,0.0,3,2,0,2,0.0,0.6666666666666666,2,3,0,4091
2,7,1,1,1,0.8333,0.75,1.0,0.25,1.0,4,3,0,3,0.5,0.75,2,3,1,4092
3,6,1,1,1,1.0,0.8,1.0,0.4,1.0,5,4,0,4,0.5,0.8,2,3,1,4093
1,0,0,0,0,0.1429,0.0,0.0,0.0,0.0,0,0,0,0,0.0,0.0,0,2,0,4094
1,1,0,0,0,0.2857,0.0,0.0,0.0,0.0,1,0,0,0,0.0,0.0,0,2,0,4095
1,1,0,1,0,0.4286,0.0,0.0,0.0,0.0,2,0,0,0,0.0,0.0,0,2,0,4096
1,1,0,1,0,0.5714,0.3333333333333333,1.0,0.0,0.0,3,1,0,1,0.0,0.3333333333333333,0,2,0,4097
2,7,1,1,1,0.7143,0.5,1.0,0.0,0.0,4,2,0,2,0.0,0.5,0,2,0,4098
2,7,1,1,1,0.8571,0.6,1.0,0.2,1.0,5,3,0,3,0.5,0.6,0,2,1,4099
3,2,3,1,1,1.0,0.6666666666666666,1.0,0.3333333333333333,1.0,6,4,0,4,0.5,0.6666666666666666,0,2,1,4100
1,1,0,1,0,0.2,0.0,0.0,0.0,0.0,0,0,0,0,0.0,0.0,2,3,0,4101
1,7,1,1,1,0.4,1.0,1.0,0.0,0.0,1,1,0,1,0.0,1.0,2,3,0,4102
2,1,0,1,1,0.6,1.0,1.0,0.5,1.0,2,2,0,2,0.5,1.0,2,3,1,4103
2,6,1,1,1,0.8,1.0,1.0,0.6666666666666666,1.0,3,3,0,3,0.5,1.0,2,3,1,4104
3,7,1,1,1,1.0,1.0,1.0,0.75,1.0,4,4,0,4,0.5,1.0,2,3,1,4105
1,2,3,0,0,0.1667,0.0,0.0,0.0,0.0,0,0,0,0,0.0,0.0,3,3,0,4106
1,1,0,1,0,0.3333,0.0,0.0,0.0,0.0,1,0,0,0,0.0,0.0,3,3,0,4107
1,1,0,1,0,0.5,0.5,1.0,0.0,0.0,2,1,0,1,0.0,0.5,3,3,0,4108
2,7,1,1,1,0.6667,0.6666666666666666,1.0,0.0,0.0,3,2,0,2,0.0,0.6666666666666666,3,3,0,4109
2,7,1,1,1,0.8333,0.75,1.0,0.25,1.0,4,3,0,3,0.5,0.75,3,3,1,4110
3,6,1,1,1,1.0,0.8,1.0,0.4,1.0,5,4,0,4,0.5,0.8,3,3,1,4111
1,1,0,1,0,0.2,0.0,0.0,0.0,0.0,0,0,0,0,0.0,0.0,0,2,0,4112
1,7,1,1,1,0.4,1.0,1.0,0.0,0.0,1,1,0,1,0.0,1.0,0,2,0,4113
2,1,0,1,1,0.6,1.0,1.0,0.5,1.0,2,2,0,2,0.5,1.0,0,2,1,4114
2,6,1,1,1,0.8,1.0,1.0,0.6666666666666666,1.0,3,3,0,3,0.5,1.0,0,2,1,4115
3,7,1,1,1,1.0,1.0,1.0,0.75,1.0,4,4,0,4,0.5,1.0,0,2,1,4116
1,1,0,1,0,0.2,0.0,0.0,0.0,0.0,0,0,0,0,0.0,0.0,0,4,0,4117
1,7,1,1,1,0.4,1.0,1.0,0.0,0.0,1,1,0,1,0.0,1.0,0,4,0,4118
2,1,0,1,1,0.6,1.0,1.0,0.5,1.0,2,2,0,2,0.5,1.0,0,4,1,4119
2,6,1,1,1,0.8,1.0,1.0,0.6666666666666666,1.0,3,3,0,3,0.5,1.0,0,4,1,4120
3,7,1,1,1,1.0,1.0,1.0,0.75,1.0,4,4,0,4,0.5,1.0,0,4,1,4121
1,2,3,0,0,0.1667,0.0,0.0,0.0,0.0,0,0,0,0,0.0,0.0,0,2,0,4122
1,1,0,1,0,0.3333,0.0,0.0,0.0,0.0,1,0,0,0,0.0,0.0,0,2,0,4123
1,1,0,1,0,0.5,0.5,1.0,0.0,0.0,2,1,0,1,0.0,0.5,0,2,0,4124
2,7,1,1,1,0.6667,0.6666666666666666,1.0,0.0,0.0,3,2,0,2,0.0,0.6666666666666666,0,2,0,4125
2,7,1,1,1,0.8333,0.75,1.0,0.25,1.0,4,3,0,3,0.5,0.75,0,2,1,4126
3,6,1,1,1,1.0,0.8,1.0,0.4,1.0,5,4,0,4,0.5,0.8,0,2,1,4127
1,0,0,0,0,0.1429,0.0,0.0,0.0,0.0,0,0,0,0,0.0,0.0,2,3,0,4128
1,1,0,0,0,0.2857,0.0,0.0,0.0,0.0,1,0,0,0,0.0,0.0,2,3,0,4129
1,1,0,1,0,0.4286,0.0,0.0,0.0,0.0,2,0,0,0,0.0,0.0,2,3,0,4130
1,1,0,1,0,0.5714,0.3333333333333333,1.0,0.0,0.0,3,1,0,1,0.0,0.3333333333333333,2,3,0,4131
2,7,1,1,1,0.7143,0.5,1.0,0.0,0.0,4,2,0,2,0.0,0.5,2,3,0,4132
2,7,1,1,1,0.8571,0.6,1.0,0.2,1.0,5,3,0,3,0.5,0.6,2,3,1,4133
3,2,3,1,1,1.0,0.6666666666666666,1.0,0.3333333333333333,1.0,6,4,0,4,0.5,0.6666666666666666,2,3,1,4134
1,0,0,0,0,0.1429,0.0,0.0,0.0,0.0,0,0,0,0,0.0,0.0,1,3,0,4135
1,1,0,0,0,0.2857,0.0,0.0,0.0,0.0,1,0,0,0,0.0,0.0,1,3,0,4136
1,1,0,1,0,0.4286,0.0,0.0,0.0,0.0,2,0,0,0,0.0,0.0,1,3,0,4137
1,1,0,1,0,0.5714,0.3333333333333333,1.0,0.0,0.0,3,1,0,1,0.0,0.3333333333333333,1,3,0,4138
2,7,1,1,1,0.7143,0.5,1.0,0.0,0.0,4,2,0,2,0.0,0.5,1,3,0,4139
2,7,1,1,1,0.8571,0.6,1.0,0.2,1.0,5,3,0,3,0.5,0.6,1,3,1,4140
3,2,3,1,1,1.0,0.6666666666666666,1.0,0.3333333333333333,1.0,6,4,0,4,0.5,0.6666666666666666,1,3,1,4141
1,2,3,0,0,0.1667,0.0,0.0,0.0,0.0,0,0,0,0,0.0,0.0,1,3,0,4142
1,1,0,1,0,0.3333,0.0,0.0,0.0,0.0,1,0,0,0,0.0,0.0,1,3,0,4143
1,1,0,1,0,0.5,0.5,1.0,0.0,0.0,2,1,0,1,0.0,0.5,1,3,0,4144
2,7,1,1,1,0.6667,0.6666666666666666,1.0,0.0,0.0,3,2,0,2,0.0,0.6666666666666666,1,3,0,4145
2,7,1,1,1,0.8333,0.75,1.0,0.25,1.0,4,3,0,3,0.5,0.75,1,3,1,4146
3,6,1,1,1,1.0,0.8,1.0,0.4,1.0,5,4,0,4,0.5,0.8,1,3,1,4147
1,0,0,0,0,0.1429,0.0,0.0,0.0,0.0,0,0,0,0,0.0,0.0,2,4,0,4148
1,1,0,0,0,0.2857,0.0,0.0,0.0,0.0,1,0,0,0,0.0,0.0,2,4,0,4149
1,1,0,1,0,0.4286,0.0,0.0,0.0,0.0,2,0,0,0,0.0,0.0,2,4,0,4150
1,1,0,1,0,0.5714,0.3333333333333333,1.0,0.0,0.0,3,1,0,1,0.0,0.3333333333333333,2,4,0,4151
2,7,1,1,1,0.7143,0.5,1.0,0.0,0.0,4,2,0,2,0.0,0.5,2,4,0,4152
2,7,1,1,1,0.8571,0.6,1.0,0.2,1.0,5,3,0,3,0.5,0.6,2,4,1,4153
3,2,3,1,1,1.0,0.6666666666666666,1.0,0.3333333333333333,1.0,6,4,0,4,0.5,0.6666666666666666,2,4,1,4154
1,1,0,1,0,0.2,0.0,0.0,0.0,0.0,0,0,0,0,0.0,0.0,2,4,0,4155
1,7,1,1,1,0.4,1.0,1.0,0.0,0.0,1,1,0,1,0.0,1.0,2,4,0,4156
2,1,0,1,1,0.6,1.0,1.0,0.5,1.0,2,2,0,2,0.5,1.0,2,4,1,4157
2,6,1,1,1,0.8,1.0,1.0,0.6666666666666666,1.0,3,3,0,3,0.5,1.0,2,4,1,4158
3,7,1,1,1,1.0,1.0,1.0,0.75,1.0,4,4,0,4,0.5,1.0,2,4,1,4159
1,1,0,1,0,0.2,0.0,0.0,0.0,0.0,0,0,0,0,0.0,0.0,2,4,0,4160
1,7,1,1,1,0.4,1.0,1.0,0.0,0.0,1,1,0,1,0.0,1.0,2,4,0,4161
2,1,0,1,1,0.6,1.0,1.0,0.5,1.0,2,2,0,2,0.5,1.0,2,4,1,4162
2,6,1,1,1,0.8,1.0,1.0,0.6666666666666666,1.0,3,3,0,3,0.5,1.0,2,4,1,4163
3,7,1,1,1,1.0,1.0,1.0,0.75,1.0,4,4,0,4,0.5,1.0,2,4,1,4164
1,2,3,0,0,0.1667,0.0,0.0,0.0,0.0,0,0,0,0,0.0,0.0,2,3,0,4165
1,1,0,1,0,0.3333,0.0,0.0,0.0,0.0,1,0,0,0,0.0,0.0,2,3,0,4166
1,1,0,1,0,0.5,0.5,1.0,0.0,0.0,2,1,0,1,0.0,0.5,2,3,0,4167
2,7,1,1,1,0.6667,0.6666666666666666,1.0,0.0,0.0,3,2,0,2,0.0,0.6666666666666666,2,3,0,4168
2,7,1,1,1,0.8333,0.75,1.0,0.25,1.0,4,3,0,3,0.5,0.75,2,3,1,4169
3,6,1,1,1,1.0,0.8,1.0,0.4,1.0,5,4,0,4,0.5,0.8,2,3,1,4170
1,0,0,0,0,0.1429,0.0,0.0,0.0,0.0,0,0,0,0,0.0,0.0,3,4,0,4171
1,1,0,0,0,0.2857,0.0,0.0,0.0,0.0,1,0,0,0,0.0,0.0,3,4,0,4172
1,1,0,1,0,0.4286,0.0,0.0,0.0,0.0,2,0,0,0,0.0,0.0,3,4,0,4173
1,1,0,1,0,0.5714,0.3333333333333333,1.0,0.0,0.0,3,1,0,1,0.0,0.3333333333333333,3,4,0,4174
2,7,1,1,1,0.7143,0.5,1.0,0.0,0.0,4,2,0,2,0.0,0.5,3,4,0,4175
2,7,1,1,1,0.8571,0.6,1.0,0.2,1.0,5,3,0,3,0.5,0.6,3,4,1,4176
3,2,3,1,1,1.0,0.6666666666666666,1.0,0.3333333333333333,1.0,6,4,0,4,0.5,0.6666666666666666,3,4,1,4177
1,2,3,0,0,0.1667,0.0,0.0,0.0,0.0,0,0,0,0,0.0,0.0,1,4,0,4178
1,1,0,1,0,0.3333,0.0,0.0,0.0,0.0,1,0,0,0,0.0,0.0,1,4,0,4179
1,1,0,1,0,0.5,0.5,1.0,0.0,0.0,2,1,0,1,0.0,0.5,1,4,0,4180
2,7,1,1,1,0.6667,0.6666666666666666,1.0,0.0,0.0,3,2,0,2,0.0,0.6666666666666666,1,4,0,4181
2,7,1,1,1,0.8333,0.75,1.0,0.25,1.0,4,3,0,3,0.5,0.75,1,4,1,4182
3,6,1,1,1,1.0,0.8,1.0,0.4,1.0,5,4,0,4,0.5,0.8,1,4,1,4183
1,2,3,0,0,0.1667,0.0,0.0,0.0,0.0,0,0,0,0,0.0,0.0,0,3,0,4184
1,1,0,1,0,0.3333,0.0,0.0,0.0,0.0,1,0,0,0,0.0,0.0,0,3,0,4185
1,1,0,1,0,0.5,0.5,1.0,0.0,0.0,2,1,0,1,0.0,0.5,0,3,0,4186
2,7,1,1,1,0.6667,0.6666666666666666,1.0,0.0,0.0,3,2,0,2,0.0,0.6666666666666666,0,3,0,4187
2,7,1,1,1,0.8333,0.75,1.0,0.25,1.0,4,3,0,3,0.5,0.75,0,3,1,4188
3,6,1,1,1,1.0,0.8,1.0,0.4,1.0,5,4,0,4,0.5,0.8,0,3,1,4189
1,0,0,0,0,0.1429,0.0,0.0,0.0,0.0,0,0,0,0,0.0,0.0,1,4,0,4190
1,1,0,0,0,0.2857,0.0,0.0,0.0,0.0,1,0,0,0,0.0,0.0,1,4,0,4191
1,1,0,1,0,0.4286,0.0,0.0,0.0,0.0,2,0,0,0,0.0,0.0,1,4,0,4192
1,1,0,1,0,0.5714,0.3333333333333333,1.0,0.0,0.0,3,1,0,1,0.0,0.3333333333333333,1,4,0,4193
2,7,1,1,1,0.7143,0.5,1.0,0.0,0.0,4,2,0,2,0.0,0.5,1,4,0,4194
2,7,1,1,1,0.8571,0.6,1.0,0.2,1.0,5,3,0,3,0.5,0.6,1,4,1,4195
3,2,3,1,1,1.0,0.6666666666666666,1.0,0.3333333333333333,1.0,6,4,0,4,0.5,0.6666666666666666,1,4,1,4196
1,1,0,1,0,0.2,0.0,0.0,0.0,0.0,0,0,0,0,0.0,0.0,3,4,0,4197
1,7,1,1,1,0.4,1.0,1.0,0.0,0.0,1,1,0,1,0.0,1.0,3,4,0,4198
2,1,0,1,1,0.6,1.0,1.0,0.5,1.0,2,2,0,2,0.5,1.0,3,4,1,4199
2,6,1,1,1,0.8,1.0,1.0,0.6666666666666666,1.0,3,3,0,3,0.5,1.0,3,4,1,4200
3,7,1,1,1,1.0,1.0,1.0,0.75,1.0,4,4,0,4,0.5,1.0,3,4,1,4201
1,2,3,0,0,0.1667,0.0,0.0,0.0,0.0,0,0,0,0,0.0,0.0,3,2,0,4202
1,1,0,1,0,0.3333,0.0,0.0,0.0,0.0,1,0,0,0,0.0,0.0,3,2,0,4203
1,1,0,1,0,0.5,0.5,1.0,0.0,0.0,2,1,0,1,0.0,0.5,3,2,0,4204
2,7,1,1,1,0.6667,0.6666666666666666,1.0,0.0,0.0,3,2,0,2,0.0,0.6666666666666666,3,2,0,4205
2,7,1,1,1,0.8333,0.75,1.0,0.25,1.0,4,3,0,3,0.5,0.75,3,2,1,4206
3,6,1,1,1,1.0,0.8,1.0,0.4,1.0,5,4,0,4,0.5,0.8,3,2,1,4207
1,2,3,0,0,0.1667,0.0,0.0,0.0,0.0,0,0,0,0,0.0,0.0,0,4,0,4208
1,1,0,1,0,0.3333,0.0,0.0,0.0,0.0,1,0,0,0,0.0,0.0,0,4,0,4209
1,1,0,1,0,0.5,0.5,1.0,0.0,0.0,2,1,0,1,0.0,0.5,0,4,0,4210
2,7,1,1,1,0.6667,0.6666666666666666,1.0,0.0,0.0,3,2,0,2,0.0,0.6666666666666666,0,4,0,4211
2,7,1,1,1,0.8333,0.75,1.0,0.25,1.0,4,3,0,3,0.5,0.75,0,4,1,4212
3,6,1,1,1,1.0,0.8,1.0,0.4,1.0,5,4,0,4,0.5,0.8,0,4,1,4213
1,0,0,0,0,0.1429,0.0,0.0,0.0,0.0,0,0,0,0,0.0,0.0,1,3,0,4214
1,1,0,0,0,0.2857,0.0,0.0,0.0,0.0,1,0,0,0,0.0,0.0,1,3,0,4215
1,1,0,1,0,0.4286,0.0,0.0,0.0,0.0,2,0,0,0,0.0,0.0,1,3,0,4216
1,1,0,1,0,0.5714,0.3333333333333333,1.0,0.0,0.0,3,1,0,1,0.0,0.3333333333333333,1,3,0,4217
2,7,1,1,1,0.7143,0.5,1.0,0.0,0.0,4,2,0,2,0.0,0.5,1,3,0,4218
2,7,1,1,1,0.8571,0.6,1.0,0.2,1.0,5,3,0,3,0.5,0.6,1,3,1,4219
3,2,3,1,1,1.0,0.6666666666666666,1.0,0.3333333333333333,1.0,6,4,0,4,0.5,0.6666666666666666,1,3,1,4220
1,0,0,0,0,0.1429,0.0,0.0,0.0,0.0,0,0,0,0,0.0,0.0,3,2,0,4221
1,1,0,0,0,0.2857,0.0,0.0,0.0,0.0,1,0,0,0,0.0,0.0,3,2,0,4222
1,1,0,1,0,0.4286,0.0,0.0,0.0,0.0,2,0,0,0,0.0,0.0,3,2,0,4223
1,1,0,1,0,0.5714,0.3333333333333333,1.0,0.0,0.0,3,1,0,1,0.0,0.3333333333333333,3,2,0,4224
2,7,1,1,1,0.7143,0.5,1.0,0.0,0.0,4,2,0,2,0.0,0.5,3,2,0,4225
2,7,1,1,1,0.8571,0.6,1.0,0.2,1.0,5,3,0,3,0.5,0.6,3,2,1,4226
3,2,3,1,1,1.0,0.6666666666666666,1.0,0.3333333333333333,1.0,6,4,0,4,0.5,0.6666666666666666,3,2,1,4227
1,0,0,0,0,0.1429,0.0,0.0,0.0,0.0,0,0,0,0,0.0,0.0,2,4,0,4228
1,1,0,0,0,0.2857,0.0,0.0,0.0,0.0,1,0,0,0,0.0,0.0,2,4,0,4229
1,1,0,1,0,0.4286,0.0,0.0,0.0,0.0,2,0,0,0,0.0,0.0,2,4,0,4230
1,1,0,1,0,0.5714,0.3333333333333333,1.0,0.0,0.0,3,1,0,1,0.0,0.3333333333333333,2,4,0,4231
2,7,1,1,1,0.7143,0.5,1.0,0.0,0.0,4,2,0,2,0.0,0.5,2,4,0,4232
2,7,1,1,1,0.8571,0.6,1.0,0.2,1.0,5,3,0,3,0.5,0.6,2,4,1,4233
3,2,3,1,1,1.0,0.6666666666666666,1.0,0.3333333333333333,1.0,6,4,0,4,0.5,0.6666666666666666,2,4,1,4234
1,1,0,1,0,0.2,0.0,0.0,0.0,0.0,0,0,0,0,0.0,0.0,2,2,0,4235
1,7,1,1,1,0.4,1.0,1.0,0.0,0.0,1,1,0,1,0.0,1.0,2,2,0,4236
2,1,0,1,1,0.6,1.0,1.0,0.5,1.0,2,2,0,2,0.5,1.0,2,2,1,4237
2,6,1,1,1,0.8,1.0,1.0,0.6666666666666666,1.0,3,3,0,3,0.5,1.0,2,2,1,4238
3,7,1,1,1,1.0,1.0,1.0,0.75,1.0,4,4,0,4,0.5,1.0,2,2,1,4239
1,1,0,1,0,0.2,0.0,0.0,0.0,0.0,0,0,0,0,0.0,0.0,0,3,0,4240
1,7,1,1,1,0.4,1.0,1.0,0.0,0.0,1,1,0,1,0.0,1.0,0,3,0,4241
2,1,0,1,1,0.6,1.0,1.0,0.5,1.0,2,2,0,2,0.5,1.0,0,3,1,4242
2,6,1,1,1,0.8,1.0,1.0,0.6666666666666666,1.0,3,3,0,3,0.5,1.0,0,3,1,4243
3,7,1,1,1,1.0,1.0,1.0,0.75,1.0,4,4,0,4,0.5,1.0,0,3,1,4244
1,2,3,0,0,0.1667,0.0,0.0,0.0,0.0,0,0,0,0,0.0,0.0,0,4,0,4245
1,1,0,1,0,0.3333,0.0,0.0,0.0,0.0,1,0,0,0,0.0,0.0,0,4,0,4246
1,1,0,1,0,0.5,0.5,1.0,0.0,0.0,2,1,0,1,0.0,0.5,0,4,0,4247
2,7,1,1,1,0.6667,0.6666666666666666,1.0,0.0,0.0,3,2,0,2,0.0,0.6666666666666666,0,4,0,4248
2,7,1,1,1,0.8333,0.75,1.0,0.25,1.0,4,3,0,3,0.5,0.75,0,4,1,4249
3,6,1,1,1,1.0,0.8,1.0,0.4,1.0,5,4,0,4,0.5,0.8,0,4,1,4250
1,1,0,1,0,0.2,0.0,0.0,0.0,0.0,0,0,0,0,0.0,0.0,1,3,0,4251
1,7,1,1,1,0.4,1.0,1.0,0.0,0.0,1,1,0,1,0.0,1.0,1,3,0,4252
2,1,0,1,1,0.6,1.0,1.0,0.5,1.0,2,2,0,2,0.5,1.0,1,3,1,4253
2,6,1,1,1,0.8,1.0,1.0,0.6666666666666666,1.0,3,3,0,3,0.5,1.0,1,3,1,4254
3,7,1,1,1,1.0,1.0,1.0,0.75,1.0,4,4,0,4,0.5,1.0,1,3,1,4255
1,0,0,0,0,0.1429,0.0,0.0,0.0,0.0,0,0,0,0,0.0,0.0,2,4,0,4256
1,1,0,0,0,0.2857,0.0,0.0,0.0,0.0,1,0,0,0,0.0,0.0,2,4,0,4257
1,1,0,1,0,0.4286,0.0,0.0,0.0,0.0,2,0,0,0,0.0,0.0,2,4,0,4258
1,1,0,1,0,0.5714,0.3333333333333333,1.0,0.0,0.0,3,1,0,1,0.0,0.3333333333333333,2,4,0,4259
2,7,1,1,1,0.7143,0.5,1.0,0.0,0.0,4,2,0,2,0.0,0.5,2,4,0,4260
2,7,1,1,1,0.8571,0.6,1.0,0.2,1.0,5,3,0,3,0.5,0.6,2,4,1,4261
3,2,3,1,1,1.0,0.6666666666666666,1.0,0.3333333333333333,1.0,6,4,0,4,0.5,0.6666666666666666,2,4,1,4262
1,2,3,0,0,0.1667,0.0,0.0,0.0,0.0,0,0,0,0,0.0,0.0,1,2,0,4263
1,1,0,1,0,0.3333,0.0,0.0,0.0,0.0,1,0,0,0,0.0,0.0,1,2,0,4264
1,1,0,1,0,0.5,0.5,1.0,0.0,0.0,2,1,0,1,0.0,0.5,1,2,0,4265
2,7,1,1,1,0.6667,0.6666666666666666,1.0,0.0,0.0,3,2,0,2,0.0,0.6666666666666666,1,2,0,4266
2,7,1,1,1,0.8333,0.75,1.0,0.25,1.0,4,3,0,3,0.5,0.75,1,2,1,4267
3,6,1,1,1,1.0,0.8,1.0,0.4,1.0,5,4,0,4,0.5,0.8,1,2,1,4268
1,2,3,0,0,0.1667,0.0,0.0,0.0,0.0,0,0,0,0,0.0,0.0,2,3,0,4269
1,1,0,1,0,0.3333,0.0,0.0,0.0,0.0,1,0,0,0,0.0,0.0,2,3,0,4270
1,1,0,1,0,0.5,0.5,1.0,0.0,0.0,2,1,0,1,0.0,0.5,2,3,0,4271
2,7,1,1,1,0.6667,0.6666666666666666,1.0,0.0,0.0,3,2,0,2,0.0,0.6666666666666666,2,3,0,4272
2,7,1,1,1,0.8333,0.75,1.0,0.25,1.0,4,3,0,3,0.5,0.75,2,3,1,4273
3,6,1,1,1,1.0,0.8,1.0,0.4,1.0,5,4,0,4,0.5,0.8,2,3,1,4274
1,0,0,0,0,0.1429,0.0,0.0,0.0,0.0,0,0,0,0,0.0,0.0,2,4,0,4275
1,1,0,0,0,0.2857,0.0,0.0,0.0,0.0,1,0,0,0,0.0,0.0,2,4,0,4276
1,1,0,1,0,0.4286,0.0,0.0,0.0,0.0,2,0,0,0,0.0,0.0,2,4,0,4277
1,1,0,1,0,0.5714,0.3333333333333333,1.0,0.0,0.0,3,1,0,1,0.0,0.3333333333333333,2,4,0,4278
2,7,1,1,1,0.7143,0.5,1.0,0.0,0.0,4,2,0,2,0.0,0.5,2,4,0,4279
2,7,1,1,1,0.8571,0.6,1.0,0.2,1.0,5,3,0,3,0.5,0.6,2,4,1,4280
3,2,3,1,1,1.0,0.6666666666666666,1.0,0.3333333333333333,1.0,6,4,0,4,0.5,0.6666666666666666,2,4,1,4281
1,1,0,1,0,0.2,0.0,0.0,0.0,0.0,0,0,0,0,0.0,0.0,0,3,0,4282
1,7,1,1,1,0.4,1.0,1.0,0.0,0.0,1,1,0,1,0.0,1.0,0,3,0,4283
2,1,0,1,1,0.6,1.0,1.0,0.5,1.0,2,2,0,2,0.5,1.0,0,3,1,4284
2,6,1,1,1,0.8,1.0,1.0,0.6666666666666666,1.0,3,3,0,3,0.5,1.0,0,3,1,4285
3,7,1,1,1,1.0,1.0,1.0,0.75,1.0,4,4,0,4,0.5,1.0,0,3,1,4286
1,2,3,0,0,0.1667,0.0,0.0,0.0,0.0,0,0,0,0,0.0,0.0,2,2,0,4287
1,1,0,1,0,0.3333,0.0,0.0,0.0,0.0,1,0,0,0,0.0,0.0,2,2,0,4288
1,1,0,1,0,0.5,0.5,1.0,0.0,0.0,2,1,0,1,0.0,0.5,2,2,0,4289
2,7,1,1,1,0.6667,0.6666666666666666,1.0,0.0,0.0,3,2,0,2,0.0,0.6666666666666666,2,2,0,4290
2,7,1,1,1,0.8333,0.75,1.0,0.25,1.0,4,3,0,3,0.5,0.75,2,2,1,4291
3,6,1,1,1,1.0,0.8,1.0,0.4,1.0,5,4,0,4,0.5,0.8,2,2,1,4292
1,0,0,0,0,0.1429,0.0,0.0,0.0,0.0,0,0,0,0,0.0,0.0,3,4,0,4293
1,1,0,0,0,0.2857,0.0,0.0,0.0,0.0,1,0,0,0,0.0,0.0,3,4,0,4294
1,1,0,1,0,0.4286,0.0,0.0,0.0,0.0,2,0,0,0,0.0,0.0,3,4,0,4295
1,1,0,1,0,0.5714,0.3333333333333333,1.0,0.0,0.0,3,1,0,1,0.0,0.3333333333333333,3,4,0,4296
2,7,1,1,1,0.7143,0.5,1.0,0.0,0.0,4,2,0,2,0.0,0.5,3,4,0,4297
2,7,1,1,1,0.8571,0.6,1.0,0.2,1.0,5,3,0,3,0.5,0.6,3,4,1,4298
3,2,3,1,1,1.0,0.6666666666666666,1.0,0.3333333333333333,1.0,6,4,0,4,0.5,0.6666666666666666,3,4,1,4299
1,0,0,0,0,0.1429,0.0,0.0,0.0,0.0,0,0,0,0,0.0,0.0,1,3,0,4300
1,1,0,0,0,0.2857,0.0,0.0,0.0,0.0,1,0,0,0,0.0,0.0,1,3,0,4301
1,1,0,1,0,0.4286,0.0,0.0,0.0,0.0,2,0,0,0,0.0,0.0,1,3,0,4302
1,1,0,1,0,0.5714,0.3333333333333333,1.0,0.0,0.0,3,1,0,1,0.0,0.3333333333333333,1,3,0,4303
2,7,1,1,1,0.7143,0.5,1.0,0.0,0.0,4,2,0,2,0.0,0.5,1,3,0,4304
2,7,1,1,1,0.8571,0.6,1.0,0.2,1.0,5,3,0,3,0.5,0.6,1,3,1,4305
3,2,3,1,1,1.0,0.6666666666666666,1.0,0.3333333333333333,1.0,6,4,0,4,0.5,0.6666666666666666,1,3,1,4306
1,0,0,0,0,0.1429,0.0,0.0,0.0,0.0,0,0,0,0,0.0,0.0,3,3,0,4307
1,1,0,0,0,0.2857,0.0,0.0,0.0,0.0,1,0,0,0,0.0,0.0,3,3,0,4308
1,1,0,1,0,0.4286,0.0,0.0,0.0,0.0,2,0,0,0,0.0,0.0,3,3,0,4309
1,1,0,1,0,0.5714,0.3333333333333333,1.0,0.0,0.0,3,1,0,1,0.0,0.3333333333333333,3,3,0,4310
2,7,1,1,1,0.7143,0.5,1.0,0.0,0.0,4,2,0,2,0.0,0.5,3,3,0,4311
2,7,1,1,1,0.8571,0.6,1.0,0.2,1.0,5,3,0,3,0.5,0.6,3,3,1,4312
3,2,3,1,1,1.0,0.6666666666666666,1.0,0.3333333333333333,1.0,6,4,0,4,0.5,0.6666666666666666,3,3,1,4313
1,1,0,1,0,0.2,0.0,0.0,0.0,0.0,0,0,0,0,0.0,0.0,1,4,0,4314
1,7,1,1,1,0.4,1.0,1.0,0.0,0.0,1,1,0,1,0.0,1.0,1,4,0,4315
2,1,0,1,1,0.6,1.0,1.0,0.5,1.0,2,2,0,2,0.5,1.0,1,4,1,4316
2,6,1,1,1,0.8,1.0,1.0,0.6666666666666666,1.0,3,3,0,3,0.5,1.0,1,4,1,4317
3,7,1,1,1,1.0,1.0,1.0,0.75,1.0,4,4,0,4,0.5,1.0,1,4,1,4318
1,2,3,0,0,0.1667,0.0,0.0,0.0,0.0,0,0,0,0,0.0,0.0,0,2,0,4319
1,1,0,1,0,0.3333,0.0,0.0,0.0,0.0,1,0,0,0,0.0,0.0,0,2,0,4320
1,1,0,1,0,0.5,0.5,1.0,0.0,0.0,2,1,0,1,0.0,0.5,0,2,0,4321
2,7,1,1,1,0.6667,0.6666666666666666,1.0,0.0,0.0,3,2,0,2,0.0,0.6666666666666666,0,2,0,4322
2,7,1,1,1,0.8333,0.75,1.0,0.25,1.0,4,3,0,3,0.5,0.75,0,2,1,4323
3,6,1,1,1,1.0,0.8,1.0,0.4,1.0,5,4,0,4,0.5,0.8,0,2,1,4324
1,2,3,0,0,0.1667,0.0,0.0,0.0,0.0,0,0,0,0,0.0,0.0,3,4,0,4325
1,1,0,1,0,0.3333,0.0,0.0,0.0,0.0,1,0,0,0,0.0,0.0,3,4,0,4326
1,1,0,1,0,0.5,0.5,1.0,0.0,0.0,2,1,0,1,0.0,0.5,3,4,0,4327
2,7,1,1,1,0.6667,0.6666666666666666,1.0,0.0,0.0,3,2,0,2,0.0,0.6666666666666666,3,4,0,4328
2,7,1,1,1,0.8333,0.75,1.0,0.25,1.0,4,3,0,3,0.5,0.75,3,4,1,4329
3,6,1,1,1,1.0,0.8,1.0,0.4,1.0,5,4,0,4,0.5,0.8,3,4,1,4330
1,2,3,0,0,0.1667,0.0,0.0,0.0,0.0,0,0,0,0,0.0,0.0,1,3,0,4331
1,1,0,1,0,0.3333,0.0,0.0,0.0,0.0,1,0,0,0,0.0,0.0,1,3,0,4332
1,1,0,1,0,0.5,0.5,1.0,0.0,0.0,2,1,0,1,0.0,0.5,1,3,0,4333
2,7,1,1,1,0.6667,0.6666666666666666,1.0,0.0,0.0,3,2,0,2,0.0,0.6666666666666666,1,3,0,4334
2,7,1,1,1,0.8333,0.75,1.0,0.25,1.0,4,3,0,3,0.5,0.75,1,3,1,4335
3,6,1,1,1,1.0,0.8,1.0,0.4,1.0,5,4,0,4,0.5,0.8,1,3,1,4336
1,1,0,1,0,0.2,0.0,0.0,0.0,0.0,0,0,0,0,0.0,0.0,1,3,0,4337
1,7,1,1,1,0.4,1.0,1.0,0.0,0.0,1,1,0,1,0.0,1.0,1,3,0,4338
2,1,0,1,1,0.6,1.0,1.0,0.5,1.0,2,2,0,2,0.5,1.0,1,3,1,4339
2,6,1,1,1,0.8,1.0,1.0,0.6666666666666666,1.0,3,3,0,3,0.5,1.0,1,3,1,4340
3,7,1,1,1,1.0,1.0,1.0,0.75,1.0,4,4,0,4,0.5,1.0,1,3,1,4341
1,1,0,1,0,0.2,0.0,0.0,0.0,0.0,0,0,0,0,0.0,0.0,0,2,0,4342
1,7,1,1,1,0.4,1.0,1.0,0.0,0.0,1,1,0,1,0.0,1.0,0,2,0,4343
2,1,0,1,1,0.6,1.0,1.0,0.5,1.0,2,2,0,2,0.5,1.0,0,2,1,4344
2,6,1,1,1,0.8,1.0,1.0,0.6666666666666666,1.0,3,3,0,3,0.5,1.0,0,2,1,4345
3,7,1,1,1,1.0,1.0,1.0,0.75,1.0,4,4,0,4,0.5,1.0,0,2,1,4346
1,1,0,1,0,0.2,0.0,0.0,0.0,0.0,0,0,0,0,0.0,0.0,0,4,0,4347
1,7,1,1,1,0.4,1.0,1.0,0.0,0.0,1,1,0,1,0.0,1.0,0,4,0,4348
2,1,0,1,1,0.6,1.0,1.0,0.5,1.0,2,2,0,2,0.5,1.0,0,4,1,4349
2,6,1,1,1,0.8,1.0,1.0,0.6666666666666666,1.0,3,3,0,3,0.5,1.0,0,4,1,4350
3,7,1,1,1,1.0,1.0,1.0,0.75,1.0,4,4,0,4,0.5,1.0,0,4,1,4351
1,2,3,0,0,0.1667,0.0,0.0,0.0,0.0,0,0,0,0,0.0,0.0,3,4,0,4352
1,1,0,1,0,0.3333,0.0,0.0,0.0,0.0,1,0,0,0,0.0,0.0,3,4,0,4353
1,1,0,1,0,0.5,0.5,1.0,0.0,0.0,2,1,0,1,0.0,0.5,3,4,0,4354
2,7,1,1,1,0.6667,0.6666666666666666,1.0,0.0,0.0,3,2,0,2,0.0,0.6666666666666666,3,4,0,4355
2,7,1,1,1,0.8333,0.75,1.0,0.25,1.0,4,3,0,3,0.5,0.75,3,4,1,4356
3,6,1,1,1,1.0,0.8,1.0,0.4,1.0,5,4,0,4,0.5,0.8,3,4,1,4357
1,2,3,0,0,0.1667,0.0,0.0,0.0,0.0,0,0,0,0,0.0,0.0,1,3,0,4358
1,1,0,1,0,0.3333,0.0,0.0,0.0,0.0,1,0,0,0,0.0,0.0,1,3,0,4359
1,1,0,1,0,0.5,0.5,1.0,0.0,0.0,2,1,0,1,0.0,0.5,1,3,0,4360
2,7,1,1,1,0.6667,0.6666666666666666,1.0,0.0,0.0,3,2,0,2,0.0,0.6666666666666666,1,3,0,4361
2,7,1,1,1,0.8333,0.75,1.0,0.25,1.0,4,3,0,3,0.5,0.75,1,3,1,4362
3,6,1,1,1,1.0,0.8,1.0,0.4,1.0,5,4,0,4,0.5,0.8,1,3,1,4363
1,0,0,0,0,0.1429,0.0,0.0,0.0,0.0,0,0,0,0,0.0,0.0,2,4,0,4364
1,1,0,0,0,0.2857,0.0,0.0,0.0,0.0,1,0,0,0,0.0,0.0,2,4,0,4365
1,1,0,1,0,0.4286,0.0,0.0,0.0,0.0,2,0,0,0,0.0,0.0,2,4,0,4366
1,1,0,1,0,0.5714,0.3333333333333333,1.0,0.0,0.0,3,1,0,1,0.0,0.3333333333333333,2,4,0,4367
2,7,1,1,1,0.7143,0.5,1.0,0.0,0.0,4,2,0,2,0.0,0.5,2,4,0,4368
2,7,1,1,1,0.8571,0.6,1.0,0.2,1.0,5,3,0,3,0.5,0.6,2,4,1,4369
3,2,3,1,1,1.0,0.6666666666666666,1.0,0.3333333333333333,1.0,6,4,0,4,0.5,0.6666666666666666,2,4,1,4370
1,1,0,1,0,0.2,0.0,0.0,0.0,0.0,0,0,0,0,0.0,0.0,2,4,0,4371
1,7,1,1,1,0.4,1.0,1.0,0.0,0.0,1,1,0,1,0.0,1.0,2,4,0,4372
2,1,0,1,1,0.6,1.0,1.0,0.5,1.0,2,2,0,2,0.5,1.0,2,4,1,4373
2,6,1,1,1,0.8,1.0,1.0,0.6666666666666666,1.0,3,3,0,3,0.5,1.0,2,4,1,4374
3,7,1,1,1,1.0,1.0,1.0,0.75,1.0,4,4,0,4,0.5,1.0,2,4,1,4375
1,2,3,0,0,0.1667,0.0,0.0,0.0,0.0,0,0,0,0,0.0,0.0,3,2,0,4376
1,1,0,1,0,0.3333,0.0,0.0,0.0,0.0,1,0,0,0,0.0,0.0,3,2,0,4377
1,1,0,1,0,0.5,0.5,1.0,0.0,0.0,2,1,0,1,0.0,0.5,3,2,0,4378
2,7,1,1,1,0.6667,0.6666666666666666,1.0,0.0,0.0,3,2,0,2,0.0,0.6666666666666666,3,2,0,4379
2,7,1,1,1,0.8333,0.75,1.0,0.25,1.0,4,3,0,3,0.5,0.75,3,2,1,4380
3,6,1,1,1,1.0,0.8,1.0,0.4,1.0,5,4,0,4,0.5,0.8,3,2,1,4381
1,0,0,0,0,0.1429,0.0,0.0,0.0,0.0,0,0,0,0,0.0,0.0,2,4,0,4382
1,1,0,0,0,0.2857,0.0,0.0,0.0,0.0,1,0,0,0,0.0,0.0,2,4,0,4383
1,1,0,1,0,0.4286,0.0,0.0,0.0,0.0,2,0,0,0,0.0,0.0,2,4,0,4384
1,1,0,1,0,0.5714,0.3333333333333333,1.0,0.0,0.0,3,1,0,1,0.0,0.3333333333333333,2,4,0,4385
2,7,1,1,1,0.7143,0.5,1.0,0.0,0.0,4,2,0,2,0.0,0.5,2,4,0,4386
2,7,1,1,1,0.8571,0.6,1.0,0.2,1.0,5,3,0,3,0.5,0.6,2,4,1,4387
3,2,3,1,1,1.0,0.6666666666666666,1.0,0.3333333333333333,1.0,6,4,0,4,0.5,0.6666666666666666,2,4,1,4388
1,1,0,1,0,0.2,0.0,0.0,0.0,0.0,0,0,0,0,0.0,0.0,0,2,0,4389
1,7,1,1,1,0.4,1.0,1.0,0.0,0.0,1,1,0,1,0.0,1.0,0,2,0,4390
2,1,0,1,1,0.6,1.0,1.0,0.5,1.0,2,2,0,2,0.5,1.0,0,2,1,4391
2,6,1,1,1,0.8,1.0,1.0,0.6666666666666666,1.0,3,3,0,3,0.5,1.0,0,2,1,4392
3,7,1,1,1,1.0,1.0,1.0,0.75,1.0,4,4,0,4,0.5,1.0,0,2,1,4393
1,1,0,1,0,0.2,0.0,0.0,0.0,0.0,0,0,0,0,0.0,0.0,0,3,0,4394
1,7,1,1,1,0.4,1.0,1.0,0.0,0.0,1,1,0,1,0.0,1.0,0,3,0,4395
2,1,0,1,1,0.6,1.0,1.0,0.5,1.0,2,2,0,2,0.5,1.0,0,3,1,4396
2,6,1,1,1,0.8,1.0,1.0,0.6666666666666666,1.0,3,3,0,3,0.5,1.0,0,3,1,4397
3,7,1,1,1,1.0,1.0,1.0,0.75,1.0,4,4,0,4,0.5,1.0,0,3,1,4398
1,0,0,0,0,0.1429,0.0,0.0,0.0,0.0,0,0,0,0,0.0,0.0,1,2,0,4399
1,1,0,0,0,0.2857,0.0,0.0,0.0,0.0,1,0,0,0,0.0,0.0,1,2,0,4400
1,1,0,1,0,0.4286,0.0,0.0,0.0,0.0,2,0,0,0,0.0,0.0,1,2,0,4401
1,1,0,1,0,0.5714,0.3333333333333333,1.0,0.0,0.0,3,1,0,1,0.0,0.3333333333333333,1,2,0,4402
2,7,1,1,1,0.7143,0.5,1.0,0.0,0.0,4,2,0,2,0.0,0.5,1,2,0,4403
2,7,1,1,1,0.8571,0.6,1.0,0.2,1.0,5,3,0,3,0.5,0.6,1,2,1,4404
3,2,3,1,1,1.0,0.6666666666666666,1.0,0.3333333333333333,1.0,6,4,0,4,0.5,0.6666666666666666,1,2,1,4405
1,1,0,1,0,0.2,0.0,0.0,0.0,0.0,0,0,0,0,0.0,0.0,2,2,0,4406
1,7,1,1,1,0.4,1.0,1.0,0.0,0.0,1,1,0,1,0.0,1.0,2,2,0,4407
2,1,0,1,1,0.6,1.0,1.0,0.5,1.0,2,2,0,2,0.5,1.0,2,2,1,4408
2,6,1,1,1,0.8,1.0,1.0,0.6666666666666666,1.0,3,3,0,3,0.5,1.0,2,2,1,4409
3,7,1,1,1,1.0,1.0,1.0,0.75,1.0,4,4,0,4,0.5,1.0,2,2,1,4410
1,2,3,0,0,0.1667,0.0,0.0,0.0,0.0,0,0,0,0,0.0,0.0,0,4,0,4411
1,1,0,1,0,0.3333,0.0,0.0,0.0,0.0,1,0,0,0,0.0,0.0,0,4,0,4412
1,1,0,1,0,0.5,0.5,1.0,0.0,0.0,2,1,0,1,0.0,0.5,0,4,0,4413
2,7,1,1,1,0.6667,0.6666666666666666,1.0,0.0,0.0,3,2,0,2,0.0,0.6666666666666666,0,4,0,4414
2,7,1,1,1,0.8333,0.75,1.0,0.25,1.0,4,3,0,3,0.5,0.75,0,4,1,4415
3,6,1,1,1,1.0,0.8,1.0,0.4,1.0,5,4,0,4,0.5,0.8,0,4,1,4416
1,1,0,1,0,0.2,0.0,0.0,0.0,0.0,0,0,0,0,0.0,0.0,1,2,0,4417
1,7,1,1,1,0.4,1.0,1.0,0.0,0.0,1,1,0,1,0.0,1.0,1,2,0,4418
2,1,0,1,1,0.6,1.0,1.0,0.5,1.0,2,2,0,2,0.5,1.0,1,2,1,4419
2,6,1,1,1,0.8,1.0,1.0,0.6666666666666666,1.0,3,3,0,3,0.5,1.0,1,2,1,4420
3,7,1,1,1,1.0,1.0,1.0,0.75,1.0,4,4,0,4,0.5,1.0,1,2,1,4421
1,2,3,0,0,0.1667,0.0,0.0,0.0,0.0,0,0,0,0,0.0,0.0,3,3,0,4422
1,1,0,1,0,0.3333,0.0,0.0,0.0,0.0,1,0,0,0,0.0,0.0,3,3,0,4423
1,1,0,1,0,0.5,0.5,1.0,0.0,0.0,2,1,0,1,0.0,0.5,3,3,0,4424
2,7,1,1,1,0.6667,0.6666666666666666,1.0,0.0,0.0,3,2,0,2,0.0,0.6666666666666666,3,3,0,4425
2,7,1,1,1,0.8333,0.75,1.0,0.25,1.0,4,3,0,3,0.5,0.75,3,3,1,4426
3,6,1,1,1,1.0,0.8,1.0,0.4,1.0,5,4,0,4,0.5,0.8,3,3,1,4427
1,1,0,1,0,0.2,0.0,0.0,0.0,0.0,0,0,0,0,0.0,0.0,0,3,0,4428
1,7,1,1,1,0.4,1.0,1.0,0.0,0.0,1,1,0,1,0.0,1.0,0,3,0,4429
2,1,0,1,1,0.6,1.0,1.0,0.5,1.0,2,2,0,2,0.5,1.0,0,3,1,4430
2,6,1,1,1,0.8,1.0,1.0,0.6666666666666666,1.0,3,3,0,3,0.5,1.0,0,3,1,4431
3,7,1,1,1,1.0,1.0,1.0,0.75,1.0,4,4,0,4,0.5,1.0,0,3,1,4432
1,1,0,1,0,0.2,0.0,0.0,0.0,0.0,0,0,0,0,0.0,0.0,3,4,0,4433
1,7,1,1,1,0.4,1.0,1.0,0.0,0.0,1,1,0,1,0.0,1.0,3,4,0,4434
2,1,0,1,1,0.6,1.0,1.0,0.5,1.0,2,2,0,2,0.5,1.0,3,4,1,4435
2,6,1,1,1,0.8,1.0,1.0,0.6666666666666666,1.0,3,3,0,3,0.5,1.0,3,4,1,4436
3,7,1,1,1,1.0,1.0,1.0,0.75,1.0,4,4,0,4,0.5,1.0,3,4,1,4437
1,1,0,1,0,0.2,0.0,0.0,0.0,0.0,0,0,0,0,0.0,0.0,0,4,0,4438
1,7,1,1,1,0.4,1.0,1.0,0.0,0.0,1,1,0,1,0.0,1.0,0,4,0,4439
2,1,0,1,1,0.6,1.0,1.0,0.5,1.0,2,2,0,2,0.5,1.0,0,4,1,4440
2,6,1,1,1,0.8,1.0,1.0,0.6666666666666666,1.0,3,3,0,3,0.5,1.0,0,4,1,4441
3,7,1,1,1,1.0,1.0,1.0,0.75,1.0,4,4,0,4,0.5,1.0,0,4,1,4442
1,1,0,1,0,0.2,0.0,0.0,0.0,0.0,0,0,0,0,0.0,0.0,1,4,0,4443
1,7,1,1,1,0.4,1.0,1.0,0.0,0.0,1,1,0,1,0.0,1.0,1,4,0,4444
2,1,0,1,1,0.6,1.0,1.0,0.5,1.0,2,2,0,2,0.5,1.0,1,4,1,4445
2,6,1,1,1,0.8,1.0,1.0,0.6666666666666666,1.0,3,3,0,3,0.5,1.0,1,4,1,4446
3,7,1,1,1,1.0,1.0,1.0,0.75,1.0,4,4,0,4,0.5,1.0,1,4,1,4447
1,1,0,1,0,0.2,0.0,0.0,0.0,0.0,0,0,0,0,0.0,0.0,3,4,0,4448
1,7,1,1,1,0.4,1.0,1.0,0.0,0.0,1,1,0,1,0.0,1.0,3,4,0,4449
2,1,0,1,1,0.6,1.0,1.0,0.5,1.0,2,2,0,2,0.5,1.0,3,4,1,4450
2,6,1,1,1,0.8,1.0,1.0,0.6666666666666666,1.0,3,3,0,3,0.5,1.0,3,4,1,4451
3,7,1,1,1,1.0,1.0,1.0,0.75,1.0,4,4,0,4,0.5,1.0,3,4,1,4452
1,1,0,1,0,0.2,0.0,0.0,0.0,0.0,0,0,0,0,0.0,0.0,0,3,0,4453
1,7,1,1,1,0.4,1.0,1.0,0.0,0.0,1,1,0,1,0.0,1.0,0,3,0,4454
2,1,0,1,1,0.6,1.0,1.0,0.5,1.0,2,2,0,2,0.5,1.0,0,3,1,4455
2,6,1,1,1,0.8,1.0,1.0,0.6666666666666666,1.0,3,3,0,3,0.5,1.0,0,3,1,4456
3,7,1,1,1,1.0,1.0,1.0,0.75,1.0,4,4,0,4,0.5,1.0,0,3,1,4457
1,2,3,0,0,0.1667,0.0,0.0,0.0,0.0,0,0,0,0,0.0,0.0,3,2,0,4458
1,1,0,1,0,0.3333,0.0,0.0,0.0,0.0,1,0,0,0,0.0,0.0,3,2,0,4459
1,1,0,1,0,0.5,0.5,1.0,0.0,0.0,2,1,0,1,0.0,0.5,3,2,0,4460
2,7,1,1,1,0.6667,0.6666666666666666,1.0,0.0,0.0,3,2,0,2,0.0,0.6666666666666666,3,2,0,4461
2,7,1,1,1,0.8333,0.75,1.0,0.25,1.0,4,3,0,3,0.5,0.75,3,2,1,4462
3,6,1,1,1,1.0,0.8,1.0,0.4,1.0,5,4,0,4,0.5,0.8,3,2,1,4463
1,1,0,1,0,0.2,0.0,0.0,0.0,0.0,0,0,0,0,0.0,0.0,0,4,0,4464
1,7,1,1,1,0.4,1.0,1.0,0.0,0.0,1,1,0,1,0.0,1.0,0,4,0,4465
2,1,0,1,1,0.6,1.0,1.0,0.5,1.0,2,2,0,2,0.5,1.0,0,4,1,4466
2,6,1,1,1,0.8,1.0,1.0,0.6666666666666666,1.0,3,3,0,3,0.5,1.0,0,4,1,4467
3,7,1,1,1,1.0,1.0,1.0,0.75,1.0,4,4,0,4,0.5,1.0,0,4,1,4468
1,2,3,0,0,0.1667,0.0,0.0,0.0,0.0,0,0,0,0,0.0,0.0,3,3,0,4469
1,1,0,1,0,0.3333,0.0,0.0,0.0,0.0,1,0,0,0,0.0,0.0,3,3,0,4470
1,1,0,1,0,0.5,0.5,1.0,0.0,0.0,2,1,0,1,0.0,0.5,3,3,0,4471
2,7,1,1,1,0.6667,0.6666666666666666,1.0,0.0,0.0,3,2,0,2,0.0,0.6666666666666666,3,3,0,4472
2,7,1,1,1,0.8333,0.75,1.0,0.25,1.0,4,3,0,3,0.5,0.75,3,3,1,4473
3,6,1,1,1,1.0,0.8,1.0,0.4,1.0,5,4,0,4,0.5,0.8,3,3,1,4474
1,2,3,0,0,0.1667,0.0,0.0,0.0,0.0,0,0,0,0,0.0,0.0,2,3,0,4475
1,1,0,1,0,0.3333,0.0,0.0,0.0,0.0,1,0,0,0,0.0,0.0,2,3,0,4476
1,1,0,1,0,0.5,0.5,1.0,0.0,0.0,2,1,0,1,0.0,0.5,2,3,0,4477
2,7,1,1,1,0.6667,0.6666666666666666,1.0,0.0,0.0,3,2,0,2,0.0,0.6666666666666666,2,3,0,4478
2,7,1,1,1,0.8333,0.75,1.0,0.25,1.0,4,3,0,3,0.5,0.75,2,3,1,4479
3,6,1,1,1,1.0,0.8,1.0,0.4,1.0,5,4,0,4,0.5,0.8,2,3,1,4480
1,1,0,1,0,0.2,0.0,0.0,0.0,0.0,0,0,0,0,0.0,0.0,0,3,0,4481
1,7,1,1,1,0.4,1.0,1.0,0.0,0.0,1,1,0,1,0.0,1.0,0,3,0,4482
2,1,0,1,1,0.6,1.0,1.0,0.5,1.0,2,2,0,2,0.5,1.0,0,3,1,4483
2,6,1,1,1,0.8,1.0,1.0,0.6666666666666666,1.0,3,3,0,3,0.5,1.0,0,3,1,4484
3,7,1,1,1,1.0,1.0,1.0,0.75,1.0,4,4,0,4,0.5,1.0,0,3,1,4485
1,1,0,1,0,0.2,0.0,0.0,0.0,0.0,0,0,0,0,0.0,0.0,0,4,0,4486
1,7,1,1,1,0.4,1.0,1.0,0.0,0.0,1,1,0,1,0.0,1.0,0,4,0,4487
2,1,0,1,1,0.6,1.0,1.0,0.5,1.0,2,2,0,2,0.5,1.0,0,4,1,4488
2,6,1,1,1,0.8,1.0,1.0,0.6666666666666666,1.0,3,3,0,3,0.5,1.0,0,4,1,4489
3,7,1,1,1,1.0,1.0,1.0,0.75,1.0,4,4,0,4,0.5,1.0,0,4,1,4490
1,1,0,1,0,0.2,0.0,0.0,0.0,0.0,0,0,0,0,0.0,0.0,1,3,0,4491
1,7,1,1,1,0.4,1.0,1.0,0.0,0.0,1,1,0,1,0.0,1.0,1,3,0,4492
2,1,0,1,1,0.6,1.0,1.0,0.5,1.0,2,2,0,2,0.5,1.0,1,3,1,4493
2,6,1,1,1,0.8,1.0,1.0,0.6666666666666666,1.0,3,3,0,3,0.5,1.0,1,3,1,4494
3,7,1,1,1,1.0,1.0,1.0,0.75,1.0,4,4,0,4,0.5,1.0,1,3,1,4495
1,1,0,1,0,0.2,0.0,0.0,0.0,0.0,0,0,0,0,0.0,0.0,1,4,0,4496
1,7,1,1,1,0.4,1.0,1.0,0.0,0.0,1,1,0,1,0.0,1.0,1,4,0,4497
2,1,0,1,1,0.6,1.0,1.0,0.5,1.0,2,2,0,2,0.5,1.0,1,4,1,4498
2,6,1,1,1,0.8,1.0,1.0,0.6666666666666666,1.0,3,3,0,3,0.5,1.0,1,4,1,4499
3,7,1,1,1,1.0,1.0,1.0,0.75,1.0,4,4,0,4,0.5,1.0,1,4,1,4500
1,0,0,0,0,0.1429,0.0,0.0,0.0,0.0,0,0,0,0,0.0,0.0,3,3,0,4501
1,1,0,0,0,0.2857,0.0,0.0,0.0,0.0,1,0,0,0,0.0,0.0,3,3,0,4502
1,1,0,1,0,0.4286,0.0,0.0,0.0,0.0,2,0,0,0,0.0,0.0,3,3,0,4503
1,1,0,1,0,0.5714,0.3333333333333333,1.0,0.0,0.0,3,1,0,1,0.0,0.3333333333333333,3,3,0,4504
2,7,1,1,1,0.7143,0.5,1.0,0.0,0.0,4,2,0,2,0.0,0.5,3,3,0,4505
2,7,1,1,1,0.8571,0.6,1.0,0.2,1.0,5,3,0,3,0.5,0.6,3,3,1,4506
3,2,3,1,1,1.0,0.6666666666666666,1.0,0.3333333333333333,1.0,6,4,0,4,0.5,0.6666666666666666,3,3,1,4507
1,1,0,1,0,0.2,0.0,0.0,0.0,0.0,0,0,0,0,0.0,0.0,2,4,0,4508
1,7,1,1,1,0.4,1.0,1.0,0.0,0.0,1,1,0,1,0.0,1.0,2,4,0,4509
2,1,0,1,1,0.6,1.0,1.0,0.5,1.0,2,2,0,2,0.5,1.0,2,4,1,4510
2,6,1,1,1,0.8,1.0,1.0,0.6666666666666666,1.0,3,3,0,3,0.5,1.0,2,4,1,4511
3,7,1,1,1,1.0,1.0,1.0,0.75,1.0,4,4,0,4,0.5,1.0,2,4,1,4512
1,2,3,0,0,0.1667,0.0,0.0,0.0,0.0,0,0,0,0,0.0,0.0,2,2,0,4513
1,1,0,1,0,0.3333,0.0,0.0,0.0,0.0,1,0,0,0,0.0,0.0,2,2,0,4514
1,1,0,1,0,0.5,0.5,1.0,0.0,0.0,2,1,0,1,0.0,0.5,2,2,0,4515
2,7,1,1,1,0.6667,0.6666666666666666,1.0,0.0,0.0,3,2,0,2,0.0,0.6666666666666666,2,2,0,4516
2,7,1,1,1,0.8333,0.75,1.0,0.25,1.0,4,3,0,3,0.5,0.75,2,2,1,4517
3,6,1,1,1,1.0,0.8,1.0,0.4,1.0,5,4,0,4,0.5,0.8,2,2,1,4518
1,1,0,1,0,0.2,0.0,0.0,0.0,0.0,0,0,0,0,0.0,0.0,0,4,0,4519
1,7,1,1,1,0.4,1.0,1.0,0.0,0.0,1,1,0,1,0.0,1.0,0,4,0,4520
2,1,0,1,1,0.6,1.0,1.0,0.5,1.0,2,2,0,2,0.5,1.0,0,4,1,4521
2,6,1,1,1,0.8,1.0,1.0,0.6666666666666666,1.0,3,3,0,3,0.5,1.0,0,4,1,4522
3,7,1,1,1,1.0,1.0,1.0,0.75,1.0,4,4,0,4,0.5,1.0,0,4,1,4523
1,1,0,1,0,0.2,0.0,0.0,0.0,0.0,0,0,0,0,0.0,0.0,0,4,0,4524
1,7,1,1,1,0.4,1.0,1.0,0.0,0.0,1,1,0,1,0.0,1.0,0,4,0,4525
2,1,0,1,1,0.6,1.0,1.0,0.5,1.0,2,2,0,2,0.5,1.0,0,4,1,4526
2,6,1,1,1,0.8,1.0,1.0,0.6666666666666666,1.0,3,3,0,3,0.5,1.0,0,4,1,4527
3,7,1,1,1,1.0,1.0,1.0,0.75,1.0,4,4,0,4,0.5,1.0,0,4,1,4528
1,0,0,0,0,0.1429,0.0,0.0,0.0,0.0,0,0,0,0,0.0,0.0,3,3,0,4529
1,1,0,0,0,0.2857,0.0,0.0,0.0,0.0,1,0,0,0,0.0,0.0,3,3,0,4530
1,1,0,1,0,0.4286,0.0,0.0,0.0,0.0,2,0,0,0,0.0,0.0,3,3,0,4531
1,1,0,1,0,0.5714,0.3333333333333333,1.0,0.0,0.0,3,1,0,1,0.0,0.3333333333333333,3,3,0,4532
2,7,1,1,1,0.7143,0.5,1.0,0.0,0.0,4,2,0,2,0.0,0.5,3,3,0,4533
2,7,1,1,1,0.8571,0.6,1.0,0.2,1.0,5,3,0,3,0.5,0.6,3,3,1,4534
3,2,3,1,1,1.0,0.6666666666666666,1.0,0.3333333333333333,1.0,6,4,0,4,0.5,0.6666666666666666,3,3,1,4535
1,2,3,0,0,0.1667,0.0,0.0,0.0,0.0,0,0,0,0,0.0,0.0,1,4,0,4536
1,1,0,1,0,0.3333,0.0,0.0,0.0,0.0,1,0,0,0,0.0,0.0,1,4,0,4537
1,1,0,1,0,0.5,0.5,1.0,0.0,0.0,2,1,0,1,0.0,0.5,1,4,0,4538
2,7,1,1,1,0.6667,0.6666666666666666,1.0,0.0,0.0,3,2,0,2,0.0,0.6666666666666666,1,4,0,4539
2,7,1,1,1,0.8333,0.75,1.0,0.25,1.0,4,3,0,3,0.5,0.75,1,4,1,4540
3,6,1,1,1,1.0,0.8,1.0,0.4,1.0,5,4,0,4,0.5,0.8,1,4,1,4541
1,1,0,1,0,0.2,0.0,0.0,0.0,0.0,0,0,0,0,0.0,0.0,0,2,0,4542
1,7,1,1,1,0.4,1.0,1.0,0.0,0.0,1,1,0,1,0.0,1.0,0,2,0,4543
2,1,0,1,1,0.6,1.0,1.0,0.5,1.0,2,2,0,2,0.5,1.0,0,2,1,4544
2,6,1,1,1,0.8,1.0,1.0,0.6666666666666666,1.0,3,3,0,3,0.5,1.0,0,2,1,4545
3,7,1,1,1,1.0,1.0,1.0,0.75,1.0,4,4,0,4,0.5,1.0,0,2,1,4546
1,2,3,0,0,0.1667,0.0,0.0,0.0,0.0,0,0,0,0,0.0,0.0,3,2,0,4547
1,1,0,1,0,0.3333,0.0,0.0,0.0,0.0,1,0,0,0,0.0,0.0,3,2,0,4548
1,1,0,1,0,0.5,0.5,1.0,0.0,0.0,2,1,0,1,0.0,0.5,3,2,0,4549
2,7,1,1,1,0.6667,0.6666666666666666,1.0,0.0,0.0,3,2,0,2,0.0,0.6666666666666666,3,2,0,4550
2,7,1,1,1,0.8333,0.75,1.0,0.25,1.0,4,3,0,3,0.5,0.75,3,2,1,4551
3,6,1,1,1,1.0,0.8,1.0,0.4,1.0,5,4,0,4,0.5,0.8,3,2,1,4552
1,2,3,0,0,0.1667,0.0,0.0,0.0,0.0,0,0,0,0,0.0,0.0,1,4,0,4553
1,1,0,1,0,0.3333,0.0,0.0,0.0,0.0,1,0,0,0,0.0,0.0,1,4,0,4554
1,1,0,1,0,0.5,0.5,1.0,0.0,0.0,2,1,0,1,0.0,0.5,1,4,0,4555
2,7,1,1,1,0.6667,0.6666666666666666,1.0,0.0,0.0,3,2,0,2,0.0,0.6666666666666666,1,4,0,4556
2,7,1,1,1,0.8333,0.75,1.0,0.25,1.0,4,3,0,3,0.5,0.75,1,4,1,4557
3,6,1,1,1,1.0,0.8,1.0,0.4,1.0,5,4,0,4,0.5,0.8,1,4,1,4558
1,0,0,0,0,0.1429,0.0,0.0,0.0,0.0,0,0,0,0,0.0,0.0,3,3,0,4559
1,1,0,0,0,0.2857,0.0,0.0,0.0,0.0,1,0,0,0,0.0,0.0,3,3,0,4560
1,1,0,1,0,0.4286,0.0,0.0,0.0,0.0,2,0,0,0,0.0,0.0,3,3,0,4561
1,1,0,1,0,0.5714,0.3333333333333333,1.0,0.0,0.0,3,1,0,1,0.0,0.3333333333333333,3,3,0,4562
2,7,1,1,1,0.7143,0.5,1.0,0.0,0.0,4,2,0,2,0.0,0.5,3,3,0,4563
2,7,1,1,1,0.8571,0.6,1.0,0.2,1.0,5,3,0,3,0.5,0.6,3,3,1,4564
3,2,3,1,1,1.0,0.6666666666666666,1.0,0.3333333333333333,1.0,6,4,0,4,0.5,0.6666666666666666,3,3,1,4565
1,0,0,0,0,0.1429,0.0,0.0,0.0,0.0,0,0,0,0,0.0,0.0,1,4,0,4566
1,1,0,0,0,0.2857,0.0,0.0,0.0,0.0,1,0,0,0,0.0,0.0,1,4,0,4567
1,1,0,1,0,0.4286,0.0,0.0,0.0,0.0,2,0,0,0,0.0,0.0,1,4,0,4568
1,1,0,1,0,0.5714,0.3333333333333333,1.0,0.0,0.0,3,1,0,1,0.0,0.3333333333333333,1,4,0,4569
2,7,1,1,1,0.7143,0.5,1.0,0.0,0.0,4,2,0,2,0.0,0.5,1,4,0,4570
2,7,1,1,1,0.8571,0.6,1.0,0.2,1.0,5,3,0,3,0.5,0.6,1,4,1,4571
3,2,3,1,1,1.0,0.6666666666666666,1.0,0.3333333333333333,1.0,6,4,0,4,0.5,0.6666666666666666,1,4,1,4572
1,1,0,1,0,0.2,0.0,0.0,0.0,0.0,0,0,0,0,0.0,0.0,2,2,0,4573
1,7,1,1,1,0.4,1.0,1.0,0.0,0.0,1,1,0,1,0.0,1.0,2,2,0,4574
2,1,0,1,1,0.6,1.0,1.0,0.5,1.0,2,2,0,2,0.5,1.0,2,2,1,4575
2,6,1,1,1,0.8,1.0,1.0,0.6666666666666666,1.0,3,3,0,3,0.5,1.0,2,2,1,4576
3,7,1,1,1,1.0,1.0,1.0,0.75,1.0,4,4,0,4,0.5,1.0,2,2,1,4577
1,1,0,1,0,0.2,0.0,0.0,0.0,0.0,0,0,0,0,0.0,0.0,3,2,0,4578
1,7,1,1,1,0.4,1.0,1.0,0.0,0.0,1,1,0,1,0.0,1.0,3,2,0,4579
2,1,0,1,1,0.6,1.0,1.0,0.5,1.0,2,2,0,2,0.5,1.0,3,2,1,4580
2,6,1,1,1,0.8,1.0,1.0,0.6666666666666666,1.0,3,3,0,3,0.5,1.0,3,2,1,4581
3,7,1,1,1,1.0,1.0,1.0,0.75,1.0,4,4,0,4,0.5,1.0,3,2,1,4582
1,0,0,0,0,0.1429,0.0,0.0,0.0,0.0,0,0,0,0,0.0,0.0,0,4,0,4583
1,1,0,0,0,0.2857,0.0,0.0,0.0,0.0,1,0,0,0,0.0,0.0,0,4,0,4584
1,1,0,1,0,0.4286,0.0,0.0,0.0,0.0,2,0,0,0,0.0,0.0,0,4,0,4585
1,1,0,1,0,0.5714,0.3333333333333333,1.0,0.0,0.0,3,1,0,1,0.0,0.3333333333333333,0,4,0,4586
2,7,1,1,1,0.7143,0.5,1.0,0.0,0.0,4,2,0,2,0.0,0.5,0,4,0,4587
2,7,1,1,1,0.8571,0.6,1.0,0.2,1.0,5,3,0,3,0.5,0.6,0,4,1,4588
3,2,3,1,1,1.0,0.6666666666666666,1.0,0.3333333333333333,1.0,6,4,0,4,0.5,0.6666666666666666,0,4,1,4589
1,0,0,0,0,0.1429,0.0,0.0,0.0,0.0,0,0,0,0,0.0,0.0,1,2,0,4590
1,1,0,0,0,0.2857,0.0,0.0,0.0,0.0,1,0,0,0,0.0,0.0,1,2,0,4591
1,1,0,1,0,0.4286,0.0,0.0,0.0,0.0,2,0,0,0,0.0,0.0,1,2,0,4592
1,1,0,1,0,0.5714,0.3333333333333333,1.0,0.0,0.0,3,1,0,1,0.0,0.3333333333333333,1,2,0,4593
2,7,1,1,1,0.7143,0.5,1.0,0.0,0.0,4,2,0,2,0.0,0.5,1,2,0,4594
2,7,1,1,1,0.8571,0.6,1.0,0.2,1.0,5,3,0,3,0.5,0.6,1,2,1,4595
3,2,3,1,1,1.0,0.6666666666666666,1.0,0.3333333333333333,1.0,6,4,0,4,0.5,0.6666666666666666,1,2,1,4596
1,0,0,0,0,0.1429,0.0,0.0,0.0,0.0,0,0,0,0,0.0,0.0,1,4,0,4597
1,1,0,0,0,0.2857,0.0,0.0,0.0,0.0,1,0,0,0,0.0,0.0,1,4,0,4598
1,1,0,1,0,0.4286,0.0,0.0,0.0,0.0,2,0,0,0,0.0,0.0,1,4,0,4599
1,1,0,1,0,0.5714,0.3333333333333333,1.0,0.0,0.0,3,1,0,1,0.0,0.3333333333333333,1,4,0,4600
2,7,1,1,1,0.7143,0.5,1.0,0.0,0.0,4,2,0,2,0.0,0.5,1,4,0,4601
2,7,1,1,1,0.8571,0.6,1.0,0.2,1.0,5,3,0,3,0.5,0.6,1,4,1,4602
3,2,3,1,1,1.0,0.6666666666666666,1.0,0.3333333333333333,1.0,6,4,0,4,0.5,0.6666666666666666,1,4,1,4603
1,1,0,1,0,0.2,0.0,0.0,0.0,0.0,0,0,0,0,0.0,0.0,1,2,0,4604
1,7,1,1,1,0.4,1.0,1.0,0.0,0.0,1,1,0,1,0.0,1.0,1,2,0,4605
2,1,0,1,1,0.6,1.0,1.0,0.5,1.0,2,2,0,2,0.5,1.0,1,2,1,4606
2,6,1,1,1,0.8,1.0,1.0,0.6666666666666666,1.0,3,3,0,3,0.5,1.0,1,2,1,4607
3,7,1,1,1,1.0,1.0,1.0,0.75,1.0,4,4,0,4,0.5,1.0,1,2,1,4608
1,1,0,1,0,0.2,0.0,0.0,0.0,0.0,0,0,0,0,0.0,0.0,1,3,0,4609
1,7,1,1,1,0.4,1.0,1.0,0.0,0.0,1,1,0,1,0.0,1.0,1,3,0,4610
2,1,0,1,1,0.6,1.0,1.0,0.5,1.0,2,2,0,2,0.5,1.0,1,3,1,4611
2,6,1,1,1,0.8,1.0,1.0,0.6666666666666666,1.0,3,3,0,3,0.5,1.0,1,3,1,4612
3,7,1,1,1,1.0,1.0,1.0,0.75,1.0,4,4,0,4,0.5,1.0,1,3,1,4613
1,1,0,1,0,0.2,0.0,0.0,0.0,0.0,0,0,0,0,0.0,0.0,3,3,0,4614
1,7,1,1,1,0.4,1.0,1.0,0.0,0.0,1,1,0,1,0.0,1.0,3,3,0,4615
2,1,0,1,1,0.6,1.0,1.0,0.5,1.0,2,2,0,2,0.5,1.0,3,3,1,4616
2,6,1,1,1,0.8,1.0,1.0,0.6666666666666666,1.0,3,3,0,3,0.5,1.0,3,3,1,4617
3,7,1,1,1,1.0,1.0,1.0,0.75,1.0,4,4,0,4,0.5,1.0,3,3,1,4618
1,1,0,1,0,0.2,0.0,0.0,0.0,0.0,0,0,0,0,0.0,0.0,0,2,0,4619
1,7,1,1,1,0.4,1.0,1.0,0.0,0.0,1,1,0,1,0.0,1.0,0,2,0,4620
2,1,0,1,1,0.6,1.0,1.0,0.5,1.0,2,2,0,2,0.5,1.0,0,2,1,4621
2,6,1,1,1,0.8,1.0,1.0,0.6666666666666666,1.0,3,3,0,3,0.5,1.0,0,2,1,4622
3,7,1,1,1,1.0,1.0,1.0,0.75,1.0,4,4,0,4,0.5,1.0,0,2,1,4623
1,1,0,1,0,0.2,0.0,0.0,0.0,0.0,0,0,0,0,0.0,0.0,0,2,0,4624
1,7,1,1,1,0.4,1.0,1.0,0.0,0.0,1,1,0,1,0.0,1.0,0,2,0,4625
2,1,0,1,1,0.6,1.0,1.0,0.5,1.0,2,2,0,2,0.5,1.0,0,2,1,4626
2,6,1,1,1,0.8,1.0,1.0,0.6666666666666666,1.0,3,3,0,3,0.5,1.0,0,2,1,4627
3,7,1,1,1,1.0,1.0,1.0,0.75,1.0,4,4,0,4,0.5,1.0,0,2,1,4628
1,0,0,0,0,0.1429,0.0,0.0,0.0,0.0,0,0,0,0,0.0,0.0,2,4,0,4629
1,1,0,0,0,0.2857,0.0,0.0,0.0,0.0,1,0,0,0,0.0,0.0,2,4,0,4630
1,1,0,1,0,0.4286,0.0,0.0,0.0,0.0,2,0,0,0,0.0,0.0,2,4,0,4631
1,1,0,1,0,0.5714,0.3333333333333333,1.0,0.0,0.0,3,1,0,1,0.0,0.3333333333333333,2,4,0,4632
2,7,1,1,1,0.7143,0.5,1.0,0.0,0.0,4,2,0,2,0.0,0.5,2,4,0,4633
2,7,1,1,1,0.8571,0.6,1.0,0.2,1.0,5,3,0,3,0.5,0.6,2,4,1,4634
3,2,3,1,1,1.0,0.6666666666666666,1.0,0.3333333333333333,1.0,6,4,0,4,0.5,0.6666666666666666,2,4,1,4635
1,0,0,0,0,0.1429,0.0,0.0,0.0,0.0,0,0,0,0,0.0,0.0,1,3,0,4636
1,1,0,0,0,0.2857,0.0,0.0,0.0,0.0,1,0,0,0,0.0,0.0,1,3,0,4637
1,1,0,1,0,0.4286,0.0,0.0,0.0,0.0,2,0,0,0,0.0,0.0,1,3,0,4638
1,1,0,1,0,0.5714,0.3333333333333333,1.0,0.0,0.0,3,1,0,1,0.0,0.3333333333333333,1,3,0,4639
2,7,1,1,1,0.7143,0.5,1.0,0.0,0.0,4,2,0,2,0.0,0.5,1,3,0,4640
2,7,1,1,1,0.8571,0.6,1.0,0.2,1.0,5,3,0,3,0.5,0.6,1,3,1,4641
3,2,3,1,1,1.0,0.6666666666666666,1.0,0.3333333333333333,1.0,6,4,0,4,0.5,0.6666666666666666,1,3,1,4642
1,2,3,0,0,0.1667,0.0,0.0,0.0,0.0,0,0,0,0,0.0,0.0,3,3,0,4643
1,1,0,1,0,0.3333,0.0,0.0,0.0,0.0,1,0,0,0,0.0,0.0,3,3,0,4644
1,1,0,1,0,0.5,0.5,1.0,0.0,0.0,2,1,0,1,0.0,0.5,3,3,0,4645
2,7,1,1,1,0.6667,0.6666666666666666,1.0,0.0,0.0,3,2,0,2,0.0,0.6666666666666666,3,3,0,4646
2,7,1,1,1,0.8333,0.75,1.0,0.25,1.0,4,3,0,3,0.5,0.75,3,3,1,4647
3,6,1,1,1,1.0,0.8,1.0,0.4,1.0,5,4,0,4,0.5,0.8,3,3,1,4648
1,1,0,1,0,0.2,0.0,0.0,0.0,0.0,0,0,0,0,0.0,0.0,1,2,0,4649
1,7,1,1,1,0.4,1.0,1.0,0.0,0.0,1,1,0,1,0.0,1.0,1,2,0,4650
2,1,0,1,1,0.6,1.0,1.0,0.5,1.0,2,2,0,2,0.5,1.0,1,2,1,4651
2,6,1,1,1,0.8,1.0,1.0,0.6666666666666666,1.0,3,3,0,3,0.5,1.0,1,2,1,4652
3,7,1,1,1,1.0,1.0,1.0,0.75,1.0,4,4,0,4,0.5,1.0,1,2,1,4653
1,2,3,0,0,0.1667,0.0,0.0,0.0,0.0,0,0,0,0,0.0,0.0,3,3,0,4654
1,1,0,1,0,0.3333,0.0,0.0,0.0,0.0,1,0,0,0,0.0,0.0,3,3,0,4655
1,1,0,1,0,0.5,0.5,1.0,0.0,0.0,2,1,0,1,0.0,0.5,3,3,0,4656
2,7,1,1,1,0.6667,0.6666666666666666,1.0,0.0,0.0,3,2,0,2,0.0,0.6666666666666666,3,3,0,4657
2,7,1,1,1,0.8333,0.75,1.0,0.25,1.0,4,3,0,3,0.5,0.75,3,3,1,4658
3,6,1,1,1,1.0,0.8,1.0,0.4,1.0,5,4,0,4,0.5,0.8,3,3,1,4659
1,0,0,0,0,0.1429,0.0,0.0,0.0,0.0,0,0,0,0,0.0,0.0,3,4,0,4660
1,1,0,0,0,0.2857,0.0,0.0,0.0,0.0,1,0,0,0,0.0,0.0,3,4,0,4661
1,1,0,1,0,0.4286,0.0,0.0,0.0,0.0,2,0,0,0,0.0,0.0,3,4,0,4662
1,1,0,1,0,0.5714,0.3333333333333333,1.0,0.0,0.0,3,1,0,1,0.0,0.3333333333333333,3,4,0,4663
2,7,1,1,1,0.7143,0.5,1.0,0.0,0.0,4,2,0,2,0.0,0.5,3,4,0,4664
2,7,1,1,1,0.8571,0.6,1.0,0.2,1.0,5,3,0,3,0.5,0.6,3,4,1,4665
3,2,3,1,1,1.0,0.6666666666666666,1.0,0.3333333333333333,1.0,6,4,0,4,0.5,0.6666666666666666,3,4,1,4666
1,1,0,1,0,0.2,0.0,0.0,0.0,0.0,0,0,0,0,0.0,0.0,3,3,0,4667
1,7,1,1,1,0.4,1.0,1.0,0.0,0.0,1,1,0,1,0.0,1.0,3,3,0,4668
2,1,0,1,1,0.6,1.0,1.0,0.5,1.0,2,2,0,2,0.5,1.0,3,3,1,4669
2,6,1,1,1,0.8,1.0,1.0,0.6666666666666666,1.0,3,3,0,3,0.5,1.0,3,3,1,4670
3,7,1,1,1,1.0,1.0,1.0,0.75,1.0,4,4,0,4,0.5,1.0,3,3,1,4671
1,1,0,1,0,0.2,0.0,0.0,0.0,0.0,0,0,0,0,0.0,0.0,0,3,0,4672
1,7,1,1,1,0.4,1.0,1.0,0.0,0.0,1,1,0,1,0.0,1.0,0,3,0,4673
2,1,0,1,1,0.6,1.0,1.0,0.5,1.0,2,2,0,2,0.5,1.0,0,3,1,4674
2,6,1,1,1,0.8,1.0,1.0,0.6666666666666666,1.0,3,3,0,3,0.5,1.0,0,3,1,4675
3,7,1,1,1,1.0,1.0,1.0,0.75,1.0,4,4,0,4,0.5,1.0,0,3,1,4676
1,1,0,1,0,0.2,0.0,0.0,0.0,0.0,0,0,0,0,0.0,0.0,2,3,0,4677
1,7,1,1,1,0.4,1.0,1.0,0.0,0.0,1,1,0,1,0.0,1.0,2,3,0,4678
2,1,0,1,1,0.6,1.0,1.0,0.5,1.0,2,2,0,2,0.5,1.0,2,3,1,4679
2,6,1,1,1,0.8,1.0,1.0,0.6666666666666666,1.0,3,3,0,3,0.5,1.0,2,3,1,4680
3,7,1,1,1,1.0,1.0,1.0,0.75,1.0,4,4,0,4,0.5,1.0,2,3,1,4681
1,0,0,0,0,0.1429,0.0,0.0,0.0,0.0,0,0,0,0,0.0,0.0,1,2,0,4682
1,1,0,0,0,0.2857,0.0,0.0,0.0,0.0,1,0,0,0,0.0,0.0,1,2,0,4683
1,1,0,1,0,0.4286,0.0,0.0,0.0,0.0,2,0,0,0,0.0,0.0,1,2,0,4684
1,1,0,1,0,0.5714,0.3333333333333333,1.0,0.0,0.0,3,1,0,1,0.0,0.3333333333333333,1,2,0,4685
2,7,1,1,1,0.7143,0.5,1.0,0.0,0.0,4,2,0,2,0.0,0.5,1,2,0,4686
2,7,1,1,1,0.8571,0.6,1.0,0.2,1.0,5,3,0,3,0.5,0.6,1,2,1,4687
3,2,3,1,1,1.0,0.6666666666666666,1.0,0.3333333333333333,1.0,6,4,0,4,0.5,0.6666666666666666,1,2,1,4688
1,2,3,0,0,0.1667,0.0,0.0,0.0,0.0,0,0,0,0,0.0,0.0,0,3,0,4689
1,1,0,1,0,0.3333,0.0,0.0,0.0,0.0,1,0,0,0,0.0,0.0,0,3,0,4690
1,1,0,1,0,0.5,0.5,1.0,0.0,0.0,2,1,0,1,0.0,0.5,0,3,0,4691
2,7,1,1,1,0.6667,0.6666666666666666,1.0,0.0,0.0,3,2,0,2,0.0,0.6666666666666666,0,3,0,4692
2,7,1,1,1,0.8333,0.75,1.0,0.25,1.0,4,3,0,3,0.5,0.75,0,3,1,4693
3,6,1,1,1,1.0,0.8,1.0,0.4,1.0,5,4,0,4,0.5,0.8,0,3,1,4694
1,1,0,1,0,0.2,0.0,0.0,0.0,0.0,0,0,0,0,0.0,0.0,3,3,0,4695
1,7,1,1,1,0.4,1.0,1.0,0.0,0.0,1,1,0,1,0.0,1.0,3,3,0,4696
2,1,0,1,1,0.6,1.0,1.0,0.5,1.0,2,2,0,2,0.5,1.0,3,3,1,4697
2,6,1,1,1,0.8,1.0,1.0,0.6666666666666666,1.0,3,3,0,3,0.5,1.0,3,3,1,4698
3,7,1,1,1,1.0,1.0,1.0,0.75,1.0,4,4,0,4,0.5,1.0,3,3,1,4699
1,0,0,0,0,0.1429,0.0,0.0,0.0,0.0,0,0,0,0,0.0,0.0,1,4,0,4700
1,1,0,0,0,0.2857,0.0,0.0,0.0,0.0,1,0,0,0,0.0,0.0,1,4,0,4701
1,1,0,1,0,0.4286,0.0,0.0,0.0,0.0,2,0,0,0,0.0,0.0,1,4,0,4702
1,1,0,1,0,0.5714,0.3333333333333333,1.0,0.0,0.0,3,1,0,1,0.0,0.3333333333333333,1,4,0,4703
2,7,1,1,1,0.7143,0.5,1.0,0.0,0.0,4,2,0,2,0.0,0.5,1,4,0,4704
2,7,1,1,1,0.8571,0.6,1.0,0.2,1.0,5,3,0,3,0.5,0.6,1,4,1,4705
3,2,3,1,1,1.0,0.6666666666666666,1.0,0.3333333333333333,1.0,6,4,0,4,0.5,0.6666666666666666,1,4,1,4706
1,1,0,1,0,0.2,0.0,0.0,0.0,0.0,0,0,0,0,0.0,0.0,1,2,0,4707
1,7,1,1,1,0.4,1.0,1.0,0.0,0.0,1,1,0,1,0.0,1.0,1,2,0,4708
2,1,0,1,1,0.6,1.0,1.0,0.5,1.0,2,2,0,2,0.5,1.0,1,2,1,4709
2,6,1,1,1,0.8,1.0,1.0,0.6666666666666666,1.0,3,3,0,3,0.5,1.0,1,2,1,4710
3,7,1,1,1,1.0,1.0,1.0,0.75,1.0,4,4,0,4,0.5,1.0,1,2,1,4711
1,0,0,0,0,0.1429,0.0,0.0,0.0,0.0,0,0,0,0,0.0,0.0,2,4,0,4712
1,1,0,0,0,0.2857,0.0,0.0,0.0,0.0,1,0,0,0,0.0,0.0,2,4,0,4713
1,1,0,1,0,0.4286,0.0,0.0,0.0,0.0,2,0,0,0,0.0,0.0,2,4,0,4714
1,1,0,1,0,0.5714,0.3333333333333333,1.0,0.0,0.0,3,1,0,1,0.0,0.3333333333333333,2,4,0,4715
2,7,1,1,1,0.7143,0.5,1.0,0.0,0.0,4,2,0,2,0.0,0.5,2,4,0,4716
2,7,1,1,1,0.8571,0.6,1.0,0.2,1.0,5,3,0,3,0.5,0.6,2,4,1,4717
3,2,3,1,1,1.0,0.6666666666666666,1.0,0.3333333333333333,1.0,6,4,0,4,0.5,0.6666666666666666,2,4,1,4718
1,1,0,1,0,0.2,0.0,0.0,0.0,0.0,0,0,0,0,0.0,0.0,0,3,0,4719
1,7,1,1,1,0.4,1.0,1.0,0.0,0.0,1,1,0,1,0.0,1.0,0,3,0,4720
2,1,0,1,1,0.6,1.0,1.0,0.5,1.0,2,2,0,2,0.5,1.0,0,3,1,4721
2,6,1,1,1,0.8,1.0,1.0,0.6666666666666666,1.0,3,3,0,3,0.5,1.0,0,3,1,4722
3,7,1,1,1,1.0,1.0,1.0,0.75,1.0,4,4,0,4,0.5,1.0,0,3,1,4723
1,2,3,0,0,0.1667,0.0,0.0,0.0,0.0,0,0,0,0,0.0,0.0,2,4,0,4724
1,1,0,1,0,0.3333,0.0,0.0,0.0,0.0,1,0,0,0,0.0,0.0,2,4,0,4725
1,1,0,1,0,0.5,0.5,1.0,0.0,0.0,2,1,0,1,0.0,0.5,2,4,0,4726
2,7,1,1,1,0.6667,0.6666666666666666,1.0,0.0,0.0,3,2,0,2,0.0,0.6666666666666666,2,4,0,4727
2,7,1,1,1,0.8333,0.75,1.0,0.25,1.0,4,3,0,3,0.5,0.75,2,4,1,4728
3,6,1,1,1,1.0,0.8,1.0,0.4,1.0,5,4,0,4,0.5,0.8,2,4,1,4729
1,1,0,1,0,0.2,0.0,0.0,0.0,0.0,0,0,0,0,0.0,0.0,0,2,0,4730
1,7,1,1,1,0.4,1.0,1.0,0.0,0.0,1,1,0,1,0.0,1.0,0,2,0,4731
2,1,0,1,1,0.6,1.0,1.0,0.5,1.0,2,2,0,2,0.5,1.0,0,2,1,4732
2,6,1,1,1,0.8,1.0,1.0,0.6666666666666666,1.0,3,3,0,3,0.5,1.0,0,2,1,4733
3,7,1,1,1,1.0,1.0,1.0,0.75,1.0,4,4,0,4,0.5,1.0,0,2,1,4734
1,0,0,0,0,0.1429,0.0,0.0,0.0,0.0,0,0,0,0,0.0,0.0,1,3,0,4735
1,1,0,0,0,0.2857,0.0,0.0,0.0,0.0,1,0,0,0,0.0,0.0,1,3,0,4736
1,1,0,1,0,0.4286,0.0,0.0,0.0,0.0,2,0,0,0,0.0,0.0,1,3,0,4737
1,1,0,1,0,0.5714,0.3333333333333333,1.0,0.0,0.0,3,1,0,1,0.0,0.3333333333333333,1,3,0,4738
2,7,1,1,1,0.7143,0.5,1.0,0.0,0.0,4,2,0,2,0.0,0.5,1,3,0,4739
2,7,1,1,1,0.8571,0.6,1.0,0.2,1.0,5,3,0,3,0.5,0.6,1,3,1,4740
3,2,3,1,1,1.0,0.6666666666666666,1.0,0.3333333333333333,1.0,6,4,0,4,0.5,0.6666666666666666,1,3,1,4741
1,0,0,0,0,0.1429,0.0,0.0,0.0,0.0,0,0,0,0,0.0,0.0,1,2,0,4742
1,1,0,0,0,0.2857,0.0,0.0,0.0,0.0,1,0,0,0,0.0,0.0,1,2,0,4743
1,1,0,1,0,0.4286,0.0,0.0,0.0,0.0,2,0,0,0,0.0,0.0,1,2,0,4744
1,1,0,1,0,0.5714,0.3333333333333333,1.0,0.0,0.0,3,1,0,1,0.0,0.3333333333333333,1,2,0,4745
2,7,1,1,1,0.7143,0.5,1.0,0.0,0.0,4,2,0,2,0.0,0.5,1,2,0,4746
2,7,1,1,1,0.8571,0.6,1.0,0.2,1.0,5,3,0,3,0.5,0.6,1,2,1,4747
3,2,3,1,1,1.0,0.6666666666666666,1.0,0.3333333333333333,1.0,6,4,0,4,0.5,0.6666666666666666,1,2,1,4748
1,2,3,0,0,0.1667,0.0,0.0,0.0,0.0,0,0,0,0,0.0,0.0,3,2,0,4749
1,1,0,1,0,0.3333,0.0,0.0,0.0,0.0,1,0,0,0,0.0,0.0,3,2,0,4750
1,1,0,1,0,0.5,0.5,1.0,0.0,0.0,2,1,0,1,0.0,0.5,3,2,0,4751
2,7,1,1,1,0.6667,0.6666666666666666,1.0,0.0,0.0,3,2,0,2,0.0,0.6666666666666666,3,2,0,4752
2,7,1,1,1,0.8333,0.75,1.0,0.25,1.0,4,3,0,3,0.5,0.75,3,2,1,4753
3,6,1,1,1,1.0,0.8,1.0,0.4,1.0,5,4,0,4,0.5,0.8,3,2,1,4754
1,0,0,0,0,0.1429,0.0,0.0,0.0,0.0,0,0,0,0,0.0,0.0,0,2,0,4755
1,1,0,0,0,0.2857,0.0,0.0,0.0,0.0,1,0,0,0,0.0,0.0,0,2,0,4756
1,1,0,1,0,0.4286,0.0,0.0,0.0,0.0,2,0,0,0,0.0,0.0,0,2,0,4757
1,1,0,1,0,0.5714,0.3333333333333333,1.0,0.0,0.0,3,1,0,1,0.0,0.3333333333333333,0,2,0,4758
2,7,1,1,1,0.7143,0.5,1.0,0.0,0.0,4,2,0,2,0.0,0.5,0,2,0,4759
2,7,1,1,1,0.8571,0.6,1.0,0.2,1.0,5,3,0,3,0.5,0.6,0,2,1,4760
3,2,3,1,1,1.0,0.6666666666666666,1.0,0.3333333333333333,1.0,6,4,0,4,0.5,0.6666666666666666,0,2,1,4761
1,2,3,0,0,0.1667,0.0,0.0,0.0,0.0,0,0,0,0,0.0,0.0,0,2,0,4762
1,1,0,1,0,0.3333,0.0,0.0,0.0,0.0,1,0,0,0,0.0,0.0,0,2,0,4763
1,1,0,1,0,0.5,0.5,1.0,0.0,0.0,2,1,0,1,0.0,0.5,0,2,0,4764
2,7,1,1,1,0.6667,0.6666666666666666,1.0,0.0,0.0,3,2,0,2,0.0,0.6666666666666666,0,2,0,4765
2,7,1,1,1,0.8333,0.75,1.0,0.25,1.0,4,3,0,3,0.5,0.75,0,2,1,4766
3,6,1,1,1,1.0,0.8,1.0,0.4,1.0,5,4,0,4,0.5,0.8,0,2,1,4767
1,2,3,0,0,0.1667,0.0,0.0,0.0,0.0,0,0,0,0,0.0,0.0,3,3,0,4768
1,1,0,1,0,0.3333,0.0,0.0,0.0,0.0,1,0,0,0,0.0,0.0,3,3,0,4769
1,1,0,1,0,0.5,0.5,1.0,0.0,0.0,2,1,0,1,0.0,0.5,3,3,0,4770
2,7,1,1,1,0.6667,0.6666666666666666,1.0,0.0,0.0,3,2,0,2,0.0,0.6666666666666666,3,3,0,4771
2,7,1,1,1,0.8333,0.75,1.0,0.25,1.0,4,3,0,3,0.5,0.75,3,3,1,4772
3,6,1,1,1,1.0,0.8,1.0,0.4,1.0,5,4,0,4,0.5,0.8,3,3,1,4773
1,1,0,1,0,0.2,0.0,0.0,0.0,0.0,0,0,0,0,0.0,0.0,3,2,0,4774
1,7,1,1,1,0.4,1.0,1.0,0.0,0.0,1,1,0,1,0.0,1.0,3,2,0,4775
2,1,0,1,1,0.6,1.0,1.0,0.5,1.0,2,2,0,2,0.5,1.0,3,2,1,4776
2,6,1,1,1,0.8,1.0,1.0,0.6666666666666666,1.0,3,3,0,3,0.5,1.0,3,2,1,4777
3,7,1,1,1,1.0,1.0,1.0,0.75,1.0,4,4,0,4,0.5,1.0,3,2,1,4778
1,1,0,1,0,0.2,0.0,0.0,0.0,0.0,0,0,0,0,0.0,0.0,1,4,0,4779
1,7,1,1,1,0.4,1.0,1.0,0.0,0.0,1,1,0,1,0.0,1.0,1,4,0,4780
2,1,0,1,1,0.6,1.0,1.0,0.5,1.0,2,2,0,2,0.5,1.0,1,4,1,4781
2,6,1,1,1,0.8,1.0,1.0,0.6666666666666666,1.0,3,3,0,3,0.5,1.0,1,4,1,4782
3,7,1,1,1,1.0,1.0,1.0,0.75,1.0,4,4,0,4,0.5,1.0,1,4,1,4783
1,1,0,1,0,0.2,0.0,0.0,0.0,0.0,0,0,0,0,0.0,0.0,1,3,0,4784
1,7,1,1,1,0.4,1.0,1.0,0.0,0.0,1,1,0,1,0.0,1.0,1,3,0,4785
2,1,0,1,1,0.6,1.0,1.0,0.5,1.0,2,2,0,2,0.5,1.0,1,3,1,4786
2,6,1,1,1,0.8,1.0,1.0,0.6666666666666666,1.0,3,3,0,3,0.5,1.0,1,3,1,4787
3,7,1,1,1,1.0,1.0,1.0,0.75,1.0,4,4,0,4,0.5,1.0,1,3,1,4788
1,2,3,0,0,0.1667,0.0,0.0,0.0,0.0,0,0,0,0,0.0,0.0,3,2,0,4789
1,1,0,1,0,0.3333,0.0,0.0,0.0,0.0,1,0,0,0,0.0,0.0,3,2,0,4790
1,1,0,1,0,0.5,0.5,1.0,0.0,0.0,2,1,0,1,0.0,0.5,3,2,0,4791
2,7,1,1,1,0.6667,0.6666666666666666,1.0,0.0,0.0,3,2,0,2,0.0,0.6666666666666666,3,2,0,4792
2,7,1,1,1,0.8333,0.75,1.0,0.25,1.0,4,3,0,3,0.5,0.75,3,2,1,4793
3,6,1,1,1,1.0,0.8,1.0,0.4,1.0,5,4,0,4,0.5,0.8,3,2,1,4794
1,0,0,0,0,0.1429,0.0,0.0,0.0,0.0,0,0,0,0,0.0,0.0,1,2,0,4795
1,1,0,0,0,0.2857,0.0,0.0,0.0,0.0,1,0,0,0,0.0,0.0,1,2,0,4796
1,1,0,1,0,0.4286,0.0,0.0,0.0,0.0,2,0,0,0,0.0,0.0,1,2,0,4797
1,1,0,1,0,0.5714,0.3333333333333333,1.0,0.0,0.0,3,1,0,1,0.0,0.3333333333333333,1,2,0,4798
2,7,1,1,1,0.7143,0.5,1.0,0.0,0.0,4,2,0,2,0.0,0.5,1,2,0,4799
2,7,1,1,1,0.8571,0.6,1.0,0.2,1.0,5,3,0,3,0.5,0.6,1,2,1,4800
3,2,3,1,1,1.0,0.6666666666666666,1.0,0.3333333333333333,1.0,6,4,0,4,0.5,0.6666666666666666,1,2,1,4801
1,1,0,1,0,0.2,0.0,0.0,0.0,0.0,0,0,0,0,0.0,0.0,3,3,0,4802
1,7,1,1,1,0.4,1.0,1.0,0.0,0.0,1,1,0,1,0.0,1.0,3,3,0,4803
2,1,0,1,1,0.6,1.0,1.0,0.5,1.0,2,2,0,2,0.5,1.0,3,3,1,4804
2,6,1,1,1,0.8,1.0,1.0,0.6666666666666666,1.0,3,3,0,3,0.5,1.0,3,3,1,4805
3,7,1,1,1,1.0,1.0,1.0,0.75,1.0,4,4,0,4,0.5,1.0,3,3,1,4806
1,0,0,0,0,0.1429,0.0,0.0,0.0,0.0,0,0,0,0,0.0,0.0,1,3,0,4807
1,1,0,0,0,0.2857,0.0,0.0,0.0,0.0,1,0,0,0,0.0,0.0,1,3,0,4808
1,1,0,1,0,0.4286,0.0,0.0,0.0,0.0,2,0,0,0,0.0,0.0,1,3,0,4809
1,1,0,1,0,0.5714,0.3333333333333333,1.0,0.0,0.0,3,1,0,1,0.0,0.3333333333333333,1,3,0,4810
2,7,1,1,1,0.7143,0.5,1.0,0.0,0.0,4,2,0,2,0.0,0.5,1,3,0,4811
2,7,1,1,1,0.8571,0.6,1.0,0.2,1.0,5,3,0,3,0.5,0.6,1,3,1,4812
3,2,3,1,1,1.0,0.6666666666666666,1.0,0.3333333333333333,1.0,6,4,0,4,0.5,0.6666666666666666,1,3,1,4813
1,0,0,0,0,0.1429,0.0,0.0,0.0,0.0,0,0,0,0,0.0,0.0,2,4,0,4814
1,1,0,0,0,0.2857,0.0,0.0,0.0,0.0,1,0,0,0,0.0,0.0,2,4,0,4815
1,1,0,1,0,0.4286,0.0,0.0,0.0,0.0,2,0,0,0,0.0,0.0,2,4,0,4816
1,1,0,1,0,0.5714,0.3333333333333333,1.0,0.0,0.0,3,1,0,1,0.0,0.3333333333333333,2,4,0,4817
2,7,1,1,1,0.7143,0.5,1.0,0.0,0.0,4,2,0,2,0.0,0.5,2,4,0,4818
2,7,1,1,1,0.8571,0.6,1.0,0.2,1.0,5,3,0,3,0.5,0.6,2,4,1,4819
3,2,3,1,1,1.0,0.6666666666666666,1.0,0.3333333333333333,1.0,6,4,0,4,0.5,0.6666666666666666,2,4,1,4820
1,1,0,1,0,0.2,0.0,0.0,0.0,0.0,0,0,0,0,0.0,0.0,0,2,0,4821
1,7,1,1,1,0.4,1.0,1.0,0.0,0.0,1,1,0,1,0.0,1.0,0,2,0,4822
2,1,0,1,1,0.6,1.0,1.0,0.5,1.0,2,2,0,2,0.5,1.0,0,2,1,4823
2,6,1,1,1,0.8,1.0,1.0,0.6666666666666666,1.0,3,3,0,3,0.5,1.0,0,2,1,4824
3,7,1,1,1,1.0,1.0,1.0,0.75,1.0,4,4,0,4,0.5,1.0,0,2,1,4825
1,2,3,0,0,0.1667,0.0,0.0,0.0,0.0,0,0,0,0,0.0,0.0,0,2,0,4826
1,1,0,1,0,0.3333,0.0,0.0,0.0,0.0,1,0,0,0,0.0,0.0,0,2,0,4827
1,1,0,1,0,0.5,0.5,1.0,0.0,0.0,2,1,0,1,0.0,0.5,0,2,0,4828
2,7,1,1,1,0.6667,0.6666666666666666,1.0,0.0,0.0,3,2,0,2,0.0,0.6666666666666666,0,2,0,4829
2,7,1,1,1,0.8333,0.75,1.0,0.25,1.0,4,3,0,3,0.5,0.75,0,2,1,4830
3,6,1,1,1,1.0,0.8,1.0,0.4,1.0,5,4,0,4,0.5,0.8,0,2,1,4831
1,2,3,0,0,0.1667,0.0,0.0,0.0,0.0,0,0,0,0,0.0,0.0,3,3,0,4832
1,1,0,1,0,0.3333,0.0,0.0,0.0,0.0,1,0,0,0,0.0,0.0,3,3,0,4833
1,1,0,1,0,0.5,0.5,1.0,0.0,0.0,2,1,0,1,0.0,0.5,3,3,0,4834
2,7,1,1,1,0.6667,0.6666666666666666,1.0,0.0,0.0,3,2,0,2,0.0,0.6666666666666666,3,3,0,4835
2,7,1,1,1,0.8333,0.75,1.0,0.25,1.0,4,3,0,3,0.5,0.75,3,3,1,4836
3,6,1,1,1,1.0,0.8,1.0,0.4,1.0,5,4,0,4,0.5,0.8,3,3,1,4837
1,1,0,1,0,0.2,0.0,0.0,0.0,0.0,0,0,0,0,0.0,0.0,1,4,0,4838
1,7,1,1,1,0.4,1.0,1.0,0.0,0.0,1,1,0,1,0.0,1.0,1,4,0,4839
2,1,0,1,1,0.6,1.0,1.0,0.5,1.0,2,2,0,2,0.5,1.0,1,4,1,4840
2,6,1,1,1,0.8,1.0,1.0,0.6666666666666666,1.0,3,3,0,3,0.5,1.0,1,4,1,4841
3,7,1,1,1,1.0,1.0,1.0,0.75,1.0,4,4,0,4,0.5,1.0,1,4,1,4842
1,1,0,1,0,0.2,0.0,0.0,0.0,0.0,0,0,0,0,0.0,0.0,2,3,0,4843
1,7,1,1,1,0.4,1.0,1.0,0.0,0.0,1,1,0,1,0.0,1.0,2,3,0,4844
2,1,0,1,1,0.6,1.0,1.0,0.5,1.0,2,2,0,2,0.5,1.0,2,3,1,4845
2,6,1,1,1,0.8,1.0,1.0,0.6666666666666666,1.0,3,3,0,3,0.5,1.0,2,3,1,4846
3,7,1,1,1,1.0,1.0,1.0,0.75,1.0,4,4,0,4,0.5,1.0,2,3,1,4847
1,2,3,0,0,0.1667,0.0,0.0,0.0,0.0,0,0,0,0,0.0,0.0,3,3,0,4848
1,1,0,1,0,0.3333,0.0,0.0,0.0,0.0,1,0,0,0,0.0,0.0,3,3,0,4849
1,1,0,1,0,0.5,0.5,1.0,0.0,0.0,2,1,0,1,0.0,0.5,3,3,0,4850
2,7,1,1,1,0.6667,0.6666666666666666,1.0,0.0,0.0,3,2,0,2,0.0,0.6666666666666666,3,3,0,4851
2,7,1,1,1,0.8333,0.75,1.0,0.25,1.0,4,3,0,3,0.5,0.75,3,3,1,4852
3,6,1,1,1,1.0,0.8,1.0,0.4,1.0,5,4,0,4,0.5,0.8,3,3,1,4853
1,0,0,0,0,0.1429,0.0,0.0,0.0,0.0,0,0,0,0,0.0,0.0,0,4,0,4854
1,1,0,0,0,0.2857,0.0,0.0,0.0,0.0,1,0,0,0,0.0,0.0,0,4,0,4855
1,1,0,1,0,0.4286,0.0,0.0,0.0,0.0,2,0,0,0,0.0,0.0,0,4,0,4856
1,1,0,1,0,0.5714,0.3333333333333333,1.0,0.0,0.0,3,1,0,1,0.0,0.3333333333333333,0,4,0,4857
2,7,1,1,1,0.7143,0.5,1.0,0.0,0.0,4,2,0,2,0.0,0.5,0,4,0,4858
2,7,1,1,1,0.8571,0.6,1.0,0.2,1.0,5,3,0,3,0.5,0.6,0,4,1,4859
3,2,3,1,1,1.0,0.6666666666666666,1.0,0.3333333333333333,1.0,6,4,0,4,0.5,0.6666666666666666,0,4,1,4860
1,1,0,1,0,0.2,0.0,0.0,0.0,0.0,0,0,0,0,0.0,0.0,2,3,0,4861
1,7,1,1,1,0.4,1.0,1.0,0.0,0.0,1,1,0,1,0.0,1.0,2,3,0,4862
2,1,0,1,1,0.6,1.0,1.0,0.5,1.0,2,2,0,2,0.5,1.0,2,3,1,4863
2,6,1,1,1,0.8,1.0,1.0,0.6666666666666666,1.0,3,3,0,3,0.5,1.0,2,3,1,4864
3,7,1,1,1,1.0,1.0,1.0,0.75,1.0,4,4,0,4,0.5,1.0,2,3,1,4865
1,1,0,1,0,0.2,0.0,0.0,0.0,0.0,0,0,0,0,0.0,0.0,2,4,0,4866
1,7,1,1,1,0.4,1.0,1.0,0.0,0.0,1,1,0,1,0.0,1.0,2,4,0,4867
2,1,0,1,1,0.6,1.0,1.0,0.5,1.0,2,2,0,2,0.5,1.0,2,4,1,4868
2,6,1,1,1,0.8,1.0,1.0,0.6666666666666666,1.0,3,3,0,3,0.5,1.0,2,4,1,4869
3,7,1,1,1,1.0,1.0,1.0,0.75,1.0,4,4,0,4,0.5,1.0,2,4,1,4870
1,1,0,1,0,0.2,0.0,0.0,0.0,0.0,0,0,0,0,0.0,0.0,2,4,0,4871
1,7,1,1,1,0.4,1.0,1.0,0.0,0.0,1,1,0,1,0.0,1.0,2,4,0,4872
2,1,0,1,1,0.6,1.0,1.0,0.5,1.0,2,2,0,2,0.5,1.0,2,4,1,4873
2,6,1,1,1,0.8,1.0,1.0,0.6666666666666666,1.0,3,3,0,3,0.5,1.0,2,4,1,4874
3,7,1,1,1,1.0,1.0,1.0,0.75,1.0,4,4,0,4,0.5,1.0,2,4,1,4875
1,1,0,1,0,0.2,0.0,0.0,0.0,0.0,0,0,0,0,0.0,0.0,2,2,0,4876
1,7,1,1,1,0.4,1.0,1.0,0.0,0.0,1,1,0,1,0.0,1.0,2,2,0,4877
2,1,0,1,1,0.6,1.0,1.0,0.5,1.0,2,2,0,2,0.5,1.0,2,2,1,4878
2,6,1,1,1,0.8,1.0,1.0,0.6666666666666666,1.0,3,3,0,3,0.5,1.0,2,2,1,4879
3,7,1,1,1,1.0,1.0,1.0,0.75,1.0,4,4,0,4,0.5,1.0,2,2,1,4880
1,2,3,0,0,0.1667,0.0,0.0,0.0,0.0,0,0,0,0,0.0,0.0,1,3,0,4881
1,1,0,1,0,0.3333,0.0,0.0,0.0,0.0,1,0,0,0,0.0,0.0,1,3,0,4882
1,1,0,1,0,0.5,0.5,1.0,0.0,0.0,2,1,0,1,0.0,0.5,1,3,0,4883
2,7,1,1,1,0.6667,0.6666666666666666,1.0,0.0,0.0,3,2,0,2,0.0,0.6666666666666666,1,3,0,4884
2,7,1,1,1,0.8333,0.75,1.0,0.25,1.0,4,3,0,3,0.5,0.75,1,3,1,4885
3,6,1,1,1,1.0,0.8,1.0,0.4,1.0,5,4,0,4,0.5,0.8,1,3,1,4886
1,1,0,1,0,0.2,0.0,0.0,0.0,0.0,0,0,0,0,0.0,0.0,0,2,0,4887
1,7,1,1,1,0.4,1.0,1.0,0.0,0.0,1,1,0,1,0.0,1.0,0,2,0,4888
2,1,0,1,1,0.6,1.0,1.0,0.5,1.0,2,2,0,2,0.5,1.0,0,2,1,4889
2,6,1,1,1,0.8,1.0,1.0,0.6666666666666666,1.0,3,3,0,3,0.5,1.0,0,2,1,4890
3,7,1,1,1,1.0,1.0,1.0,0.75,1.0,4,4,0,4,0.5,1.0,0,2,1,4891
1,0,0,0,0,0.1429,0.0,0.0,0.0,0.0,0,0,0,0,0.0,0.0,1,4,0,4892
1,1,0,0,0,0.2857,0.0,0.0,0.0,0.0,1,0,0,0,0.0,0.0,1,4,0,4893
1,1,0,1,0,0.4286,0.0,0.0,0.0,0.0,2,0,0,0,0.0,0.0,1,4,0,4894
1,1,0,1,0,0.5714,0.3333333333333333,1.0,0.0,0.0,3,1,0,1,0.0,0.3333333333333333,1,4,0,4895
2,7,1,1,1,0.7143,0.5,1.0,0.0,0.0,4,2,0,2,0.0,0.5,1,4,0,4896
2,7,1,1,1,0.8571,0.6,1.0,0.2,1.0,5,3,0,3,0.5,0.6,1,4,1,4897
3,2,3,1,1,1.0,0.6666666666666666,1.0,0.3333333333333333,1.0,6,4,0,4,0.5,0.6666666666666666,1,4,1,4898
1,0,0,0,0,0.1429,0.0,0.0,0.0,0.0,0,0,0,0,0.0,0.0,1,3,0,4899
1,1,0,0,0,0.2857,0.0,0.0,0.0,0.0,1,0,0,0,0.0,0.0,1,3,0,4900
1,1,0,1,0,0.4286,0.0,0.0,0.0,0.0,2,0,0,0,0.0,0.0,1,3,0,4901
1,1,0,1,0,0.5714,0.3333333333333333,1.0,0.0,0.0,3,1,0,1,0.0,0.3333333333333333,1,3,0,4902
2,7,1,1,1,0.7143,0.5,1.0,0.0,0.0,4,2,0,2,0.0,0.5,1,3,0,4903
2,7,1,1,1,0.8571,0.6,1.0,0.2,1.0,5,3,0,3,0.5,0.6,1,3,1,4904
3,2,3,1,1,1.0,0.6666666666666666,1.0,0.3333333333333333,1.0,6,4,0,4,0.5,0.6666666666666666,1,3,1,4905
1,0,0,0,0,0.1429,0.0,0.0,0.0,0.0,0,0,0,0,0.0,0.0,1,4,0,4906
1,1,0,0,0,0.2857,0.0,0.0,0.0,0.0,1,0,0,0,0.0,0.0,1,4,0,4907
1,1,0,1,0,0.4286,0.0,0.0,0.0,0.0,2,0,0,0,0.0,0.0,1,4,0,4908
1,1,0,1,0,0.5714,0.3333333333333333,1.0,0.0,0.0,3,1,0,1,0.0,0.3333333333333333,1,4,0,4909
2,7,1,1,1,0.7143,0.5,1.0,0.0,0.0,4,2,0,2,0.0,0.5,1,4,0,4910
2,7,1,1,1,0.8571,0.6,1.0,0.2,1.0,5,3,0,3,0.5,0.6,1,4,1,4911
3,2,3,1,1,1.0,0.6666666666666666,1.0,0.3333333333333333,1.0,6,4,0,4,0.5,0.6666666666666666,1,4,1,4912
1,2,3,0,0,0.1667,0.0,0.0,0.0,0.0,0,0,0,0,0.0,0.0,1,2,0,4913
1,1,0,1,0,0.3333,0.0,0.0,0.0,0.0,1,0,0,0,0.0,0.0,1,2,0,4914
1,1,0,1,0,0.5,0.5,1.0,0.0,0.0,2,1,0,1,0.0,0.5,1,2,0,4915
2,7,1,1,1,0.6667,0.6666666666666666,1.0,0.0,0.0,3,2,0,2,0.0,0.6666666666666666,1,2,0,4916
2,7,1,1,1,0.8333,0.75,1.0,0.25,1.0,4,3,0,3,0.5,0.75,1,2,1,4917
3,6,1,1,1,1.0,0.8,1.0,0.4,1.0,5,4,0,4,0.5,0.8,1,2,1,4918
1,1,0,1,0,0.2,0.0,0.0,0.0,0.0,0,0,0,0,0.0,0.0,2,3,0,4919
1,7,1,1,1,0.4,1.0,1.0,0.0,0.0,1,1,0,1,0.0,1.0,2,3,0,4920
2,1,0,1,1,0.6,1.0,1.0,0.5,1.0,2,2,0,2,0.5,1.0,2,3,1,4921
2,6,1,1,1,0.8,1.0,1.0,0.6666666666666666,1.0,3,3,0,3,0.5,1.0,2,3,1,4922
3,7,1,1,1,1.0,1.0,1.0,0.75,1.0,4,4,0,4,0.5,1.0,2,3,1,4923
1,0,0,0,0,0.1429,0.0,0.0,0.0,0.0,0,0,0,0,0.0,0.0,3,2,0,4924
1,1,0,0,0,0.2857,0.0,0.0,0.0,0.0,1,0,0,0,0.0,0.0,3,2,0,4925
1,1,0,1,0,0.4286,0.0,0.0,0.0,0.0,2,0,0,0,0.0,0.0,3,2,0,4926
1,1,0,1,0,0.5714,0.3333333333333333,1.0,0.0,0.0,3,1,0,1,0.0,0.3333333333333333,3,2,0,4927
2,7,1,1,1,0.7143,0.5,1.0,0.0,0.0,4,2,0,2,0.0,0.5,3,2,0,4928
2,7,1,1,1,0.8571,0.6,1.0,0.2,1.0,5,3,0,3,0.5,0.6,3,2,1,4929
3,2,3,1,1,1.0,0.6666666666666666,1.0,0.3333333333333333,1.0,6,4,0,4,0.5,0.6666666666666666,3,2,1,4930
1,2,3,0,0,0.1667,0.0,0.0,0.0,0.0,0,0,0,0,0.0,0.0,0,4,0,4931
1,1,0,1,0,0.3333,0.0,0.0,0.0,0.0,1,0,0,0,0.0,0.0,0,4,0,4932
1,1,0,1,0,0.5,0.5,1.0,0.0,0.0,2,1,0,1,0.0,0.5,0,4,0,4933
2,7,1,1,1,0.6667,0.6666666666666666,1.0,0.0,0.0,3,2,0,2,0.0,0.6666666666666666,0,4,0,4934
2,7,1,1,1,0.8333,0.75,1.0,0.25,1.0,4,3,0,3,0.5,0.75,0,4,1,4935
3,6,1,1,1,1.0,0.8,1.0,0.4,1.0,5,4,0,4,0.5,0.8,0,4,1,4936
1,0,0,0,0,0.1429,0.0,0.0,0.0,0.0,0,0,0,0,0.0,0.0,2,3,0,4937
1,1,0,0,0,0.2857,0.0,0.0,0.0,0.0,1,0,0,0,0.0,0.0,2,3,0,4938
1,1,0,1,0,0.4286,0.0,0.0,0.0,0.0,2,0,0,0,0.0,0.0,2,3,0,4939
1,1,0,1,0,0.5714,0.3333333333333333,1.0,0.0,0.0,3,1,0,1,0.0,0.3333333333333333,2,3,0,4940
2,7,1,1,1,0.7143,0.5,1.0,0.0,0.0,4,2,0,2,0.0,0.5,2,3,0,4941
2,7,1,1,1,0.8571,0.6,1.0,0.2,1.0,5,3,0,3,0.5,0.6,2,3,1,4942
3,2,3,1,1,1.0,0.6666666666666666,1.0,0.3333333333333333,1.0,6,4,0,4,0.5,0.6666666666666666,2,3,1,4943
1,0,0,0,0,0.1429,0.0,0.0,0.0,0.0,0,0,0,0,0.0,0.0,0,4,0,4944
1,1,0,0,0,0.2857,0.0,0.0,0.0,0.0,1,0,0,0,0.0,0.0,0,4,0,4945
1,1,0,1,0,0.4286,0.0,0.0,0.0,0.0,2,0,0,0,0.0,0.0,0,4,0,4946
1,1,0,1,0,0.5714,0.3333333333333333,1.0,0.0,0.0,3,1,0,1,0.0,0.3333333333333333,0,4,0,4947
2,7,1,1,1,0.7143,0.5,1.0,0.0,0.0,4,2,0,2,0.0,0.5,0,4,0,4948
2,7,1,1,1,0.8571,0.6,1.0,0.2,1.0,5,3,0,3,0.5,0.6,0,4,1,4949
3,2,3,1,1,1.0,0.6666666666666666,1.0,0.3333333333333333,1.0,6,4,0,4,0.5,0.6666666666666666,0,4,1,4950
1,0,0,0,0,0.1429,0.0,0.0,0.0,0.0,0,0,0,0,0.0,0.0,2,3,0,4951
1,1,0,0,0,0.2857,0.0,0.0,0.0,0.0,1,0,0,0,0.0,0.0,2,3,0,4952
1,1,0,1,0,0.4286,0.0,0.0,0.0,0.0,2,0,0,0,0.0,0.0,2,3,0,4953
1,1,0,1,0,0.5714,0.3333333333333333,1.0,0.0,0.0,3,1,0,1,0.0,0.3333333333333333,2,3,0,4954
2,7,1,1,1,0.7143,0.5,1.0,0.0,0.0,4,2,0,2,0.0,0.5,2,3,0,4955
2,7,1,1,1,0.8571,0.6,1.0,0.2,1.0,5,3,0,3,0.5,0.6,2,3,1,4956
3,2,3,1,1,1.0,0.6666666666666666,1.0,0.3333333333333333,1.0,6,4,0,4,0.5,0.6666666666666666,2,3,1,4957
1,1,0,1,0,0.2,0.0,0.0,0.0,0.0,0,0,0,0,0.0,0.0,2,3,0,4958
1,7,1,1,1,0.4,1.0,1.0,0.0,0.0,1,1,0,1,0.0,1.0,2,3,0,4959
2,1,0,1,1,0.6,1.0,1.0,0.5,1.0,2,2,0,2,0.5,1.0,2,3,1,4960
2,6,1,1,1,0.8,1.0,1.0,0.6666666666666666,1.0,3,3,0,3,0.5,1.0,2,3,1,4961
3,7,1,1,1,1.0,1.0,1.0,0.75,1.0,4,4,0,4,0.5,1.0,2,3,1,4962
1,0,0,0,0,0.1429,0.0,0.0,0.0,0.0,0,0,0,0,0.0,0.0,2,2,0,4963
1,1,0,0,0,0.2857,0.0,0.0,0.0,0.0,1,0,0,0,0.0,0.0,2,2,0,4964
1,1,0,1,0,0.4286,0.0,0.0,0.0,0.0,2,0,0,0,0.0,0.0,2,2,0,4965
1,1,0,1,0,0.5714,0.3333333333333333,1.0,0.0,0.0,3,1,0,1,0.0,0.3333333333333333,2,2,0,4966
2,7,1,1,1,0.7143,0.5,1.0,0.0,0.0,4,2,0,2,0.0,0.5,2,2,0,4967
2,7,1,1,1,0.8571,0.6,1.0,0.2,1.0,5,3,0,3,0.5,0.6,2,2,1,4968
3,2,3,1,1,1.0,0.6666666666666666,1.0,0.3333333333333333,1.0,6,4,0,4,0.5,0.6666666666666666,2,2,1,4969
1,1,0,1,0,0.2,0.0,0.0,0.0,0.0,0,0,0,0,0.0,0.0,1,3,0,4970
1,7,1,1,1,0.4,1.0,1.0,0.0,0.0,1,1,0,1,0.0,1.0,1,3,0,4971
2,1,0,1,1,0.6,1.0,1.0,0.5,1.0,2,2,0,2,0.5,1.0,1,3,1,4972
2,6,1,1,1,0.8,1.0,1.0,0.6666666666666666,1.0,3,3,0,3,0.5,1.0,1,3,1,4973
3,7,1,1,1,1.0,1.0,1.0,0.75,1.0,4,4,0,4,0.5,1.0,1,3,1,4974
1,0,0,0,0,0.1429,0.0,0.0,0.0,0.0,0,0,0,0,0.0,0.0,1,4,0,4975
1,1,0,0,0,0.2857,0.0,0.0,0.0,0.0,1,0,0,0,0.0,0.0,1,4,0,4976
1,1,0,1,0,0.4286,0.0,0.0,0.0,0.0,2,0,0,0,0.0,0.0,1,4,0,4977
1,1,0,1,0,0.5714,0.3333333333333333,1.0,0.0,0.0,3,1,0,1,0.0,0.3333333333333333,1,4,0,4978
2,7,1,1,1,0.7143,0.5,1.0,0.0,0.0,4,2,0,2,0.0,0.5,1,4,0,4979
2,7,1,1,1,0.8571,0.6,1.0,0.2,1.0,5,3,0,3,0.5,0.6,1,4,1,4980
3,2,3,1,1,1.0,0.6666666666666666,1.0,0.3333333333333333,1.0,6,4,0,4,0.5,0.6666666666666666,1,4,1,4981
1,1,0,1,0,0.2,0.0,0.0,0.0,0.0,0,0,0,0,0.0,0.0,3,3,0,4982
1,7,1,1,1,0.4,1.0,1.0,0.0,0.0,1,1,0,1,0.0,1.0,3,3,0,4983
2,1,0,1,1,0.6,1.0,1.0,0.5,1.0,2,2,0,2,0.5,1.0,3,3,1,4984
2,6,1,1,1,0.8,1.0,1.0,0.6666666666666666,1.0,3,3,0,3,0.5,1.0,3,3,1,4985
3,7,1,1,1,1.0,1.0,1.0,0.75,1.0,4,4,0,4,0.5,1.0,3,3,1,4986
1,2,3,0,0,0.1667,0.0,0.0,0.0,0.0,0,0,0,0,0.0,0.0,0,3,0,4987
1,1,0,1,0,0.3333,0.0,0.0,0.0,0.0,1,0,0,0,0.0,0.0,0,3,0,4988
1,1,0,1,0,0.5,0.5,1.0,0.0,0.0,2,1,0,1,0.0,0.5,0,3,0,4989
2,7,1,1,1,0.6667,0.6666666666666666,1.0,0.0,0.0,3,2,0,2,0.0,0.6666666666666666,0,3,0,4990
2,7,1,1,1,0.8333,0.75,1.0,0.25,1.0,4,3,0,3,0.5,0.75,0,3,1,4991
3,6,1,1,1,1.0,0.8,1.0,0.4,1.0,5,4,0,4,0.5,0.8,0,3,1,4992
1,0,0,0,0,0.1429,0.0,0.0,0.0,0.0,0,0,0,0,0.0,0.0,3,4,0,4993
1,1,0,0,0,0.2857,0.0,0.0,0.0,0.0,1,0,0,0,0.0,0.0,3,4,0,4994
1,1,0,1,0,0.4286,0.0,0.0,0.0,0.0,2,0,0,0,0.0,0.0,3,4,0,4995
1,1,0,1,0,0.5714,0.3333333333333333,1.0,0.0,0.0,3,1,0,1,0.0,0.3333333333333333,3,4,0,4996
2,7,1,1,1,0.7143,0.5,1.0,0.0,0.0,4,2,0,2,0.0,0.5,3,4,0,4997
2,7,1,1,1,0.8571,0.6,1.0,0.2,1.0,5,3,0,3,0.5,0.6,3,4,1,4998
3,2,3,1,1,1.0,0.6666666666666666,1.0,0.3333333333333333,1.0,6,4,0,4,0.5,0.6666666666666666,3,4,1,4999
1,1,0,1,0,0.2,0.0,0.0,0.0,0.0,0,0,0,0,0.0,0.0,2,2,0,5000
1,7,1,1,1,0.4,1.0,1.0,0.0,0.0,1,1,0,1,0.0,1.0,2,2,0,5001
2,1,0,1,1,0.6,1.0,1.0,0.5,1.0,2,2,0,2,0.5,1.0,2,2,1,5002
2,6,1,1,1,0.8,1.0,1.0,0.6666666666666666,1.0,3,3,0,3,0.5,1.0,2,2,1,5003
3,7,1,1,1,1.0,1.0,1.0,0.75,1.0,4,4,0,4,0.5,1.0,2,2,1,5004
1,2,3,0,0,0.1667,0.0,0.0,0.0,0.0,0,0,0,0,0.0,0.0,1,4,0,5005
1,1,0,1,0,0.3333,0.0,0.0,0.0,0.0,1,0,0,0,0.0,0.0,1,4,0,5006
1,1,0,1,0,0.5,0.5,1.0,0.0,0.0,2,1,0,1,0.0,0.5,1,4,0,5007
2,7,1,1,1,0.6667,0.6666666666666666,1.0,0.0,0.0,3,2,0,2,0.0,0.6666666666666666,1,4,0,5008
2,7,1,1,1,0.8333,0.75,1.0,0.25,1.0,4,3,0,3,0.5,0.75,1,4,1,5009
3,6,1,1,1,1.0,0.8,1.0,0.4,1.0,5,4,0,4,0.5,0.8,1,4,1,5010
1,0,0,0,0,0.1429,0.0,0.0,0.0,0.0,0,0,0,0,0.0,0.0,0,3,0,5011
1,1,0,0,0,0.2857,0.0,0.0,0.0,0.0,1,0,0,0,0.0,0.0,0,3,0,5012
1,1,0,1,0,0.4286,0.0,0.0,0.0,0.0,2,0,0,0,0.0,0.0,0,3,0,5013
1,1,0,1,0,0.5714,0.3333333333333333,1.0,0.0,0.0,3,1,0,1,0.0,0.3333333333333333,0,3,0,5014
2,7,1,1,1,0.7143,0.5,1.0,0.0,0.0,4,2,0,2,0.0,0.5,0,3,0,5015
2,7,1,1,1,0.8571,0.6,1.0,0.2,1.0,5,3,0,3,0.5,0.6,0,3,1,5016
3,2,3,1,1,1.0,0.6666666666666666,1.0,0.3333333333333333,1.0,6,4,0,4,0.5,0.6666666666666666,0,3,1,5017
1,1,0,1,0,0.2,0.0,0.0,0.0,0.0,0,0,0,0,0.0,0.0,2,4,0,5018
1,7,1,1,1,0.4,1.0,1.0,0.0,0.0,1,1,0,1,0.0,1.0,2,4,0,5019
2,1,0,1,1,0.6,1.0,1.0,0.5,1.0,2,2,0,2,0.5,1.0,2,4,1,5020
2,6,1,1,1,0.8,1.0,1.0,0.6666666666666666,1.0,3,3,0,3,0.5,1.0,2,4,1,5021
3,7,1,1,1,1.0,1.0,1.0,0.75,1.0,4,4,0,4,0.5,1.0,2,4,1,5022
1,2,3,0,0,0.1667,0.0,0.0,0.0,0.0,0,0,0,0,0.0,0.0,1,2,0,5023
1,1,0,1,0,0.3333,0.0,0.0,0.0,0.0,1,0,0,0,0.0,0.0,1,2,0,5024
1,1,0,1,0,0.5,0.5,1.0,0.0,0.0,2,1,0,1,0.0,0.5,1,2,0,5025
2,7,1,1,1,0.6667,0.6666666666666666,1.0,0.0,0.0,3,2,0,2,0.0,0.6666666666666666,1,2,0,5026
2,7,1,1,1,0.8333,0.75,1.0,0.25,1.0,4,3,0,3,0.5,0.75,1,2,1,5027
3,6,1,1,1,1.0,0.8,1.0,0.4,1.0,5,4,0,4,0.5,0.8,1,2,1,5028
1,1,0,1,0,0.2,0.0,0.0,0.0,0.0,0,0,0,0,0.0,0.0,2,3,0,5029
1,7,1,1,1,0.4,1.0,1.0,0.0,0.0,1,1,0,1,0.0,1.0,2,3,0,5030
2,1,0,1,1,0.6,1.0,1.0,0.5,1.0,2,2,0,2,0.5,1.0,2,3,1,5031
2,6,1,1,1,0.8,1.0,1.0,0.6666666666666666,1.0,3,3,0,3,0.5,1.0,2,3,1,5032
3,7,1,1,1,1.0,1.0,1.0,0.75,1.0,4,4,0,4,0.5,1.0,2,3,1,5033
1,1,0,1,0,0.2,0.0,0.0,0.0,0.0,0,0,0,0,0.0,0.0,0,2,0,5034
1,7,1,1,1,0.4,1.0,1.0,0.0,0.0,1,1,0,1,0.0,1.0,0,2,0,5035
2,1,0,1,1,0.6,1.0,1.0,0.5,1.0,2,2,0,2,0.5,1.0,0,2,1,5036
2,6,1,1,1,0.8,1.0,1.0,0.6666666666666666,1.0,3,3,0,3,0.5,1.0,0,2,1,5037
3,7,1,1,1,1.0,1.0,1.0,0.75,1.0,4,4,0,4,0.5,1.0,0,2,1,5038
1,1,0,1,0,0.2,0.0,0.0,0.0,0.0,0,0,0,0,0.0,0.0,0,2,0,5039
1,7,1,1,1,0.4,1.0,1.0,0.0,0.0,1,1,0,1,0.0,1.0,0,2,0,5040
2,1,0,1,1,0.6,1.0,1.0,0.5,1.0,2,2,0,2,0.5,1.0,0,2,1,5041
2,6,1,1,1,0.8,1.0,1.0,0.6666666666666666,1.0,3,3,0,3,0.5,1.0,0,2,1,5042
3,7,1,1,1,1.0,1.0,1.0,0.75,1.0,4,4,0,4,0.5,1.0,0,2,1,5043
1,0,0,0,0,0.1429,0.0,0.0,0.0,0.0,0,0,0,0,0.0,0.0,0,2,0,5044
1,1,0,0,0,0.2857,0.0,0.0,0.0,0.0,1,0,0,0,0.0,0.0,0,2,0,5045
1,1,0,1,0,0.4286,0.0,0.0,0.0,0.0,2,0,0,0,0.0,0.0,0,2,0,5046
1,1,0,1,0,0.5714,0.3333333333333333,1.0,0.0,0.0,3,1,0,1,0.0,0.3333333333333333,0,2,0,5047
2,7,1,1,1,0.7143,0.5,1.0,0.0,0.0,4,2,0,2,0.0,0.5,0,2,0,5048
2,7,1,1,1,0.8571,0.6,1.0,0.2,1.0,5,3,0,3,0.5,0.6,0,2,1,5049
3,2,3,1,1,1.0,0.6666666666666666,1.0,0.3333333333333333,1.0,6,4,0,4,0.5,0.6666666666666666,0,2,1,5050
1,1,0,1,0,0.2,0.0,0.0,0.0,0.0,0,0,0,0,0.0,0.0,3,4,0,5051
1,7,1,1,1,0.4,1.0,1.0,0.0,0.0,1,1,0,1,0.0,1.0,3,4,0,5052
2,1,0,1,1,0.6,1.0,1.0,0.5,1.0,2,2,0,2,0.5,1.0,3,4,1,5053
2,6,1,1,1,0.8,1.0,1.0,0.6666666666666666,1.0,3,3,0,3,0.5,1.0,3,4,1,5054
3,7,1,1,1,1.0,1.0,1.0,0.75,1.0,4,4,0,4,0.5,1.0,3,4,1,5055
1,1,0,1,0,0.2,0.0,0.0,0.0,0.0,0,0,0,0,0.0,0.0,1,3,0,5056
1,7,1,1,1,0.4,1.0,1.0,0.0,0.0,1,1,0,1,0.0,1.0,1,3,0,5057
2,1,0,1,1,0.6,1.0,1.0,0.5,1.0,2,2,0,2,0.5,1.0,1,3,1,5058
2,6,1,1,1,0.8,1.0,1.0,0.6666666666666666,1.0,3,3,0,3,0.5,1.0,1,3,1,5059
3,7,1,1,1,1.0,1.0,1.0,0.75,1.0,4,4,0,4,0.5,1.0,1,3,1,5060
1,1,0,1,0,0.2,0.0,0.0,0.0,0.0,0,0,0,0,0.0,0.0,0,2,0,5061
1,7,1,1,1,0.4,1.0,1.0,0.0,0.0,1,1,0,1,0.0,1.0,0,2,0,5062
2,1,0,1,1,0.6,1.0,1.0,0.5,1.0,2,2,0,2,0.5,1.0,0,2,1,5063
2,6,1,1,1,0.8,1.0,1.0,0.6666666666666666,1.0,3,3,0,3,0.5,1.0,0,2,1,5064
3,7,1,1,1,1.0,1.0,1.0,0.75,1.0,4,4,0,4,0.5,1.0,0,2,1,5065
1,1,0,1,0,0.2,0.0,0.0,0.0,0.0,0,0,0,0,0.0,0.0,3,4,0,5066
1,7,1,1,1,0.4,1.0,1.0,0.0,0.0,1,1,0,1,0.0,1.0,3,4,0,5067
2,1,0,1,1,0.6,1.0,1.0,0.5,1.0,2,2,0,2,0.5,1.0,3,4,1,5068
2,6,1,1,1,0.8,1.0,1.0,0.6666666666666666,1.0,3,3,0,3,0.5,1.0,3,4,1,5069
3,7,1,1,1,1.0,1.0,1.0,0.75,1.0,4,4,0,4,0.5,1.0,3,4,1,5070
1,1,0,1,0,0.2,0.0,0.0,0.0,0.0,0,0,0,0,0.0,0.0,1,2,0,5071
1,7,1,1,1,0.4,1.0,1.0,0.0,0.0,1,1,0,1,0.0,1.0,1,2,0,5072
2,1,0,1,1,0.6,1.0,1.0,0.5,1.0,2,2,0,2,0.5,1.0,1,2,1,5073
2,6,1,1,1,0.8,1.0,1.0,0.6666666666666666,1.0,3,3,0,3,0.5,1.0,1,2,1,5074
3,7,1,1,1,1.0,1.0,1.0,0.75,1.0,4,4,0,4,0.5,1.0,1,2,1,5075
1,1,0,1,0,0.2,0.0,0.0,0.0,0.0,0,0,0,0,0.0,0.0,0,3,0,5076
1,7,1,1,1,0.4,1.0,1.0,0.0,0.0,1,1,0,1,0.0,1.0,0,3,0,5077
2,1,0,1,1,0.6,1.0,1.0,0.5,1.0,2,2,0,2,0.5,1.0,0,3,1,5078
2,6,1,1,1,0.8,1.0,1.0,0.6666666666666666,1.0,3,3,0,3,0.5,1.0,0,3,1,5079
3,7,1,1,1,1.0,1.0,1.0,0.75,1.0,4,4,0,4,0.5,1.0,0,3,1,5080
1,2,3,0,0,0.1667,0.0,0.0,0.0,0.0,0,0,0,0,0.0,0.0,0,3,0,5081
1,1,0,1,0,0.3333,0.0,0.0,0.0,0.0,1,0,0,0,0.0,0.0,0,3,0,5082
1,1,0,1,0,0.5,0.5,1.0,0.0,0.0,2,1,0,1,0.0,0.5,0,3,0,5083
2,7,1,1,1,0.6667,0.6666666666666666,1.0,0.0,0.0,3,2,0,2,0.0,0.6666666666666666,0,3,0,5084
2,7,1,1,1,0.8333,0.75,1.0,0.25,1.0,4,3,0,3,0.5,0.75,0,3,1,5085
3,6,1,1,1,1.0,0.8,1.0,0.4,1.0,5,4,0,4,0.5,0.8,0,3,1,5086
1,1,0,1,0,0.2,0.0,0.0,0.0,0.0,0,0,0,0,0.0,0.0,1,2,0,5087
1,7,1,1,1,0.4,1.0,1.0,0.0,0.0,1,1,0,1,0.0,1.0,1,2,0,5088
2,1,0,1,1,0.6,1.0,1.0,0.5,1.0,2,2,0,2,0.5,1.0,1,2,1,5089
2,6,1,1,1,0.8,1.0,1.0,0.6666666666666666,1.0,3,3,0,3,0.5,1.0,1,2,1,5090
3,7,1,1,1,1.0,1.0,1.0,0.75,1.0,4,4,0,4,0.5,1.0,1,2,1,5091
1,2,3,0,0,0.1667,0.0,0.0,0.0,0.0,0,0,0,0,0.0,0.0,3,3,0,5092
1,1,0,1,0,0.3333,0.0,0.0,0.0,0.0,1,0,0,0,0.0,0.0,3,3,0,5093
1,1,0,1,0,0.5,0.5,1.0,0.0,0.0,2,1,0,1,0.0,0.5,3,3,0,5094
2,7,1,1,1,0.6667,0.6666666666666666,1.0,0.0,0.0,3,2,0,2,0.0,0.6666666666666666,3,3,0,5095
2,7,1,1,1,0.8333,0.75,1.0,0.25,1.0,4,3,0,3,0.5,0.75,3,3,1,5096
3,6,1,1,1,1.0,0.8,1.0,0.4,1.0,5,4,0,4,0.5,0.8,3,3,1,5097
1,0,0,0,0,0.1429,0.0,0.0,0.0,0.0,0,0,0,0,0.0,0.0,3,3,0,5098
1,1,0,0,0,0.2857,0.0,0.0,0.0,0.0,1,0,0,0,0.0,0.0,3,3,0,5099
1,1,0,1,0,0.4286,0.0,0.0,0.0,0.0,2,0,0,0,0.0,0.0,3,3,0,5100
1,1,0,1,0,0.5714,0.3333333333333333,1.0,0.0,0.0,3,1,0,1,0.0,0.3333333333333333,3,3,0,5101
2,7,1,1,1,0.7143,0.5,1.0,0.0,0.0,4,2,0,2,0.0,0.5,3,3,0,5102
2,7,1,1,1,0.8571,0.6,1.0,0.2,1.0,5,3,0,3,0.5,0.6,3,3,1,5103
3,2,3,1,1,1.0,0.6666666666666666,1.0,0.3333333333333333,1.0,6,4,0,4,0.5,0.6666666666666666,3,3,1,5104
1,2,3,0,0,0.1667,0.0,0.0,0.0,0.0,0,0,0,0,0.0,0.0,1,4,0,5105
1,1,0,1,0,0.3333,0.0,0.0,0.0,0.0,1,0,0,0,0.0,0.0,1,4,0,5106
1,1,0,1,0,0.5,0.5,1.0,0.0,0.0,2,1,0,1,0.0,0.5,1,4,0,5107
2,7,1,1,1,0.6667,0.6666666666666666,1.0,0.0,0.0,3,2,0,2,0.0,0.6666666666666666,1,4,0,5108
2,7,1,1,1,0.8333,0.75,1.0,0.25,1.0,4,3,0,3,0.5,0.75,1,4,1,5109
3,6,1,1,1,1.0,0.8,1.0,0.4,1.0,5,4,0,4,0.5,0.8,1,4,1,5110
1,2,3,0,0,0.1667,0.0,0.0,0.0,0.0,0,0,0,0,0.0,0.0,3,3,0,5111
1,1,0,1,0,0.3333,0.0,0.0,0.0,0.0,1,0,0,0,0.0,0.0,3,3,0,5112
1,1,0,1,0,0.5,0.5,1.0,0.0,0.0,2,1,0,1,0.0,0.5,3,3,0,5113
2,7,1,1,1,0.6667,0.6666666666666666,1.0,0.0,0.0,3,2,0,2,0.0,0.6666666666666666,3,3,0,5114
2,7,1,1,1,0.8333,0.75,1.0,0.25,1.0,4,3,0,3,0.5,0.75,3,3,1,5115
3,6,1,1,1,1.0,0.8,1.0,0.4,1.0,5,4,0,4,0.5,0.8,3,3,1,5116
1,0,0,0,0,0.1429,0.0,0.0,0.0,0.0,0,0,0,0,0.0,0.0,1,4,0,5117
1,1,0,0,0,0.2857,0.0,0.0,0.0,0.0,1,0,0,0,0.0,0.0,1,4,0,5118
1,1,0,1,0,0.4286,0.0,0.0,0.0,0.0,2,0,0,0,0.0,0.0,1,4,0,5119
1,1,0,1,0,0.5714,0.3333333333333333,1.0,0.0,0.0,3,1,0,1,0.0,0.3333333333333333,1,4,0,5120
2,7,1,1,1,0.7143,0.5,1.0,0.0,0.0,4,2,0,2,0.0,0.5,1,4,0,5121
2,7,1,1,1,0.8571,0.6,1.0,0.2,1.0,5,3,0,3,0.5,0.6,1,4,1,5122
3,2,3,1,1,1.0,0.6666666666666666,1.0,0.3333333333333333,1.0,6,4,0,4,0.5,0.6666666666666666,1,4,1,5123
1,2,3,0,0,0.1667,0.0,0.0,0.0,0.0,0,0,0,0,0.0,0.0,3,4,0,5124
1,1,0,1,0,0.3333,0.0,0.0,0.0,0.0,1,0,0,0,0.0,0.0,3,4,0,5125
1,1,0,1,0,0.5,0.5,1.0,0.0,0.0,2,1,0,1,0.0,0.5,3,4,0,5126
2,7,1,1,1,0.6667,0.6666666666666666,1.0,0.0,0.0,3,2,0,2,0.0,0.6666666666666666,3,4,0,5127
2,7,1,1,1,0.8333,0.75,1.0,0.25,1.0,4,3,0,3,0.5,0.75,3,4,1,5128
3,6,1,1,1,1.0,0.8,1.0,0.4,1.0,5,4,0,4,0.5,0.8,3,4,1,5129
1,0,0,0,0,0.1429,0.0,0.0,0.0,0.0,0,0,0,0,0.0,0.0,3,4,0,5130
1,1,0,0,0,0.2857,0.0,0.0,0.0,0.0,1,0,0,0,0.0,0.0,3,4,0,5131
1,1,0,1,0,0.4286,0.0,0.0,0.0,0.0,2,0,0,0,0.0,0.0,3,4,0,5132
1,1,0,1,0,0.5714,0.3333333333333333,1.0,0.0,0.0,3,1,0,1,0.0,0.3333333333333333,3,4,0,5133
2,7,1,1,1,0.7143,0.5,1.0,0.0,0.0,4,2,0,2,0.0,0.5,3,4,0,5134
2,7,1,1,1,0.8571,0.6,1.0,0.2,1.0,5,3,0,3,0.5,0.6,3,4,1,5135
3,2,3,1,1,1.0,0.6666666666666666,1.0,0.3333333333333333,1.0,6,4,0,4,0.5,0.6666666666666666,3,4,1,5136
